basin,perturbation,pclass,A_up,A_lo,E5_up,E5_lo,B5_up,B5_lo,E1_up,E1_lo,E20_up,E20_lo,alpha_star_up,alpha_star_lo,delta_bar,beta_bar,Delta_asym,n,m1,zero_frac,cp1_up,ncp_up,cp1_lo,ncp_lo,H_mean_up,H_mean_lo,H5_up,H5_lo,NSE,lnNSE,KGE,KGEp,KGEnp,PBIAS,RMSE,RSR,VE,MAPE,SMAPE,BiasFHV,BiasFLV,BiasFMS,PeakBias,Q95Bias,Q90Bias,BFIBias
108003A,P1_peak_damp_0.70,P1,0.07131623353505616,0.059214820393741686,0.11185896612450148,0.06082556941647406,-0.10536241016324252,-0.003225637501035816,0.13836311751730035,0.06128881793817908,0.07303934259839774,0.058810025959579106,,0.037653865729408355,0.06204402618084809,-0.008746420099276767,0.012101413141314472,3652,37,0.0,0.06,6,0.06,6,0.9620383816207362,0.9555472536756413,0.4729061441311366,0.999019800643333,0.925988785920601,0.982356010014678,0.7762277665171361,0.8397647475756795,0.9044635512567136,-8.221477110633586,3.122334161179679,0.27205002128174705,0.8455470383207274,12.330495688785552,12.408805236169611,-21.434422818483657,-1.429494848461774,1.0264692254163494,-24.03218870543894,-0.3004765348432383,-2.1336561887331453,-0.8723942415382456
108003A,P1_peak_damp_0.85,P1,0.06331452909108622,0.05824331623061623,0.07474902501764631,0.05694807285770747,-0.04478125327604149,-0.0006135649197937007,0.07340494925403199,0.06499955493032332,0.06418298720161368,0.05735237131969691,,0.03172480332900901,0.05994537176800522,-0.004987855730058833,0.0050712128604699855,3652,37,0.0,0.06,4,0.37,6,0.9919207387219872,0.9909604283986522,0.8999253655893321,0.9993844692510537,0.963700309675399,0.983855261527415,0.9113224508639282,0.936163404860679,0.9639708353034673,-2.934344189336637,2.186664107952596,0.19052477614368418,0.8714839975732762,11.988235332933492,11.989074353601065,-7.911289996429276,-7.449083462460657,2.7894463718039026,-10.310915739677565,-1.7753437321712018,-0.6579148464770963,-3.3610183059960868
108003A,P2_peak_infl_1.15,P2,0.06266665779595436,0.059027744373468645,0.07207155838462996,0.057110361756069906,0.04833270027712269,-0.004350951826861187,0.0832140701515158,0.06466671017824684,0.06341120824006947,0.058539194779276466,,0.020575604906940458,0.0601227928393977,0.004382909966247332,0.0036389134224857136,3652,37,0.0,0.1,6,0.06,6,0.9867381138482262,0.983407306711484,0.8330067035414013,0.9989948386881862,0.9476702338987469,0.9835547396944436,0.8389424706661901,0.8975260773692634,0.9308756752215234,6.276897850204092,2.625457625494668,0.2287570022999363,0.8612562580600234,12.269813860002971,12.024558567879529,16.030195419739275,-2.3882781551793775,3.783920568101624,15.230232394297055,-1.9794139233656822,-1.9846709093106778,-8.156503952029752
108003A,P2_peak_infl_1.30,P2,0.06856554140097176,0.06043996072132775,0.10054738055763884,0.061338041476668895,0.09030540251220977,-0.0012019801372825543,0.13683539876972337,0.06799537319273924,0.06942241768197635,0.06076995360343601,,0.039016592563279336,0.061782443348126014,0.0054176455275233995,0.008125580679644015,3652,37,0.0,0.06,6,0.17,6,0.9694316106116898,0.9620664104818375,0.5458857524283838,0.9968110806865657,0.8762889280940936,0.9825965115663201,0.6881298776700037,0.8023545037955524,0.8789806826600584,10.98405180892014,4.036778325974303,0.3517258476511306,0.8259404351838785,12.665076783033067,12.356488669625202,30.185758805658462,-4.7296888670400525,2.5357208908915867,33.00466152019368,-0.8914077228227356,2.470090874283237,-9.89172754008816
108003A,P3_base_infl_0.10,P3,0.06347312073757465,0.15958225912056492,0.05713300946362071,0.33676109447682623,-0.0062755439884073765,0.33676109447682623,0.05687113035772848,0.47492950930223005,0.05564824577086965,0.19882949744550654,0.1488752552613186,,0.09520579179491968,0.06759427225286391,-0.09610913838299028,3652,37,0.0,0.41,6,0.06,6,0.7000846257463819,0.7101806304131277,0.9941348551768703,0.00978627966100225,0.9596984866003931,0.95475757122639,0.9284210879017543,0.9534083149845551,0.9503701720166041,4.034857336282466,2.304046787775202,0.20075236835366825,0.8679084824258646,23.290254959802784,19.04115835898396,2.016571877032174,39.87943568199341,-7.688652078020544,2.962366880901554,60.75770377497446,36.45400551374189,-3.352104095328921
108003A,P3_base_infl_0.25,P3,0.0808565360616398,0.2805362144165018,0.054470779767740014,0.5472473808808255,0.003073442016947529,0.5472473808808255,0.04772869950288007,0.6782640453947731,0.05857782423493242,0.3643215537784489,0.0430508507195161,,0.15634380244265714,0.1369323961167556,-0.199679678354862,3652,37,0.0,0.3,6,0.06,6,0.4541426553737994,0.4640572613876426,0.9889576115048783,0.0,0.9770372725899262,0.8681903875030736,0.91513935069245,0.8774063943909712,0.9022137661364846,8.302493200434922,1.7391712663225187,0.15153457496582687,0.8334858197780364,46.787961177711495,31.268760488531427,-0.28893963884748736,50.92536436481051,-20.06643901152936,-1.941796812324141,148.52765174750652,94.78039783488462,-0.8066169216804578
108003A,P4_base_depl_0.50,P4,0.1538205138060938,0.31918436949867496,0.0683915954725003,0.33271700671787224,9.061058714215574e-05,-0.33271700671787224,0.06899397534621136,0.3440739281052382,0.061353013254799825,0.3349038443772541,0.026525015672583724,,0.25099241213301177,-0.23284805746079187,-0.16536385569258116,3652,37,0.0,0.11,6,0.44,6,0.30613091549636,0.3161275062130514,0.9992679761181501,0.0,0.956574104522453,0.761741518867554,0.880268293606659,0.792061728141932,0.8552260000287849,-10.444533808977363,2.391690661493146,0.20838880842681307,0.7873221237397681,38.362211323791435,50.198482426602354,3.4701199873657513,-3.1150011782383444,44.92057394864872,0.21666024478734303,-50.03033486573177,-51.06554368352711,-14.579439763234314
108003A,P4_base_depl_0.75,P4,0.08863880672098146,0.1382012115141094,0.06286612439734157,0.1330885985536769,0.007539070939111019,-0.13122750711240108,0.06893018535112595,0.13170803185562835,0.06056556602341951,0.14306952581504648,0.08347944779085878,,0.11808127806533567,-0.09874796802938707,-0.04956240479312796,3652,37,0.0,0.3,5,0.06,6,0.4292899634691659,0.43658670187147586,0.9978375588919576,0.2587495146393169,0.9680304100218292,0.9455465823918403,0.9349884823692338,0.8962140387562403,0.9350999767802194,-4.249722245815487,2.052102973197509,0.1788004194015517,0.848683988315513,20.712230259642705,23.616255613067153,4.334910997855547,-1.8384536580802746,20.4711552328516,3.2731524913436316,-24.054022778179363,-25.87935513843265,-10.058324043878635
108003A,P5_compensating,P5,0.09972748818176483,0.30374104685467795,0.10883556965291147,0.5794310095357365,-0.10065029144501367,0.5794310095357365,0.14093597763081542,0.7130638051580434,0.07810562546985943,0.39560368703211146,0.4241391692843766,,0.17288932537500637,0.13955275892486507,-0.20401355867291313,3652,37,0.0,0.09,6,0.06,6,0.3934152919966277,0.3964611588818417,0.464602777130162,0.0,0.9297555284252322,0.8403089291238766,0.7858190441894832,0.7858190441894832,0.9152225144831843,-1.4428529792794547e-15,3.04184227494992,0.2650367362739885,0.7825385456494047,53.367305818882336,34.577865075001284,-20.347630331972855,58.05656932120625,-24.41198645768337,-24.12377920991909,168.33121032899723,109.04017270211901,3.3766804708519156
108003A,P6_shift_1d,P6,0.18947892098837496,0.08669533545493766,0.31454095783433667,0.07673358098135111,-0.19404514572529538,0.012315773679833848,0.37551058917394037,0.0768521160063209,0.23546722554375518,0.07610163092569869,0.7241478065993104,,0.12516649815048872,0.0030522834632106762,0.1027835855334373,3652,37,0.0,0.06,6,0.49,6,0.9616718952452333,0.9599077514008667,0.9081330919897143,0.9988457516313647,0.44944803432535274,0.8744711220329975,0.7212381366596505,0.7212364563430078,0.949380835066392,0.003989692997349839,8.515884749194711,0.7419918905720246,0.5746170994264188,25.85038404896934,25.033299630097844,-1.3787143713087613,0.3097540839281483,1.6447316079153333,-39.06997468462169,-1.3061178725267886,-5.131292345985651,-4.5904968578680005
108003A,P6_shift_3d,P6,0.32033216487726374,0.1307988131324831,0.5322484475466361,0.10320831959074318,-0.454188304376379,0.053954268916538185,0.6595840058387685,0.08285252556954076,0.39937629703158856,0.1066878265477589,0.7634923329686988,,0.20515225016708735,0.010688431943624488,0.18953335174478064,3652,37,0.0,0.06,6,0.58,6,0.9031245898149329,0.8986668466505268,0.6277838167371057,0.8726804131290293,-0.26311388621640086,0.658354042082506,0.3757032100450115,0.3758151098239114,0.8687029295145614,1.3176412814405543,12.898876102910563,1.1238833952934801,0.2600688298858179,49.04604602814903,41.030450033417345,1.762066527302777,-9.608867504654143,0.9702735322622187,-75.75686223918704,-0.2983931184631962,-1.105014275410322,-5.474407759724256
108003A,P7_var_compress_0.80,P7,0.10334194842577996,0.35880397662220415,0.11109036828440977,0.6771579692859266,-0.10001189429273553,0.6771579692859266,0.1348065868857916,0.7992913837701299,0.08151943330465597,0.4787656102561828,0.48588770549507543,,0.1966289358832657,0.15825100707728276,-0.25546202819642416,3652,37,0.0,0.69,6,0.06,6,0.4003832691099143,0.4034291359951283,0.5092767785956445,0.0,0.9161957391937282,0.7636078165774566,0.7773501464513621,0.7756147591769809,0.9007002226912715,0.22455255458305726,3.3224898763313218,0.2894896557845751,0.767801666199284,70.9519028281433,39.325787176653165,-19.637053329773988,63.972549987174546,-30.903656805654656,-23.043775774623683,250.46508112933117,155.62861435988458,3.4701004381870035
108003A,P7_var_compress_0.90,P7,0.07551387892296567,0.25145694120002204,0.07249051226588946,0.5229669082366608,-0.04651732447418775,0.5229669082366608,0.07978911496007599,0.6754939841735068,0.06394770493147645,0.33394681293678846,0.4743152264690545,,0.13576103790293376,0.10325151289750523,-0.17594306227705636,3652,37,0.0,0.62,6,0.06,6,0.5579537943598121,0.5657449775776289,0.8662597628359237,0.0,0.9652961268448249,0.8936906353890242,0.8868482440634828,0.8804270163280411,0.9503347557363104,0.7342932673678343,2.13805853055924,0.18628975590508226,0.8414359257646502,39.487423307766036,27.15220758058677,-10.09373631784679,55.67066038702086,-16.88364678082297,-12.940975323302688,127.91904893212951,81.12477176503178,-0.608214271041241
108003A,P8_mult_noise_0.10,P8,0.039617026722585984,0.04124428481636723,0.03822182887743262,0.0436450916865481,0.0029882647178023983,-0.002240357441064634,0.04315676003377459,0.0445221433874363,0.03950875805434468,0.042363645148736084,0.029244200894447778,0.7499244173959668,0.04010071330021688,0.00028697936289712194,-0.0016272580937812461,3652,37,0.0,0.06,4,0.14,3,0.996657989589727,0.9967100457603878,0.9967294914182545,0.9996213191217598,0.9828887831937578,0.9929695106855185,0.9753080770544983,0.9814153000189841,0.9873152102897066,0.6949417340169638,1.5013123716860695,0.13080984980590027,0.918862706409533,8.06948290275323,8.020142660043392,0.47032349026038556,-0.5225137652128448,1.65927700670676,-0.17850701456965953,-0.15076016145004942,-1.4581795764499443,-3.3755821290315575
108003A,P8_mult_noise_0.30,P8,0.11917441445109282,0.11620785306803655,0.11763713096664925,0.10977431151475811,-0.0016534275727919205,0.017376928442584646,0.10954206987353604,0.11165539982307063,0.12026707893615178,0.11565460723574962,0.04711553524305301,0.013773512176579896,0.11797467458611142,0.0014096448349179276,0.0029665613830562737,3652,37,0.0,0.25,6,0.08,6,0.9963341246582132,0.9963888157251756,0.9947418269275989,0.9990526360421276,0.8520241982225571,0.936082185643193,0.8271011703699893,0.879348881486223,0.9282580823197795,5.707259682174744,4.414951807968791,0.3846762298055897,0.7477557208540924,24.791344253050312,23.59493491722229,15.331726800840217,-16.63878838206682,4.79866899687571,13.271194980166335,-1.4927685774591628,-3.8108717579242906,-15.097708262721698
105102A,P1_peak_damp_0.70,P1,0.08086918869725353,0.02319904457808399,0.15028198441143303,0.0,-0.14890807588161992,0.0,0.17105349469598424,0.0,0.09082123670719768,0.0,,0.2721992759365386,0.05042129839342771,-0.009399648778583977,0.05767014411916954,3652,37,0.2677984665936473,0.06,6,0.23,6,0.9240052442211992,0.9128786515378637,0.2137477125861747,,0.9069324975372559,0.996295025471467,0.6283308555768466,0.7534948085556864,0.757314394556508,-23.905548800660817,1.3608289181759006,0.30506966821161374,0.7477211662809924,13.487925215923873,10.084259678685557,-28.296815877868738,-0.029239667303131274,-0.334247955980583,-29.262825886124634,0.0,0.0,5.431419914461692
105102A,P1_peak_damp_0.85,P1,0.06491235071023124,0.02272097593234551,0.08688138097996914,0.0,-0.06566952861687878,0.0,0.09579074177590603,0.0,0.06962910917592051,0.0,,0.29075956288530824,0.04595006720198139,-0.006307002817376806,0.04219137477788573,3652,37,0.2677984665936473,0.06,6,0.28,6,0.9742653848516217,0.9691057956108926,0.7630749270234011,,0.96290094347864,0.9974328695613959,0.8063531329766065,0.8757098963261676,0.8807885292189275,-11.602801499749832,0.8591835085587751,0.19261115367849296,0.8444237622976176,12.478410418491928,9.190013440396282,-14.563303086959305,0.25840573470208306,1.5303693393720283,-15.752811719398185,0.0,0.0,2.3883500198545655
105102A,P2_peak_infl_1.15,P2,0.06334154452361081,0.022556121598232778,0.08096779456691755,0.0,0.05627722050264663,0.0,0.08468644329014155,0.0,0.06763543656028995,0.0,,0.27347850710619787,0.04535310475712656,0.0037674778911080693,0.040785422925378026,3652,37,0.2677984665936473,0.06,6,0.27,6,0.9789548425844214,0.9764468572583822,0.8183485299626956,,0.9428762164529212,0.9975164769979719,0.773715372436441,0.8591100250007806,0.8635424659111695,13.39932251694083,1.0661369181562985,0.23900582324930658,0.8213227916689951,12.701289835537768,9.070620951425306,16.66998486856947,0.04975938758738524,0.0570198456417174,15.704671493537864,0.0,0.0,-4.204229023982267
105102A,P2_peak_infl_1.30,P2,0.0717941416733432,0.022275220488122905,0.1173922179914502,0.0,0.11246814568561589,0.0,0.12812845281459856,0.0,0.07887405784284393,0.0,,0.34860335085324684,0.04701513192734075,0.009286200965246212,0.049518921185220305,3652,37,0.2677984665936473,0.07,6,0.27,6,0.9414286674920979,0.9323326898315953,0.38629215526816063,,0.8285655340400628,0.9969649306691518,0.5305334896415431,0.7123324635513933,0.7215561851040249,27.568039618752003,1.8469433267279864,0.4140464538671201,0.7092829226312369,13.430002663316326,9.403026385468147,33.75434150242327,-0.0673200087948266,-1.0038868668444791,33.97104341612574,0.0,0.0,-5.434147953218622
105102A,P3_base_infl_0.10,P3,0.10997126131110407,0.6887745161310915,0.05513560886121324,1.0,-0.011489137036928535,1.0,0.06262649265886225,1.0,0.05633430445311442,1.0,0.17561202456002023,,0.34976484785975287,0.32467695617816805,-0.5788032548199875,3652,37,0.2677984665936473,0.49,6,0.24,6,0.5645927431552541,0.5741882208984167,0.9866298796660162,0.0,0.9779398558965599,0.9970050023349224,0.9547467237048757,0.9703395783546774,0.9599999555222295,-2.562740751674849,0.6625347659532703,0.14852657709460687,0.8825082148252975,75.02913638838187,69.95296957195058,-5.023768992084923,-4.070408618826201,-18.232628283267946,-6.815713206014379,65898878302.78416,71938948702.40767,0.5643463139890786
105102A,P3_base_infl_0.25,P3,0.12959430515522957,0.7214445941888904,0.06831390762215032,1.0,0.00028779689157101395,1.0,0.0748594784027662,1.0,0.060707667137955175,1.0,0.019347831846854017,,0.38391168726372304,0.3612067171700962,-0.5918502890336608,3652,37,0.2677984665936473,0.51,6,0.25,6,0.45843954790644936,0.46835415392029256,0.9989073244392868,0.0,0.9758896065756297,0.9926247085128519,0.9622521332341883,0.9731868273818215,0.9660736683380765,1.2652757915525308,0.6926385327156317,0.15527521832015018,0.8632499347216183,172.54323264297128,76.78233745274461,1.2161704653473715,18.318043796458845,-31.600686948978506,0.021308636492005324,167693685774.8583,180972735221.10278,-1.698575536765861
105102A,P4_base_depl_0.50,P4,0.13800946229642547,0.11212971725004241,0.057482720902714876,0.0,0.0006552502504730981,0.0,0.06225116319003978,0.0,0.05918971377380898,0.0,0.03835379179846498,0.01,0.16083454889008797,-0.14217090801605595,0.02587974504638306,3652,37,0.2677984665936473,0.16,6,0.27,6,0.4139385467527779,0.42171176223714807,0.9994026950778307,,0.9829812103877048,0.988321257777768,0.9564378863353781,0.9654382102342665,0.9754686691456195,0.9144080043686483,0.5819274379077711,0.13045608307892448,0.8835174869873141,34.06831683919072,32.166909778017626,1.55755776404303,14.293017408399812,11.768711536182293,0.8844534301012147,0.0,0.0,-1.2345698621402834
105102A,P4_base_depl_0.75,P4,0.07978043311412635,0.049450361727532095,0.05710959797656518,0.0,-0.005943412700545566,0.0,0.06416880316220444,0.0,0.055817118501718915,0.0,0.013800247887446174,0.01,0.07807724557777923,-0.06101429405294264,0.03033007138659425,3652,37,0.2677984665936473,0.3,6,0.27,6,0.5144734865266942,0.5209289862284526,0.9980347852118179,,0.9773884877135254,0.9961974041281446,0.9848706191232145,0.9855620484698405,0.9784711782747737,0.10493300138075073,0.6707633184839377,0.1503712482041519,0.8779827963918057,18.90357533515269,15.615449115555844,0.32110170062375587,5.99820940613586,6.1592218564937395,1.499162786336656,0.0,0.0,-0.8620494042632875
105102A,P5_compensating,P5,0.3769111026103958,0.9370641270359767,0.1556841694366925,1.0,-0.1534413517566693,1.0,0.1580919781685915,1.0,0.094095963498451,1.0,0.3210472828025956,,0.6957607873136714,0.6540073110258163,-0.560153024425581,3652,37,0.2677984665936473,0.06,6,0.6,6,0.24226048312189094,0.24226048312189097,0.2206953629161444,0.0,0.9255380938242408,-0.7527903929077386,0.7497726337623347,0.7497726337623347,0.20356626255691046,9.50896874093214e-16,1.217226993359422,0.27287708986970527,0.5234786308027232,24422.610031209573,139.15215746273446,-26.067489143816506,-229.64669471091437,-94.29661580937355,-25.811342725567457,7365800606468.112,14052644168426.562,28.48340261868633
105102A,P6_shift_1d,P6,0.22364880089655576,0.05499052325567438,0.38454981291653895,0.00546448087431694,-0.15202274987642692,0.00546448087431694,0.35200174680700186,0.0,0.3114080089400759,0.008207934336525308,0.24096897241536816,0.01,0.12766190853185294,0.02200408399165112,0.16865827764088137,3652,37,0.2677984665936473,0.06,6,0.26,6,0.9201366424569013,0.912844499510954,0.9654503979210318,,0.2711574974069251,0.9313122316184943,0.628106836343796,0.6278049023599875,0.9733556551169384,0.5290354235693905,3.808213999738289,0.8537227316834636,0.2752310219612313,43.75916443589936,25.532381706370582,1.1371413325197264,-0.8689551664204455,0.031540300717169345,-23.130939624003947,0.0,0.0,-2.1656966858238444
105102A,P6_shift_3d,P6,0.37718488003863865,0.1149484777248206,0.6083802145530786,0.04918032786885246,-0.40066626393686205,0.04918032786885246,0.6521603751791772,0.08108108108108109,0.5215834088400583,0.03556771545827633,0.2873401112732457,,0.22693562123153488,0.05157017176566107,0.26223640231381806,3652,37,0.2677984665936473,0.12,6,0.27,6,0.8523891127968909,0.8502365395277958,0.8561675321834266,,-0.45294809356825017,0.7874871278799495,0.25893483905798576,0.2587750144806341,0.9473235870854961,0.5461537361494494,5.376870164030237,1.2053829655210206,-0.22077564730305754,126.01795574506997,45.38712424630704,0.5211079306974388,-2.693102389301995,0.5344336804678622,-77.27980280102005,0.0,0.0,-2.1799567708762675
105102A,P7_var_compress_0.80,P7,0.4221158848681449,0.9421437159425259,0.10473116671726286,1.0,-0.09991236418185169,1.0,0.13434601406965616,1.0,0.11453191838031804,1.0,0.1833195754482806,,0.7266024351594585,0.7079352741096171,-0.520027831074381,3652,37,0.2677984665936473,0.16,6,0.6,6,0.1035652825311805,0.10443032467239396,0.39844283827519533,0.0,0.942498194661625,-0.30157204311015384,0.7818710058991863,0.7872899856143104,0.6636864220703023,-0.6887826365883888,1.0696587299081597,0.23979534052682316,0.6444184454357601,13098.089029940733,145.32048703189167,-21.526335605816595,26.45875766559516,-90.64261429930473,-22.42423302141917,13542633626093.078,14374432288149.785,27.679467349088064
105102A,P7_var_compress_0.90,P7,0.3557090104008351,0.918064744596398,0.0672052813128067,1.0,-0.046479647458048313,1.0,0.06174383755549001,1.0,0.08184570926853141,1.0,0.18029046201229726,,0.6723579769519755,0.6590189346141775,-0.562355734195563,3652,37,0.2677984665936473,0.17,6,0.59,6,0.14856400315410181,0.15684456040789685,0.8420299788207272,0.0,0.9823509803604854,0.2332907239968638,0.9250014716421063,0.9102524464803631,0.7924280032862753,1.6568599235746164,0.592604292720347,0.13284961286926883,0.8002085261844791,7223.367423989332,134.4715953903951,-7.5548723005573315,9.076070601771198,-83.78820234460234,-7.428085974000477,6760815905275.702,7229803783646.6045,12.054855063351258
105102A,P8_mult_noise_0.10,P8,0.037628608759765,0.014602668803392713,0.03836511480243792,0.0,-0.006530435938264507,0.0,0.035807751790535636,0.0,0.038049964088415926,0.0,0.013959307440335862,0.01,0.028535632694065328,0.0006401434925621633,0.02302593995637229,3652,37,0.2677984665936473,0.21,6,0.27,6,0.9945550922883821,0.9944018654200445,0.9831036352735323,,0.9864808103487219,0.9990435614050795,0.9844226657363352,0.9851924723335607,0.9823826144146937,0.08442203647136177,0.518656506160286,0.11627205017233543,0.9213973328696018,7.851749616542475,5.707126538813066,0.7754663429101687,-0.08086946085482802,0.059490361309100015,0.15312849320210806,0.0,0.0,-1.0372826558352046
105102A,P8_mult_noise_0.30,P8,0.11309611601728413,0.04507745285658589,0.1183897040883731,0.0,0.009669506723955853,0.0,0.1068397336185591,0.0,0.11839584320550756,0.0,0.18750303639146493,0.28393285420817216,0.08674341043602185,0.003661172742300658,0.06801866316069824,3652,37,0.2677984665936473,0.36,6,0.27,6,0.994187973967929,0.9942425717299166,0.9963768797914861,,0.9406815034621012,0.9913882962990535,0.9116658546525112,0.9381227616882052,0.9347540180360758,5.5689055359770085,1.0864245415309521,0.24355388836538588,0.7729917707694615,24.970534071668347,17.348682087204335,7.503485984349186,0.8259953267572387,-0.004562352343305125,6.750099177301409,0.0,0.0,-4.916787633378236
112102A,P1_peak_damp_0.70,P1,0.06996864195675906,0.06219021190210919,0.09630188520253496,0.06449657228940339,-0.08684081865745379,-0.005546467121167362,0.14500835731543704,0.07387106183963986,0.07223070155656898,0.06269502041681994,,0.09876106831426817,0.06313506766702534,-0.005618991542131001,0.007778430054649871,3652,37,0.0,0.08,6,0.33,6,0.9769878103211976,0.9696851032035692,0.6339811323317397,0.9995583887185294,0.917412317587973,0.9742773968116543,0.7884142826167505,0.8334884937855073,0.9311876865102049,-5.648062238578081,2.8777771252027877,0.2873807272800787,0.8535297193064945,12.608631648623142,12.62701353340506,-22.56858308982371,-21.074638483874725,0.3961467498507649,-25.89669675441253,-6.567623469293266,0.534879449203696,-4.838613450900821
112102A,P1_peak_damp_0.85,P1,0.06376376645522203,0.06027154227575524,0.0725947141140711,0.06209026525645784,-0.04364217936244859,-0.0030992640787658172,0.08071210380115565,0.049553102554236145,0.06519520197421871,0.05901268667535087,,0.55431910740988,0.06111529071641947,-0.0022793122961097495,0.003492224179466784,3652,37,0.0,0.12,6,0.12,6,0.9917588806927491,0.989632480547528,0.9012701423136311,0.9976392731042752,0.9605569801486694,0.9760543494595574,0.9098382725589981,0.9292767852185005,0.9690087162055689,-2.2227874015460296,1.9887701628926733,0.19860266828854678,0.8713991599159854,12.315113943221002,12.223058143283888,-9.774143790237163,-6.96502678663723,0.2416370513968587,-12.496459005340704,-5.430135137961419,0.13975767021582322,-5.795409536810583
112102A,P2_peak_infl_1.15,P2,0.06002921248637676,0.05954879316635821,0.06532003942988794,0.06519568634365915,0.03147797936794421,-0.0054364053673999135,0.06561860577953318,0.05907644271033354,0.05839555948717483,0.0600125444829635,,0.09382609459593735,0.059290377515847405,0.0036621513006100644,0.00048041932001854915,3652,37,0.0,0.12,6,0.06,6,0.9903317040985694,0.9890445893800375,0.8828978298773057,0.9945719395792271,0.9385967415716405,0.9774530833088649,0.8474921297547308,0.890658627542221,0.9523855775963154,4.1942564657420265,2.481391131123918,0.2477968087533806,0.8720304746287005,12.09465176026865,11.858075503169442,12.262828520946213,-16.011807977080583,2.1583551984603306,12.346157560701315,-3.8152264455403984,1.7789011414813167,-8.99697840571297
112102A,P2_peak_infl_1.30,P2,0.067270950759034,0.05955130087152864,0.08560658074898089,0.06087835667273131,0.0664210671393585,0.0009035456347548497,0.1028046208510912,0.05663185876615122,0.06875382868651844,0.05846597671999679,,0.09694274733574268,0.0616801111088129,0.002859810458443612,0.007719649887505356,3652,37,0.0,0.07,6,0.08,6,0.9824885814094475,0.9786692905734707,0.7476739485642867,0.9998482102384083,0.9097699691494547,0.9754378776009834,0.7716528546061613,0.8428864855305929,0.9216831328177041,6.708838231158922,3.0079808675066557,0.30038314009036077,0.8471336898322246,12.572921435504686,12.336022221762569,23.71569206339541,3.0621802335329154,0.7692166429041984,21.963522567722947,-5.791166626384852,-1.1008490862389209,-10.085997840306348
112102A,P3_base_infl_0.10,P3,0.06678534620349498,0.1167100312976763,0.056848163888624556,0.19441279123487074,0.005516216389425711,0.1941258762510086,0.0719048737000906,0.2596907125060517,0.06098958773494556,0.13441877364343718,,,0.08484869596532811,0.05674251251240966,-0.049924685094181326,3652,37,0.0,0.06,6,0.06,6,0.7246460170333013,0.7345229421222592,0.9963005286953649,0.0816418628758592,0.9634548524504393,0.9530139709066132,0.9230752670885132,0.9360020622455841,0.933809957235158,6.031516777618969,1.91431929377683,0.19116785176791812,0.8576681175584725,19.274940885677772,16.969739193065646,5.310310651842117,13.608107662992223,-8.026770717481822,5.219554703176511,24.423356738007634,27.040515772664442,-7.194257641443323
112102A,P3_base_infl_0.25,P3,0.08156710459352384,0.22519162077549307,0.06186001686285512,0.36502489912115144,0.004578474118071512,0.36502489912115144,0.0657808859205844,0.4674555082386119,0.058859158756798674,0.28215905318532586,,,0.14020743021957557,0.12007846378356771,-0.14362451618196923,3652,37,0.0,0.3,6,0.06,6,0.45041529678250697,0.4603845938633125,0.9990074544731901,0.0,0.9580053893837356,0.8701098154371169,0.88037000055468,0.8800670868905424,0.8784749606156645,10.717522229950752,2.05208948958719,0.20492586614740557,0.8161065982449157,36.35059857276349,28.041486043915132,5.85683928978235,41.619225659220646,-22.1109176366161,7.740446271007298,72.69981831010112,70.973836714336,-5.669613342737816
112102A,P4_base_depl_0.50,P4,0.15108999516461308,0.31760828361497717,0.06017375207275872,0.3326169003757827,0.006116156688567094,-0.3326169003757827,0.07138533052629441,0.3388910860758109,0.060721629768400856,0.33238611821699127,0.26089937274626085,,0.24886975705507547,-0.2315881841589122,-0.1665182884503641,3652,37,0.0,0.25,6,0.18,6,0.3024174698158178,0.31241406053250925,0.9935605076635479,0.0,0.9477492711989541,0.6550522243675967,0.8577970113221869,0.7507892132823297,0.8244813200462989,-12.975028735982939,2.288999473870857,0.2285841831821393,0.7721995486377211,38.0885508660469,49.77395141101514,2.5542892218953774,-0.88329338693434,46.29936137389494,1.9202448892993185,-52.89236807591598,-49.749410041005376,-12.831940183823312
112102A,P4_base_depl_0.75,P4,0.08940977581515715,0.1389383515398698,0.06634313347045258,0.14624893277517242,-0.008184335178531453,-0.1451093671895456,0.06215725900068852,0.13920010742167463,0.06282342614430675,0.14347546016682894,0.07472651828441595,,0.11803366827595162,-0.09811557146537518,-0.049528575724712656,3652,37,0.0,0.12,6,0.4,6,0.42054440411845023,0.42891035950223705,0.9947581724668719,0.20637680006965198,0.966924191386219,0.920228955940227,0.9341969750394726,0.8967562190069385,0.9157442769637297,-6.26409328000789,1.821187881570943,0.18186755789249764,0.8418215467255813,20.72230293343792,23.60673365519042,-1.2500946176694603,-16.11645461254958,20.269334414959687,-3.0789221881516196,-29.609174454735495,-25.306658227379472,-10.153612006314242
112102A,P5_compensating,P5,0.0824599776478543,0.16877541478491634,0.10213465917295315,0.2804180141156742,-0.09191162009847414,0.2804180141156742,0.15537994316117576,0.3717086094961056,0.07293945307827084,0.20939093438024067,0.4376486643049007,,0.11179130607296427,0.07833899594632866,-0.08631543713706204,3652,37,0.0,0.07,6,0.06,6,0.5635414654395536,0.5670196345752643,0.6221814449853791,0.0,0.9195644349174357,0.9190620170597343,0.787621582550891,0.7876215825508911,0.9370215385152656,-1.0897072019909063e-14,2.8400342349136194,0.28361164482891804,0.8182255472785447,26.715733573224366,22.35826121459278,-22.2466118031973,31.46393799183271,-14.367440029349442,-25.844720309707046,43.86673939019774,47.98637743716463,-4.0464160614118505
112102A,P6_shift_1d,P6,0.13925220449456774,0.07674460143438827,0.25774911719935917,0.07337564799371378,-0.09136453954374328,0.006375972324490348,0.40969512031471134,0.05705827257701517,0.15604744661350023,0.07073995584752439,0.6420489958462036,,0.09744222886437577,0.0038385050265042175,0.06250760306017947,3652,37,0.0,0.06,6,0.46,6,0.9875801567920561,0.9875239489479937,0.9883342930571765,0.9934782009800298,0.4313165459157787,0.8918586189985519,0.7234569293895923,0.7250677091660394,0.9538783736490084,1.5351094200437096,7.551527580804657,0.754111035646755,0.6869683672206215,19.97605533873014,19.488445772875142,2.9684204645275583,-10.02917682374953,0.4954902454692908,-29.876378728135634,-4.913452599757415,0.4858154167398614,-7.296727008201577
112102A,P6_shift_3d,P6,0.2118149446471638,0.10309243597226055,0.4057325662110758,0.10441347226615784,-0.2544076182099906,0.05279259635415541,0.5944729029006286,0.1043025245714989,0.250380406072717,0.09278844388004123,0.833062128799247,,0.13994499007570987,0.005978092007708303,0.10872250867490325,3652,37,0.0,0.06,6,0.06,6,0.9536982348418255,0.9505836357763221,0.8854376514822555,0.890063832202116,0.026857735951348327,0.7564006828822378,0.5015021867800202,0.5014002590490034,0.906591688095477,0.21343307028446695,9.878424477513468,0.9864797332173894,0.5341019613080131,30.225836883780627,27.98899801514197,-2.1451199858890613,-10.573614495681358,0.9537084873881105,-69.19887771356336,-5.549838465733542,0.06788021206930381,-7.289987524639077
112102A,P7_var_compress_0.80,P7,0.08977438661425372,0.25433462861036654,0.09207445240407038,0.4417889208330203,-0.07558029245112143,0.4417889208330203,0.09655698143520704,0.5733467672659832,0.07830872654501127,0.334235241036372,0.5236706606642629,,0.15008192294900385,0.11065007649629928,-0.16456024199611283,3652,37,0.0,0.69,6,0.06,6,0.46754626760276047,0.47216693087911593,0.6285860729716761,0.0,0.9427714920240456,0.8351255870195647,0.8350927955861004,0.8199774638207572,0.9149106007915173,1.8605497244307532,2.395552694251311,0.23922480635576734,0.7980520317594981,40.8534583800656,30.016384589800744,-14.008946906365068,48.027435776632245,-26.55435559500681,-15.490028198273682,94.57324860639773,89.97868404010464,-4.1029801334906
112102A,P7_var_compress_0.90,P7,0.06936062863562124,0.16085885652867143,0.06109281328458403,0.286788877164806,-0.03210748955560346,0.286788877164806,0.06604595120685278,0.39032289408164533,0.06427786001117704,0.20243484635267242,0.5409532052413534,,0.10174962325980078,0.0646575449484039,-0.09149822789305019,3652,37,0.0,0.56,6,0.06,6,0.6654136669255003,0.6735264481700917,0.8985433745013541,0.0369060458248099,0.9702210265224009,0.9281400005841625,0.9170993393316947,0.9063738677546103,0.954785053158263,1.2050353963259939,1.7280423355239964,0.17256585258271437,0.8545053783010785,24.20871505991815,20.349924651960144,-7.033373744870484,31.950134455178087,-14.563112731362308,-8.654124512292,43.429904178408584,43.349458822752574,-5.805464327624384
112102A,P8_mult_noise_0.10,P8,0.039480899083554705,0.040437116735432495,0.03580303043521303,0.03736816442848544,0.004937447918300143,0.008516478324677437,0.03250642675312807,0.03945288998433465,0.03892099401068325,0.040826712842296185,0.011135768983922344,0.21366131623757822,0.04046594705409886,0.00020080578613924303,-0.0009562176518777901,3652,37,0.0,0.12,6,0.15,6,0.9947387351981187,0.9947242053030732,0.9857733538064777,0.9925684727522835,0.9879765311081583,0.9894358423290016,0.9769719109294843,0.9833795867460282,0.9885428643884866,0.7150786489800205,1.0980305126219936,0.10965157952278537,0.9214902993834662,8.149694301841697,8.093189410819763,1.7771904641678624,-17.08270018187916,1.8766375454872988,0.6049025753071979,-2.0095559539608443,-0.06909158000791515,-4.597383034440454
112102A,P8_mult_noise_0.30,P8,0.11897505131173565,0.11858179908453205,0.11854548013291354,0.11304735573869906,0.033220480142107295,0.0012434085575369707,0.09742067611385527,0.10569206678325066,0.116847348320225,0.11825369018701493,0.011664239030720296,0.03674464921811058,0.11937501327938764,-0.0008081256372038108,0.00039325222720359987,3652,37,0.0,0.13,6,0.14,6,0.9975132899264995,0.9974268866499709,0.9855171378622852,0.9995975237317104,0.8756640737168306,0.9070232855056941,0.8562043102529779,0.9026542649066015,0.9202294239219562,5.6630550978173435,3.531000944252691,0.35261299789311423,0.7527001955014898,24.953012566395895,23.87500265587755,12.9222809399345,-37.343737286742915,3.7954101583235937,2.2638123836523447,-14.064521278194686,-6.5086483350334685,-19.04061181627462
116011A,P1_peak_damp_0.70,P1,0.07163834890370506,0.05960305672253945,0.1073673924941084,0.059438436615301585,-0.09888236538233275,0.005095325507478358,0.14476814122615567,0.05024591769679087,0.07505003853970825,0.06037530506297332,,0.07627237780509037,0.0622587705844847,-0.0047875575648464955,0.012035292181165606,3652,37,0.0,0.06,6,0.16,6,0.9752191367982145,0.9687271565826504,0.6304312446858955,0.9986624759934003,0.9218208712000434,0.9833245884882257,0.7396979662757444,0.8077351232515173,0.8944583439267426,-8.961816084754709,1.7666927899136342,0.2796053089623955,0.8336776683728039,12.443200026759516,12.451754116896913,-23.793184629608874,-2.2577344443678244,0.45883969317915607,-25.011455976423864,-2.5153295570812566,-2.019927523554448,-2.2020408828710494
116011A,P1_peak_damp_0.85,P1,0.06177364695923721,0.05834815039505371,0.06590361406979509,0.05729765443116797,-0.040190765838678255,0.001904402145829265,0.06414081757908299,0.056759574905425214,0.06330617581426486,0.05757195596443225,,0.36974488022948226,0.05977657638213595,-0.003451246890711148,0.0034254965641834986,3652,37,0.0,0.07,6,0.46,6,0.984349873492777,0.9815483296920929,0.857628868302168,0.99855456174457,0.9811473081574613,0.9848129715711833,0.9309772792328949,0.9548131872660508,0.9629210364245582,-2.9642680700472335,0.8675655688217392,0.1373051049398335,0.8810136018848282,12.01166418770352,11.955315276427173,-8.185305524881043,4.899070174619133,0.8120747342413723,-8.294593415350164,-0.467991256033093,-2.703324453913669,-4.966484335275056
116011A,P2_peak_infl_1.15,P2,0.06389521036148775,0.06052420357373014,0.0767233150960805,0.06169654263302373,0.053322650445271354,0.0025332883000189032,0.08990248806110229,0.05975856209806059,0.06660007493799633,0.0612252581509555,,0.02371303459818322,0.061014674121413225,0.0026031183482478227,0.003371006787757612,3652,37,0.0,0.06,6,0.35,6,0.9905138217591444,0.9889533049266701,0.8723076789411671,0.9996235774600158,0.922782135568468,0.9845746507551699,0.7776449593658527,0.8556892377809795,0.9135271185983472,7.7662661688718195,1.755797864997335,0.2778810256774148,0.8453021666912878,12.410479915001961,12.202934824282657,18.73576590209074,0.45762329921468536,1.0099390956953955,19.733495885701846,-0.10400539700317282,-2.2782956794680094,-10.136814885373779
116011A,P2_peak_infl_1.30,P2,0.07091737691889737,0.060232472311770244,0.1026286307903122,0.05963174146680669,0.09173384039518152,0.015995737140795392,0.14514591940899585,0.05847658449969243,0.07248365019767443,0.05932891532092888,,0.2471453515071149,0.06274633494393105,0.005083023662100658,0.010684904607127121,3652,37,0.0,0.06,6,0.11,6,0.9819458876238785,0.9759959698631577,0.712941081997132,0.9829522739109182,0.86772232392224,0.983222990005782,0.6451752910767294,0.779804903608826,0.8570263606426389,12.923768932696312,2.298046972934913,0.363699980860269,0.8035059057586114,12.871980741553433,12.54926698878622,32.83827074713387,-9.487499152595465,-0.7520462620659154,33.99806492526458,0.03662512893258971,-0.04223676142735809,-12.222016465548284
116011A,P3_base_infl_0.10,P3,0.06583814031888781,0.18486250163042228,0.05309311769195507,0.38555099881599886,0.010963643551816537,0.38555099881599886,0.053432493752843736,0.5611604456426423,0.0583162312881747,0.2363588532604676,,,0.10559266717785894,0.07850610626670627,-0.11902436131153447,3652,37,0.0,0.61,6,0.06,6,0.6767247828555253,0.6866408160460671,0.9947733539496436,0.0,0.9763593294937682,0.9473064299738628,0.9296093654442463,0.9459739886104139,0.9402643155001202,5.264017743315403,0.971506069918877,0.15375522919963316,0.8667678856274427,27.42421562680492,21.118533435571802,4.106226790542667,56.99696134347641,-9.55711688226655,3.891002223867582,75.4969148388492,49.98299530618895,-5.745131020076311
116011A,P3_base_infl_0.25,P3,0.08438431112201593,0.315842226427095,0.058138572365041816,0.6015011332496883,-0.005648128712245139,0.6015011332496883,0.055172881674319336,0.7621004886419038,0.058557866534873965,0.4183604777406315,0.01689025193072486,,0.172018152448545,0.1514302957963772,-0.23145791530507903,3652,37,0.0,0.7,6,0.06,6,0.45462082278174015,0.4646174134984315,0.9965267507635425,0.0,0.9804629390151152,0.8427935380126972,0.9176412291589415,0.8878359214695674,0.9019284923414849,8.181870629222333,0.8831718936191962,0.13977503705914315,0.8294798942134132,57.28685219730494,34.403630489709016,0.6479402084396482,70.08542418437725,-22.621138836998146,0.06629144631753661,186.9906653205721,124.49414903988308,-3.9342791778827184
116011A,P4_base_depl_0.50,P4,0.15267730117093925,0.31918521825046026,0.06225593741978751,0.33779318882287085,0.0035395282009402064,-0.33779318882287085,0.05542146548826653,0.3430826443056091,0.06008305984056727,0.3313212176807853,0.07783584966898258,,0.25090266223869384,-0.2326958697923174,-0.166507917079521,3652,37,0.0,0.14,6,0.06,6,0.3032512873283731,0.313031997038108,0.9958978609284502,0.0,0.9715042716522583,0.7792668426151099,0.8727719415485595,0.785663986064451,0.8695554385938321,-8.586375367783347,1.0666096396534248,0.16880677814513767,0.7994560040150074,38.32917088490586,50.18053244773883,5.862910497878488,-7.012951456414032,44.622499963880735,5.121476083337847,-51.671964759235024,-50.8378128182165,-13.93043575083292
116011A,P4_base_depl_0.75,P4,0.0861011525601274,0.14221238803397282,0.056546642706374675,0.15327536338958261,-0.0032707604584923944,-0.15150197379480254,0.05640314253193106,0.15733636048506297,0.056463812245035536,0.14819811091597812,0.16042931306323058,,0.11852324067678989,-0.100860040047412,-0.05611123547384542,3652,37,0.0,0.25,5,0.24,5,0.42138224506452987,0.4283056752601212,0.9963778371623633,0.18947016833359143,0.9859590778854266,0.9488376655123917,0.9453287858369106,0.9089112396868952,0.9311188226692109,-4.764614031686801,0.7487096634843614,0.11849439697544126,0.8622839173448176,20.70790449431789,23.704648135358024,0.9304995873341927,-5.372215824039503,17.405970952090286,1.0234919995810272,-28.44419688473828,-27.419504868534013,-9.240306296817886
116011A,P5_compensating,P5,0.1123632461025218,0.3762798647275117,0.11796866669591828,0.6789855111064771,-0.11556508212284143,0.6789855111064771,0.16541323376166917,0.8144815731419682,0.07640271522656465,0.496374892014418,0.39001673937579656,,0.212064186199903,0.18027718428263484,-0.2639166186249899,3652,37,0.0,0.31,6,0.06,6,0.3448468190939804,0.3457118612351939,0.40550694439788904,0.0,0.9109480165833723,0.7618975933754968,0.7465260545337582,0.7465260545337584,0.8927649801511623,-6.6342709291367e-15,1.8855472581829567,0.29841578948947667,0.7433425080692819,78.34095113675865,42.41283723998069,-25.89191341414019,73.72336563790505,-30.363302221582863,-27.326308896192963,265.5312596445583,173.97668378091007,1.6543970488877282
116011A,P6_shift_1d,P6,0.1283799451627831,0.08317632410978565,0.2741247898610138,0.08969712867492428,-0.024443745904653105,0.021999776299707067,0.4990537378864451,0.11905930310649407,0.1410897767619278,0.08941046938901068,0.9790015601759312,,0.08994886831228334,0.0004745062516633588,0.04520362105299744,3652,37,0.0,0.06,6,0.06,6,0.9908082730894965,0.9909459145473253,0.9852751023999309,0.9824480615576539,-0.04612935280570585,0.9353128137619042,0.48562321795801033,0.48575079238963537,0.9773004947883435,0.4312635376444617,6.462615491792361,1.0228046503637465,0.5653115490639722,18.611394284496903,17.989773662456724,0.8860048376526898,2.050423168753726,0.48702955551427946,-37.384290075865515,-2.332377459817956,-2.791273156935362,-6.253825549816803
116011A,P6_shift_3d,P6,0.20982787769933425,0.1232362926951236,0.45267686189398654,0.15472747678127932,-0.15715929839175438,0.08030558456543735,0.7108369593521843,0.16996841340870528,0.25130081316674363,0.13412975412595501,0.6451114182684449,,0.13941466140776065,0.007705572161548615,0.08659158500421066,3652,37,0.0,0.06,6,0.06,6,0.9574649598511017,0.9559883277745479,0.9586720446621525,0.9046049556113344,-0.5583622895369478,0.8277655387619671,0.23437889354017338,0.23454225870272083,0.9481532490935914,0.9493387331449812,7.887690086819244,1.2483438186401004,0.3439743184512869,32.11791742792629,27.882932281552108,2.4397560943232417,-7.721401988503665,-1.253509807896809,-79.39630274501667,0.7588159193596341,1.369085240632712,-7.0700168829648655
116011A,P7_var_compress_0.80,P7,0.10213214259478796,0.39622595037122393,0.10427636866302412,0.7257821356843296,-0.09616547068079323,0.7257821356843296,0.12125115992662325,0.8448539651361404,0.0753498613085683,0.5431592468355964,0.4627423932062656,,0.2115397724041815,0.17722453913660635,-0.29409380777643596,3652,37,0.0,0.71,6,0.06,6,0.4058945877881264,0.41051525106448183,0.5234043881255961,0.0,0.9439912688423123,0.7213644516485889,0.8157192966043877,0.810104418618759,0.9007472659673761,0.694908812395436,1.495352187746416,0.23666163854264108,0.7719844796955475,88.04005777243869,42.307954480836294,-18.146974905348873,79.66412268021871,-31.60384065663468,-19.395764935301678,322.89914651859783,209.59786639714278,-0.06843119635988507
116011A,P7_var_compress_0.90,P7,0.07654932036066167,0.2814748788980334,0.07063060096243465,0.5789793564964067,-0.04382067076984656,0.5789793564964067,0.07888707834511065,0.7485816774118863,0.06466326126212087,0.38437697980084534,0.45143830013039693,,0.14738922843703295,0.11605254149366039,-0.20492555853737174,3652,37,0.0,0.69,6,0.06,6,0.5539663719748817,0.5620791532194732,0.900862267860526,0.0,0.9575411089336242,0.8755284734708116,0.837167291482211,0.8407592644930165,0.9463684877995696,-0.42796383416593564,1.3019669110577363,0.20605555335000275,0.8346850079414022,47.71985275802389,29.477845687406607,-12.88189924001757,71.47405762404162,-19.383445546875425,-14.76432126887524,164.21873942078685,104.54644375950234,-2.513319451643796
116011A,P8_mult_noise_0.10,P8,0.039672246956429125,0.04003246729832129,0.040760855031174846,0.039291725153955404,-0.004007064593639115,-0.001001474480311797,0.04075388518705361,0.03513945040556316,0.03984406505707112,0.040980668866433846,,0.01419605384021077,0.039755608054450775,-0.0006949729781393734,-0.00036022034189216873,3652,37,0.0,0.52,6,0.06,6,0.9955391655573714,0.9955699537532984,0.992651035329648,0.999084827686944,0.9901803373687352,0.993377825890354,0.9932257278607913,0.992472001093357,0.9893658452368118,0.10707268905541248,0.6261291266086856,0.09909421088673527,0.9213320710820758,7.976750949618188,7.951121610890143,-0.18340459348662852,4.763877620094501,-0.08335429565681292,-0.23957359728999486,-0.8124598084358462,-0.4285971886944587,-3.827477445174275
116011A,P8_mult_noise_0.30,P8,0.11733176926194618,0.11889973675531214,0.11334075250200688,0.11685353520257241,-0.007581776098166672,-0.012559978463482573,0.14075323591216138,0.1299717958458053,0.11682468498029361,0.11638394884354974,0.10678611662299024,0.01458903066368213,0.11788167999637215,-0.0003646823860853618,-0.0015679674933659626,3652,37,0.0,0.06,6,0.21,6,0.9966083622121203,0.9966657260411889,0.9962964547352311,0.9975811109679565,0.8981843972021889,0.9407808812808545,0.9310535886399797,0.9208035159492282,0.9519627212384109,1.6217989535271713,2.016149775562773,0.3190855728449832,0.7534826746827287,24.564049663020327,23.576335999274473,-3.9825992366740652,-3.9823985107303264,2.6180969986564273,-10.04287126851406,-7.957888920385257,-5.357716657889211,-14.87483557332606
105101A,P1_peak_damp_0.70,P1,0.07819233862884005,0.034888442489012114,0.13995369679134292,0.0,-0.13829009696306457,0.0,0.16458935446848397,0.0,0.08340550976200503,0.016218998481888413,,0.16072349024363108,0.05634944739114149,-0.008726309592708559,0.043303896139827935,3652,37,0.1486856516976999,0.06,6,0.15,6,0.9459703552043984,0.9374800084303189,0.3111843706286299,,0.9201301227950077,0.9960099649510192,0.690958237402655,0.7996704041844087,0.8085559456198084,-18.397131900779435,0.9766911815181025,0.2826125920849818,0.7875184966303446,13.07754858580763,11.269889478228299,-25.50845913624708,0.03947862919991263,0.29756290581812167,-27.23816895024969,0.0,0.0,4.199327455695409
105101A,P1_peak_damp_0.85,P1,0.0624261754890779,0.03370821208350073,0.07595200808431814,0.0,-0.05487957605008609,0.0,0.0880808442332432,0.0,0.06501625804695932,0.014246025273610456,,0.1500989556222934,0.051351202902030574,-0.0015808098859307564,0.028717963405577168,3652,37,0.1486856516976999,0.06,6,0.15,6,0.9788453370052028,0.9755083084080042,0.7669158577780397,,0.9664835709593673,0.9969530518424558,0.8745246354292906,0.919364721914802,0.9206945308010994,-7.489271794574809,0.6326953297603161,0.18307492739485856,0.8624620092449963,12.149905305321845,10.270240580406114,-10.897939575709728,0.041166502634775434,0.7120269667786597,-12.225569308996752,0.0,0.0,0.478481588205645
105101A,P2_peak_infl_1.15,P2,0.06285058327151016,0.03452855603279946,0.07605118596697927,0.0,0.05472751951714702,0.0,0.0810844259136441,0.0,0.06243906845377206,0.015275325773579831,,0.16889967492664448,0.05242935083642208,0.004150794428525468,0.028322027238710704,3652,37,0.1486856516976999,0.06,6,0.15,6,0.9842181785659736,0.9802614770199476,0.8082516551648219,,0.9564055159738245,0.9968633393951062,0.8203869144827387,0.888732518107844,0.8913267640353555,10.422049366340968,0.7215750847793995,0.20879292139863237,0.8456825661654361,12.571761688313035,10.48587016728442,16.18483487458785,0.01196503334330781,1.3256226110618852,15.098128966089543,0.0,0.0,-4.3942904256062505
105101A,P2_peak_infl_1.30,P2,0.0710835070791212,0.03412412870755268,0.11308566302891077,0.0,0.10867520621568377,0.0,0.11796488837670491,0.0,0.07594416854676603,0.01555699127714719,,0.2452474346964863,0.053629242226342015,0.00793959757302928,0.03695937837156852,3652,37,0.1486856516976999,0.06,6,0.15,6,0.9540018141762265,0.9460020079059802,0.4163781119548847,,0.8896762228326683,0.9965331341569762,0.6509238367410015,0.7836238686011359,0.7884260035088975,20.74316455859664,1.1478901238916095,0.3321502328274537,0.764704377166157,13.057622164667304,10.725848445268426,28.63892027382558,0.1382367171163784,0.44423071994327934,27.568471917989505,0.0,0.0,-6.960079047259603
105101A,P3_base_infl_0.10,P3,0.09123172111558758,0.5893961923192879,0.059576536951002526,1.0,-0.0016135698187635123,1.0,0.06916519095317558,1.0,0.06007872036230595,0.9656784840875007,0.018630076231955624,,0.2792808488429755,0.25216694846734383,-0.4981644712037003,3652,37,0.1486856516976999,0.59,6,0.17,6,0.5726775457774226,0.582674136494114,0.9991400050333515,0.0,0.9719675155163776,0.9893382732785748,0.9338196963403651,0.9523205676956579,0.9704728451807199,1.9380064393794627,0.5786241467488518,0.1674290431305824,0.8734918855108662,593.991066934531,55.856169768595144,3.881880929599798,81.59766446612701,-9.359663730901103,6.137077329323491,327099715122.3968,362075461763.9602,-2.7702879198399484
105101A,P3_base_infl_0.25,P3,0.11277815380297244,0.6480807869414079,0.06315169485983024,1.0,0.002747137191745348,1.0,0.058410944862382456,1.0,0.061156218080690716,0.9841608632969315,0.017911211572997764,,0.32982595394356257,0.3091176830890799,-0.5353026331384355,3652,37,0.1486856516976999,0.59,6,0.17,6,0.4489891787249883,0.4589857694416796,0.9956514036311808,0.0,0.9651601220665903,0.9631305479046144,0.9212259694021354,0.9489592623318854,0.9608261771549861,3.2305490587273087,0.6450658792710454,0.1866544345398998,0.8661270971257328,1492.776855521263,65.9651907887125,3.928733808868753,84.80242096462769,-18.631853744941175,3.9155983621560986,791987354150.3966,877437552827.5132,-2.6313553166747132
105101A,P4_base_depl_0.50,P4,0.14791020894667903,0.17361618677288393,0.058894048922322736,0.0,-0.0035383283956931704,0.0,0.0683583625968333,0.0,0.06196989922933879,0.08547584932028747,0.03519176656853246,0.01,0.19972176818114476,-0.18144843876072173,-0.0257059778262049,3652,37,0.1486856516976999,0.3,6,0.15,6,0.3528165260707107,0.36025149785919836,0.9992885440381407,,0.9777485245674439,0.9741595714163679,0.9733882542110728,0.9756120042696584,0.9803037717858314,0.24050467430936406,0.5155195797577599,0.1491692844809418,0.8702596604516254,36.16955302677533,39.94435363622898,2.008774113069371,9.561717003046171,17.275963416462307,0.8837119204097615,0.0,0.0,-5.003207608661652
105101A,P4_base_depl_0.75,P4,0.08696787786193758,0.07820045633181857,0.05762202083566688,0.0,0.005789954466198305,0.0,0.05808840938183011,0.0,0.060473400701773844,0.03907411810975419,0.013644557881399675,0.01,0.09767980464025534,-0.07865716959324073,0.008767421530119002,3652,37,0.1486856516976999,0.31,6,0.15,6,0.4627927573199923,0.46890477943872827,0.9974545785544301,,0.9782505271435531,0.9927611782361798,0.9470994494849836,0.9590647761334643,0.9787892264763929,1.2201181747754508,0.509671237851475,0.1474770248426748,0.8754583768159011,20.237125500366936,19.53596092805104,3.303726415831795,4.27318916060227,6.702135971152037,2.8256873497066297,0.0,0.0,-2.795972955925544
105101A,P5_compensating,P5,0.3128381561916014,0.8900988326210254,0.14171504880082125,1.0,-0.1412401938479093,1.0,0.1538260154661331,1.0,0.08360684473357367,0.9993778443947766,0.3252171287961444,,0.6214752162829462,0.5861470129212214,-0.577260676429424,3652,37,0.1486856516976999,0.06,6,0.49,6,0.25247799438965657,0.25334303653087004,0.1711647170956343,0.0,0.9274088392369276,-0.11138522085934666,0.7708901912482642,0.7708901912482642,0.6052901236653419,-1.7032132272441858e-15,0.9311242311124043,0.26942746846428334,0.6081506358520243,38552.688735973956,124.29504325658928,-24.69547493154151,77.64904928129228,-85.16588151650687,-24.34185182288352,18793321758297.895,20807896926063.805,13.445402680736974
105101A,P6_shift_1d,P6,0.15737232791856834,0.08168630729055648,0.24356460102694213,0.01639344262295082,-0.09454238456030571,0.01639344262295082,0.2362271671212858,0.0,0.19609230738013625,0.08524299002629723,0.5819919589708011,0.01,0.11545081580999936,0.014994692591675003,0.07568602062801186,3652,37,0.1486856516976999,0.06,6,0.1,6,0.94289959880037,0.9397917702690566,0.9736499471552873,,0.6795993208651275,0.9715663928090443,0.8363198489344661,0.836988800115551,0.9782779341300816,-1.2041964430810228,1.9561964756651768,0.5660394678243492,0.5735830199514133,34.304459555080555,23.09016316199984,-0.7449008232486932,-0.09163426626528327,0.07283133453235095,-14.487729088243599,0.0,0.0,-1.8624300922488752
105101A,P6_shift_3d,P6,0.28813708076721706,0.1475671734978494,0.4538471763942701,0.06557377049180328,-0.2640502205629931,0.06557377049180328,0.5338875271714778,0.02702702702702703,0.37893266035937617,0.16918195003283076,0.2439232076286057,,0.20129395425245664,0.04147427423305766,0.14056990726936766,3652,37,0.1486856516976999,0.09,6,0.1,6,0.8647171365220003,0.8624448705549669,0.8989980165378586,,-0.1321796326568192,0.8904943749606206,0.44365710402576186,0.44394349284211443,0.9579284497414501,1.4955986291573131,3.677252289993936,1.0640393003347288,0.13395742741321814,358.7275264317111,40.2587908504913,2.335625202774414,-0.5293012446117025,0.4151450057478199,-65.83824347433521,0.0,0.0,-1.9673636667510612
105101A,P7_var_compress_0.80,P7,0.30908942640663406,0.8796376709214986,0.1036821534346256,1.0,-0.09773977339446849,1.0,0.1020114572596826,1.0,0.07957898481323503,0.9991697541300114,0.2493729662711532,,0.6129510361665265,0.5896146734118379,-0.5705482445148645,3652,37,0.1486856516976999,0.24,6,0.47,6,0.1556969723931161,0.1595793621682397,0.49124943240311786,0.0,0.9570839047222632,0.08967816014417862,0.8282168500921794,0.815073898361873,0.7879929616196264,1.6191627089076943,0.7159387325588521,0.20716200249499597,0.686804464012102,30150.328787453087,122.59020723330529,-16.562376803266172,86.7222653016563,-75.18577243574316,-17.030231026436837,15447667164305.268,16510072265790.854,11.689496764578656
105101A,P7_var_compress_0.90,P7,0.24522178727943475,0.8339891736234234,0.07269617832038308,1.0,-0.05356844514905427,1.0,0.09735299747436871,1.0,0.06606985119477116,0.9983562041955403,0.24714394651548993,,0.5417135993495586,0.5240665351642665,-0.5887673863439886,3652,37,0.1486856516976999,0.29,6,0.42,6,0.20538145769684896,0.2134942389414403,0.7547802352786892,0.0,0.9453327731154559,0.4731884748829711,0.845873675459365,0.8549207211556824,0.8848519074868076,-1.067224544642384,0.8080333394037551,0.2338102369113553,0.7836865163713761,14674.444254990613,108.34271986991173,-11.770156324390838,86.9855785206013,-61.56901243422484,-15.083788890270775,7884423549479.903,8453982711381.711,6.351182444441123
105101A,P8_mult_noise_0.10,P8,0.03971306535090625,0.023141221651108126,0.0407750937125444,0.0,1.7361146642072842e-05,0.0,0.03593871363679906,0.0,0.039981788896445845,0.010491254430176377,0.01521188112470931,0.7988996722949604,0.0344402585515401,-0.0003223422058535148,0.01657184369979812,3652,37,0.1486856516976999,0.26,6,0.15,6,0.9955035843610047,0.9955358627052446,0.9992812513240146,,0.9836162369232397,0.9986941077837913,0.9522485351135347,0.9593988526390936,0.9839268682846852,0.7055775740942425,0.4423566777375939,0.12799907451524917,0.9184910075526019,8.128244850951146,6.8880517103080185,1.9138062096870334,-0.014269753354046668,0.6519989647673872,2.7651730328177937,0.0,0.0,-2.6857197674685707
105101A,P8_mult_noise_0.30,P8,0.11599853427416978,0.06684160599419765,0.11784100641757472,0.0,-0.003886246943816065,0.0,0.12670925325017668,0.0,0.11736863583560765,0.03047631356385896,0.012149277240911874,0.01,0.09971188201560313,-0.003901812561109024,0.04915692827997213,3652,37,0.1486856516976999,0.35,6,0.15,6,0.9963708813164549,0.9963164220902634,0.999481071910383,,0.9028638238602503,0.9887433229555915,0.9362939706692828,0.9465254062171269,0.9634333439205713,2.3626301488801955,1.0771005798187285,0.31166677099066825,0.7569986846755066,24.218974286778707,19.942376403120644,6.20317408444321,0.5882412958314708,1.359761394967086,3.27141595250776,0.0,0.0,-7.039946191611312
112002A,P1_peak_damp_0.70,P1,0.07268591800760002,0.06054228816771058,0.11345733964934189,0.06137371636949467,-0.10431196225491131,0.010657826421592414,0.13874454457306684,0.04885313718904063,0.07513096315286552,0.06066018763652361,,0.17655720431150032,0.06374114116815924,-0.006998155868728331,0.012143629839889439,3652,37,0.0,0.06,6,0.1,6,0.9664829434482148,0.9592388302950304,0.49168124778054495,0.9941654248836725,0.9218626067542308,0.9770887549655982,0.794213868248828,0.8456411525314599,0.9200590456467155,-6.475089205703482,3.198350010876408,0.2795306660203299,0.8471676867761629,12.701742993098437,12.748228233631876,-21.326786805161987,-12.5101231382267,0.09188109316721577,-23.264981512646283,-3.7065712158875734,0.08072360144380003,-3.7148517402800505
112002A,P1_peak_damp_0.85,P1,0.06155012577231113,0.0585119768870348,0.06968246781248455,0.058648075464519105,-0.048969854925657905,0.0006697008102567024,0.09050501289264389,0.05036507069517945,0.06169852121068819,0.05872647355801548,,0.05508518138708226,0.05925270724873354,-0.004268238490346204,0.003038148885276329,3652,37,0.0,0.1,6,0.19,6,0.9877148390095036,0.9850956892976335,0.855236623013219,0.9910423481847911,0.9639609421437828,0.9802539236996547,0.8937791498010748,0.919152681771129,0.961766380835148,-2.9268944153481273,2.17211714788451,0.1898395581964338,0.8748975307902103,11.884472199513125,11.850541449746672,-11.331938738144206,-2.4929199805143036,-0.03493081070012244,-13.811173777114652,-3.1433470325989954,-0.4079886416092071,-5.409225916411383
112002A,P2_peak_infl_1.15,P2,0.059433586443845145,0.05773905714433449,0.06296683879568138,0.05756863462047266,0.043322705695842366,-0.007640533035006003,0.0632403609630534,0.06643694643114328,0.059690720594996194,0.0574956146703515,,0.19519824827459728,0.05839901848782668,0.00168910265396499,0.0016945292995106526,3652,37,0.0,0.08,6,0.1,6,0.9892843591468515,0.9877398505612223,0.8684703619489456,0.9947845210651838,0.9579010527635577,0.981066247663711,0.8696246707164013,0.9111103413388632,0.9513615166058872,4.218272345638178,2.347643496902347,0.20518027984297682,0.875136294991752,11.82698800723481,11.679803697565355,11.722602142472915,-8.722998361726766,0.3905155314140206,11.674833800498758,-3.146312246070381,-0.4282847140701146,-8.839198886174271
112002A,P2_peak_infl_1.30,P2,0.07065600764522414,0.05871082572979271,0.10100047114853712,0.0559961020485258,0.08984109189615934,0.00643800888498683,0.1272118137304253,0.06127156765175289,0.07389748108653112,0.057854460281568015,,,0.062211778769985654,0.008846102782979778,0.011945181915431438,3652,37,0.0,0.06,6,0.24,6,0.9726386826003142,0.9672771886952625,0.5931394636170064,0.9954735050946617,0.8606404542636192,0.9780333925163373,0.6916692798090059,0.7970223425193443,0.8914652283563725,9.767440381898384,4.271347355696685,0.3733089146221675,0.8288714644346014,12.841139640470741,12.442355753997106,28.83193357499512,-6.596767101347113,-0.047014953985821915,29.95196917501281,-2.5397197560262095,-1.2958213152155564,-11.438106506289033
112002A,P3_base_infl_0.10,P3,0.06716505603377897,0.1419334582059326,0.05838021427092529,0.2531510750049208,-0.00701118522136382,0.2531510750049208,0.05937383133847452,0.29473813073968136,0.061605250209249486,0.17755139864653868,0.22228354781674117,,0.09380169360160745,0.06586545862412815,-0.07476840217215362,3652,37,0.0,0.37,6,0.06,6,0.6740492988521306,0.6836581929355852,0.9911177225127581,0.0,0.9681347419173706,0.9500047525635185,0.9517159838142392,0.9318446943008504,0.9465807003638045,4.538833541981132,2.0424679472080247,0.17850842580289986,0.8593738750761665,21.892350039198508,18.76033872032149,0.07802754857245085,20.024264783064297,-11.51487831738216,-0.476377846635032,48.14318608915974,39.013999878898325,-6.304249982660696
112002A,P3_base_infl_0.25,P3,0.08214017887205768,0.261900204302946,0.05097084561330215,0.44143032153960265,-0.006762276845086894,0.44143032153960265,0.05504628122211323,0.4998105097559007,0.05734548666326192,0.3404730418903996,0.25732334875100127,,0.1552217882551254,0.1352421994975608,-0.17976002543088834,3652,37,0.0,0.57,6,0.06,6,0.4398243811493823,0.4496247959539074,0.9870402900244303,0.0,0.9672731326590732,0.8532882342258512,0.8972871930488872,0.8473542923425488,0.8861147961162196,9.63332088974285,2.0698970600583815,0.18090568631451784,0.8186943660330359,42.84263728424511,31.044357651025127,-1.2874466774803537,30.89496533640765,-24.273496353539414,-3.135636725715196,119.91097384105471,96.49276742058812,-4.266478017055576
112002A,P4_base_depl_0.50,P4,0.1518364075374251,0.31796268709714387,0.06323900259762934,0.3309391977787803,-0.006818076321777231,-0.3309391977787803,0.06198932184392268,0.3256828720492556,0.060229813355725116,0.3319992926809054,0.07175339354792622,,0.24973874611277502,-0.23083333915272697,-0.16612627955971876,3652,37,0.0,0.3,6,0.41,6,0.30527972412130977,0.31515664921026787,0.9961701224894455,0.0,0.9565426122354873,0.7025193188869348,0.8688245442531957,0.7873100517650351,0.8274821737397566,-12.862893876558527,2.385219429033166,0.20846435610077965,0.7762637122032954,38.19086697969538,49.947749222555125,-1.2089633787834806,-15.798710793023057,45.60950706611911,-3.526050641976162,-51.11679101529461,-51.377389394099126,-13.279149849303982
112002A,P4_base_depl_0.75,P4,0.09014389070201362,0.13890602939941513,0.06339111335518754,0.13598581488305336,-0.003974723756055402,-0.13302051319222605,0.05421149148091788,0.12625849392436114,0.062931677318315,0.14422063212091682,0.1816331122690973,,0.11961516227955053,-0.10050901148774563,-0.04876213869740151,3652,37,0.0,0.3,6,0.12,5,0.45140225799112094,0.46013237556906456,0.9986831390815933,0.27597093211380075,0.9625522243829839,0.9304496910755806,0.9266453563707134,0.8778728281215423,0.9167214578668492,-6.188373823511611,2.214162762638205,0.19351427755340436,0.8436164718116188,20.957591292769152,23.923032455910114,0.5153339372803533,-15.503148107068837,18.35923594571545,0.28329739394105974,-26.68681785864122,-25.92180359145532,-10.596673751780232
112002A,P5_compensating,P5,0.0888095442211952,0.22727517280409792,0.10687426348151885,0.40115188176651156,-0.10147539411421266,0.40115188176651156,0.13780352512598787,0.4580279552641202,0.0740944334629878,0.29469122749292237,0.45559138605344385,,0.13827768033011975,0.10443671486673516,-0.13846562858290273,3652,37,0.0,0.06,6,0.06,6,0.48650185224601317,0.48954175041590864,0.4958296407469448,0.0,0.9249857482606195,0.8854440232721315,0.7848064934425778,0.7848064934425778,0.926201841370136,-1.4765198741700172e-14,3.133779393343105,0.273887297513741,0.8027074686867097,36.06692083412252,27.655536066023977,-21.9998791839537,35.94368563038083,-21.147952409065685,-23.797262876631397,95.28459694558997,77.60842411660825,-1.707907610377547
112002A,P6_shift_1d,P6,0.16270568794985935,0.0757739050798022,0.3459992261482946,0.0680037434852049,-0.1831488338546972,0.012752463727389482,0.4634918960643758,0.07333675700926531,0.19514783638690145,0.07194381683538532,0.6597612277338801,,0.10290000054862328,0.0029334725277662126,0.08693178287005715,3652,37,0.0,0.06,6,0.28,6,0.9826209659242936,0.9809461896010317,0.930068154090628,0.9887342271112894,0.248102804865854,0.8809428121705033,0.6306149376973609,0.6309801785458902,0.9615668327710107,0.9445113844581182,9.921464026444621,0.8671200580854683,0.6077586513611639,22.199716610127503,20.580000109724633,1.6433958562008302,-7.2195883653295985,-0.9269565813758496,-53.577933771964844,-1.9729762983708843,-1.0829851511979036,-7.318095249160807
112002A,P6_shift_3d,P6,0.23026967498669637,0.0986632327058642,0.4803076317394898,0.09142440853673141,-0.3630251237782899,0.052537462495535,0.651350769930995,0.0798630784216242,0.2823488979591422,0.09154003134376204,0.9036157185115988,,0.14101838427880212,0.004279193969764517,0.13160644228083218,3652,37,0.0,0.06,6,0.14,6,0.9467501781479222,0.9410892561125515,0.7436768458839202,0.9034505106029045,-0.1332541225348549,0.7674890433882253,0.439263015099687,0.4393010163957417,0.9278133980220106,0.2232564090235072,12.180361656850506,1.0645440914000954,0.4588290995135821,32.08214448798997,28.203676855760428,0.8860372599702483,-9.617893373006527,-0.6961401093478831,-71.86963330601144,-2.585712189279965,0.29008688878287336,-7.489182961100654
112002A,P7_var_compress_0.80,P7,0.09198702860523933,0.2987137266996049,0.09661860378765476,0.5280387816741923,-0.09157752847819356,0.5280387816741923,0.0902146326848367,0.5927440772072118,0.07912329492578107,0.40426744742761284,0.55808761100146,,0.1685452934012201,0.12705263061409786,-0.20672669809436556,3652,37,0.0,0.69,6,0.06,6,0.45900520457738947,0.463538586689104,0.5676331206848552,0.0,0.948366312345484,0.8050434660562411,0.8418476629027974,0.8329736121269431,0.9120043216221436,1.0714621086959368,2.599938656796233,0.2272304725482832,0.7946739065646405,50.16323746240548,33.709058680244006,-14.896746895601037,42.84079196893134,-30.71339764163123,-14.803267666944397,163.41539594814108,128.4061647414123,-3.034802085150239
112002A,P7_var_compress_0.90,P7,0.0719215721439669,0.19430454168367414,0.06986649277730383,0.36983866380216357,-0.0474382794526425,0.36983866380216357,0.07797680159412111,0.44086948324212377,0.06415749450940138,0.2564287761939508,0.5483918969730291,,0.11433021439060792,0.07745044680476315,-0.12238296953970725,3652,37,0.0,0.61,6,0.06,6,0.6217193402022776,0.6291683055815223,0.8612041009004091,0.0,0.965185212631009,0.9169994363036262,0.9042535349774099,0.8997843982692989,0.9542361927835836,0.5020897930335037,2.1349042569951107,0.1865872111614058,0.8478744429462871,28.68368662208573,22.86604287812158,-8.800579464753858,41.42910605714701,-16.171351717415895,-10.535880258334116,82.51661275549748,63.271432705401516,-5.023452109896921
112002A,P8_mult_noise_0.10,P8,0.0398900709794831,0.03987607651059501,0.03967725569025092,0.038258986972292616,-0.0017852213200482516,0.0002333511804180567,0.04144498789168051,0.0387889691457348,0.03965325513555138,0.04052870378329848,0.056708900808981375,0.06687120541126458,0.039857645731108594,1.4560806095965642e-05,1.399446888809136e-05,3652,37,0.0,0.07,6,0.29,6,0.9972056452924508,0.9970559554383139,0.99583746952916,0.9980357099414459,0.9864032850269473,0.9911680748455929,0.9883240081132384,0.9871309924306506,0.9899623229702392,0.1466942333056152,1.3341772362806261,0.11660495260945283,0.9192832344534502,8.012992028659118,7.971529146221703,-1.182289349175718,-5.1532119896236575,-0.5298056714215552,-2.069542881807525,-3.343024216857951,-0.43937974396272983,-4.357476076788916
112002A,P8_mult_noise_0.30,P8,0.12027538548345965,0.11769093702086379,0.11801648432624215,0.11612887356844108,0.014862442911138338,-0.004881218962487806,0.10138301323432541,0.12273928744631309,0.1225664030434625,0.11791113674849109,,0.07521298964533765,0.11913278928572275,0.004099208310067099,0.0025844484625958536,3652,37,0.0,0.27,5,0.11,5,0.9962984846524644,0.9961794263814913,0.9968741592920907,0.9995585539466175,0.8370341032650437,0.9193127423723219,0.8087513002751449,0.8716899810379648,0.912048744929355,7.148234403700404,4.61896737834786,0.40369034758705385,0.7429667656827161,25.187889723537683,23.826557857144596,15.981025266072894,-21.96565084087749,2.47595131131468,9.00040293387209,-6.677498206994226,-3.4376883571094456,-19.399408972705444
116013A,P1_peak_damp_0.70,P1,0.07497939804606511,0.05973139015789964,0.12837389778014652,0.058985698545175665,-0.12419565456681278,-0.0026533319927179422,0.1576764163187065,0.06140388076176175,0.07706476070012833,0.05793008690537496,,0.056861038698960725,0.06347166021722515,-0.007518408046956333,0.015248007888165473,3652,37,0.0,0.06,6,0.11,6,0.9599447669830031,0.95214094375264,0.38459478259029034,0.9944865410749342,0.9305268448628223,0.9843221562592567,0.7423081060714656,0.8283191966397279,0.864940495204315,-12.028033077823832,1.4432191281637148,0.2635776074274476,0.8216750785246727,12.592650593464109,12.694332043445,-24.214435819623212,-5.260572353197041,0.44864581911791523,-25.58781371202816,-2.037226364486035,-0.7449543946736614,0.3813747507428083
116013A,P1_peak_damp_0.85,P1,0.06180364263166668,0.05989643263414243,0.07328698745029585,0.06255442746041288,-0.05594218879056661,0.0006012379553375425,0.0806710219192741,0.05951737207592468,0.062023156739914306,0.061731931114589376,,0.2548990291617219,0.05981828100492758,-0.0028969913332441573,0.0019072099975242507,3652,37,0.0,0.06,6,0.1,6,0.9866618339286477,0.9835695290672604,0.8049074502498268,0.997505505648871,0.9624583112006192,0.9861888439975537,0.8653432261467756,0.9098334914765894,0.9361671684916271,-5.628245422501571,1.0609151897426763,0.19375677742825093,0.8696577064383084,12.026622490849439,11.96365620098552,-11.91410028036259,-0.41792547025012794,2.633406522575376,-13.26559116407357,-1.8032066674085088,-3.6365575202253324,-2.809541236336647
116013A,P2_peak_infl_1.15,P2,0.06418397361953593,0.061627589831958804,0.07704618400300076,0.06512903653770079,0.048970147387855184,0.018781607257790052,0.07897918335895006,0.06894739129783106,0.06526957336242399,0.061080370981414236,,0.6001268539670322,0.06178523273132282,0.0033357431448301444,0.002556383787577124,3652,37,0.0,0.06,6,0.06,6,0.9859074165765632,0.9829897149872971,0.8468680487283237,0.9715194514831174,0.9475463155267358,0.9854991612760053,0.8436019417587296,0.9042432620465757,0.9202125166483537,7.265428730964255,1.2540410834860678,0.22902769368193035,0.85008769430076,12.598014141814717,12.357046546264552,14.82714214877716,-3.5688942228628258,2.0815727135137108,13.828441350077659,0.22167352535702708,-2.5881042453826897,-8.02541189126205
116013A,P2_peak_infl_1.30,P2,0.0673272197481519,0.05953353061987078,0.10010823227059897,0.058935789100636925,0.09298034870136578,0.0048556531583046425,0.10447579106914245,0.05174871896767931,0.06924665648068684,0.0615240391315866,,,0.06102703558784948,0.0076327041195273235,0.007793689128281114,3652,37,0.0,0.06,6,0.26,6,0.9688116272617023,0.9627794110229828,0.534295983392637,0.997967068211538,0.9132984829252704,0.9855284168748899,0.7175915292834043,0.8317534032525649,0.8606358171304666,13.122728669141297,1.6122675505041313,0.2944512134033914,0.8190825807481655,12.574707585502162,12.205407117569907,24.417278381008437,-3.124530431659681,1.9754832204063035,23.549976456138648,-0.75296677789684,0.23283249753781643,-8.915182698157459
116013A,P3_base_infl_0.10,P3,0.06775878504295343,0.16508835271890182,0.06019629983794573,0.3186316387004374,0.0010452902921858206,0.3186316387004374,0.06314964577919653,0.462777120170916,0.061308984974571906,0.2062590041983223,0.0667374117651609,,0.10123264093823627,0.07223635955491052,-0.09732956767594839,3652,37,0.0,0.6,6,0.06,6,0.6624514886654924,0.6723660946793357,0.9995178898126724,0.0,0.9715133186062119,0.9591335587527248,0.9079913135227482,0.9430880949387236,0.9472644520427622,4.397606516684073,0.9241547370971086,0.168779979244542,0.8643781531029706,24.63194664194163,20.24652818764723,5.129973364724226,39.61401798568636,-10.029436709750845,6.058164964341493,55.53488133138623,40.29352411181636,-5.4417371356131925
116013A,P3_base_infl_0.25,P3,0.08684170464438082,0.29316046639321486,0.0655547243726575,0.5237543336510042,-0.0024731937291800374,0.5237543336510042,0.0729272677444958,0.6678705489513282,0.06037591202672484,0.3818586420946918,0.02532491922902958,,0.1672933533266454,0.14761267307375822,-0.20631876174883404,3652,37,0.0,0.64,6,0.06,6,0.4382962861758336,0.4483287170525358,0.9974881521784551,0.0,0.9555530506856583,0.8788483114433947,0.9232968609721172,0.9026944234933141,0.9122178488912794,7.310527533522351,1.1543692346861445,0.21082445141477688,0.824105426930114,49.84179408176887,33.4586706653291,2.062915532276548,55.946673235852614,-22.755916910495472,1.9884083677310325,137.3707167995213,102.93463705505803,-3.080514817825549
116013A,P4_base_depl_0.50,P4,0.15065465790755891,0.31730604893583503,0.05496055997769758,0.33656414792014405,-0.0019109075520222017,-0.33656414792014405,0.04720379474629678,0.3279893119432354,0.05983566204746305,0.3337447401992251,0.025506226224404925,,0.24885651021546112,-0.23074082707970878,-0.1666513910282761,3652,37,0.0,0.3,6,0.18,6,0.3047615332270473,0.31464132014619234,0.9969794487996213,0.0,0.9783234410213549,0.8035064823673596,0.9167878305047661,0.8586446127587464,0.8925997555200371,-7.272311792721365,0.806155712379314,0.1472296131172158,0.8247762042248585,38.0792624868316,49.77130204309219,1.7348577922994286,-15.984876976606113,41.63621678850101,1.029841710673739,-52.155042358180204,-51.21910717513266,-11.171116926690368
116013A,P4_base_depl_0.75,P4,0.0893124267366938,0.13799901123973807,0.06118628958632147,0.13778886630055825,0.0004272545241369819,-0.13553465533135992,0.06547182266536745,0.1417500506578186,0.06378573343029065,0.14354886930340416,0.048505217360840715,,0.1180808592607318,-0.09865224646045953,-0.048686584503044264,3652,37,0.0,0.3,6,0.12,6,0.4429871528159759,0.450331771121473,0.9989782348886838,0.1827941279115896,0.9742235848835911,0.9543220360322131,0.9602630911526063,0.936312235359286,0.9490704546650729,-3.317458120959367,0.8790934080267027,0.16055035072029256,0.8520664953095708,20.721762108164384,23.616171852146337,1.1738728039196724,-10.138314696987027,17.299014584095445,0.13794465430387132,-26.451554933992856,-25.641414551218567,-7.290103099128145
116013A,P5_compensating,P5,0.13676489021822066,0.44011243349092233,0.12742550029688782,0.7013584663011084,-0.12210463433078263,0.7013584663011084,0.1663375624796167,0.8104035554672274,0.08057002767439356,0.560344928686353,0.37203469647118764,,0.26278573035018526,0.23019552745802438,-0.30334754327270164,3652,37,0.0,0.06,6,0.06,6,0.30029780243651194,0.303343669321726,0.440277617143105,0.0,0.8948571570985975,0.6835997969751622,0.7200371935427794,0.7200371935427796,0.866511529155822,-2.5104729583046825e-15,1.7754711616327088,0.3242573713910025,0.7019060236806195,101.73060045151361,52.55714607003701,-26.444332920174443,51.23166852185784,-42.87933411831404,-28.755311926223282,300.66917208594947,225.66360123787493,4.975176260313506
116013A,P6_shift_1d,P6,0.14114297065838202,0.07359889405954302,0.2860979420363836,0.07666040619005966,-0.06291160581788523,0.013475829116651643,0.389163599817645,0.07403391454595203,0.1719242434916395,0.07179068176989072,0.18946996843929473,,0.09235665435046793,0.002448851261757087,0.067544076598839,3652,37,0.0,0.06,6,0.3,6,0.9821125461566234,0.9821948446346224,0.9799734346363381,0.9783769541192904,0.36229236734458625,0.9338634558102485,0.6816342100513575,0.6814646181523514,0.9741143790078578,1.3182866211604953,4.3725478660087695,0.7985659851605336,0.5714979307317005,18.8503895708679,18.471330870093556,0.8645320468950589,-0.38865357067442435,2.098053431712241,-32.32747227467251,-1.6370970697973288,-3.218263661385927,-5.656872003470963
116013A,P6_shift_3d,P6,0.23727917696773515,0.10624424176287317,0.47412824647559476,0.1186800362514404,-0.250118005903576,0.06024535424429398,0.6653468465499951,0.11795030094594995,0.31132450586517024,0.10167604642672944,0.5131055697232377,,0.14409174479300366,0.00803907923648829,0.13103493520486198,3652,37,0.0,0.07,6,0.34,6,0.957502067586205,0.9553232404839338,0.9162864120344778,0.8982608515223204,-0.23435644759207275,0.8092875550075911,0.37693627015282605,0.3768786425605122,0.9452599479422912,0.32999621781267013,6.0833675916784316,1.1110159528971995,0.29012907867758164,32.98165844266791,28.818348958600737,0.0841543286908216,-4.144116092256275,0.07345702326773287,-72.84418644643218,-1.7785375024778705,-0.9666493309386022,-4.972360413298982
116013A,P7_var_compress_0.80,P7,0.12054190953742049,0.4275166301829043,0.11074097296009976,0.7068396262845376,-0.10363176376209011,0.7068396262845376,0.11719633642187915,0.8235250347859815,0.07951119795657931,0.5618885192195221,0.3905933682097316,,0.24376114257492618,0.2126584345047775,-0.3069747206454838,3652,37,0.0,0.71,6,0.06,6,0.3187481769621028,0.32324800383819174,0.4880415089764491,0.0,0.9359548425183757,0.7024066003374188,0.816710736762712,0.8135438763470152,0.8829709199975003,0.3909154974477298,1.3856926512958356,0.25307144738516885,0.7446519596814476,96.7623976313125,48.75222851498532,-17.938120965725933,68.16785621155869,-39.076598861412194,-18.844741480892356,305.57123300015974,221.13799293575875,3.226499286175649
116013A,P7_var_compress_0.90,P7,0.08300905836661139,0.30071827809117546,0.06735325586012958,0.5559758389211297,-0.03925801708526118,0.5559758389211297,0.06390225428188095,0.694611478482237,0.0606583966508318,0.39931970675148964,0.3604063458387157,,0.1650608878373373,0.14043060424631698,-0.21770921972456408,3652,37,0.0,0.67,6,0.06,6,0.4790392720494245,0.4881480558369249,0.899478089032938,0.0,0.9639333370830762,0.8715936207915647,0.8794468036056301,0.8718993119737561,0.9411670801831371,0.871220643684109,1.0398644838297275,0.18991225057095137,0.8344890473499579,51.05516523432287,33.0121775674674,-8.789635348329151,53.69493164790068,-21.324840155074316,-10.981128579781096,155.19161864812122,110.52128851350817,-0.8237815396971616
116013A,P8_mult_noise_0.10,P8,0.040394860010485235,0.03948707207529156,0.04081989273008055,0.04134956128917534,0.0013488840305476064,-0.0008563022669168821,0.034787019090584355,0.043900896758138255,0.041101603195127984,0.039228906910074655,0.05765720321351453,0.13370697952288466,0.039800161937229635,0.000183657190890309,0.0009077879351936727,3652,37,0.0,0.28,6,0.2,6,0.9973615753703302,0.9974675629660732,0.9993969909853968,0.9977350746236748,0.989909854521061,0.993931308992824,0.960239700467354,0.9699198726430758,0.9850344529419109,0.9906475801064895,0.5500123975336548,0.10044971617152086,0.9197314633711144,8.003820855529213,7.960032387445922,2.5253886465519746,-8.627943509884755,0.869568048574315,2.33569644274985,-0.7388844985429368,-0.7800459513302733,-3.44823024488324
116013A,P8_mult_noise_0.30,P8,0.11570708863486033,0.11715727231443665,0.11531431906979478,0.11256970769084669,-0.024154117260268275,-0.009316753302630681,0.11888812994135287,0.11818155737803049,0.11379602918612507,0.12009158651391699,0.10478905728824926,0.12949026004976888,0.11658712251980674,0.0007627240437136241,-0.0014501836795763196,3652,37,0.0,0.17,6,0.27,6,0.9952910321472576,0.9952619746171355,0.9961704782343098,0.9958085516259789,0.9115579008158715,0.9466108637923941,0.9486426641137631,0.9402646975310838,0.9587474303012028,1.8733476629763548,1.6283707245865204,0.2973921639588516,0.7641666922330159,24.36191189806095,23.317424503961398,-1.0420433644027407,-32.057387944280514,4.049795007765451,-3.304089742167888,-8.143922921350562,-6.071810545339994,-12.294330349936528
108002A,P1_peak_damp_0.70,P1,0.07289199113263836,0.059625737695787946,0.1124689316308715,0.059365790441599654,-0.10774696799334547,0.0019091691299745652,0.15141517663785545,0.04727841569069275,0.07807957532620191,0.06100360925209106,,0.0655749901509717,0.06264620688009562,-0.006457253045485588,0.013266253436850416,3652,37,0.0,0.07,4,0.22,5,0.964132992192435,0.956217177396605,0.44658485175573387,0.9979916296190808,0.9087586009283138,0.9826769375580491,0.7289147380227045,0.8060114876258442,0.8820488550318237,-10.379536991793437,2.4010074140878195,0.30206191264654036,0.830003316284928,12.482400902488573,12.52924137601915,-23.991642993244923,-8.986862607367994,0.3743738191742086,-27.01424772808982,-2.210667294085322,0.030712795679856648,-0.5199088152207856
108002A,P1_peak_damp_0.85,P1,0.064342503557845,0.060395256335222074,0.07995259099789263,0.06397824023151044,-0.05706091146003349,-0.008250205133972826,0.09293459702272305,0.07198314159176333,0.06623187472973362,0.061517078410604095,,0.13682107671999902,0.06066123722671009,-0.003284945898191761,0.003947247222622928,3652,37,0.0,0.06,6,0.19,6,0.9880280476541096,0.9852432043842818,0.8299443819621649,0.9983555436941565,0.9523393236945821,0.9840367408293887,0.8484365063446588,0.892758497942039,0.9368657939307105,-5.451194946975676,1.7353122535014567,0.2183132527022076,0.8610115262643168,12.18652608615014,12.132247445342022,-13.45389694109029,-9.769779507107428,2.2447093008910874,-16.15698777924425,-0.12036568954233932,0.5234295671072052,-2.500336542255272
108002A,P2_peak_infl_1.15,P2,0.0633742932405846,0.06080384403428231,0.07762136373121728,0.06292621461381144,0.04381739590964255,0.0011519307237958477,0.08440378467727569,0.06667055682340334,0.06523681362793411,0.06114794399695618,,0.07163564611238991,0.06085438146425875,0.0017680757534578042,0.002570449206302297,3652,37,0.0,0.07,6,0.1,6,0.9918618460094932,0.9899988347833935,0.9014520384263353,0.9993340340823738,0.9578310184574311,0.9839701253242066,0.8687590100819824,0.9193056321892074,0.9329351860811779,6.1311598755202805,1.6322778571111571,0.2053508742191492,0.858942833623476,12.3801338018363,12.170876292851775,13.217499368245795,1.3691458249499333,1.6066402395146706,12.969140742688499,-3.154432502268954,0.8796032918347394,-8.089299359708662
108002A,P2_peak_infl_1.30,P2,0.07054753862077934,0.0608816688104627,0.10146491511624167,0.060345989509025914,0.09085449798380908,0.008121349799446415,0.13242444469027628,0.06679496412431675,0.07425297633203637,0.06088059007505822,,0.025004147397299885,0.0631493066452932,0.0058406331937389845,0.00966586981031664,3652,37,0.0,0.06,6,0.23,6,0.9727473366356543,0.9673893167552976,0.6005970051961229,0.9892310475846819,0.8643086707523897,0.9826975962767656,0.6685882089522581,0.7973831491313093,0.8598086819183339,12.953579510928192,2.928016916790328,0.36836304001298814,0.8086919831575747,12.975594024257536,12.62986132905866,29.828444575785916,-7.738685655790973,-0.318065839535438,32.38621391487591,0.2514774896413675,0.02672596014062098,-10.655096401222455
108002A,P3_base_infl_0.10,P3,0.06572952996505547,0.14392141414439905,0.05825752229936759,0.2530443860780982,-0.007582075025923001,0.2530443860780982,0.06083288027178225,0.3288654081698735,0.05776884587177213,0.1789685253148704,0.3296936924626431,,0.09392039538719935,0.06517316561310625,-0.07819188417934357,3652,37,0.0,0.48,6,0.06,6,0.6800602979680787,0.6901718628714525,0.9978442045017142,0.0,0.9769448884815244,0.9618528630484448,0.9678506914064657,0.9551983390028435,0.959803491505045,2.9944279232164,1.2069273996302678,0.1518390974633199,0.8681064363449916,21.968341533624912,18.784079077439895,0.6110694484318338,39.356104441607165,-8.368790039761942,-0.5357225196729984,47.938844080017766,40.34931334048881,-3.8958485060413843
108002A,P3_base_infl_0.25,P3,0.08207337985062069,0.26252891605178275,0.059889487795487764,0.45429803380480666,-0.003189726366131423,0.45429803380480666,0.06480448555156637,0.5307438444274705,0.05698440575892804,0.3419540784697686,0.02665880564043362,,0.15384552981054783,0.13616187967040022,-0.18045553620116206,3652,37,0.0,0.32,6,0.06,6,0.4272544473446849,0.43719983416118496,0.9925275886155658,0.0,0.972380301834345,0.8888058397372408,0.9199255596690696,0.9008549244642764,0.9085118272808334,7.7882413223599904,1.321012713208916,0.16619175119618604,0.8355198326112225,42.8356534466963,30.769105962109638,2.8446313548295534,46.65226489923515,-20.568230791937935,2.6834629610303598,115.29234997571348,96.63633694889766,-2.6350312739508266
108002A,P4_base_depl_0.50,P4,0.15198222115825014,0.31546188703440053,0.058351390607019694,0.326529599209058,0.002882577180705076,-0.326529599209058,0.051602560570394786,0.3333139729091307,0.05982219100577289,0.3292917025420417,0.3014119309283608,,0.2493766757502371,-0.23083582752546852,-0.1634796658761504,3652,37,0.0,0.3,6,0.1,6,0.30451981297438513,0.31451640369107653,0.9992097116864371,0.0,0.9662978310622117,0.7768682934703752,0.8885306060353123,0.816910782737652,0.888269970920966,-7.138733024721296,1.4592391025703353,0.18358150489030292,0.8082719986606314,38.18117591195019,49.875335150047476,5.44655734717714,-1.6308932480451996,44.95525125648553,6.97924605358359,-50.13552843840656,-49.77279009286801,-12.049376920382501
108002A,P4_base_depl_0.75,P4,0.08719728792945501,0.14140815286306846,0.058778818405519836,0.1490386478064008,-0.002553669538063455,-0.14750533266700774,0.06018502703339695,0.13799685451596952,0.056511017969388046,0.14816609308460113,0.026345070020616007,,0.11926449830617089,-0.10199752776303549,-0.05421086493361345,3652,37,0.0,0.24,6,0.21,6,0.42890424791991694,0.43632406123326867,0.9971184844303298,0.22192592504520547,0.9809397835776673,0.9474795436159777,0.9530598028958831,0.922699850630438,0.9420701960518283,-3.9059959417710792,1.097391133427034,0.1380587426508465,0.861942780257986,20.82760323501732,23.852899661234172,2.541491197574865,-4.386308966425483,18.74801493474915,2.466137634526763,-28.066755341588348,-25.833923516839658,-7.963864646594062
108002A,P5_compensating,P5,0.12245059046786491,0.3740692334121978,0.12182717317424968,0.6004619582420093,-0.12021835907165085,0.6004619582420093,0.15627311139193623,0.6757952867622313,0.07769966516807693,0.47922782590924806,0.3725892791912067,,0.2252038355234345,0.19480548271031017,-0.2516186429443329,3652,37,0.0,0.06,6,0.06,6,0.3022338344818031,0.30223383448180313,0.3653701393991472,0.0,0.8957468399155522,0.7579255023272162,0.7171165568914039,0.7171165568914039,0.8801231259080912,-8.68399909826629e-15,2.5665051917449198,0.3228825794068918,0.7300571966286079,74.21347345641077,45.04076710468692,-25.982195896823,53.983886697190826,-35.48741109069209,-28.137592362509785,213.92582171768163,175.58576893312883,5.661608562367068
108002A,P6_shift_1d,P6,0.17411925430396755,0.08188838230151418,0.311725606492228,0.07203824025135973,-0.12586868146135965,0.02212590908039929,0.40112861454148874,0.0633704656504187,0.21473441517055172,0.06970537576173494,0.6846546588532803,,0.1147940729798816,0.005017346664755239,0.09223087200245336,3652,37,0.0,0.06,6,0.21,6,0.9820316142425024,0.9813022405975264,0.9789805629525233,0.9708719261014419,0.3986476484578171,0.8951509261821292,0.6966482587617553,0.6962195700606886,0.9587373751107157,1.016386320026113,6.163991624060966,0.7754691170782901,0.5477243069934241,24.38395828392253,22.95881459597637,0.7795179422734455,-10.372024417513726,1.257869259538713,-44.209394739982926,-0.8898562869420354,1.8475557975053072,-5.688613855908566
108002A,P6_shift_3d,P6,0.2906776806221216,0.12125334807441104,0.5265956346818518,0.08656634969176129,-0.38680921887043235,0.03609648318515449,0.7223959200652113,0.09057293282117466,0.3616016316645951,0.10050622483275318,0.7775384010342093,,0.18415158897602246,0.009665681483071432,0.16942433254771058,3652,37,0.0,0.07,6,0.61,6,0.9523259652111977,0.9480528413952867,0.8346919260032866,0.9120750304122934,-0.4006682797321528,0.6809213593250407,0.32404046401464426,0.3249062263344552,0.8907431969169721,2.237900274662866,9.40730402705647,1.1834983226570932,0.2162693334186021,47.960718450119046,36.83031779520458,4.712450525492382,0.19020624366290978,1.116725925154225,-83.06620297584375,-1.362640559228775,0.5077912346025436,-6.145814584042237
108002A,P7_var_compress_0.80,P7,0.11287038673798229,0.38187250651831806,0.10002302968382587,0.6339674390437052,-0.09447588828893069,0.6339674390437052,0.10936867211277801,0.7132479819509567,0.07988432354629445,0.5040868574540425,0.4128314370291893,,0.2198475487785033,0.18671773163766814,-0.2690021197803358,3652,37,0.0,0.66,6,0.06,6,0.3423907874929985,0.34627317726812207,0.4781067010315825,0.0,0.9490549765977424,0.7457130020685533,0.8105355150435258,0.8049900871044879,0.8896311663408569,0.6898476826729509,1.7941073118096769,0.22571004275897344,0.7588271985891143,76.19214834422114,43.969509755700585,-17.68091151134885,63.77009093713116,-35.35864896208719,-19.072872801192442,237.62551593651284,190.64372278407825,3.6561385822513963
108002A,P7_var_compress_0.90,P7,0.08078160853621838,0.257249089168589,0.07018998584587985,0.46198353554336047,-0.05146082336837028,0.46198353554336047,0.05671357405052204,0.5391118218757045,0.06584550588439751,0.3455688678072396,0.3564090225884662,,0.1469762211798958,0.12041197901957099,-0.17646748063237064,3652,37,0.0,0.66,6,0.06,6,0.5065771969439136,0.5153089175473897,0.8433934528665972,0.0,0.9751599613497568,0.8936633933141133,0.9418138276039689,0.9261347162780394,0.9429028223788563,1.7837619180958877,1.2527766978571055,0.15760722905451777,0.8401591109930674,40.9089116380446,29.395244235979227,-5.381380596674061,55.409550782385104,-19.79600878840944,-5.928602099974546,121.81369326571725,97.24564700371491,-0.8333579135875634
108002A,P8_mult_noise_0.10,P8,0.039130402275437765,0.039422321332386295,0.03844927772506286,0.04000557513574936,-0.00026722376123625,0.0001973427565463275,0.041750246568116864,0.03816355547688401,0.03830151162962792,0.03862719910650675,0.04874214063313476,0.09536131250089444,0.0394539822844503,0.0010938431677371726,-0.0002919190569485308,3652,37,0.0,0.11,6,0.27,5,0.9962696824849275,0.9962755877125069,0.9992679761181501,0.9968702582202621,0.9890809813897282,0.9934025364340685,0.9634334082951187,0.9729900833152325,0.9854623150704827,0.9959204020807316,0.8305950454962855,0.10449410801701572,0.9212975745302561,7.954086792780966,7.890796456890079,2.33193769922724,-5.517405603012418,1.6769115154788583,3.475143445722695,0.2792183401327777,2.65528631533354,-3.4419999215031503
108002A,P8_mult_noise_0.30,P8,0.11692511988763807,0.11699900085038573,0.12265508917874056,0.1116616254266078,0.007589414710105541,-0.015918313585367185,0.10847122985682547,0.11259444241920416,0.11743283731565937,0.11518127599068172,0.010116017876335872,,0.11741908335096155,-0.00021023870603275753,-7.388096274765776e-05,3652,37,0.0,0.16,3,0.31,3,0.9957135628165008,0.9956605950220734,0.9954178022336222,0.9933835160380988,0.8827140881580423,0.9408389863701095,0.9064350339446083,0.925333398339692,0.9330086538885868,5.157671029662582,2.7222026813629463,0.3424703079713009,0.7543565375296298,24.527317513287954,23.48381667019229,7.177570397246005,-9.710660173669007,4.268916122611715,1.6576376168007017,-10.423570011700098,-3.7467229026564337,-14.407624592612297
113004A,P1_peak_damp_0.70,P1,0.07029983702853823,0.058517553414116866,0.10333978463785756,0.05882375758661914,-0.09415563779319601,0.0059154401634576815,0.1585656120074368,0.05860937414089955,0.0718192582569934,0.05605377358635262,,0.01718618162712799,0.06166807393324253,-0.00851090557024886,0.011782283614421366,3652,37,0.0,0.06,6,0.21,5,0.9696471734438474,0.964070228767524,0.6018367525049442,0.9958937542033757,0.9205067283329121,0.9740789077933361,0.7841595891964687,0.8321537484438564,0.9272059927508918,-6.036337517721124,2.4233537979356092,0.28194551187612094,0.8529908506728489,12.258526622766448,12.333614786648525,-23.457987673709763,-35.30761230972277,1.4217119077790417,-27.30770478255955,-0.8763531349902074,-0.843544532230312,-4.26840096955462
113004A,P1_peak_damp_0.85,P1,0.06124614206731188,0.060686002487578015,0.06913218360905166,0.06421922678356878,-0.03929615135545395,0.007828107773352333,0.07462463942939941,0.06920383463192264,0.0627031051256977,0.06234847546159055,,0.023837684404603196,0.06002190535117861,-0.003677093537610432,0.0005601395797338662,3652,37,0.0,0.06,6,0.29,6,0.9933861093187918,0.9921460001757277,0.924716273103102,0.9975346828464782,0.9612487175144078,0.9762526103820915,0.9175936111955735,0.9362180201707105,0.9714058747413928,-2.1389965154150254,1.6919778684797588,0.19685345434000437,0.8771373547427251,12.045413186704078,12.004381070235711,-8.347883330778402,-28.273328427949814,1.5641924585518396,-11.414080504385556,0.15082840726347088,-0.7994224427857226,-5.809992052227085
113004A,P2_peak_infl_1.15,P2,0.06154773297255797,0.059334772440414664,0.06669135089017483,0.06318656198209785,0.03951123301064025,-0.005366432822298828,0.0772837378468575,0.06021370515563966,0.06234563575818464,0.059482162527680564,,0.0397006769839084,0.05967793172912092,0.0010787365911831416,0.0022129605321433085,3652,37,0.0,0.37,6,0.06,6,0.9884483083136891,0.9864509198413662,0.8572093572211639,0.9973922203492703,0.9514909246404178,0.9763665508057604,0.86942522679741,0.9101453452728352,0.9510449208588007,4.131089033797163,1.8930545827479546,0.22024775903418892,0.8709853732930133,12.082434837853668,11.93558634582418,13.536726575384534,-14.843501420036757,1.0367273853236687,13.700028410699842,-0.584289899592378,0.34268111893005637,-8.600293640833234
113004A,P2_peak_infl_1.30,P2,0.06908640765983619,0.05881518548999302,0.0909818133117641,0.048218997591903116,0.07496766773361764,-0.00111138368930768,0.11231726743488661,0.05393896504927215,0.07173430902442296,0.05737129340147935,,0.06384189791635621,0.06275488089428909,0.00545963360694899,0.01027122216984317,3652,37,0.0,0.06,6,0.06,6,0.9786981686326736,0.975626260195339,0.6965330361847826,0.9976395283204423,0.8737326876008202,0.9735995408023411,0.7292360862478899,0.8123347265526084,0.9134262046001064,7.587039914970825,3.0541974221771904,0.35534112117679223,0.8407163714181338,12.846403485456397,12.550976178857825,24.585449973247638,-8.812565766740194,0.23979810792778888,25.995374381071443,-0.6579855705058438,-0.7384759152260076,-10.298205858476955
113004A,P3_base_infl_0.10,P3,0.06514295803338387,0.12698681129297354,0.06462413053054399,0.210660969643292,0.010452829329647712,0.210660969643292,0.061910547826256164,0.24490060612972872,0.056178600427625874,0.1528803353019488,0.1893888639599126,,0.08825824778160003,0.060498546479275,-0.06184385325958967,3652,37,0.0,0.06,6,0.06,6,0.7071301683753152,0.7169108780850502,0.9840001940485678,0.03387786531195547,0.9545021818382141,0.9482321834104418,0.9130391664612784,0.9371612868994958,0.9329642847547361,5.988286338463554,1.8333565027172158,0.21330217570804533,0.8587542462150131,20.209050766283198,17.651649556320034,6.847486148213327,15.418235343888126,-9.780942434282087,6.032172029093487,43.36378500562965,32.43312709782127,-6.148332482969816
113004A,P3_base_infl_0.25,P3,0.08349870475471691,0.23704426803768336,0.061195790388480026,0.38819620656379716,-0.0014227907964708079,0.38819620656379716,0.061745710537992424,0.4452350031287577,0.061946867654095024,0.3064848110050559,0.027127959619135226,,0.14556829249765366,0.1251466690333592,-0.15354556328296645,3652,37,0.0,0.31,6,0.07,6,0.455215371776599,0.46536494916090343,0.9948753931587424,0.0,0.9617236756025053,0.8520038086382824,0.890402459667924,0.8538185465999899,0.875774896196998,10.831882136713753,1.6815769716317914,0.19564336021826736,0.8087776297676128,38.59516467062725,29.113658499530676,1.2159827307437592,23.692660597742453,-22.568234541277864,-1.081913140646764,106.25517915192476,85.223984417183,-4.823269901260317
113004A,P4_base_depl_0.50,P4,0.15260205103895738,0.3156383836068849,0.06173452274649322,0.3203872599210048,0.0021209286462678134,-0.3203872599210048,0.0621030165485692,0.3228542317703609,0.061000448862716286,0.3273580697579839,0.014225077756326518,,0.24994829579585545,-0.23205804862803756,-0.16303633256792752,3652,37,0.0,0.1,6,0.06,6,0.30521655730174096,0.3152029169433267,0.9994880852214962,0.0,0.9471755174960075,0.6429156850697817,0.8481576233474194,0.7316821258196895,0.8144449673140322,-13.902536326729907,1.9754646543212637,0.2298357728988082,0.7664498974196184,38.236371127263155,49.98965915917102,2.841738672407731,-13.286324093984316,53.70346845356436,0.6235564606228333,-49.89748004168216,-50.8393446813893,-13.991352969863451
113004A,P4_base_depl_0.75,P4,0.08642198121279113,0.1403163638089206,0.056720387653306725,0.1486629909932092,0.002563211436175317,-0.14626011402858577,0.05791321530467133,0.15563913256767462,0.05892632338763563,0.14306583390829566,0.06789058481460927,,0.11796628041635916,-0.09943404232387143,-0.05389438259612947,3652,37,0.0,0.07,6,0.2,5,0.4237673400313278,0.4314944227887594,0.9975611707710007,0.28120331670731746,0.9614504000043987,0.9186438973380774,0.9129261180130727,0.8560010483756992,0.9154299571868009,-6.189181352293567,1.6875691438019744,0.19634052051372705,0.8453943583536161,20.676448315845878,23.593256083271914,4.581735286408762,-27.78406509455938,24.551690613705738,2.858356439726181,-25.59543775873162,-25.530328229806035,-10.270242862623453
113004A,P5_compensating,P5,0.0811313996563559,0.1699524249608905,0.10408736044603742,0.28946806465926517,-0.0926985081380631,0.28946806465926517,0.1204374813943128,0.35168715441994935,0.07299722567037766,0.21748324895979268,0.460627787765906,,0.11063273635209092,0.0754002014667861,-0.0888210253045346,3652,37,0.0,0.06,6,0.06,6,0.578329815672589,0.5830904888695307,0.6400654143689819,0.0,0.9329682701350634,0.9163429217564718,0.8135191772987285,0.8135191772987287,0.9388764447601945,-6.638247219141934e-15,2.2253168252616433,0.2589048664373395,0.8222554883540711,26.527193432576013,22.12654727041815,-19.276211514413895,23.36045244074505,-15.260531217074671,-20.896436558856156,67.1299586409277,51.63021905672444,-2.381553425898983
113004A,P6_shift_1d,P6,0.13589803641982512,0.07569046837129202,0.25658486514460416,0.06673861683343237,-0.08189625090670538,0.020166578381459667,0.36714036621753743,0.06372928021980069,0.16062179131129609,0.07444972996533619,0.9147742800616592,,0.09461517771391892,0.0015028313288655568,0.0602075680485331,3652,37,0.0,0.06,6,0.26,6,0.9846561320346932,0.9838450776219126,0.9839269508222301,0.9712899650937026,0.5057700071765833,0.9045990152617372,0.7560861160236507,0.7564828100661937,0.9621625301198364,0.8936980030681378,6.042493427341278,0.7030149307258109,0.6977123785066095,19.045190440277526,18.923035542783783,0.4613043040638423,-19.97340265439688,2.267318663131531,-30.86739057578902,0.8668399504276699,-2.131984197937709,-7.338504824841667
113004A,P6_shift_3d,P6,0.2226486008740077,0.10384206535769204,0.3958133389735121,0.08475830837333781,-0.25034384062715465,0.04800533858499093,0.568567336565394,0.08060964010328335,0.27106110076870427,0.09603591944066073,0.9111287527170736,,0.14585985657629838,0.003931173816482816,0.11880653551631566,3652,37,0.0,0.06,6,0.38,6,0.9590334427483806,0.9556237348262195,0.862624829797998,0.9140644681918653,-0.04041018001855812,0.7523046238428794,0.496029861857308,0.4966444245297549,0.9101751419701805,1.0785094402182072,8.767059104609757,1.0200049901929686,0.5086043527201496,31.817893264182928,29.171971315259647,1.4847516778953886,-27.059059428159333,1.8153303932995937,-71.76489002984805,-1.9878535401213062,-0.03775854987238801,-7.011440322294857
113004A,P7_var_compress_0.80,P7,0.08788177101964686,0.2546207197267137,0.0979914768074025,0.4463165033773558,-0.09057073182282359,0.4463165033773558,0.11284704087811571,0.4891674618436151,0.07824069145117125,0.34617098525923895,0.5650272141140182,,0.14742941368042722,0.10543358902561993,-0.16673894870706682,3652,37,0.0,0.71,6,0.07,6,0.4929544527877152,0.49643262192342597,0.5256381078491584,0.0,0.9445440438805174,0.8301600967866932,0.8240648123060332,0.817417755127653,0.9178360553946824,0.8160983727198702,2.0240709725702204,0.2354908833043916,0.800693169804606,40.387603981749024,29.48588273608547,-17.30779204978248,38.737487604677796,-25.485289544873314,-18.27316300617635,132.09084872588522,100.52261136401202,-2.7925533465398447
113004A,P7_var_compress_0.90,P7,0.06949062397663953,0.16150043221118976,0.06642454441835888,0.28343131399239463,-0.041083582476104115,0.28343131399239463,0.05270419275283043,0.33648633166699127,0.06462674575050043,0.21116016535423635,0.5662301107064377,,0.10187268482449334,0.062375640191801265,-0.09200980823455022,3652,37,0.0,0.55,6,0.06,6,0.6629656690945775,0.6705194232201919,0.8439074587986202,0.0,0.9737295134271571,0.9265064272450124,0.9329143867065183,0.9244721848998094,0.9563404181360681,0.9326529990681498,1.3931109194501083,0.16208172806594492,0.8557343272422333,24.131102327713883,20.37453696489871,-6.094439382849813,33.930936973133505,-13.226531445429783,-7.080947005124403,63.52461174119648,51.06300781174627,-4.807941361017442
113004A,P8_mult_noise_0.10,P8,0.041249671285632505,0.04006615760469636,0.04344012590811565,0.0421734901975185,0.0048334394916247515,0.007914598144331415,0.03838069269636742,0.0421727342501094,0.042124663705268295,0.0397498000530295,0.027856266123527432,0.18926314786011222,0.0404798241509661,0.0007637384507835427,0.001183513680936145,3652,37,0.0,0.23,6,0.2,6,0.9951389059942626,0.9953496155357646,0.9958362881137195,0.9909725153101441,0.9860015555365845,0.9893213301900042,0.9904392976612297,0.9873987304495063,0.9896931384440759,0.5419509251350328,1.0169310954519126,0.11831502213757741,0.9172889258057473,8.147770657689042,8.095964830193218,-0.15732337502848473,-3.574854307917367,0.23541101923728872,-1.5221283888988493,1.0395003466417572,-0.8166413148774125,-4.1297373231424945
113004A,P8_mult_noise_0.30,P8,0.11927914437698652,0.11577641399738359,0.12113452526600431,0.11974395671382518,0.007888444692254063,-0.011555776872170838,0.13576421226533072,0.10817095909990412,0.12016612839059251,0.11822765297301671,0.011399476602370989,0.5797482219411701,0.11689139507462856,-0.00025493951415325484,0.003502730379602928,3652,37,0.0,0.16,6,0.39,6,0.9957705917229981,0.9958190153985785,0.9971578879682053,0.9981964034109255,0.835610117091192,0.9075369780881848,0.8558597760929351,0.8951969150007866,0.9276497209048518,5.164850888868492,3.484890857037772,0.4054502224796627,0.7471850645289139,24.39145176325247,23.37827901492574,12.359727378611876,-24.77348858599745,5.617134095460507,3.841859215767081,-5.881092567124861,-4.863884405833053,-17.350285850197775
116012A,P1_peak_damp_0.70,P1,0.0784238048981692,0.060433152716620676,0.1394243848527675,0.06258923514218678,-0.13762963883033658,0.012465515112183842,0.17660868816766345,0.06909583737047731,0.08310937047980903,0.06118185421561047,,0.9332831856101466,0.06439372075858424,-0.00820453278008429,0.01799065218154853,3652,37,0.0,0.06,6,0.28,6,0.9568117213028725,0.9494115130102416,0.36401085121843485,0.9883176642883378,0.901190022658571,0.9886713185833893,0.6772320230839851,0.7901231735894286,0.8090653596092795,-18.009501763958664,2.3720045341577802,0.31434054358518404,0.7843366225891641,12.764905304252864,12.878744151716825,-27.228748113216717,-1.133960252409914,1.2951412350377016,-28.586086551809228,1.9940270652723737,-2.8072834547664995,2.839004233563173
116012A,P1_peak_damp_0.85,P1,0.06387305610283182,0.060252904935428446,0.07743787904834962,0.061669986032272764,-0.059798697306279805,0.00451300642929281,0.08544361013578157,0.07222525653628761,0.06557686366668619,0.06090241179282473,,0.014582604842538465,0.06067498266679172,-0.0020747730181393618,0.003620151167403378,3652,37,0.0,0.07,6,0.07,6,0.9844685824347892,0.9819474567481276,0.7952754957136422,0.9934156324386546,0.9685521905080042,0.9905080634683721,0.8781656247864025,0.9222322251842259,0.9215083140976602,-7.1046316515767005,1.338166997676322,0.17733530244143655,0.86294037292836,12.218407991144895,12.13499653335836,-10.687451748496999,0.20974153108477497,0.6491788257281291,-12.024044323249603,-2.8195117342434974,-2.6111314745705996,-0.47025004197977566
116012A,P2_peak_infl_1.15,P2,0.0637310818796418,0.05896934966802569,0.07707769766217658,0.061545115361093014,0.05462574037328867,0.0027691102718148063,0.08879544027579658,0.05457798466686385,0.06349404473457919,0.05864135464626247,,0.033472294558771924,0.06038511853584692,0.003542793797134463,0.004761732211616111,3652,37,0.0,0.07,6,0.07,6,0.989184013687175,0.9867556583661522,0.8449602018150333,0.995082603972817,0.9302152366744952,0.9903816402806659,0.7629746733760759,0.8579600056729779,0.8811578539045787,11.32637168516966,1.9934044341376358,0.26416805886689765,0.8310105079084056,12.316679771322352,12.077023707169372,17.616236954102952,-1.7900786684207515,0.1506526926396711,19.136720756690128,1.1067799549611255,-1.0765669266931883,-7.4584256693820725
116012A,P2_peak_infl_1.30,P2,0.07306808717467056,0.05948174474040708,0.11380173560428614,0.06093415107127719,0.10888740350188435,-0.0011610838286250222,0.12711802025845673,0.05689279971858217,0.07723801206958,0.05946794216190985,,0.05487164864685869,0.06302790445234253,0.009319869726196835,0.01358634243426348,3652,37,0.0,0.06,6,0.24,6,0.9596161816602037,0.9522398836318784,0.4122874932831479,0.9979044419922231,0.8671638586398193,0.9893099331748351,0.6113998019401952,0.7698039164929276,0.7881195718444836,20.612478561082693,2.750256760096094,0.36446692766310185,0.7595769107575479,13.033840085468343,12.605580890468524,30.54331682459879,-7.127422111585221,1.1183141803775276,31.27199802286918,2.777969035349866,-2.2066237067225005,-8.740380910145337
116012A,P3_base_infl_0.10,P3,0.06734213700943019,0.2183151086110372,0.05935514156022938,0.5188983120577003,0.005767297759901504,0.5188983120577003,0.05546896969705151,0.7148393787830626,0.05921430546422377,0.2816685108518017,0.1621281242164378,,0.11498211462159663,0.08696527008709642,-0.150972971601607,3652,37,0.0,0.65,6,0.06,6,0.6698613202448491,0.6795524421747509,0.9887910021591477,0.0,0.9735616039570917,0.9658705928016977,0.9407930848120447,0.9595202967840342,0.9564656559939569,3.84390109528569,1.2269663917602418,0.16259888081689958,0.8722428281099517,33.772980397386426,22.996422924319322,4.168763418116942,52.76870426654075,-6.980868009091669,4.069996992446788,105.10900441913934,54.13035801229595,-4.0254808249314715
116012A,P3_base_infl_0.25,P3,0.0850462628891186,0.3486130883417229,0.05708000190635094,0.7191173748082824,-0.010228413312974818,0.7191173748082824,0.058802497975348283,0.8560992990077108,0.05628919698127853,0.46732835089284397,0.25828244364724967,,0.18254429444183964,0.1632235429854834,-0.2635668254526043,3652,37,0.0,0.51,6,0.06,6,0.4372326553660104,0.4471532300951722,0.9902789915509281,0.0,0.9745195614120017,0.8962305006066192,0.9519240551421795,0.9637398734716959,0.9453294720068119,3.4187555855395138,1.2045326170262203,0.1596259333191142,0.8610319270437665,73.24387285390434,36.50885888836788,-0.3726282419106083,67.00889643255839,-20.17790992645561,0.04799062746375124,267.711857959201,133.83837726902664,-0.8396119663094599
116012A,P4_base_depl_0.50,P4,0.1520670154656424,0.3200450517467501,0.06349218317128076,0.3304554456325189,0.0022784970979251172,-0.3304554456325189,0.05842066712851199,0.3184620278691243,0.05777534502763877,0.33503358802478994,0.02640550778832456,,0.2514950628966356,-0.23355484794022338,-0.16797803628110766,3652,37,0.0,0.06,6,0.12,6,0.30328077554841476,0.31316341219166843,0.9857928081233686,0.0,0.9827191694417614,0.8726911845286157,0.9598027731913362,0.9345848609709572,0.939511273859783,-3.558477255212119,0.9919674484362672,0.13145657289857565,0.8462789276118474,38.36139007138756,50.29901257932724,0.6747724615285038,-3.6020176831512756,39.2246079244509,-1.0072498506466983,-50.96365286997129,-51.24508918090016,-8.057047231942397
116012A,P4_base_depl_0.75,P4,0.08701919105103015,0.13870271609190796,0.062354907349412805,0.14316012756472013,0.0006463401318062231,-0.14016421305046947,0.060814858250081254,0.14185218325136234,0.0588292063976836,0.14375259445652136,0.04184812427369563,,0.11729038668816942,-0.09987104362357123,-0.05168352504087781,3652,37,0.0,0.3,6,0.27,6,0.4430757680540677,0.448974087988679,0.9977799457460265,0.2417341797298745,0.9819728833774166,0.9705444712417692,0.9679939465190847,0.9648827909375263,0.9544385035183003,-2.8662312274042727,1.013160498877639,0.13426509830400218,0.8716557133018841,20.518135702460388,23.458077337633892,-1.6880202932080388,-2.7416068648423644,16.203503794423742,-3.715767944197884,-26.034665200622566,-26.660173079228674,-5.50071305555285
116012A,P5_compensating,P5,0.20381454755413803,0.6509304372933543,0.14105453137144172,0.9309827468833345,-0.1395158909184732,0.9309827468833345,0.15693354314642363,0.9713952440466705,0.08724587493529722,0.8041569563443131,0.3471244566069346,,0.4091114532549013,0.3722181241401495,-0.4471158897392163,3652,37,0.0,0.06,6,0.06,6,0.2543770005918837,0.25698915664912136,0.27425023447576463,0.0,0.9245306535070609,0.32037399210385176,0.7495899202123251,0.749589920212325,0.7786181733024569,9.958799579836353e-15,2.073005286810664,0.2747168478505444,0.6205019399715699,383.1547402502428,81.82229065098015,-25.45234173653047,82.8976023387945,-65.80172880710937,-25.511430293946894,1400.1155828697567,741.518382824086,13.676310868822036
116012A,P6_shift_1d,P6,0.17187418670942034,0.08905077025000288,0.35184377158763097,0.08856043249678851,-0.10411117169086351,0.02521376079784691,0.47825123883312787,0.0775940666211635,0.20864029297496722,0.09168192792601706,0.23701561780047284,,0.11283747917926029,0.006333442633452748,0.08282341645941746,3652,37,0.0,0.07,6,0.18,6,0.9644751021121795,0.9643284990646518,0.9938395074802402,0.941945124671103,0.34480514039703647,0.918007088419742,0.6729476517654535,0.6729324102133805,0.9672518966895072,0.5477169104587001,6.10801866821057,0.8094410785245356,0.4224284691781822,23.712852918846785,22.567495835851997,-0.26452962725895923,-7.002417081400916,1.633214715655107,-30.8344128995698,-2.4601678837752647,-2.1511936901993076,-2.222224534132391
116012A,P6_shift_3d,P6,0.3003335389684462,0.1521152597169808,0.5735433730992479,0.18052617821773517,-0.3250100020545208,0.11182019479511977,0.7766029794081927,0.2307422212994788,0.39357488020462084,0.15867145367478896,0.36981112105613684,,0.1922735518873317,0.016097353151397327,0.1482182792514654,3652,37,0.0,0.06,6,0.23,6,0.9328363472597171,0.9333814298041194,0.9023018922433301,0.7858553699759177,-0.3339910760364928,0.7468732769949374,0.3084196398895136,0.3088395912845052,0.9217318690201566,-0.9829055292987918,8.715485348917309,1.1549853142081474,0.013980391222499722,48.29596117097799,38.454710377466284,-2.6881357307799774,-1.0850801846193203,1.9270757056561938,-78.49639158522976,-2.614550466293272,-0.9800344163985375,-2.6748224662875284
116012A,P7_var_compress_0.80,P7,0.170709369826037,0.5942267445254604,0.10109189465270034,0.9138560206348373,-0.09175479937501732,0.9138560206348373,0.10794489569156211,0.9610793934550725,0.07668638178171609,0.7635358530011412,0.2626301093421562,,0.3564403480177174,0.3344239484721589,-0.4235173746994234,3652,37,0.0,0.29,6,0.06,6,0.19500597716469387,0.19805184404990794,0.5783700085584341,0.0,0.9490231087530618,0.49687308714529776,0.820410081033444,0.8134426024305287,0.8516978634798247,0.8586099401961981,1.7037339930182167,0.22578062637644125,0.7127703811865727,288.19091580534587,71.28806960354352,-18.692946312085787,82.66129376122723,-49.800547334687415,-18.6422834696023,1090.1638670970192,568.1138811257765,10.520224876207818
116012A,P7_var_compress_0.90,P7,0.11582808217705344,0.46882062416267073,0.064215528152084,0.8412630270560979,-0.04373194371762571,0.8412630270560979,0.07789021444371289,0.9260545482730496,0.0632805684004918,0.6238492546688359,0.2707502847494113,,0.2577839848354261,0.2389779182751467,-0.3529925419856173,3652,37,0.0,0.65,6,0.06,6,0.30304290457105304,0.3105966586966673,0.8381811641457272,0.0,0.9692077782103572,0.7605134834033103,0.8895078325288348,0.8915086579505811,0.9253308857288158,-0.22538497660346005,1.324145253548522,0.17547712611518007,0.8136271616905553,144.74308029854134,51.55679696708526,-11.062269511574128,78.27398048082593,-31.85409823275231,-11.758471229120667,554.8705480098907,285.29843012376057,3.5280691302750924
116012A,P8_mult_noise_0.10,P8,0.04076575529284115,0.03964890931270318,0.040160754622205086,0.03864886429222616,-0.004423565948055559,0.0033381121834847372,0.04328867084501535,0.04276992624912327,0.04093900150236965,0.03884267272919288,0.016793302515387836,0.19369974450039804,0.040337985531574916,0.00034936182126895645,0.001116845980137969,3652,37,0.0,0.11,6,0.12,6,0.9951114434955423,0.9950618670588366,0.9945837971598719,0.9916768261769416,0.9867874549230704,0.9957442241869969,0.9801008406005308,0.9854475309901349,0.9846731276440219,0.6203320615951855,0.8673779069453115,0.11494583540489649,0.9157417056745124,8.115603338486423,8.067597106314969,1.1616371579815834,1.3569311684146,0.7988845897085527,1.9628274055534622,-0.0869328065481689,-1.7365731742127564,-2.5486728810499018
116012A,P8_mult_noise_0.30,P8,0.11681348448144188,0.11738130334444241,0.1194064201734595,0.11240995075370848,0.01072849764945814,0.002765088101943516,0.1041606224216498,0.11348167850418235,0.11593574027572928,0.11855971106143594,0.018270578960058136,0.014337916150811607,0.11769183013506326,0.0008007840532638177,-0.0005678188630005299,3652,37,0.0,0.32,6,0.16,6,0.9957298406316734,0.9957768869655055,0.994965801767154,0.9935419410476689,0.932024373596259,0.9636048125502601,0.9346530306686389,0.9415731710647962,0.941403354424256,4.667221836391511,1.9673957287133073,0.2607213577820984,0.7649803244998505,24.616777517904602,23.53836602701266,4.66410005012701,-13.72975292845422,3.3659832774514986,3.0213852896090287,-2.6742953510416223,-6.9817011341852915,-11.261908544392435
107001B,P1_peak_damp_0.70,P1,0.07461381206892942,0.0451012085731678,0.11978168206463564,0.0,-0.117876314241797,0.0,0.15423475298997347,0.0,0.07947452132249196,0.03950845135768846,,0.07821010175972383,0.059607533436664265,-0.006557444976786966,0.029512603495761618,3652,37,0.0627053669222344,0.06,6,0.07,6,0.9572255285362489,0.9504272072860941,0.38416093804227147,0.9709505944546686,0.9261498755890403,0.9940276371792216,0.7428903879430057,0.8320399966820674,0.8607500033387234,-12.92397812986549,1.0059297263473677,0.2717537937379343,0.8214525685362386,12.648625079352838,11.921506687332853,-23.233409836883514,0.029901396961497368,-0.5453519698874474,-26.50064535772002,0.0,1.0860875713473204,0.04089871676598868
107001B,P1_peak_damp_0.85,P1,0.06568110505645003,0.04634647564215574,0.08011211235698502,0.0,-0.060813238495852504,0.0,0.09386440439625134,0.0,0.06750855908112785,0.040796344676742424,,0.13648331993644403,0.058142692981638315,-0.0036966606563333558,0.019334629414294285,3652,37,0.0627053669222344,0.06,6,0.07,6,0.9814883837429639,0.9782125109328664,0.7473847842686894,0.9824740868386409,0.9662750752453793,0.9946514661934767,0.8943360896535888,0.9312766459254459,0.9298631232215027,-6.4282138005011165,0.6797786512809574,0.18364347185408125,0.8612864744527189,12.444673119138853,11.62853859632767,-10.246920472684442,0.03543804221483447,0.03608095952339888,-11.405954299613702,0.0,-0.22556644776880033,-1.7032774689274761
107001B,P2_peak_infl_1.15,P2,0.06369354030355365,0.046483148674830374,0.07559193586002723,0.0,0.05702363613990171,0.0,0.07893994503147614,0.0,0.0643583818080979,0.041012981746055416,,0.25050946342454955,0.05769941415293218,0.005127469335772137,0.017210391628723273,3652,37,0.0627053669222344,0.11,6,0.07,6,0.9827233258725642,0.9796803647673018,0.7896739940008842,0.9996437496778561,0.9520578735420405,0.9947663335668885,0.8217288383788394,0.8922428543639785,0.9043764072789233,9.115459659542593,0.8104956217284773,0.21895690548132873,0.8499664117408062,12.610559406071452,11.539882830586466,16.758070178598867,0.07169659645514098,-0.6467718620033182,17.02649065211997,0.0,-4.8723771451511935,-6.582592467379171
107001B,P2_peak_infl_1.30,P2,0.07017158607452988,0.04601026574090982,0.10165415376334523,0.0,0.09550860867201913,0.0,0.10979587409572197,0.0,0.07407365590209107,0.04175813350583345,,0.07212970758436628,0.058761455148102215,0.007544633572306055,0.024161320333620055,3652,37,0.0627053669222344,0.09,6,0.07,6,0.9643970097824802,0.9552425159986075,0.46153247566409694,0.9967916319816366,0.908881659378002,0.9943648666056805,0.7054669190595014,0.8239291474565091,0.838061959709204,15.601189106710773,1.1173646503714427,0.3018581465224981,0.8023415313614515,12.944628432016184,11.752291029620435,28.03712432754801,0.0880396542189052,0.332876602704491,25.834003549999178,0.0,-1.221722714768221,-7.89767814690983
107001B,P3_base_infl_0.10,P3,0.07560442816774779,0.44052808040722885,0.056693044467958656,1.0,-0.010812523149215462,1.0,0.06028146982349206,1.0,0.05978976319365338,0.6648216502287063,0.3087511008329932,,0.1969457835455894,0.1695246434470797,-0.3649236522394811,3652,37,0.0627053669222344,0.69,6,0.09,6,0.6197521551219619,0.6294081789709989,0.9964212945804636,0.0,0.9771836190334169,0.9615333564386651,0.9798292564738702,0.9766101872919225,0.9803648554349527,0.39616163790320696,0.5591333622516728,0.15105092176674437,0.8762540819722748,117.7426626011745,39.38915670911788,-1.7605628037473287,87.63792024248043,-7.8683381572023166,-3.2139350519004743,1887480296990.828,434.90381350075353,-3.4462558927320437
107001B,P3_base_infl_0.25,P3,0.09413132690266124,0.528820716428927,0.05829995775069638,1.0,0.0009115352500053902,1.0,0.05349272759293407,1.0,0.05889712901117101,0.7827849640187571,0.04773758355814391,,0.25686951686433745,0.23774890433344378,-0.4346893895262658,3652,37,0.0627053669222344,0.71,6,0.06,6,0.4473439896840015,0.45731584377764606,0.9969644864056602,0.0,0.9782634073510138,0.8860104332593176,0.9486784797734189,0.9561047716939491,0.9506164895149967,4.111895041008054,0.5457424797369952,0.14743334985336998,0.8639667453525386,273.9396906838984,51.37390337286752,2.4396762404497667,89.60259778813763,-18.12399150964814,1.1957951930121984,4538489017852.64,1078.9447936053618,-2.1524991027448865
107001B,P4_base_depl_0.50,P4,0.15289323755752676,0.24093468878159097,0.06286497223818234,0.0,-0.003547342986390162,0.0,0.060421874037343636,0.0,0.061068913265881306,0.22896331753642382,0.032164345505101076,0.01,0.2307709629912628,-0.21351922650699903,-0.0880414512240642,3652,37,0.0627053669222344,0.3,6,0.07,6,0.31890783537420536,0.32595721700048835,0.9971028050181792,0.0,0.9747320535568263,0.9383955820888443,0.95868563233097,0.9361569506828187,0.9556011497062585,-2.5613786711671636,0.5884058751435302,0.15895894577900804,0.8484067321830588,37.665424131771616,46.15419259825266,4.749344791745643,7.248414161444227,25.6236511550845,3.5896773939102506,0.0,-50.0552195004806,-6.3368575833654415
107001B,P4_base_depl_0.75,P4,0.08475030598841012,0.10284023448845589,0.05660484616069461,0.0,0.0006875170228710127,0.0,0.043086048613864024,0.0,0.05814409671018942,0.09458906249974225,0.025084914555470905,0.01,0.10635286944952133,-0.08913112742799079,-0.018089928500045774,3652,37,0.0627053669222344,0.13,6,0.07,6,0.43099780898924933,0.43653473500069023,0.9972938176945128,0.0,0.9784976733032599,0.9857837217141938,0.9580507514256917,0.9494942092674263,0.9784484273455089,-0.8492772967522296,0.5427936453632242,0.14663671674154527,0.8781159948508632,19.948821416622046,21.270573889904323,3.759529010680026,2.9260396942358655,10.44602088111907,3.769322032690376,0.0,-19.501022104466987,-4.666618071831222
107001B,P5_compensating,P5,0.2094404534321305,0.7384047047170011,0.13366504921631053,1.0,-0.12784217158471556,1.0,0.1903355219353869,1.0,0.08335836522859084,0.9415100438193841,0.3395232411692488,,0.4529109312920417,0.4208764696484627,-0.5289642512848707,3652,37,0.0627053669222344,0.31,6,0.13,6,0.2638340649254771,0.2668799318106911,0.3868015112335626,0.0,0.9083847920914047,0.37430598499387613,0.7509478921942062,0.7509478921942062,0.8466893649554891,2.5397069798577086e-14,1.1204069969753518,0.30268004213789074,0.6684604850343415,1591.6195494623237,90.5821862584083,-25.707765600387255,94.29448035015047,-57.944927261023736,-29.25226821781669,24823694565088.39,5936.590129237282,7.553539185016842
107001B,P6_shift_1d,P6,0.15809673513580932,0.07168615251661889,0.22949563405761142,0.01092896174863388,-0.08437968940512582,0.01092896174863388,0.29315154623661954,0.0,0.20735257743250207,0.0692338694547961,0.37470767291392415,0.01,0.10725606898848335,0.00876372475646776,0.08641058261919043,3652,37,0.0627053669222344,0.15,6,0.06,6,0.9641554600364824,0.9632561945620798,0.9814402840718974,0.8426578772022391,0.5249445745997187,0.9580419669652933,0.7665534729590157,0.7677088763013988,0.9746362660355046,1.6735183070974946,2.5513155013796616,0.6892426462431656,0.5796532648121745,23.651657868727803,21.451213797696628,2.5979448445128606,0.07966121008500034,-0.4990529459049125,-30.399441038879292,0.0,-1.439975267948131,-4.1447079435488705
107001B,P6_shift_3d,P6,0.2602747332332524,0.12320492939267426,0.41083705537256426,0.03825136612021858,-0.26844773066791533,0.03825136612021858,0.4537113017787017,0.02702702702702703,0.3483870991670007,0.13331022641852616,0.3813394005680918,,0.17543279417482274,0.022140278443644634,0.13706980384057815,3652,37,0.0627053669222344,0.14,6,0.07,6,0.9088227686044816,0.9067608422411082,0.9058883445655226,0.7062740891876007,0.016582149195777496,0.8740495465984455,0.5293396565496915,0.5315512400440356,0.9450165293412517,2.900789943500281,3.6708029344781576,0.9916742664828117,0.29686208285696847,44.25742888133834,35.08655883496438,4.724989842890882,0.10423305599082,-0.2993498858541138,-59.971801261547505,0.0,-4.338115383193763,-5.083877560172035
107001B,P7_var_compress_0.80,P7,0.19668609846513363,0.727669293630014,0.10476981808118366,1.0,-0.09910531433866267,1.0,0.10050446662388565,1.0,0.08306929091856538,0.9401143950222779,0.3201866545486495,,0.43923270617639976,0.40987269809966276,-0.5309831951648804,3652,37,0.0627053669222344,0.29,6,0.16,6,0.2141424930665437,0.21942359110117196,0.5829284670348764,0.0,0.9474230439379392,0.4023273770291218,0.8145998012416782,0.8038900490603693,0.8552359265006317,1.336599655464797,0.8487694629493474,0.22929665514799988,0.7102029466450821,1561.333572352874,87.84654123527986,-15.958104185768414,93.88932467004456,-54.52776165719344,-17.611039668911992,23887683524787.62,5703.763715541997,5.355069461041787
107001B,P7_var_compress_0.90,P7,0.1379240739957732,0.6438505224786975,0.0637341256438262,1.0,-0.04208015537543016,1.0,0.0628380027606221,1.0,0.06252288077175899,0.8931792119845793,0.31941363720305094,,0.3520234260706578,0.33040621112605323,-0.5059264484829242,3652,37,0.0627053669222344,0.65,6,0.11,6,0.2921632535391838,0.30115429874766764,0.8630113374843065,0.0,0.9714214445686549,0.6725389132091063,0.9231833934322846,0.9116235965321172,0.9290948794956533,1.2966490705317972,0.6257662883685955,0.16905193116715675,0.8190391726544283,769.7471854917276,70.40468521413148,-5.959018397954132,92.70943518851247,-36.539184999841126,-6.4527868342442956,12578402151470.13,2984.918024271552,0.037327042925954804
107001B,P8_mult_noise_0.10,P8,0.039186397774453055,0.02949499217526441,0.038959139816518315,0.0,-0.0009703674864201482,0.0,0.04109723400599923,0.0,0.03926798219635607,0.026266933552376335,0.031237785845621976,0.1096880454495432,0.03655460848991451,0.0015571348889229235,0.009691405599188647,3652,37,0.0627053669222344,0.43,3,0.07,3,0.9941118357390488,0.9941242605471773,0.9943563235305813,0.9910760598382222,0.9889899562582248,0.9978819623674978,0.9828711208382234,0.988600601313313,0.9883499484922126,0.7995055363077817,0.38840655325159107,0.10492875555239932,0.9206679312549306,7.872889180788648,7.310921697982908,1.5198738121290845,0.047998332074107274,0.20393477523407927,1.3147217640807298,0.0,2.9032579180969194,-1.8074250828396623
107001B,P8_mult_noise_0.30,P8,0.11497268378116883,0.08986847214580558,0.11508066472698135,0.0,0.00040340579017171074,0.0,0.11818212000772081,0.0,0.11363445705184291,0.08492219533225831,0.050768899878242506,0.07225390539765925,0.1086043451118059,-0.0011948920224270885,0.02510421163536325,3652,37,0.0627053669222344,0.21,6,0.07,6,0.9950847596788845,0.9950924175804916,0.9980435570643307,0.9709505944546686,0.8949795188046178,0.9812696995770089,0.860517728355233,0.9052020667296422,0.938423947455451,5.06308085454081,1.1995794811125409,0.3240686365500096,0.7597494732370706,24.15141076427431,21.72086902236122,15.01097479145828,0.3929926605033574,1.95370208282913,14.024057467097586,0.0,-3.4055593879638675,-12.88404665855115
116006B,P1_peak_damp_0.70,P1,0.07581027396155922,0.05991248819983172,0.12883907953863413,0.06442760532739193,-0.12564095732841615,-0.0010974557529038536,0.15638483423031752,0.05504413998880755,0.07987886355307594,0.06056345399616615,,0.015536282893463985,0.06360427318888642,-0.008170140769234533,0.015897785761727498,3652,37,0.0,0.06,5,0.06,6,0.9631878820763788,0.9547568049952012,0.3945238048506288,0.9994344965005567,0.9197368598744154,0.9892769536796868,0.7062917554186817,0.8068262182647182,0.8390830493163239,-14.81307464490705,1.2377264970643338,0.2833075010047997,0.8038730211244638,12.614626335136064,12.72085463777723,-24.95727527897404,-10.434851425354864,0.849596457040234,-26.635578419172052,1.4586439540550566,-0.5604760240883377,1.5902106598794779
116006B,P1_peak_damp_0.85,P1,0.06619841140956587,0.059754613201825985,0.08112006036425544,0.058310879091059455,-0.06902868668113285,-0.0002352411886332847,0.08867771439955167,0.05454393738492137,0.06883487460488523,0.05994369022771487,,0.019897152825476428,0.06167998121740041,-0.002151874083057813,0.0064437982077398814,3652,37,0.0,0.06,6,0.17,6,0.9794606146798863,0.9741666719423985,0.6811581587629798,0.9994102545209282,0.9622748297400838,0.990466547092573,0.8325916386924371,0.8918208338020147,0.9110080088081093,-8.070129625183592,0.8485593424501922,0.19422968429134668,0.8565125433212132,12.414606917760869,12.335996243480093,-14.411967880496068,2.9556642515204494,0.8691056120137001,-15.81182616984617,-0.29386802197707124,-1.075455092198718,-1.2198675165755097
116006B,P2_peak_infl_1.15,P2,0.0626038457814131,0.0605308067243719,0.07078922033066556,0.059129712230221246,0.055856022813038995,0.0011364344630804802,0.0839049727213338,0.06795067647944168,0.06262019605754972,0.06141326235594883,,0.08119561266391176,0.06051074062018668,0.0033266099630148314,0.002073039057041204,3652,37,0.0,0.07,6,0.17,6,0.9879217706482573,0.9850868443938409,0.8235984787571947,0.9983560275515776,0.8882678824194207,0.9908401356429951,0.7306626072270681,0.8321801944741027,0.8891451367621485,10.386273522022314,1.4603455443340758,0.3342635450966487,0.8423068353005864,12.330853554695702,12.10214812403734,19.224440950723917,8.435677881712513,0.23323182378007803,20.671996418701927,-0.4591842736352751,-3.0186496173260497,-7.138469695526414
116006B,P2_peak_infl_1.30,P2,0.0709408611502736,0.05895719980526732,0.10609535307819104,0.052114117043165875,0.10280047407130993,0.0023032895166771095,0.11118044882509076,0.06128534520939285,0.07300017877663591,0.057529499538714286,,0.20979423387688845,0.06257642917887149,0.006628529549128507,0.011983661345006273,3652,37,0.0,0.07,6,0.06,6,0.9596706188237273,0.9531771206081529,0.4149222241721772,0.9995808571619204,0.9012156897729686,0.9898449723294646,0.6950186164127137,0.8169849699363799,0.8280715980508376,16.48891409975478,1.3731266650925973,0.31429971401041934,0.7928224089382607,12.874429028250583,12.515285835774325,26.184909113885638,5.7945453151152355,1.0425916331807417,24.16262053214941,0.4864176072802641,-2.0397983310656285,-7.972044562748532
116006B,P3_base_infl_0.10,P3,0.06593834410620607,0.1980317659179289,0.05412094022871323,0.4147858198042451,-0.012558859345064342,0.4147858198042451,0.052201632482018964,0.5444994124428065,0.05741697147086161,0.2603238488074214,0.33058341754030524,,0.11082802721231293,0.08273007205633519,-0.13209342181172284,3652,37,0.0,0.71,6,0.06,6,0.6563154061691249,0.6661778013630375,0.9889474720147156,0.0,0.9766011235060487,0.9692014923165375,0.984246688771078,0.9800522784957998,0.9753290019569654,1.0269761240247408,0.6682886997644429,0.15296691306930166,0.8783965586802451,28.92731423874386,22.165605442462628,-0.5202476105757886,53.79412405240023,-8.349827501096682,-1.4572403048751683,94.41054268313906,56.4962008651005,-3.425652135713281
116006B,P3_base_infl_0.25,P3,0.08671264279092947,0.3349238434180006,0.059112599457011895,0.6316569937353755,0.00798780003175196,0.6316569937353755,0.07092697505872253,0.7394484319025806,0.058933153916627026,0.4496568181141602,,,0.18155512097511128,0.1623722575614469,-0.2482112006270711,3652,37,0.0,0.71,6,0.06,6,0.44064034497446763,0.45012415741083744,0.9803420293353569,0.0,0.969325856810638,0.9048099974723587,0.9193759685273989,0.9319510270645147,0.9270627401737394,6.4507752235684315,0.7651610163298183,0.1751403528298434,0.8487080484429685,61.55578313773149,36.31102419502227,5.252252333161277,63.75898644731462,-18.6282227342092,5.059450585785889,236.09442656169145,144.72724943605215,-3.479840513314033
116006B,P4_base_depl_0.50,P4,0.1508279649918514,0.3162297550237527,0.054530316410690116,0.3273976653618735,-0.006508466401227773,-0.3273976653618735,0.05295693086112624,0.3254369309035586,0.05739869538925492,0.32869358530258885,0.1397254125911948,,0.24948056223660137,-0.23223726175124518,-0.16540179003190134,3652,37,0.0,0.26,6,0.15,6,0.3020406989393227,0.31182140864905766,0.996365686458029,0.0,0.978577277801613,0.8777097323261593,0.9439570290607491,0.9288854705459056,0.9251929797609879,-5.388027818310785,0.6394461002329479,0.14636503065413886,0.8481749735707441,38.13083111827118,49.89611244732016,-1.234001689865145,-1.2961313339257705,32.874236523756814,-2.0877747922310186,-49.697898811116545,-49.799754782918036,-7.440878790341401
116006B,P4_base_depl_0.75,P4,0.08776655745776718,0.1383803253838548,0.06291845752415083,0.1351692040847203,0.0033829247432419,-0.13316865815224593,0.060786482869109704,0.13147781406906064,0.059895664414864484,0.14372155489726426,0.01857607804935856,,0.11795903413254961,-0.098634836016229,-0.05061376792608763,3652,37,0.0,0.31,6,0.1,6,0.42179018322666534,0.4296863784488761,0.9998050609285922,0.27221006912191603,0.9738906287124949,0.9711152717866505,0.949904759156396,0.9445487439965139,0.9680327235094196,-0.5230139525026856,0.705935174816602,0.16158394501776802,0.8620887772388112,20.696171353968644,23.5918068265099,3.1372676519015505,3.16702122046329,13.217245750915737,3.3967136201335393,-23.230263115971198,-27.45959052637554,-5.724339156721914
116006B,P5_compensating,P5,0.18727404119940227,0.625531436131436,0.13575166064863745,0.8880265695468865,-0.13215532193649396,0.8880265695468865,0.16712267476135362,0.9302779516890406,0.08102188601428587,0.7850389141864066,0.34184073305843654,,0.38619191613229154,0.35445236783167827,-0.43825739493203375,3652,37,0.0,0.06,6,0.06,6,0.2681546615000542,0.2690197036412677,0.35164312942404385,0.0,0.8919058603081089,0.43567646475115307,0.6996108434229479,0.699610843422948,0.825166787698109,-1.6203377581200944e-15,1.436374510819138,0.32877673228483056,0.6382893754838933,272.6632409475683,77.23838322645821,-27.929751885893513,71.95414975777287,-57.52519912457899,-29.6923266323698,1042.7721718782336,669.7985585746549,9.694638213517647
116006B,P6_shift_1d,P6,0.1332096564892528,0.07988321980305586,0.24168974368942486,0.08149069672276446,-0.04924199137087093,0.020715385795783702,0.27651286180555873,0.07928127972821387,0.15849009270306436,0.0794714228209303,0.7802565398663751,,0.09610292177104188,0.0023832929471352578,0.053326436686196924,3652,37,0.0,0.07,6,0.37,6,0.9817977651560144,0.9823485536907124,0.9976828559000441,0.976196003624405,0.6702105487986656,0.9546600606944197,0.8366192249661297,0.8393012453358712,0.9684573328262123,1.6995071789348615,2.5089094947296235,0.5742729762067291,0.6225088049436841,19.303912550444544,19.220584354208352,3.409074370258002,-0.1436866204298244,-0.3103347418983847,-13.536697352303761,0.10288490481184441,-2.7624083845692318,-5.578518288738238
116006B,P6_shift_3d,P6,0.25030325794019304,0.12137849508214789,0.4529438407858856,0.12496940435450174,-0.21324623195988054,0.06947884077780778,0.5646118134593241,0.13072017561940044,0.3197274278368599,0.11951615926909638,0.5233983197082424,,0.1630442497765636,0.012220113302306289,0.12892476285804516,3652,37,0.0,0.06,6,0.27,6,0.9455546430290788,0.946990671824337,0.9438186752329564,0.8828382069668788,0.1894981445017765,0.838602942089647,0.5855749662882241,0.5851890350329338,0.9434381126146976,0.6709621020219382,3.9331781854510903,0.9002787654378079,0.28555586572839153,36.67998435700708,32.6088499553126,0.44129913105848556,4.537589566859314,0.4277151541335546,-51.636853314989764,-1.8913870922605405,-2.6415477625922423,-3.599726014961338
116006B,P7_var_compress_0.80,P7,0.1567630142641557,0.5796496999168075,0.10055843888027192,0.869780390379452,-0.08974858029167965,0.869780390379452,0.09831709955305326,0.9206098458704196,0.07534847457079417,0.7507223852393101,0.3228301450126651,,0.3419409786155353,0.3156780931812527,-0.42288668565265175,3652,37,0.0,0.7,6,0.06,6,0.25085088600840366,0.25600943913821256,0.5537599139288126,0.0,0.957887296381207,0.5553659907550124,0.8308101341917422,0.8188909607396554,0.8671083574492537,1.4608746866228064,0.8965472380576963,0.20521379977670384,0.7294452113994316,220.6414036063085,68.38819572310719,-15.919548866638891,81.45480475524563,-48.44239115231838,-16.794415685282996,864.0083669905588,550.2633171890151,5.330494498242905
116006B,P7_var_compress_0.90,P7,0.11184819948159462,0.4525443414959482,0.07650272748952723,0.7708698240451854,-0.044723120939309725,0.7708698240451854,0.0825045782502478,0.8522903117099734,0.0648437360455812,0.6098101527545785,0.293594554482254,,0.25014637850003385,0.2293925626827781,-0.34069614201435355,3652,37,0.0,0.71,6,0.06,6,0.350433626045821,0.35778143956794894,0.8724991364542362,0.0,0.9625262748398193,0.7901533555638507,0.8706722079753458,0.8680626185688424,0.9305473313022041,0.30177692554032615,0.8457267136279019,0.19358131407803977,0.8098347924123267,112.5919428929952,50.02927570000673,-11.08270763771567,71.51352667965665,-28.488582649620707,-12.265666404362051,447.8227878187689,282.3966258326232,2.2056855887347986
116006B,P8_mult_noise_0.10,P8,0.04084436104089452,0.03892079815744811,0.04116161400666977,0.036089784750865155,-0.0008352113140086437,-0.002209234517295068,0.03856699859154054,0.0400351725806078,0.04197359234381922,0.039029678169399444,0.03845794608444536,0.17093100650262608,0.03987795953010196,-0.0001423126973158276,0.00192356288344641,3652,37,0.0,0.12,6,0.07,5,0.9956617560878189,0.9956378458235134,0.9954357953115418,0.9977886905636302,0.9913288919201032,0.9960445650981758,0.9931710974222471,0.9921411852030994,0.9862972961865842,0.13223087593897392,0.40682151688346246,0.0931187847853313,0.9188496258987414,8.011720429563344,7.975591906020423,0.682477912467463,-5.793208615054666,-0.4161630368687438,-0.24401521940216508,-0.040776563025461135,-0.6337618378066916,-2.3144085025489156
116006B,P8_mult_noise_0.30,P8,0.11892195460598493,0.11644521553952313,0.11858540813015182,0.11325564018202693,0.005406111791263419,-0.004982950692920876,0.11447934548740532,0.0906665897661276,0.1188034117613548,0.11685749663193612,0.014987296901138404,0.01563655054780879,0.11828806760783853,-0.0005327680990666229,0.0024767390664618,3652,37,0.0,0.28,6,0.5,4,0.9965959362344428,0.9966061673095484,0.9990312498632395,0.9971186745601799,0.8991818794293553,0.9640480868238318,0.8958305659831457,0.9274498467485497,0.9459504618043897,4.412520007471016,1.387189885793541,0.3175186932617428,0.7554633885543973,24.75239429478771,23.657613521567686,6.072614438342769,-1.2724415016044115,2.663229977789475,6.67727030936003,-4.2990859857013275,-5.781517692409435,-10.883759675050173
116014A,P1_peak_damp_0.70,P1,0.0813548692444861,0.03660730214394724,0.14662721041333443,0.0,-0.14467592566233198,0.0,0.1568024772401605,0.0,0.08939898195520497,0.019436685245959966,,0.15445970035331252,0.058310747512314735,-0.010914126728722478,0.04474756710053886,3652,37,0.13499452354874042,0.07,6,0.14,6,0.9380641508790557,0.9298755727269146,0.24675659285596732,,0.9185732269153717,0.9944593857368577,0.6853842672628476,0.7950716109055125,0.8004603829520812,-19.231343208617616,1.0109165913249178,0.28535376830283543,0.7769609067341247,13.231249468615067,11.662149502462945,-25.54962210312287,0.12074958614459537,0.9102185397307865,-26.459732436546002,0.0,0.0,4.2373133349404695
116014A,P1_peak_damp_0.85,P1,0.06457636094451706,0.035364666022403714,0.08361975302476589,0.0,-0.0694300624149778,0.0,0.09081487362494862,0.0,0.06743265908545808,0.01975607791848003,,0.14760509246659867,0.052772473342694845,-0.005564562735854598,0.029211694922113347,3652,37,0.13499452354874042,0.06,6,0.14,6,0.9758465324116631,0.9720902911326861,0.7440387857283174,,0.9627587930798787,0.9957346891196549,0.8280518231252029,0.8905881969982279,0.8979554195636903,-9.817772717019974,0.6836653761176807,0.19297980961779757,0.8547251520212988,12.19727309835051,10.554494668538988,-13.19644829587601,0.18292268503656492,0.7851944469691725,-14.848530218809808,0.0,0.0,-0.28138282328599473
116014A,P2_peak_infl_1.15,P2,0.06304143045654045,0.03523498150617833,0.07505631645506884,0.0,0.06062536359710055,0.0,0.07705430498042429,0.0,0.0658984830003126,0.01941290128052924,,0.9529975205092448,0.05251727595597912,0.002806952380610858,0.027806448950362127,3652,37,0.13499452354874042,0.06,6,0.14,6,0.979251002401394,0.9767355463357766,0.76008165481781,,0.9393017320046754,0.9958339871037215,0.7776788446181115,0.8661152243925639,0.879692768014125,11.709591050532474,0.8728102978250211,0.2463701848749654,0.8386099130002848,12.375551259056945,10.503455191195826,17.035583168764113,0.15166507696778286,-0.3265318252428583,17.354117558585326,0.0,0.0,-5.878857995623113
116014A,P2_peak_infl_1.30,P2,0.07219793957106903,0.03574910211974758,0.1153297747011408,0.0,0.10974567263605867,0.0,0.14221252877506652,0.0,0.07677779242012668,0.019860167347691724,,0.24536369376005274,0.0548503313965429,0.009356481750930564,0.03644883745132145,3652,37,0.13499452354874042,0.06,6,0.14,5,0.9484014198098347,0.9406443102464076,0.4441972826134801,,0.8425764447483286,0.9952348541240339,0.5844670826537748,0.7513705815048911,0.7664601963236982,22.938894307122837,1.4056156061241394,0.3967663736402965,0.7453116709654772,13.158625802866311,10.970066279308574,33.70683946636847,0.08372301008843017,-0.4912829665150018,35.416350908272726,0.0,0.0,-8.379684859252242
116014A,P3_base_infl_0.10,P3,0.08618703082916175,0.5548834012869268,0.06272390006869236,1.0,-0.0029473632070638332,1.0,0.06462427564242561,1.0,0.060294057228401095,0.9211377505090192,0.21662456236958702,,0.2568533573308178,0.23079409016231917,-0.4686963704577651,3652,37,0.13499452354874042,0.62,6,0.14,6,0.5904777708301997,0.6004231576466998,0.9966631276323936,0.0,0.9808060595502295,0.9718445668754098,0.9861645981985411,0.9843878857725796,0.9774599411594301,0.9758314018369153,0.4908104306608683,0.13854219736156398,0.8744699319408586,173.20290771735915,51.370671466163564,0.8048431550264304,82.29615671546361,-9.039047463180141,-0.3618508721455099,694366053058.3336,777216118157.6877,-2.4011644972240362
116014A,P3_base_infl_0.25,P3,0.10452007090270074,0.6139036777878524,0.057071119608717136,1.0,-0.014106881708278554,1.0,0.06065814038192311,1.0,0.059484634943647675,0.9587157934986659,0.012213630317552734,,0.30502028338193293,0.2834541303554212,-0.5093836068851516,3652,37,0.13499452354874042,0.56,6,0.15,6,0.4340677118650801,0.44401309868158007,0.9907504084319847,0.0,0.9733131676711497,0.9101923246020424,0.946211869021331,0.9636582165250666,0.9634914411048756,1.9949224055113137,0.5787356367775269,0.1633610489953166,0.870325015508503,427.5080464660604,61.00405667638661,2.6935610319779646,85.29314017834862,-21.055486640133402,3.006080629405811,1683733563596.6956,1867035462845.0046,-2.7264916293583776
116014A,P4_base_depl_0.50,P4,0.14943079690039351,0.18402840221885114,0.06219095052600073,0.0,-0.0024098402178357693,0.0,0.0654635245024348,0.0,0.05964350659749618,0.10832699708773173,,0.01,0.20591761624289093,-0.18848265718054857,-0.034597605318457625,3652,37,0.13499452354874042,0.26,6,0.09,5,0.3480221716292258,0.35534776520642547,0.9974658354843333,,0.9732185093236121,0.9548604021301013,0.9671944901502398,0.953091139496539,0.9664734264238033,-1.585790642521389,0.5797611175496333,0.1636505138286706,0.860988498359714,36.52302227972109,41.18352324857816,0.5598873178313098,8.353900378627525,25.35549526822855,-0.19526538935023394,0.0,0.0,-4.9054847816642235
116014A,P4_base_depl_0.75,P4,0.08564062156305689,0.0812110394121271,0.05901960763361606,0.0,0.0005498205442293552,0.0,0.06261516085671918,0.0,0.05925914444323591,0.04858909259306101,0.04879222729751551,0.01,0.09831073496665761,-0.07972547645788199,0.004429582150929798,3652,37,0.13499452354874042,0.3,6,0.09,6,0.4418571433200764,0.44799012495575885,0.997655734486392,,0.9730368629409705,0.9888597833148982,0.979051435622904,0.9769950822982354,0.9798240460857536,-0.2547658364028849,0.5817239198513593,0.16420455858175642,0.8731094670887136,20.025328405103412,19.66214699333154,0.5746097666587378,3.555467575849598,10.561302557559975,0.24997857779254085,0.0,0.0,-3.6171635007988168
116014A,P5_compensating,P5,0.27440474371630896,0.8402701514415098,0.1503588755612758,1.0,-0.14889622829093302,1.0,0.17457023356086385,1.0,0.08734407940293788,0.9960466484305344,0.32694481300638817,,0.5603623303363242,0.5263277272938082,-0.5658654077252009,3652,37,0.13499452354874042,0.06,6,0.2,6,0.2518731680986063,0.25187316809860627,0.17482044143285996,0.0,0.9108914570069138,-0.03370604934394139,0.7248329447974111,0.7248329447974111,0.6419173864067009,-7.97203157048745e-15,1.0575268033647105,0.29851054084083223,0.5811951928190829,5685.489911723983,112.07246606726476,-26.672780306689653,90.37775913310512,-79.42878436025198,-28.768588678080402,20594741491993.21,22189561468523.664,15.717323858472648
116014A,P6_shift_1d,P6,0.1555912574022946,0.06698013927233061,0.2714712433926135,0.02185792349726776,-0.0698593703572667,0.02185792349726776,0.3985015881292895,0.02702702702702703,0.19857371493421364,0.06450697051119353,0.16598241043513953,,0.10123381003609802,0.013703149087594494,0.08861111812996399,3652,37,0.13499452354874042,0.06,6,0.13,6,0.9439632695376197,0.9440243851096691,0.990278284450324,,0.3878233489914561,0.9607461355289139,0.6982760931376888,0.6985527041859099,0.9761006890716638,0.673221734608636,2.7718523505626407,0.7824171847604984,0.4861876809596448,23.951859425771964,20.246762007219633,0.8207650259791471,-0.030081867049490604,1.6469972947165115,-32.732703149645104,0.0,0.0,-3.2142008859423408
116014A,P6_shift_3d,P6,0.28056763796240675,0.12721348560005177,0.49299459319745015,0.07650273224043716,-0.2660831454340922,0.07650273224043716,0.6632415554731549,0.05405405405405406,0.3774834464450039,0.15198816465561749,0.2860778676987259,,0.18054759672641618,0.03815723916764859,0.15335415236235497,3652,37,0.13499452354874042,0.06,6,0.14,6,0.8990098025324268,0.8969895417337472,0.9196844445327116,,-0.26838122472635906,0.8700498421171834,0.41708246825103346,0.42265104153330035,0.9380317596463974,3.9833347468086164,3.989850423217765,1.126224322560279,0.07292843800743776,51.950841830319206,36.109519345283275,7.902792411819684,-0.4508553454623222,0.5307418608695675,-64.02652431190042,0.0,0.0,-4.6035984275479915
116014A,P7_var_compress_0.80,P7,0.2555537644384231,0.8127142054713968,0.09597190513440289,1.0,-0.08731186434445473,1.0,0.11225748804056855,1.0,0.08401731683453843,0.99442363731538,0.23621494156779074,,0.5307464608896907,0.5085488310500265,-0.5571604410329738,3652,37,0.13499452354874042,0.24,6,0.21,6,0.1338667593479829,0.13812904591796435,0.4916770121943855,0.0,0.9446357747275388,0.20313585709679016,0.851851445325739,0.8335803379461076,0.8242477730826869,2.2256434821362636,0.8335781567433684,0.23529603751967695,0.6852420520201548,3991.4654980097657,106.14929217793807,-15.632637132996102,89.35859838527297,-67.49491844999741,-16.233039301030626,15369084034392.12,16510175134301.219,10.626882876663982
116014A,P7_var_compress_0.90,P7,0.1861936342166285,0.7478996312236303,0.07035588509186456,1.0,-0.042828895714663875,1.0,0.08147954854618358,1.0,0.06878475712654143,0.9893518833901042,0.22970560345205462,,0.44428918834281883,0.4278860560197845,-0.5617059970070019,3652,37,0.13499452354874042,0.55,6,0.21,6,0.23060822230210332,0.23888877955589835,0.887170171596494,0.0,0.9695005684313462,0.5478204248132972,0.8928350443853112,0.8873601498935855,0.9146212253268876,0.620470039415214,0.6186963940964343,0.17464086454393718,0.7975113436272372,2012.2587696603705,88.85783766856377,-9.290535887327861,90.03677664095991,-51.22826955627589,-11.05351591737595,7836175901392.087,8553433543524.175,4.338092767124694
116014A,P8_mult_noise_0.10,P8,0.039739547767174546,0.02389135059313405,0.04140677510651796,0.0,-0.001883172900437306,0.0,0.03535535455590648,0.0,0.041613406521645954,0.013617062865652898,,0.2735196648719499,0.0345627885876157,-0.0009343172929949616,0.015848197174040495,3652,37,0.13499452354874042,0.07,6,0.14,6,0.9949125967640924,0.9948151286720792,0.9953225691665452,,0.9900613667888769,0.9982054287922945,0.9830947442717509,0.986973026623906,0.9849430553861003,-0.4380003845293991,0.3531791392375665,0.09969269387032888,0.9191099152225986,8.008589907478106,6.912557717523147,-0.7060687574392681,0.025025611218943672,-0.11673910177383795,-1.8567481033151148,0.0,0.0,-1.3617953951609556
116014A,P8_mult_noise_0.30,P8,0.11713711218466602,0.06958660959711395,0.11719661205955086,0.0,0.001470172277472208,0.0,0.11397111356229898,0.0,0.12072146561796297,0.03763094241813129,0.014525688472370436,0.15788741669602704,0.10166092580804993,-0.004672185828287154,0.04755050258755207,3652,37,0.13499452354874042,0.06,6,0.14,6,0.9959461053245982,0.9959791987836673,0.9995114749686358,,0.869202834871377,0.9839525531578905,0.8404059871099059,0.8876569593463339,0.9365227843903565,5.1146077813692035,1.2812411478691825,0.3616589071606326,0.7476844826951543,24.361597958679656,20.332185161609935,8.304295745497134,0.5306127332157434,2.03987967889517,6.230984336924383,0.0,0.0,-9.962261742583475
105105A,P1_peak_damp_0.70,P1,0.07815434775466086,0.035368790892442645,0.13955427467811388,0.0,-0.13780534535618416,0.0,0.17460545945158018,0.0,0.08242654181934621,0.02088896787453762,,0.26532107314528003,0.056110755711532866,-0.00931941681684291,0.042785556862218216,3652,37,0.13499452354874042,0.06,6,0.14,6,0.951463513077814,0.9417458268765834,0.32586907424574507,,0.8953988698244492,0.9947122518886199,0.6624639597635238,0.778833841891235,0.8078288808469075,-18.14444643182849,1.5349157595519762,0.3234209798011731,0.78364441742046,12.777551191374368,11.222151142306585,-27.700691182897643,0.11124797865979283,-0.07467325912903244,-29.58490328428218,0.0,0.0,4.2885899727052585
105105A,P1_peak_damp_0.85,P1,0.06277085433170956,0.03528610446170135,0.07886018091034815,0.0,-0.06248141797584662,0.0,0.08860883441798034,0.0,0.06450119550655489,0.020682042788266825,,0.9582537422515112,0.052127382643252715,-0.002664480032916587,0.027484749870008214,3652,37,0.13499452354874042,0.06,6,0.14,6,0.9857061902771123,0.9812618031931999,0.8007022006165467,,0.9663307443428396,0.9957598754615128,0.8790260429563094,0.9214195250742758,0.9185733328326218,-7.424669713762288,0.8708294633122393,0.18349184084629042,0.8610324283530799,12.105110592773487,10.425476528650533,-11.721071674030428,0.01729479681841824,-0.3060304684424735,-12.468551087520837,0.0,0.0,-0.22164422089748506
105105A,P2_peak_infl_1.15,P2,0.06190381636239817,0.035848498976801146,0.07302828027660525,0.0,0.05671164865720496,0.0,0.07323840393701304,0.0,0.06338976963402225,0.01975611163426227,,0.14162393254162803,0.052385533303290176,0.004402160529316605,0.02605531738559702,3652,37,0.13499452354874042,0.09,6,0.14,6,0.9781485825867922,0.9743673917585469,0.7378826362699715,,0.9534563213107172,0.9957649978970934,0.8030801795753664,0.8802038095934563,0.8878297822796215,10.841570394002225,1.0238744593230236,0.2157398402921508,0.8449701774483804,12.389408961738706,10.477106660658022,16.411133102467243,0.09984075823906366,-0.6347153399228914,15.43993323306207,0.0,0.0,-6.043027487247467
105105A,P2_peak_infl_1.30,P2,0.07272788123725152,0.03532623246281926,0.1190714472278938,0.0,0.11259020262045959,0.0,0.12990436396406896,0.0,0.07683800805677483,0.019233838555663088,,0.16114077919376812,0.054716170279793995,0.007932473770800195,0.03740164877443226,3652,37,0.13499452354874042,0.06,6,0.14,6,0.9595442331558524,0.9526708924863604,0.4831598700192017,,0.8769531819359473,0.9951372353257338,0.6302261383247492,0.7766400411448134,0.7869567950897176,20.799295388609096,1.6647596862214957,0.3507802988539303,0.7576046548269452,13.105064607872169,10.943234055958795,30.904082998446516,0.19854415384582402,0.13903927291900375,31.207411269260227,0.0,0.0,-8.54053861634233
105105A,P3_base_infl_0.10,P3,0.08661187659632892,0.5477477499044482,0.06434786440920617,1.0,0.002091492366853382,1.0,0.06810953036414585,1.0,0.05942657114537554,0.8912091655843712,0.15712431395491777,,0.2540047551639199,0.2261209643043195,-0.4611358733081193,3652,37,0.13499452354874042,0.65,6,0.11,6,0.5870354115191595,0.5969500175330026,0.9990249588002488,0.0,0.9745530886961368,0.9627245457643899,0.9482284589375576,0.967000024881588,0.9667967676684924,2.6630139926645557,0.7570662656195661,0.1595208804635405,0.8669990170034537,124.97837298492753,50.80095103278398,3.2815033703429264,83.23729653257338,-10.393453075998226,2.0947061856939677,1277288353492.5337,1450512446662.6526,-3.3166726611885595
105105A,P3_base_infl_0.25,P3,0.10473614853597304,0.6134009171372399,0.06104839883892863,1.0,-0.0020419967747602056,1.0,0.054560237620559816,1.0,0.05775858377776452,0.939528377517064,0.017343355082551467,,0.3058409849534457,0.285831147417109,-0.5086647686012669,3652,37,0.13499452354874042,0.62,6,0.14,6,0.44292869521620604,0.45292528593289744,0.9992672491658752,0.0,0.9842669446170429,0.8835675045652038,0.9707279088090157,0.9638221652528471,0.9621627383396235,2.772885628896535,0.5952821943344464,0.12543147684276518,0.8707446015852653,315.0471452744407,61.16819699068912,1.166022543424779,86.21552592674468,-21.306560154816367,-0.8931629985299597,3213611940029.9897,3525137382391.066,-1.1212070929951632
105105A,P4_base_depl_0.50,P4,0.14978713353376766,0.18445814720338338,0.05984847288832673,0.0,0.003998112211080697,0.0,0.06353633917821351,0.0,0.06130010265934687,0.10943848057719575,0.07368642688470539,0.01,0.20649275206785153,-0.18832224887823829,-0.034671013669615725,3652,37,0.13499452354874042,0.3,6,0.09,6,0.34353480226821714,0.3508763180638612,0.9975265190421652,,0.9812198999888377,0.9522956624152463,0.9594465662695746,0.9491307418315503,0.966118585685216,-1.027930383366595,0.6503771986394158,0.1370405050018507,0.8607049525577966,36.67112640355452,41.298550413570325,2.94797823433189,7.674342050319152,22.8835853633185,2.7857768322211074,0.0,0.0,-6.295420234394646
105105A,P4_base_depl_0.75,P4,0.08806240855221266,0.08142877977574865,0.06428538068667242,0.0,-0.0051104147408031955,0.0,0.047017427637125936,0.0,0.06043678672395999,0.046594137196227264,0.03518938052506677,0.01,0.09999921713718053,-0.08111503429605287,0.006633628776464007,3652,37,0.13499452354874042,0.3,6,0.14,6,0.4461957709299745,0.45238379269571133,0.9980939010428307,,0.9830695415334441,0.9879377751708084,0.9882438037045439,0.9867233630572312,0.977678575449707,-0.7979011280985402,0.6175195565596014,0.13011709521256581,0.8743873562968554,20.38557351928753,19.99984342743614,0.011236825869040725,3.1551820619309012,8.82816428476171,-2.536630072967875,0.0,0.0,-3.868713397792937
105105A,P5_compensating,P5,0.2477634511055869,0.8147054564118151,0.13698634787660668,1.0,-0.13466243821669763,1.0,0.16563660228366334,1.0,0.08478995073480416,0.9911859737902089,0.33572462975639916,,0.5257945537899147,0.49119719375191295,-0.5669420053062282,3652,37,0.13499452354874042,0.31,6,0.2,6,0.26312737387014173,0.26520047572873656,0.3424443169443998,0.0,0.8933970442869597,0.11418473337220503,0.7029465309333598,0.7029465309333598,0.790820501116943,2.347381552175238e-14,1.5495335355795221,0.32650108072262235,0.611257510959452,2705.106243444099,105.15891075798294,-26.614390328634627,91.05915251369238,-73.59822976648483,-29.368962510664375,27549213734160.754,29752340533291.914,15.920157545558569
105105A,P6_shift_1d,P6,0.18248442822130143,0.09088927803531806,0.3436847644458194,0.04371584699453552,-0.1081201515849487,0.04371584699453552,0.41450344388902705,0.08108108108108109,0.22478633326128764,0.09536891351095429,0.3617596752897849,,0.12366923317846568,0.014142079442357259,0.09159515018598337,3652,37,0.13499452354874042,0.09,6,0.13,6,0.9396125657840653,0.9400523002171197,0.9845474895771371,,0.20888867648648413,0.9529894385160083,0.6282564686061503,0.632188378086481,0.9686502146647429,1.8443181169746008,4.221192492900802,0.8894443903434975,0.4255493281206212,30.337143763788305,24.733846635693073,3.810122111368615,-0.13510895927568828,-0.8915605123797778,-26.89014834149167,0.0,0.0,-4.062963329769233
105105A,P6_shift_3d,P6,0.3056758607088548,0.17467186348016114,0.5383747549934815,0.09836065573770492,-0.3210049076411723,0.09836065573770492,0.7445800666572374,0.16216216216216217,0.3935712568214163,0.21029774659483652,0.45871363129416903,,0.21571390865239573,0.03656293947037396,0.13100399722869363,3652,37,0.13499452354874042,0.08,6,0.14,6,0.9145270112686377,0.912047321372689,0.904423585182113,,-0.45365550912665076,0.8482951190490174,0.29870468441217135,0.29945176190618794,0.9447953895416992,1.8487207288218306,5.721990151469,1.2056763699793784,0.028074108156337152,78.08834094591369,43.14278173047908,3.6052689392011548,-0.4557930243717039,0.29170448840653407,-84.79234642987,0.0,0.0,-3.6525975161843887
105105A,P7_var_compress_0.80,P7,0.22272367174182828,0.7891394926620048,0.09847937038991995,1.0,-0.08725531909455107,1.0,0.11671964313120145,1.0,0.07936971471923078,0.9887258884579633,0.27637298996003795,,0.49379505934731444,0.46984441427142015,-0.5664158209201765,3652,37,0.13499452354874042,0.35,6,0.2,6,0.1999424159631146,0.20552870969763656,0.6002943654183961,0.0,0.9472711306592729,0.2769665277869995,0.8130756413079818,0.8003938795799298,0.8438434822220456,1.5906291598654154,1.0897843984067783,0.22962767546776047,0.6995110840278648,2111.8064444227984,98.75901186946281,-17.121835387942497,89.66637185749039,-62.12363950096653,-19.2262847643249,21448630852411.77,23153128509785.344,11.499438267999228
105105A,P7_var_compress_0.90,P7,0.16545726316507048,0.7241122462865438,0.07735891001918296,1.0,-0.047153259912884604,1.0,0.0769535731794686,1.0,0.06522992024316487,0.9787446048065166,0.27421977408855563,,0.4151681746126951,0.39619314608405837,-0.5586549831214733,3652,37,0.13499452354874042,0.56,6,0.2,6,0.27204405031056356,0.2795978044361779,0.8840323514002455,0.0,0.9685219120443658,0.5868104023031966,0.9487989711065071,0.940903885552222,0.9172876604297153,0.8836239534056746,0.8420163585407894,0.17742065256230521,0.7992317240798787,1099.6975849763992,83.03363492253895,-8.977603069210403,92.02071890293443,-44.61433400721217,-8.550637964272441,11100360899261.209,12070575403341.635,4.530319762450318
105105A,P8_mult_noise_0.10,P8,0.040048236527108545,0.023494665912306718,0.04024474975431171,0.0,0.004582289425766642,0.0,0.041414568683332265,0.0,0.04105289446134369,0.01368555613090122,0.2402424794127406,0.21383573630206015,0.03453613864614521,-0.000516705580702741,0.016553570614801828,3652,37,0.13499452354874042,0.35,6,0.14,6,0.995630454195917,0.995436029679754,0.9940427438397077,,0.9898304628217375,0.9981926225270387,0.9661262019734386,0.9772198905165611,0.981502285419791,1.2390111430382673,0.4785936707307945,0.10084412317166784,0.918381835494608,8.019119609374156,6.907227729229029,2.11019263368132,0.08782329066904399,-0.47764427794290754,1.272933086741231,0.0,0.0,-2.1161911389625514
105105A,P8_mult_noise_0.30,P8,0.11850212257682002,0.07073498247732068,0.1284997970700769,0.0,0.001088598549213404,0.0,0.11553154116228702,0.0,0.1208369950957625,0.04163711078549447,0.022566097218440433,0.01,0.10255720821388577,-0.0027008625850680743,0.04776714009949934,3652,37,0.13499452354874042,0.07,6,0.14,6,0.9959068018101553,0.995911631760511,0.9993388175522231,,0.6681966225106625,0.9837514819660098,0.6226809941249072,0.708464594246241,0.9187688825558976,7.080131334803623,2.7337371708073532,0.5760237646914731,0.7273460664649629,24.591566109469156,20.51144164277712,13.00636820916964,0.7242191224753791,1.8029199904111681,14.476021925979039,0.0,0.0,-14.574740129635432
116010A,P1_peak_damp_0.70,P1,0.07366512812124362,0.06031045155067117,0.11913636873753741,0.06449667656424546,-0.11503696414440376,-0.003981479727383689,0.14163279030560044,0.058383550116470805,0.07773058240528599,0.06021588890879371,,0.12410580275337607,0.06312167192584975,-0.006461003062865543,0.013354676570572453,3652,37,0.0,0.06,6,0.06,5,0.9684361579917442,0.9619201530956484,0.5045852120856831,0.997834585927268,0.9206230330576145,0.9828020576966037,0.7468332858931954,0.8276936937290787,0.8738438201804308,-11.053899903785025,1.697679077650622,0.28173918247624974,0.8247950671145146,12.570483370306546,12.62433438516998,-23.433859801009,-17.32280874963568,2.6320450439336485,-24.594121338780337,-0.6776966350081258,-4.022026227600483,-1.1441666168341695
116010A,P1_peak_damp_0.85,P1,0.06184206273757096,0.05989538794865326,0.0747713265275449,0.060859647676236736,-0.05423811437117129,0.0019845821367463112,0.0709621766359089,0.06824880652451687,0.06145946699179804,0.061232802908912545,,0.059762839699852514,0.059855518544782896,-0.003297079656649825,0.0019466747889176975,3652,37,0.0,0.06,6,0.11,6,0.982508803548389,0.978961699030777,0.7867190907841659,0.9979809239212075,0.9743052828365625,0.9847805099179334,0.8808491448808436,0.9216374512533275,0.9404183176961293,-5.172560747542213,0.965895776554021,0.1602957178574572,0.8742037079623799,12.028305746387728,11.971103708956568,-11.697306544474014,-3.2969655454555626,1.288226407478007,-11.613417904792009,-0.4709568009472337,-4.650259757983521,-3.7078366883738934
116010A,P2_peak_infl_1.15,P2,0.06469824373696498,0.06040726711987857,0.07572956330425104,0.060285089247521934,0.0555879912087686,-0.006092098245771685,0.07274729925819859,0.054670927648393985,0.0672715188595981,0.059062764215358506,,0.227888045037257,0.0616100922926425,0.005187141567741122,0.004290976617086405,3652,37,0.0,0.13,6,0.21,6,0.9825849992188165,0.9798018606913584,0.7829483748308217,0.9958165430674507,0.9229484111125726,0.9836013540522351,0.7717635321270382,0.8582827505471501,0.9013750357446285,9.1426536880974,1.6726271644930701,0.27758167966821473,0.8459528295343777,12.602339911295871,12.3220184585285,16.734067271623584,-1.9212319510219726,2.513044539313487,17.53282864058122,-1.4574832740384895,-3.64483787670498,-8.401431640066303
116010A,P2_peak_infl_1.30,P2,0.06700417062201817,0.05855706235747323,0.09573779185853121,0.05775381450965541,0.09088111227279452,-0.002611473774886867,0.11101649748506084,0.04528443154146359,0.06780106740934028,0.057904651499093185,,0.021843383175259478,0.06083817435928119,0.007392631169028789,0.008447108264544943,3652,37,0.0,0.06,6,0.14,6,0.9700905956913285,0.9650630817711618,0.5402896349065383,0.9981063762827794,0.8670926170182104,0.9840203773306083,0.6554105761687461,0.7911341962129196,0.8523496559936089,13.735227083906107,2.196761454606898,0.36456464856289844,0.8093554061872401,12.511581981414974,12.167634871856249,29.11651847909706,-6.76486843415604,0.18973307222660538,29.547462628321547,-1.3102776435171453,-2.5254523061909158,-10.361280070600523
116010A,P3_base_infl_0.10,P3,0.06752151232073073,0.15012593852483658,0.06114607130352186,0.2978800961426768,-0.0040892497693458575,0.2978800961426768,0.07157007186665498,0.38757690852930976,0.0633016270928922,0.18385322021739178,0.018652197274684448,,0.09492830458232193,0.06427040072650488,-0.08260442620410585,3652,37,0.0,0.57,6,0.06,6,0.7179231513993335,0.7281014726531123,0.9973800270765911,0.017378103654556956,0.9747568910105311,0.9604513786815568,0.9685631725175016,0.960495078102381,0.9603455721658817,2.8597095031630366,0.957369896740416,0.15888080119847353,0.864456932359558,22.48981440058017,18.9856609164644,0.40656148750039955,29.159534354270967,-10.356833758028348,-1.274599537996622,53.748235111515996,29.683795298312482,-4.5902806034690595
116010A,P3_base_infl_0.25,P3,0.08384044224323342,0.2730373709643817,0.0570315883362921,0.5075475738570644,0.009698676484456818,0.5075475738570644,0.0509520895984327,0.6172065203900793,0.05864569909620884,0.3472161450948013,,,0.15787671200131076,0.13885498362833543,-0.18919692872114827,3652,37,0.0,0.57,6,0.06,6,0.4312403454169673,0.44118573223346735,0.9917974900768639,0.0,0.9792877549858099,0.881606147647489,0.9212923431002544,0.8913622463234091,0.9083693387777168,7.801595681224275,0.8672053206821333,0.14391749377400279,0.8393742214892409,45.27269960385289,31.57534240026212,1.1489664704966682,46.54357465150461,-23.562066257310256,0.08166747501726077,132.3270750524234,84.12829268560874,-3.3727433730784586
116010A,P4_base_depl_0.50,P4,0.1518819426086417,0.3145078130131722,0.0613142438421761,0.3140242025277891,0.00043546639646778213,-0.3140242025277891,0.06020090437162343,0.30234592273470656,0.059585844591949357,0.32787138661100185,0.018958452992692873,,0.24933390947529274,-0.2305875776559105,-0.1626258704045305,3652,37,0.0,0.3,6,0.08,6,0.30729813095966446,0.31729813095966447,0.9988034063063516,0.0,0.9691348675814229,0.7782466650638966,0.9146966573541693,0.8570096097244234,0.8874072035204579,-7.771052438078432,1.0586256647778751,0.17568475294850475,0.8114123091019818,38.17461714384981,49.866781895058544,1.6541119070994879,-6.151840295442195,45.8671820821725,0.6221938422047055,-48.68629966120773,-51.417184686814394,-11.922239599260033
116010A,P4_base_depl_0.75,P4,0.08969700609840439,0.14213084759943195,0.061187038627398695,0.14671058311017376,-0.004928470705043026,-0.14557324175753664,0.0699343615226534,0.1478382497495962,0.06266020589740866,0.1492966823258284,,,0.12011152177146095,-0.10019922421182131,-0.05243384150102756,3652,37,0.0,0.31,6,0.22,6,0.43360299750107756,0.44147528245898293,0.9996176056715702,0.18504291378121987,0.9670601537482367,0.9475125356810561,0.9529023743115762,0.934148959606617,0.9366724160881936,-4.416331936362494,1.0936267643931221,0.1814933779832293,0.8506841051679837,21.056963214755246,24.02230435429216,-1.5661296804212221,-15.925610671071938,18.700679118757513,-2.4908401523929613,-27.850093262894603,-28.258521251796658,-8.225656137008928
116010A,P5_compensating,P5,0.12965265330085857,0.40573721280382236,0.12262627721636825,0.6735569862017181,-0.11894586781778922,0.6735569862017181,0.17552518647075954,0.756645465180632,0.07548004272566883,0.5126555071149876,0.3596104079991024,,0.24331308888811998,0.21383994299574055,-0.2760845595029638,3652,37,0.0,0.06,6,0.06,6,0.2877381291876255,0.29031831587427365,0.4703451556864291,0.0,0.8967150886301022,0.709592794888138,0.7091307493302652,0.7091307493302652,0.8669676140922147,-1.542376627301558e-15,1.9365414045083693,0.32137969968543095,0.7075126605765549,86.69118827184509,48.66261777762391,-27.924576734185955,60.46293424538564,-40.998302078871376,-30.109496536639238,265.2379688317541,171.72832320875835,4.99369384922296
116010A,P6_shift_1d,P6,0.14033697530345107,0.07849520515744207,0.2515477854193078,0.07210280038656638,-0.047798623230853626,0.020596203311664566,0.37978316441253196,0.052724848252877564,0.16658736134806687,0.07619769082247167,0.9660770355294395,,0.09807875857257735,0.0006550153031941474,0.061841770146009,3652,37,0.0,0.08,6,0.57,6,0.9835387982812462,0.9835982611676855,0.9915663700267014,0.9619577557736092,0.47881036552341205,0.9241065977169948,0.7256954962181614,0.7264260198546207,0.9660234153008901,-0.5292806424709192,4.350170021782132,0.7219346469567645,0.6050281106203854,19.832033845276165,19.615751714515444,-2.4113364340904657,-1.8433468836457623,-0.7013075742608675,-28.111824750061302,0.31027473563315294,-1.7065723590940483,-5.002037550120437
116010A,P6_shift_3d,P6,0.2435957422537393,0.11751616621251447,0.44668311787993203,0.11261977488419209,-0.2102892673589609,0.062204819493159764,0.6422150867039231,0.09035165283901589,0.3045620147389033,0.11554688215782037,0.7813540633545605,,0.15847109594354988,0.009702078743522637,0.12607957604122483,3652,37,0.0,0.06,6,0.66,6,0.947841137827768,0.9469628738638753,0.9553895742427965,0.8662282680484388,-0.16972023096713107,0.768558330585638,0.39764230585875726,0.3976942843277488,0.9172719562256156,-0.11468483352647614,6.517024399775837,1.0815360516261725,0.30753071364770723,35.75284658653399,31.694219188709997,-2.253915426195487,-0.5858133473926037,1.1270198277786323,-76.14469520884695,0.2991909235964664,-4.089581110571957,-5.109441258292944
116010A,P7_var_compress_0.80,P7,0.11386314365607673,0.39618457625586495,0.09496117466718279,0.6832238850267962,-0.08458920762018896,0.6832238850267962,0.110032422078333,0.7713911917024945,0.07488949667168178,0.5144370690046635,0.3830490635372026,,0.2268334514674244,0.19721601074949432,-0.2823214325997882,3652,37,0.0,0.64,6,0.06,6,0.31345264655821914,0.3187337445928474,0.5875141254989018,0.0,0.9503824439394214,0.724899942311487,0.8202377671169536,0.8089476497870208,0.886272182147491,1.4006038863638892,1.3422271857400365,0.22274998554563044,0.758604228788568,82.64289020777132,45.366690293484794,-16.551470289911826,64.49705448054901,-37.938243521468564,-18.304857334903172,274.5120619522458,173.29351006679582,1.9276346622273024
116010A,P7_var_compress_0.90,P7,0.0823736585833865,0.27201769371179585,0.07059111263437108,0.5256142208455676,-0.03663261429518064,0.5256142208455676,0.058063236734498834,0.6295890813488972,0.06446882553473206,0.35545961014166444,0.3594266941747086,,0.15258659662608828,0.12575545768657767,-0.18964403512840936,3652,37,0.0,0.65,6,0.06,6,0.4923577729685886,0.5014665567560891,0.9206675623084133,0.0,0.9781843184128834,0.882719386025938,0.9558695593077615,0.9352103913719354,0.9402447533752294,2.579254942927992,0.8900056003088856,0.14770132561055976,0.8393708703810282,44.26220003309726,30.517319325217706,-3.798686936908555,38.43993844114744,-22.30984850570765,-4.352057302896486,139.38417076907962,85.58910442581482,-2.9040250254826376
116010A,P8_mult_noise_0.10,P8,0.03891257764169027,0.03980536298830928,0.03853117645141709,0.039866290979609954,0.0005570665144443465,0.00029685139554326133,0.03104467133393689,0.0374511247064278,0.039096059049763335,0.04124953562419695,0.029483652263665054,0.048102299205142716,0.03935932945951965,-0.0006443117303590993,-0.0008927853466190114,3652,37,0.0,0.23,6,0.18,6,0.9972693774887054,0.9972821898545372,0.9975053000018553,0.9998569546568967,0.9913265525459619,0.9935460573312096,0.9883600052135146,0.9880968441145341,0.9887145283857093,0.028622495341223436,0.5611826327698451,0.09313134517464064,0.9243924782891781,7.902031859535229,7.871865891903928,-1.0121936158572844,-10.447658330633864,0.7841536684145848,-1.3939637170353287,-0.45182916335454326,-1.4169634137631524,-2.399050464657844
116010A,P8_mult_noise_0.30,P8,0.1179556577782771,0.11517468218383262,0.11918004992689754,0.11626521577610208,0.01706925469941499,-0.020363205132553623,0.11376918081059174,0.09638398523811158,0.11984527126086739,0.11485705750149157,,0.013592265028708207,0.11672305984359582,0.0011557280788204456,0.0027809755944444847,3652,37,0.0,0.19,6,0.16,6,0.9965690489521787,0.9965997518713734,0.9992289127948336,0.9935502624335903,0.8340680498420177,0.940490134265202,0.8093337256323507,0.8698383767136136,0.918758654252922,6.740278524057897,2.4545583181747834,0.4073474563047894,0.7405874922790927,24.45730986529087,23.344611968719175,11.746822730826532,-13.83089589888496,2.55559902203341,11.714735589351783,-6.411677261257887,-10.959850615658944,-16.794496984417755
102101A,P1_peak_damp_0.70,P1,0.07733664677700222,0.05284282036728303,0.13421021034484112,0.027119290501526998,-0.13038513890435385,0.0009091380285635926,0.1681382261921372,0.0,0.08105523054661883,0.05078942595142903,,0.1151867039247999,0.06276760910027378,-0.010375611994639478,0.024493826409719192,3652,37,0.025191675794085433,0.06,6,0.06,5,0.9609224803287219,0.9543591224106486,0.4574801715035489,0.9975869749605254,0.9090420663082039,0.9943877251918988,0.6955647180159105,0.8012538652260187,0.8278023361574923,-16.099313945846955,2.7407333196795918,0.30159233029338806,0.7967077344340142,12.712487338128739,12.55352182005475,-26.079367285194596,0.13468638627081234,0.0406341822675198,-27.909260067768507,2.715685793230725,-5.1778535523207925,3.0959677838428616
102101A,P1_peak_damp_0.85,P1,0.06437308520926241,0.05232590300757274,0.07940168816048174,0.029222183237063066,-0.06027619153845611,0.0025985708348330526,0.09315407077204921,0.0,0.06529254882831748,0.050310910593785965,,0.030355108034277996,0.05935222597669105,-0.0025985788551658633,0.012047182201689668,3652,37,0.025191675794085433,0.06,6,0.06,6,0.9844962385059276,0.9817750671223793,0.7884722713034072,0.997213318586866,0.9639709706904066,0.9953415821101004,0.85004727523765,0.9044714513972056,0.9168783298977513,-7.704795675728594,1.724935131531312,0.18981314314239003,0.8576945694728488,12.24224836878655,11.870445195338183,-13.515934433654413,0.01769696227017272,0.7432660851498635,-15.315854522583678,-2.1826962323448478,-0.8225237943823768,-0.41637896759778675
102101A,P2_peak_infl_1.15,P2,0.06257886015957737,0.05319351973922149,0.07562057580656924,0.0277669484337624,0.050072012710643245,-0.0010138646351751876,0.09105193173598868,0.0,0.06336905084458773,0.0526783670896125,,0.03597655258911717,0.0589346134273602,0.004517871834675049,0.009385340420355874,3652,37,0.025191675794085433,0.06,6,0.06,6,0.9862122113091972,0.9832543750514094,0.8323063090722851,0.9952956115538043,0.9593405589676826,0.9954921754098132,0.8358565614789495,0.8998168403837381,0.9053134344656034,8.986066849870882,1.8324291364839822,0.20164186329311046,0.8496640704314616,12.32714893354207,11.786922685472039,14.896992585135191,0.004265324535205474,-0.11085306923075088,15.248082829940083,-2.6904291709394994,-1.4190666075538072,-7.828617213117213
102101A,P2_peak_infl_1.30,P2,0.07155737664656954,0.05242871443075915,0.10777329107827528,0.027320689041431128,0.09814433768879781,0.0012463349175472881,0.14100272469667546,0.0,0.07353928296247708,0.05205354906615535,,0.03587279784256914,0.06118560456904473,0.008488698928433932,0.019128662215810388,3652,37,0.025191675794085433,0.07,6,0.06,6,0.9703051041198508,0.9644844428537757,0.5774689187049582,0.9976584784988015,0.8473808898746485,0.9948561587651955,0.6037414046950016,0.7681610915357437,0.8037120943520539,18.996692830573505,3.550184677085629,0.39066495891665465,0.7713904523721308,12.9595220215769,12.237120913808955,31.56276828983324,0.08073100093221708,1.0870804948031516,35.28411259248102,-1.8344344031563906,-2.449945110726017,-10.167100464328612
102101A,P3_base_infl_0.10,P3,0.07905446152071197,0.45171393432777596,0.061216256942432885,0.9871643229287158,0.011068047795790894,0.9871643229287158,0.06736913866430909,1.0,0.05955158129788537,0.6697592115107244,0.17171634163789304,,0.20812344465631638,0.1810413787748112,-0.372659472807064,3652,37,0.025191675794085433,0.69,6,0.07,6,0.5842385737720075,0.5941839605885076,0.9959261534929782,0.0,0.9779141610327805,0.9649912575997831,0.9242957057335389,0.9532467099284176,0.9545532789804946,3.8802135743839257,1.3505275170118067,0.14861305113353784,0.8713867214633833,1619.7614030113546,41.62468893126327,5.836093806152294,89.40054672513125,-9.236580699831844,6.780221829672241,2379.7455592290657,348.6289434603664,-5.367136508170712
102101A,P3_base_infl_0.25,P3,0.10108848441955998,0.5557732969667413,0.05968690699315201,0.9945589011964385,0.004771006334842575,0.9945589011964385,0.05741672249670756,1.0,0.059947904372104614,0.8066224906151089,0.06899353728661713,,0.2776321296826249,0.2559293133388703,-0.4546848125471813,3652,37,0.025191675794085433,0.69,6,0.07,6,0.4413342372517603,0.45132059689334597,0.9963006370124841,0.0,0.9655811567468547,0.8907256606381878,0.939405177007197,0.9600709770512819,0.9528907416574064,3.4970549798371158,1.6859497332867028,0.1855231609614962,0.8591838146941473,3957.93168367065,55.526425936525,2.7845769248587016,92.39373757331997,-19.866156460407066,1.9537159342738863,5748.6726179485195,870.553774814715,-3.6378455719651064
102101A,P4_base_depl_0.50,P4,0.1510734584906562,0.27800295653273144,0.06021846846791718,0.16381205706931967,0.009255555853642001,-0.16381205706931967,0.05142455258210332,0.0,0.06007773711611272,0.2886922320448568,0.30066022142421744,0.01,0.24091971984040292,-0.2228660589028244,-0.12692949804207523,3652,37,0.025191675794085433,0.3,6,0.06,6,0.31154236300483606,0.3183038644637457,0.9974600550600211,0.0,0.9802871273402183,0.9476323603868039,0.9611454087606194,0.9486324208752945,0.960742738105628,-1.272442211319577,1.2759141239544625,0.1404025379392473,0.8570381206439844,37.84336942905404,48.18394396808065,3.8200393847148137,7.305157159595191,21.839518301604784,2.963397479078188,-48.41565758791866,-52.43053283506674,-7.856693584596298
102101A,P4_base_depl_0.75,P4,0.08702727725687955,0.12286857247552752,0.0578871088348695,0.06298244352977415,0.005820512930270853,-0.06285136104909027,0.044439929923720964,0.0,0.05725994754934237,0.12654797159495493,0.30797249736875526,0.01,0.11484145035988376,-0.0950018259103536,-0.03584129521864797,3652,37,0.025191675794085433,0.25,6,0.06,6,0.41995271133848894,0.4256985710416042,0.9950305360640138,0.10044065720458986,0.9852167846084401,0.9868981730527323,0.9602315383137872,0.9653466028167743,0.9763383926769206,0.5072309067700397,1.1049202653040964,0.12158624672042452,0.8800804916241456,20.673461329151046,22.96829007197675,3.2101976965928265,3.09407585449529,10.116930723578925,3.7045269204228934,-26.717501850584092,-26.130682237593575,-6.922156642008075
102101A,P5_compensating,P5,0.22531169363771672,0.7854096342359184,0.1408120884272471,0.9992939796818558,-0.13618297156710732,0.9992939796818558,0.181274902489798,1.0,0.08323472065987408,0.9651572501186058,0.3453385032146002,,0.4927533838278997,0.4600349557537996,-0.5600979405982016,3652,37,0.025191675794085433,0.31,6,0.37,6,0.2654520067536908,0.2669629764588619,0.3331008836847953,0.0,0.892213142799122,0.2307370245128797,0.7045106666357268,0.7045106666357266,0.8186097268874357,8.200209112770753e-15,2.9835230076937163,0.3283090879047943,0.6269987066483456,30728.62514602334,98.55067676557974,-27.649058060565018,94.4863789502564,-64.84152077210167,-30.176306947009813,40191.38410488274,6331.536063026182,12.421415936533014
102101A,P6_shift_1d,P6,0.17978099583836318,0.12006213176185283,0.3509167458587167,0.21475424335131568,-0.1127555861778159,0.10917142727375446,0.5076146583824414,0.13513513513513514,0.22080308570238127,0.131242252192063,0.21646613863486008,,0.12595024649860578,0.011005906530932872,0.05971886407651035,3652,37,0.025191675794085433,0.08,6,0.07,6,0.9656003814288995,0.9652389344010699,0.9852967534529519,0.7767339318609444,0.11924800961141402,0.9546749335731137,0.5932439322411708,0.6013664324051846,0.9613565797814958,3.0634777576903156,8.52851275612302,0.9384838785981282,0.4032041207601609,29.131937311430207,25.190049299721146,5.9997006820615315,-0.01672564805938159,1.43463281807695,-30.338287298483877,-2.8910421621013653,-5.213141852247033,-4.5749058002882625
102101A,P6_shift_3d,P6,0.2799429569486863,0.20677069005841195,0.5229761248469147,0.4098696545313175,-0.32711741166796504,0.2218631876559189,0.7466892965527862,0.2972972972972973,0.35374459020564725,0.23547507011403412,0.3664474918011176,,0.2019130067735839,0.027922938701930095,0.07317226689027437,3652,37,0.025191675794085433,0.07,6,0.06,6,0.9027818213677254,0.900246271122379,0.8923020396926115,0.726827329183175,-0.22333779796006614,0.8802879043793559,0.3637859510102124,0.3638711733700877,0.9596391987482423,-0.15099526306419708,10.05124094724575,1.106046019820182,0.1078450466686478,58.12401027112357,40.38260135471677,-2.621141275225303,-0.3031522263919581,0.9496359859144408,-79.2860335091318,5.415054118569665,-1.0148763318138054,-3.6643526007255995
102101A,P7_var_compress_0.80,P7,0.1978117098276951,0.7595223571678612,0.11001683526911041,0.9992007462072832,-0.10539746279923193,0.9992007462072832,0.1217962422157052,1.0,0.07788111411182748,0.9578923543943797,0.34355041791907504,,0.4594654642055422,0.43085716053539597,-0.5617106473401661,3652,37,0.025191675794085433,0.42,6,0.28,6,0.251063253036336,0.25410911992155005,0.3999912677397711,0.0,0.943955171219,0.3481484586754553,0.804679933511707,0.8037441750819376,0.8528949150556508,0.11657088426294114,2.1513657983018373,0.23673789046327168,0.704787096064528,26227.422550321397,91.89309284110848,-19.47551785325754,95.37265105942728,-59.149425965200116,-20.056661340636353,33678.48140090121,5222.334985330197,8.052772254361729
102101A,P7_var_compress_0.90,P7,0.14649067089106504,0.6864392946383041,0.06992253015136637,0.998346725107445,-0.0468739015791648,0.998346725107445,0.06730571651192689,1.0,0.06472411442116185,0.9217528153717568,0.3392833987660341,,0.3830343020571449,0.3607023696997466,-0.5399486237472391,3652,37,0.025191675794085433,0.47,6,0.18,6,0.3351287644172379,0.34306467671735497,0.8550792998207923,0.0,0.9696347145831913,0.6407860046999356,0.9165112000888024,0.9081469258164567,0.9266537355378527,0.9351928542316043,1.5835623605290894,0.1742563784106874,0.8160703929625526,12528.925845631526,76.60686041142914,-8.09212010691273,93.89185140472608,-41.21997245323593,-8.103151115542214,17297.866326291194,2673.3081068951406,1.6230106263290442
102101A,P8_mult_noise_0.10,P8,0.040144165587098365,0.035577110464915074,0.038998196525023315,0.021397861231224054,-0.0023585054999335905,-0.0017405882578910563,0.03926101676961424,0.0,0.03984106298674986,0.03496258937944802,0.39083799704221905,0.045221100515474566,0.03944106294061491,7.777491845794174e-05,0.004567055122183292,3652,37,0.025191675794085433,0.16,6,0.06,6,0.9963105560246159,0.9962526704023063,0.9932575332640352,0.9912374216844629,0.9896076860836149,0.9979658481589314,0.9880468590920863,0.9899898398085836,0.9882831670350519,0.22381716515180936,0.926408679135443,0.10194269918137863,0.9200477329370773,8.135470509212174,7.888212588122985,0.5667178822325692,0.07140603090630793,0.5579041473301032,0.21692619420361497,-1.5260579511895696,-1.7145879680067675,-2.582097453699202
102101A,P8_mult_noise_0.30,P8,0.11702051490433145,0.10168227052827755,0.1174332422563511,0.05154804258957175,0.0027725935899502304,-0.004850304050049997,0.10053273176226141,0.0,0.11866769585508356,0.10201445012863815,0.028293709711361904,0.08102133691784998,0.11349378502639697,0.00017033122893314332,0.015338244376053897,3652,37,0.025191675794085433,0.12,4,0.06,4,0.9976909935979283,0.9975695696105119,0.9974416101864924,0.9993895522320599,0.848940758571016,0.9824587168362404,0.7766960906483642,0.847708022496439,0.9209029598183609,7.079021588076616,3.5319954582810675,0.38866340376858743,0.745459832146347,24.402301467117375,22.69875700527941,12.25933256934709,0.1601608095574046,2.6007263266066225,10.851872922418854,-7.657205347737654,-2.995779530917024,-12.975244589006868
104001A,P1_peak_damp_0.70,P1,0.07168482777814592,0.024732267340140272,0.12098346869824321,0.0,-0.11667954178861888,0.0,0.14773523525674107,0.0,0.07766365869977236,0.0,,0.24153668548144053,0.04832899828902095,-0.007902895714844298,0.04695256043800564,3652,37,0.23877327491785322,0.06,6,0.24,6,0.956752927535755,0.9471049892647088,0.4670980988874011,,0.9313595744750202,0.9970082094245175,0.7191517911170014,0.817532872250884,0.8438517259764861,-14.754139478977624,1.3002360249037717,0.26199317839398006,0.8112865137129169,12.551565310377564,9.665799657804218,-23.80128073306291,0.2032905945424217,0.07420439666754622,-24.826406247672377,0.0,0.0,3.4531982338340708
104001A,P1_peak_damp_0.85,P1,0.06056982955832358,0.024666331309906173,0.07204859925736265,0.0,-0.05201702371626919,0.0,0.08059407849735951,0.0,0.06320091514195597,0.0,,0.2777013561288138,0.04572872361799902,-0.003521207666338472,0.035903498248417404,3652,37,0.23877327491785322,0.17,6,0.24,6,0.9770581588808832,0.9736636998830531,0.7859115518336541,,0.9745115430598376,0.9975850137697613,0.9281640415909848,0.9234501195777138,0.9295406245524089,-6.475577128482425,0.7923261381570269,0.15965104741329578,0.8675603179976431,12.056901404332285,9.145744723599822,-8.826228101909058,0.14587127560444282,0.022392180128978038,-10.781605970885591,0.0,0.0,-0.6342341591216176
104001A,P2_peak_infl_1.15,P2,0.061189360624964814,0.024407436671444675,0.07466858531556099,0.0,0.05076848182793194,0.0,0.08029763346964015,0.0,0.06468355369266258,0.0,,0.5486650053752318,0.04586278128743255,0.002379904060132658,0.03678192395352014,3652,37,0.23877327491785322,0.06,6,0.24,6,0.9811422668458355,0.9760955476410172,0.78599451458139,,0.9758079001502293,0.9975149847833451,0.9161892995961117,0.9168341858615106,0.9173910235113003,7.455276332694492,0.7719141359757818,0.15553809774383476,0.8566770400132822,12.258896485337218,9.172556257486484,11.87834338393883,0.3191436554807775,0.7379929213364809,10.075996333171751,0.0,0.0,-5.560994166210673
104001A,P2_peak_infl_1.30,P2,0.06813273561625768,0.024694852235100834,0.0993020776789937,0.0,0.09269710363357735,0.0,0.1222125091716506,0.0,0.07345763236703648,0.0,,0.9363888721944016,0.047765681481888145,0.005358474968274831,0.04343788338115685,3652,37,0.23877327491785322,0.06,6,0.25,6,0.9599229341574737,0.9521366290022181,0.5493729082263396,,0.8746568016501516,0.9972192015494988,0.63195532200417,0.7838992442554148,0.8161918990535484,17.848330831229287,1.7570438378121016,0.3540384136641791,0.7825410254984796,12.958753834028958,9.553136296377623,29.97716428531234,0.26056401635044074,0.05921452738346588,31.261017626513027,0.0,0.0,-7.373740388761683
104001A,P3_base_infl_0.10,P3,0.12527330817816104,0.7235798360142337,0.060338261160516514,1.0,-0.0011089423556379827,1.0,0.059691241251373775,1.0,0.05747108872194838,1.0,0.17899464067047013,,0.38294469411519505,0.3555089456796189,-0.5983065278360726,3652,37,0.23877327491785322,0.48,6,0.21,6,0.5379682691820292,0.5479375662628346,0.9968170558596313,0.0,0.9806359971154954,0.9904330143392134,0.9815157935355734,0.9777088514892723,0.969347146982407,0.45787084551639196,0.6906050986394748,0.13915460065878021,0.8788144361914186,469.54668848123794,76.58893882303902,0.050740960720961514,65.83007102907831,-28.655356711410416,-0.7592921472538976,337202330156.9371,365224085406.7099,-1.8139857967995037
104001A,P3_base_infl_0.25,P3,0.1423390255276141,0.7578363160135159,0.06412991275742853,1.0,0.0008110498975599101,1.0,0.054628448164389165,1.0,0.05916621469813336,1.0,0.05605800352891603,,0.417809697050252,0.3945820420966292,-0.6154972904859017,3652,37,0.23877327491785322,0.49,6,0.27,6,0.45016143808228726,0.46005017763694306,0.9970089831003929,0.0,0.9818034769753458,0.9655746281484009,0.9437196258737127,0.936151665922694,0.9610447499574936,0.8227711790869827,0.6694627492565716,0.13489448848879723,0.877487327940179,1102.9999609593478,83.56193941005037,0.8814759588895845,58.78701629232416,-41.68408105236063,-1.494011144504647,830013282112.5951,894070883210.789,-2.3925584066378716
104001A,P4_base_depl_0.50,P4,0.13970311033384814,0.1252607868458786,0.057841390152191634,0.0,0.0001749086862317478,0.0,0.05869965457281186,0.0,0.05619945414266666,0.0,0.300609712438832,0.01,0.1700195364703117,-0.15266800797530275,0.014442323487969533,3652,37,0.23877327491785322,0.3,6,0.24,6,0.3979197480198359,0.40548093726183543,0.9993977444569182,,0.9845862972473819,0.9801240923740043,0.9761786301709966,0.9831388115401242,0.9734278240424948,0.8259610115148442,0.6161489330748419,0.12415193414771328,0.8758895688294017,34.52285838647012,34.00390729406237,4.565989296365002,12.920368403037953,9.175612392064611,3.4553767059998957,0.0,0.0,-3.570354722140908
104001A,P4_base_depl_0.75,P4,0.08451410023743286,0.05560773114574511,0.06356734093130041,0.0,-0.0003245703514478374,0.0,0.06346158962546786,0.0,0.06008492782631191,0.0,0.01718067362836027,0.01,0.08423168960038993,-0.06512348834118868,0.02890636909168775,3652,37,0.23877327491785322,0.06,6,0.24,6,0.5027952085781665,0.5090118406335209,0.9988590796508923,,0.9650732130875054,0.9943646392168568,0.9467947658878801,0.9573951316422835,0.9725745180355791,1.1145379204180887,0.927494895886175,0.1868870966987678,0.8657786467219862,19.63112112322235,16.846337920077968,3.302931322074241,5.250879092699442,4.045536463268124,4.088951777165425,0.0,0.0,-2.3336067897337673
104001A,P5_compensating,P5,0.30006707957763556,0.896871870273129,0.131680564073208,1.0,-0.1294128385690507,1.0,0.14882419338552844,1.0,0.0790321228381839,1.0,0.3250968805709433,,0.6180996107747357,0.5869743413162116,-0.5968047906954934,3652,37,0.23877327491785322,0.31,6,0.45,6,0.26840289395719635,0.2692679360984098,0.35049366756574435,0.0,0.8863762425289134,-0.00858006653323562,0.6904740380701863,0.6904740380701863,0.7640601634864855,5.496361354969734e-15,1.672887686713644,0.3370812327482598,0.6315590362135401,31205.551025938887,123.6199221549473,-25.955103187118993,66.17358847280529,-84.53375032732201,-27.911092587268687,22442033133620.86,23814745150010.324,14.434972552537296
104001A,P6_shift_1d,P6,0.18339085326693927,0.07399544094991149,0.31660512493728205,0.0273224043715847,-0.13813346518443034,0.0273224043715847,0.3387634926335593,0.02702702702702703,0.22970833501285218,0.025991792065663474,0.3902374449138235,,0.1219183845632817,0.012502165170889902,0.10939541231702778,3652,37,0.23877327491785322,0.07,6,0.23,6,0.9633134600808713,0.9626640050089671,0.9808884053529464,,0.5296451218861624,0.9634386544532888,0.7596722495019943,0.7587358327660615,0.9763432864717285,0.997445061198519,3.4036511161568406,0.6858242326674069,0.472032503767862,45.53162699768655,24.38367691265627,1.3749848173595318,-0.5576274048764609,-0.30914393235576226,-24.1471914732966,0.0,0.0,-2.5152732842560597
104001A,P6_shift_3d,P6,0.30681571454447454,0.12526908646664173,0.46450173568645664,0.0273224043715847,-0.3181991508444538,0.0273224043715847,0.6310336542284704,0.05405405405405406,0.37977532470504544,0.0560875512995896,0.3889508236397182,,0.20792975977795058,0.039892273048812564,0.1815466280778328,3652,37,0.23877327491785322,0.08,6,0.1,6,0.8792697683300937,0.8741832018000026,0.8914813891719419,,-0.31919693115076586,0.8837671189389054,0.2881613865131897,0.28879896602387656,0.9571243394694969,-0.7043721267129331,5.7001597502808155,1.1485629852780237,0.11568380852863636,104.30439521342039,41.58595195559025,-1.6728699369930373,-1.5731525240198725,-0.15463174488937986,-68.48543413028436,0.0,0.0,-2.230847461935913
104001A,P7_var_compress_0.80,P7,0.29270590178409456,0.8908845755739926,0.10131208862377686,1.0,-0.09115861508829237,1.0,0.09960441189982935,1.0,0.0806471753933525,1.0,0.28831633526749867,,0.6100146257351893,0.5831905080916078,-0.598178673789898,3652,37,0.23877327491785322,0.32,6,0.44,6,0.18290801635782422,0.1887844625008046,0.5718605032855476,0.0,0.9507934182372322,0.1014075609270122,0.8119510274564062,0.7977158793704486,0.7969841519386898,1.7916746755339705,1.1008897026188929,0.22182556607110865,0.6888866166274488,26629.585310826515,122.0029251470379,-16.0872183977515,53.39359848177856,-81.55515427950891,-17.556373512013167,18929425039465.35,20241999554574.766,11.2329808859567
104001A,P7_var_compress_0.90,P7,0.2412970845482073,0.8613814124750557,0.07243293323852276,1.0,-0.04832365335043503,1.0,0.07533387636824182,1.0,0.06533350836617174,1.0,0.2858978670774037,,0.5576331048329876,0.5373794802791289,-0.6200843279268484,3652,37,0.23877327491785322,0.37,6,0.39,6,0.2418718466890013,0.2485376302689505,0.8223409293737302,0.0,0.9862803869677778,0.46658859674342557,0.9550415598602354,0.9440667309758543,0.8795908963470849,1.205379374408501,0.5813037733699864,0.11713075186398401,0.8061831599281524,13257.71568185199,111.5266209665975,-7.194138856196488,54.36200190865264,-72.965849703636,-8.263200768046383,9562910184522.7,10283208287529.262,3.588936815975704
104001A,P8_mult_noise_0.10,P8,0.039107290252060875,0.016821137227261442,0.040743681563059984,0.0,0.0030122076980276615,0.0,0.03867667646791831,0.0,0.04007677751085918,0.0,0.021522352290838473,0.2445796623740092,0.030637707906601263,0.00011420855450118332,0.022286153024799433,3652,37,0.23877327491785322,0.18,6,0.2,6,0.9968632258520038,0.9968300133474728,0.997525328769477,,0.9887080526492709,0.998916062173073,0.9494334899163093,0.9498408069943862,0.985392987879562,-0.043055366317900835,0.5273714722964944,0.10626357490094689,0.9173304652018376,8.092200713200498,6.127541581320244,-0.7516862331756906,0.22707780149460333,-0.1501514535559237,-2.304002197486756,0.0,0.0,-0.9077518892476343
104001A,P8_mult_noise_0.30,P8,0.11183235657849606,0.04929512853716544,0.11106217113485303,0.0,-0.01672697109761467,0.0,0.12514750828314067,0.0,0.11465340594467707,0.0,0.2671857254196687,0.24601214944478206,0.08880027800558722,-8.346537853073215e-05,0.06253722804133063,3652,37,0.23877327491785322,0.1,6,0.24,6,0.9956406806997493,0.995695576548134,0.9925209879235961,,0.9341681934928207,0.9908778368870924,0.8883387007527924,0.9187851336440995,0.959824319894408,3.1356977171155407,1.273356757716207,0.25657709661460293,0.7722263807526862,24.397083225633118,17.760055601117507,7.448398147584667,0.18685511870164037,0.35643493425023737,3.1242401227059418,0.0,0.0,-9.861215430624087
116015A,P1_peak_damp_0.70,P1,0.07299854904543845,0.061622978553830886,0.11885620300104546,0.06262263807031808,-0.11361702793385808,-0.0032427463862543062,0.1603515622395255,0.06436892946831872,0.07467148510456312,0.063089589314661,,0.023270380023993807,0.06343372177524234,-0.006519802577267742,0.011375570491607569,3652,37,0.0,0.06,6,0.1,6,0.9642457377711584,0.955110779912372,0.46851962855238016,0.9975817211053732,0.9067394749841774,0.9813476367127962,0.6989790458471048,0.7853662718311991,0.8635268025954337,-11.931543765445443,2.1668030826550533,0.30538586250156147,0.8183700332418202,12.656514981362404,12.686744355048482,-27.24812164674596,-1.012252461151853,2.9166294000659247,-28.654371701971698,-1.9829448999964006,1.4313919957193213,0.5167200869369942
116015A,P1_peak_damp_0.85,P1,0.06287244905679722,0.05889064536109128,0.07319810544395709,0.05776353962437363,-0.057586702938343066,-0.004518073222757425,0.08130980027869865,0.05646059566709156,0.06438461158448322,0.05913382104741599,,0.07975883463765501,0.06017847362291064,-0.0027822969529979484,0.003981803695705936,3652,37,0.0,0.07,6,0.29,6,0.9829783540561036,0.9805355174650263,0.7708479529761437,0.9990387690272838,0.9547000960698891,0.9837074652748368,0.8435474136046266,0.8882860722332409,0.9348144110472856,-5.481102616505804,1.5101467671138604,0.21283774084995088,0.8662808986753061,12.098370247910744,12.035694724582115,-12.513321636627953,-7.384333351281096,1.2296729377746065,-13.80343527722518,-1.3058850161811715,0.3977780949105916,-2.1925582602802844
116015A,P2_peak_infl_1.15,P2,0.06236682168480416,0.06020365091675142,0.07577292377092983,0.05789251295914223,0.05193394420554379,-0.002211272580003504,0.08549608972925749,0.05419594312606815,0.06142757496504021,0.059860634521599024,,0.07796664660527762,0.06063309613086229,0.0021025756696272835,0.0021631707680527384,3652,37,0.0,0.09,6,0.26,6,0.9815089411076405,0.9784166362462533,0.7800581033546449,0.9997800291302393,0.9414578274553783,0.9835223231564776,0.7957805185096368,0.8736485351898619,0.9076191573416629,8.4221610793536,1.716741613416567,0.24195489774877804,0.8521439332690319,12.321875548481183,12.12661922617246,17.69699960403798,-8.857105226231635,4.5373910907661354,18.656368460961122,-0.8234105489294135,-0.013856686570521838,-7.777367055561593
116015A,P2_peak_infl_1.30,P2,0.06955088463042682,0.06096344687964095,0.09807474674479812,0.06044389505513894,0.0901966361324664,-0.009930164000759262,0.10935965850919165,0.061714477911589224,0.07162916804659443,0.060839610528385615,,0.21192241987549795,0.06323029742175922,0.007029097402390517,0.008587437750785867,3652,37,0.0,0.07,6,0.13,6,0.971657429006616,0.9659743287600974,0.5972078874656657,0.9944619535564658,0.8751057431808587,0.9818883068095026,0.6645180669399973,0.7977532143851336,0.8523881265892783,13.765589082581258,2.507504671640439,0.35340381551299266,0.808650212444379,13.010303128755577,12.646059484351852,28.10736266846574,0.8780062204553158,4.794044357193635,27.158899309345816,-3.378092938396295,2.2211070403532105,-10.225985835470157
116015A,P3_base_infl_0.10,P3,0.06528635386445565,0.15203427126399877,0.05811605240002446,0.2895698775437227,0.0027397102588185554,0.2895698775437227,0.04121983425402755,0.42795683335632534,0.0585976217471474,0.19359362396143512,0.018059773227373475,,0.09487975135321922,0.06527674189595675,-0.08674791739954311,3652,37,0.0,0.31,6,0.06,6,0.7106235992838965,0.720455906819741,0.9826749568954746,0.00978627966100225,0.985951113191978,0.9577851612207358,0.9509733888541052,0.9600600508165785,0.9497995106353654,3.8508184218111543,0.8409912426748206,0.1185280001013345,0.8755003979993948,22.62178691465113,18.975950270643807,1.7820062559102352,39.88009964789965,-6.422779449253212,0.6030207467893375,51.35221829433075,44.52626352508456,-4.345717874476168
116015A,P3_base_infl_0.25,P3,0.08186532735090708,0.27241264942133364,0.05641004040221797,0.49814847478720925,-0.001802921726399531,0.49814847478720925,0.05566488413093883,0.652143195086368,0.05896395804159103,0.36492165606554,0.30628222671818484,,0.15406223151945375,0.13397151221801362,-0.19054732207042657,3652,37,0.0,0.3,6,0.06,6,0.44653458814523217,0.4561909494789383,0.9959815654834536,0.0,0.9784166939116883,0.8753187060912258,0.9174091280430421,0.9190071753080684,0.907521838704545,7.313072169556565,1.0423882365473836,0.14691257974833766,0.8406520360981926,44.90288619423918,30.812446303890777,0.9722879136987463,47.812278002538235,-19.469446087671773,1.4099992139221411,135.96484780437734,114.32954382598993,-2.8331163385482823
116015A,P4_base_depl_0.50,P4,0.1537826719512655,0.3188786142829946,0.06462722369190443,0.3330822950415853,-0.010279249962653449,-0.3330822950415853,0.06969837624033216,0.3354369184807881,0.062034577405188064,0.333677769363513,0.13722150434196004,,0.25119690811270234,-0.2330241820263485,-0.16509594233172908,3652,37,0.0,0.11,6,0.11,6,0.3039637815924381,0.3134671582921484,0.9786492555363857,0.0,0.9767515311130965,0.7619702480583543,0.876799263798611,0.8784610745428517,0.861804337433538,-10.786616670221866,1.0818516077559321,0.1524744860194764,0.806262115157996,38.39152038857831,50.2393816225404,-5.453994191794194,-2.8258068946492587,53.9014186415167,-6.796537858687527,-50.58739778540742,-49.91766562406581,-9.037853646130682
116015A,P4_base_depl_0.75,P4,0.08695325295508081,0.14179314752917788,0.057499936954170695,0.14869218291984365,0.0044420852658660125,-0.14787007335065513,0.04586909096084895,0.15721541542545986,0.059194604060777985,0.14613157892502868,0.30136458023823126,,0.11897040264082996,-0.10035800854368042,-0.05483989457409706,3652,37,0.0,0.31,4,0.53,4,0.4108424053959498,0.41985428834369437,0.9975734534683545,0.16797292296090247,0.989051618981035,0.9451019255894781,0.9614543582386611,0.9480425572213886,0.9410641042965293,-3.7933712660921906,0.7424128295991256,0.10463451160570786,0.8670621233975467,20.83414118685095,23.79408052816604,1.0793257552929907,-0.8488996980885966,24.83375879995824,-0.24691805694114977,-26.99890084874404,-25.505432064627854,-7.351558019356606
116015A,P5_compensating,P5,0.1256981143803238,0.39134576572293983,0.1275549074106924,0.6559549721211434,-0.12244978973645315,0.6559549721211434,0.16540268710555947,0.7852553241769898,0.07815518476655116,0.5149032056689733,0.359801301485134,,0.2306517789180489,0.1999072718198005,-0.26564765134261603,3652,37,0.0,0.3,6,0.07,6,0.29346647104440143,0.29734886081952505,0.49836359631694477,0.0,0.8997395183922581,0.7159835458993802,0.7221633347260552,0.722163334726055,0.8668938096984935,-3.358351796989618e-15,2.246649948042521,0.3166393557467895,0.7143055325810274,82.21887126615947,46.130355783609744,-25.925767833333502,63.77641143199506,-34.68730953491928,-28.060826096489144,265.129080464537,214.23302169917287,5.323868849746225
116015A,P6_shift_1d,P6,0.14149749952757074,0.07546117092169985,0.28835524871286855,0.07222156783536489,-0.0638911978028077,0.009927382136336071,0.4397791972522879,0.06449177661240181,0.16626728442374758,0.07751731984304654,0.846454217668021,,0.09379689752864567,0.0010080722985706162,0.06603632860587089,3652,37,0.0,0.06,6,0.09,6,0.9830003711516234,0.9831650482583885,0.9882100334434692,0.9829658563110616,0.12185086694318614,0.9206723771407602,0.5797993059992923,0.5813704935171822,0.9585169126046776,1.5068558922002173,6.648974314248479,0.9370961172989747,0.5413703928545237,19.285233418876864,18.759379505729132,3.856519735172266,0.9195572525473429,3.257462683061101,-24.86822069486108,-3.0756333193950476,1.56748159993497,-6.598608105442946
116015A,P6_shift_3d,P6,0.24123319934553386,0.1061208640553587,0.47722426881319663,0.11082869156171397,-0.2413418638944438,0.0556221808029533,0.7001033009211839,0.1455398645864664,0.3143144957835743,0.11180026029217523,0.5329603334363252,,0.1448212319988554,0.011418826922409997,0.13511233529017516,3652,37,0.0,0.06,6,0.36,6,0.9487767901953701,0.9483545035561407,0.9108185011670707,0.9137251653481652,-0.5064067105022771,0.7575165386094502,0.2852851338544382,0.286879114575586,0.9109492618921703,2.6334116278283717,8.708465538844097,1.227357613127599,0.2612891210012065,33.82896085771832,28.964246399771064,4.221332149149157,-4.176221736814571,2.3647073817350206,-74.55038410302772,-3.0726752087201947,2.8976499272360017,-5.98102474287
116015A,P7_var_compress_0.80,P7,0.10911632228868082,0.3834393985040515,0.09804950890350185,0.6728287477596786,-0.09079836909288257,0.6728287477596786,0.11518301264156137,0.7992155297715796,0.07585012045952122,0.5255098144011288,0.3584815216237826,,0.21407067857219575,0.18526065037691872,-0.27432307621537066,3652,37,0.0,0.56,6,0.06,6,0.3237678638952879,0.32724603303099853,0.5260766427026772,0.0,0.9304676347565118,0.7252918757266011,0.7810883955210043,0.7746020147259706,0.884630078493871,0.8390091342818861,1.8709579128351423,0.2636899035675962,0.7563416970450191,79.47308219869464,42.8141357144391,-18.831207100266298,68.11590474060704,-31.065352542117207,-20.68404019105155,280.95591622688437,224.14397164423178,2.801296935772917
116015A,P7_var_compress_0.90,P7,0.07725619327473911,0.26246346822978844,0.059519963280717576,0.5056508932207998,-0.03740545686091542,0.5056508932207998,0.061343357845364134,0.6774063838315438,0.06200530079583906,0.3591284506366841,0.3617622428403216,,0.14353137861684406,0.11742406026189513,-0.18520727495504935,3652,37,0.0,0.7,6,0.06,6,0.5159973530045686,0.5244368442493736,0.8585132168721998,0.0,0.9707467669311469,0.8832282171230346,0.9218065682926679,0.9081563930973376,0.940746196363044,1.5430168625171048,1.213549379209,0.17103576546691351,0.84491747615343,42.20913224670668,28.706275723368858,-7.164838889493337,59.140636985676686,-14.283097289919997,-7.267056378081811,136.7166672062509,111.42852021442579,-1.2764654959910413
116015A,P8_mult_noise_0.10,P8,0.04001077955714654,0.03985603929528827,0.04074349211595539,0.04226734212853457,0.0021144693909798075,-0.005243852508531567,0.04742396570791303,0.03919306155110633,0.03906077403852196,0.039684979963253535,0.24925462351401664,,0.03987259961295296,-0.0005528102995733735,0.0001547402618582716,3652,37,0.0,0.47,6,0.06,6,0.9957330910829575,0.9957330910829575,0.9987391753290661,0.99797035470067,0.9876338444201851,0.9927504727109131,0.9790572803222414,0.9860419763406449,0.9822211742562188,0.900239176380094,0.7890197420458775,0.11120321748859124,0.9175248821734666,8.01880268639198,7.974519922590603,1.5001845062493995,-1.1921559778012394,1.4044272414356611,1.238632356752416,-0.7192633418115868,-0.8291660094285868,-3.125578917882133
116015A,P8_mult_noise_0.30,P8,0.117739235545304,0.11725371088692146,0.10634540820788217,0.11569630863889138,-0.00015208117676537231,0.012290322689832643,0.09633066950909745,0.09284062388362249,0.1169788272557092,0.11764815248203701,0.025357293158839198,0.17625976206770122,0.11883962767789984,-0.00010642683717785014,0.0004855246583825301,3652,37,0.0,0.07,6,0.64,6,0.9971652353941259,0.997216439294317,0.9984851119466164,0.9974731068708337,0.937921574254816,0.9351468701938408,0.9404338656956204,0.9240299192238814,0.9357830087125377,2.1301541655031064,1.7678314845991825,0.24915542487608808,0.7688369447420618,24.85989636779585,23.767925535579888,-0.7858064429972957,-11.995127843157588,10.629539907254824,-5.933083960726165,-6.885503153313998,0.8864458967323351,-12.99416090311554
121001A,P1_peak_damp_0.70,P1,0.07826985558487794,0.01954175713837367,0.14905621080688075,0.0,-0.1474439822809406,0.0,0.18039791687518944,0.0,0.08830074496708781,0.0,,0.01,0.04656373079607287,-0.011655289306728761,0.05872809844650427,3652,37,0.31051478641840086,0.06,6,0.31,6,0.9263796053749397,0.9154316587204377,0.2643747985616608,,0.8785469584081219,0.9963224795924862,0.6193751888391243,0.7507546645838805,0.7643283525033806,-22.862092956772113,1.2445678105295575,0.3485011357110305,0.7526523049204548,13.15968678023708,9.31274615921458,-28.773033427564688,-0.0,-0.2442810493191874,-29.991003776498367,0.0,0.0,1.6547253378043034
121001A,P1_peak_damp_0.85,P1,0.06019361835633576,0.019550942115616872,0.07644282909864669,0.0,-0.06003966852324793,0.0,0.07944634711469924,0.0,0.06419700651621568,0.0,,0.32673594932072647,0.04192740639852633,-0.0036313379775757756,0.040642676240718885,3652,37,0.31051478641840086,0.08,6,0.27,6,0.9784113031047525,0.9739688704828593,0.7605280219212537,,0.9671959894681272,0.9974490145775742,0.8491520777649515,0.9026479960208936,0.904050705123325,-9.220805585330424,0.6468116563121479,0.1811187746531894,0.8572046544460776,12.170873584824642,8.385481279705267,-11.441225339237274,-0.0,-0.09312678196240134,-10.675424879879925,0.0,0.0,-2.1410857178617135
121001A,P2_peak_infl_1.15,P2,0.061522965479308724,0.019808573565704764,0.07676050150995063,0.0,0.05178074259754715,0.0,0.08264963760617489,0.0,0.06600103700441255,0.0,,0.32922060586052443,0.04281587925141823,0.004409519920537637,0.04171439191360396,3652,37,0.31051478641840086,0.08,6,0.31,6,0.9817227619133645,0.9792968550987659,0.8312531583003098,,0.9516541536918827,0.9973414747895741,0.8201916161006252,0.8848263902545835,0.884256028410891,11.1488679511705,0.785224695888729,0.219876888981351,0.8321755572196669,12.76443712651652,8.563175850283665,13.523205225729432,-0.0,0.024598600050572742,12.094673370619091,0.0,0.0,-5.421144074398194
121001A,P2_peak_infl_1.30,P2,0.07058997316471727,0.019451534625694697,0.1207950760187668,0.0,0.11701733867263404,0.0,0.11909230768823532,0.0,0.07911997752189263,0.0,,0.3286432979985943,0.04458127686153027,0.009295464781020404,0.05113843853902257,3652,37,0.31051478641840086,0.07,6,0.31,6,0.9410255561871675,0.9307025521896826,0.41165960430341375,,0.8393912519277027,0.9967875419693426,0.5643024731772304,0.7333531635354119,0.7424781564474845,25.435687053394716,1.4311955093994573,0.4007602126862112,0.7275997927869315,13.58570185343928,8.91625537230605,31.960419207202147,-0.0,-0.15891813627514914,31.371811466680807,0.0,0.0,-9.022373219169241
121001A,P3_base_infl_0.10,P3,0.13530437245445878,0.7512278377097226,0.0556526042959575,1.0,0.0012513905709452945,1.0,0.04835798341760914,1.0,0.059499389844360026,1.0,0.26248383619967797,,0.40823617665789597,0.38080593879462543,-0.6159234652552638,3652,37,0.31051478641840086,0.3,6,0.28,6,0.5260546835740879,0.5360529845794398,0.9995248337311462,0.0,0.9764108374365,0.9943352135494036,0.9060587440568825,0.9361720283536183,0.9560160849913446,3.141860316011978,0.5484924174759933,0.1535876380556065,0.8868712288936628,130.51320133332348,81.64723533157921,5.154659369523833,-5.792555089889807e+16,-59.61357266090214,5.842763440566637,110707405807.08035,119368754018.46448,-5.008677706389531
121001A,P3_base_infl_0.25,P3,0.15252846238945367,0.7796963736904053,0.05696336060031894,1.0,0.0031506630503649598,1.0,0.05474940190494377,1.0,0.0603646003299475,1.0,0.2957129864829522,,0.43989719970293567,0.41570274701057514,-0.6271679113009516,3652,37,0.31051478641840086,0.43,6,0.32,6,0.47222208791951603,0.48224583290862005,0.9996235774600158,0.0,0.9867469491012872,0.9806919574408339,0.9463492179026599,0.9668289139476837,0.9522481044300563,2.753441090667214,0.4111234976052922,0.11512189582660971,0.8870563726908799,331.3869321847845,87.97943994058708,3.3709819312096156,-4.482886039656734e+16,-67.04022000508131,3.7811201195605264,277361227904.46185,298920086846.5843,-3.8476351480619644
121001A,P4_base_depl_0.50,P4,0.13213052099611783,0.09454884362513796,0.05433391263809379,0.0,-0.0035044762345837247,0.0,0.050271425204416305,0.0,0.057781384776088345,0.0,0.06275132365872901,0.01,0.14647142477152633,-0.12946706741217787,0.037581677370979866,3652,37,0.31051478641840086,0.14,6,0.27,6,0.4339539603017872,0.4417542951699698,0.9951816230012538,,0.9863628902694918,0.9818052650777784,0.9480068366033763,0.9656149644287031,0.9662567117893307,-2.128423976345814,0.4170379086169824,0.11677803616480377,0.8869279199139594,32.9857159384552,29.294284954305255,-2.9354862573139373,-0.0,-0.008106785266114823,-4.618350818851328,0.0,0.0,-3.7527946327366166
121001A,P4_base_depl_0.75,P4,0.07862056354777898,0.04363289203598768,0.05334868090816095,0.0,-0.004418887576561451,0.0,0.04514494162806953,0.0,0.05550871995089344,0.0,0.025776038553964823,0.01,0.07426409115548446,-0.05693730720948468,0.0349876715117913,3652,37,0.31051478641840086,0.31,6,0.31,6,0.5238850723136032,0.5304306354630117,0.9890139559388083,,0.9839651987132509,0.9946945022599409,0.9471130666446943,0.9524443665431741,0.9772124120932815,0.5161510550030792,0.4522162430402864,0.12662859584923547,0.8940851149850604,19.103621634863483,14.852818231096897,1.4291329099445775,-0.0,0.10869037667641736,0.4153851916570398,0.0,0.0,-4.610536044699165
121001A,P5_compensating,P5,0.3390460387680417,0.9193045595891961,0.15666602899080953,1.0,-0.1559367608571773,1.0,0.1754786237319609,1.0,0.09168198187660102,1.0,0.3244256331733674,,0.6577362608570277,0.6204155662217178,-0.5802585208211544,3652,37,0.31051478641840086,0.06,6,0.5,6,0.2516461289006602,0.2531570986058313,0.24956319083158057,0.0,0.9096372079644346,-0.4797315571633305,0.7327170394994409,0.7327170394994409,0.43262086265157074,-4.1216983166914844e-15,1.0735176449300925,0.3006040452747857,0.5352066187931688,22197.487146713698,131.54725217140552,-26.839089756049987,-1.0569088267438133e+17,-96.51776044046524,-27.52154291380141,13271515424539.582,16625432000993.74,14.936813348859493
121001A,P6_shift_1d,P6,0.19718181539000745,0.07012007456708787,0.3643580256163102,0.02185792349726776,-0.09102349603880076,0.02185792349726776,0.49774628145483457,0.02702702702702703,0.2265493996150896,0.02051983584131327,0.2438207975739999,,0.12720835592035967,0.023194665408323725,0.1270617408229196,3652,37,0.31051478641840086,0.06,6,0.31,6,0.951921563677479,0.9524163420144851,0.9842612642810641,,-0.08925685058258725,0.9315467527093482,0.46575723515079515,0.46612741808555835,0.9691134936318305,1.6324068161750345,3.7271727004269164,1.0436746861846307,0.25897392724083734,57.39850161020074,25.44167118407196,2.3907588540123297,-0.0,0.043875218495128994,-26.3272918809836,0.0,0.0,-4.601071206561727
121001A,P6_shift_3d,P6,0.2976703974275122,0.13081189899470166,0.5142367313064667,0.0546448087431694,-0.2622461101382675,0.0546448087431694,0.6932292361676413,0.10810810810810811,0.34101761594225927,0.0533515731874145,0.4398367635065427,,0.20692547227614738,0.047168057934412255,0.16685849843281056,3652,37,0.31051478641840086,0.06,6,0.31,6,0.9033673437713453,0.9019048137572514,0.9623886998162148,,-0.31553362976730637,0.8033995023827523,0.3185100591031519,0.3183203048614074,0.9330491431804884,0.37119744073340843,4.096050890726268,1.1469671441533567,-0.021692798961999715,248.54268648179251,41.385094455229336,0.18316710572301462,-0.0,0.023238250198846244,-67.73822194082334,0.0,0.0,-3.3059570844657813
121001A,P7_var_compress_0.80,P7,0.3363335590564915,0.9128266485180259,0.0988779496205869,1.0,-0.09144893896979875,1.0,0.09135483700165861,1.0,0.08770423811989013,1.0,0.20525876788651354,,0.653447672315941,0.6350481862301712,-0.5764930894615343,3652,37,0.31051478641840086,0.19,6,0.51,6,0.13999350737793445,0.1452746054125627,0.5994591346558975,0.0,0.9539900107329348,-0.10310943881349077,0.8146919721632121,0.7985537612895386,0.7753095382871966,2.030747391438699,0.7660205709316357,0.21449939223006037,0.6776136938110705,13226.735321406908,130.6895344631882,-16.82676237794061,-4.013790749845173e+16,-93.09416169975646,-16.25973772196088,10876442401233.746,11677197838910.393,11.6102877359344
121001A,P7_var_compress_0.90,P7,0.27548306555277935,0.8865922590260141,0.06926924703422596,1.0,-0.04224642836650896,1.0,0.0707269990060793,1.0,0.06933909892327184,1.0,0.19050683500623358,,0.5982666505134947,0.5849673541103618,-0.6111091934732348,3652,37,0.31051478641840086,0.26,6,0.44,6,0.18980701772686018,0.19791979897145154,0.8721309496361037,0.0,0.972327142910634,0.3383563638795021,0.8816404599023889,0.875290762236111,0.8603652960812385,0.7278745903091342,0.5940751230187356,0.1663516068132975,0.7952604315816184,6624.570102720744,119.65333010269894,-9.395597673557134,-5.924834280821174e+16,-89.05156333091985,-10.937844805025629,5545369258143.473,5909817494913.047,4.147872350316374
121001A,P8_mult_noise_0.10,P8,0.03687334189962023,0.012927960865662516,0.03863140377582287,0.0,0.0022609933136377536,0.0,0.03174502148052245,0.0,0.03825588438083297,0.0,0.017107526187307973,0.367786191599564,0.02721929330401406,0.00034917687057626817,0.023945381033957713,3652,37,0.31051478641840086,0.06,6,0.27,6,0.9956576917480896,0.9955044962615802,0.9916233031331723,,0.9843696819189918,0.9989500958696288,0.9717380614973199,0.979454186716958,0.9790909001050515,0.8590166994083043,0.44647616024590653,0.12502127051429404,0.9202495836982815,7.940490605720098,5.443858660802806,1.0762933088059112,-0.0,-0.21853308324536033,0.3901056119165197,0.0,0.0,-2.990434660994482
121001A,P8_mult_noise_0.30,P8,0.11026020881813073,0.03812143720837892,0.11451380193076703,0.0,0.007189360091181009,0.0,0.11968465893782734,0.0,0.11719093447105132,0.0,0.02516923045645597,0.35480747857640205,0.0803369696072075,-0.0030706889102145763,0.07213877160975181,3652,37,0.31051478641840086,0.23,6,0.27,6,0.99749772803589,0.9974885860792276,0.9947640463049311,,0.9355270264244776,0.990811995569485,0.8928894634220247,0.9311388330577834,0.9442374081399479,4.804013855324938,0.9067826813109016,0.25391528818785686,0.7718648849250435,24.108697712770976,16.067393921441493,5.4545057973828825,-0.0,-0.01721006157459437,2.062169184616827,0.0,0.0,-11.392406349226054
136208A,P1_peak_damp_0.70,P1,0.0705163810135124,0.008129124716518048,0.1488708537361374,0.0,-0.14709770102654945,0.0,0.16876135204277068,0.0,0.08764715300059846,0.0,,0.5654594627074453,0.03343709154158701,-0.010083022884331586,0.062387256296994355,3652,37,0.5276560788608982,0.06,6,0.53,6,0.8908372008406079,0.8757073789347387,0.2533726152179425,,0.8663296219730965,0.9962771495382953,0.5494896498092856,0.6990824248392679,0.7046917312830944,-29.195194383753236,0.826574962592133,0.3656095978320366,0.7025109809253031,13.627504721509165,6.687418308317401,-31.123340276024877,-0.0,-0.18902906877850417,-31.517684993359058,0.0,0.0,4.075098496583489
136208A,P1_peak_damp_0.85,P1,0.05522104952118408,0.008218309047142476,0.08037637029751254,0.0,-0.06605633187596682,0.0,0.09694752244574442,0.0,0.06705245968699924,0.0,,0.5301114136033578,0.029911185446882132,-0.0056843654564757975,0.047002740474041606,3652,37,0.5276560788608982,0.09,6,0.53,6,0.9606076559094983,0.9487630073649505,0.7084844201075704,,0.9543403807096122,0.9976050123892881,0.741938201406227,0.8298548247088373,0.8309917086853291,-16.56842597828615,0.48309306272421965,0.21368111589559755,0.8230727940409399,12.505013000406079,5.982237089376418,-17.844704122648164,-0.0,-0.4090514027831838,-18.72591664813912,0.0,0.0,1.3619208042706568
136208A,P2_peak_infl_1.15,P2,0.053815303354736915,0.008131149249995475,0.0773981037417272,0.0,0.05819955361329005,0.0,0.08681819604623026,0.0,0.06485832074102704,0.0,,0.5344635313932222,0.029367023018735366,0.0033441937300418504,0.04568415410474144,3652,37,0.5276560788608982,0.07,6,0.53,6,0.9732984776731527,0.9675794949221052,0.7968004951211901,,0.9402566419781708,0.9977085494920646,0.7652253122441176,0.8446985007921926,0.8410236303416617,15.345931683414985,0.5525982086885413,0.24442454463868646,0.8000670308904432,12.82880243029196,5.873404603747074,16.472326364438324,-0.0,-0.6841215614089162,15.986318129809883,0.0,0.0,-2.557938660049049
136208A,P2_peak_infl_1.30,P2,0.06420082902554912,0.008080186514933944,0.11723615628608898,0.0,0.11237661505021342,0.0,0.12938846828750092,0.0,0.08081740468067375,0.0,,0.5308282030310253,0.03202271169749027,0.008620325634142289,0.056120642510615174,3652,37,0.5276560788608982,0.06,6,0.53,6,0.9189896441535933,0.9052089519987656,0.44129766486754296,,0.9001573353459289,0.9968974273930726,0.6060303995852991,0.7180288355136367,0.7150244170616855,28.17752473646543,0.7143692294265364,0.3159788990645912,0.7105523081912707,14.331599525498136,6.404542339498058,29.851285150689165,-0.0,-0.2511923310860342,29.53456514010336,0.0,0.0,-2.6439673169836335
136208A,P3_base_infl_0.10,P3,0.04937619240430181,0.008077675357671515,0.06046753557484125,0.0,-0.008009351751227163,0.0,0.06557933411198599,0.0,0.059486438677258245,0.0,0.014483793037140369,0.5316629116188213,0.028202621004927843,0.00015546317694770497,0.04129851704663029,3652,37,0.5276560788608982,0.15,6,0.53,6,0.9959508196535486,0.9965365339860875,0.9967503749254488,,0.9475759211367373,0.9979448141165593,0.8602805487337035,0.9092414145690537,0.933265066220737,5.235882388230408,0.5176426622558687,0.2289630513058008,0.8522143534632411,12.100412978641193,5.640524200985566,6.074012276990868,-0.0,-0.35172403473668407,6.938786893971047,0.0,0.0,-5.699187181081531
136208A,P3_base_infl_0.25,P3,0.049010861027848455,0.00788270960002658,0.05898352383962614,0.0,0.002714967170030756,0.0,0.05973092854059213,0.0,0.06001465360624579,0.0,0.04388016313512654,0.5337689173928164,0.027892714872261522,-0.0008744679853791,0.04112815142782188,3652,37,0.5276560788608982,0.12,6,0.53,6,0.9964397151560792,0.996304609574109,0.9980851566243419,,0.9786583563377476,0.9979843237073703,0.9078397390794554,0.9389987100987877,0.9468812295817841,-3.849856650471743,0.3302771969826342,0.1460877943643904,0.8849413474081932,11.869411906475369,5.578542974452307,-4.402421174837691,-0.0,-0.32509067045056467,-5.012684659945509,0.0,0.0,-1.1219332411812024
136208A,P4_base_depl_0.50,P4,0.09493194195794113,0.031366828555727665,0.058474065830239806,0.0,0.003571366886893095,0.0,0.06611513424174817,0.0,0.060274198750268404,0.0,0.016938003379045635,0.01,0.07553467937937208,-0.05644570930435457,0.06356511340221346,3652,37,0.5276560788608982,0.26,6,0.48,6,0.6373344437651288,0.644735781647473,0.998646920405213,,0.9634038696647435,0.9961133963674271,0.9472612148486066,0.9555982101858429,0.9606668215746782,-0.9570816093374116,0.432496145029435,0.19130115089893346,0.8652297273641363,25.864130267258982,15.106935875874406,-1.3373759793236903,-0.0,-0.19592631753910011,-1.3611965102950407,0.0,0.0,-2.4139624340885693
136208A,P4_base_depl_0.75,P4,0.06240519567911581,0.015408406896804687,0.053095696694131896,0.0,-0.00016807564866415012,0.0,0.04675327797210625,0.0,0.05872205484388028,0.0,0.033707312841519003,0.01,0.0429486246235315,-0.024707970735656767,0.04699678878231112,3652,37,0.5276560788608982,0.08,6,0.53,6,0.6789519339917875,0.6860314374486346,0.9983936194325114,,0.9871996284283023,0.9975898106676095,0.9638785185730578,0.9719788402733106,0.9673478073942137,-0.8829380899029754,0.255785514608587,0.11313872710835009,0.8991624136573078,16.720470742887354,8.589724924706285,-1.1339172729491693,-0.0,-0.28048620240449396,-1.4074050673385725,0.0,0.0,-1.593094876202053
136208A,P5_compensating,P5,0.09777295670836596,0.019666368345658353,0.05883802568304314,0.0,-0.0004041440738930695,0.0,0.055582258707306716,0.0,0.1128274909955937,0.0,0.050370116880475754,0.01,0.06295498149422499,0.05902916890771374,0.0781065883627076,3652,37,0.5276560788608982,0.06,6,0.53,6,0.27245432186661483,0.282642817273345,0.9446150952884258,,0.9816268650949834,0.991988921665695,0.9810405094972231,0.9810405094972229,0.9601739873791539,9.101783781576533e-15,0.30644764620553044,0.13554753743619452,0.8766826678927306,32.28258359069262,12.590996298844988,-2.018121840116614,-0.0,2.623202210387008,-1.68276395683619,0.0,0.0,-0.4570496068855299
136208A,P6_shift_1d,P6,0.1627904837948035,0.034473277907416534,0.3434707784604239,0.0273224043715847,-0.05689549680295978,0.0273224043715847,0.44593708960116013,0.02702702702702703,0.18012113089350446,0.013679890560875513,0.1501210207856885,,0.08616801123028442,0.01725074432309105,0.12831720588738696,3652,37,0.5276560788608982,0.06,6,0.52,6,0.9665348585276697,0.9661477870534614,0.9755658122243505,,0.20874873714192232,0.9422444775410973,0.6202468128888814,0.6210594958553071,0.9623840011172231,0.6797996623522169,2.011045358495019,0.8895230535843788,0.2164359901535462,50.03257437967673,17.233602246056876,0.871001611719508,-0.0,0.009515213759772862,-5.844333687725006,0.0,0.0,-1.7573897657006534
136208A,P6_shift_3d,P6,0.2829245404849148,0.06669928594507929,0.561981889118206,0.04371584699453552,-0.18621010255485823,0.04371584699453552,0.6457085913818779,0.05405405405405406,0.31869149190183377,0.03419972640218878,0.21638209698710129,,0.15472688720775718,0.039104720276508874,0.2162252545398355,3652,37,0.5276560788608982,0.06,6,0.53,6,0.9293604993469203,0.9306707784593884,0.9928334254548907,,-0.5999326378949033,0.8122059559555723,0.2447975658912508,0.24450578511696575,0.9369167263428383,-0.33395346468009307,2.8596672845754614,1.2648844365770746,-0.26572352831499213,205.0407803265573,30.945377441551475,-0.2537533031231028,-0.0,-0.2282017300222691,-51.61597251660406,0.0,0.0,-2.7871343943964546
136208A,P7_var_compress_0.80,P7,0.49265003327321527,0.9689303655028924,0.08796128141467895,1.0,-0.07442239411141836,1.0,0.11524216007276485,1.0,0.18620131047326272,1.0,0.10264919436695548,,0.787400218140989,0.7780865381876773,-0.4762803322296771,3652,37,0.5276560788608982,0.1,6,0.66,6,0.07163062233097037,0.0765903130515887,0.744089966440346,0.0,0.9019423762743214,-1.0469080979370653,0.7178782293602453,0.739424794624679,0.6117296134007831,-2.9268685950242945,0.7079544896720699,0.3131415394445117,0.6026035211872085,20097.88344955824,157.48004362819782,-23.04931479571711,-4.163317605193294e+16,-95.67172076068316,-23.736731307053137,3518553615922.525,3695615655201.6313,27.355589078179285
136208A,P7_var_compress_0.90,P7,0.43379490506933144,0.9597883322375366,0.062394233292364105,1.0,-0.03380921954114517,1.0,0.056278278176820004,1.0,0.11758390847186745,1.0,0.09715572127454022,,0.7516629107117907,0.7450595729764435,-0.5259934271682052,3652,37,0.5276560788608982,0.13,6,0.63,6,0.10687719573819233,0.11515775299198737,0.923752809884145,0.0,0.9674696551268029,-0.25316452350988405,0.8820985183751378,0.8676999573062631,0.7148130143018787,1.6780264786204602,0.4077641041251509,0.1803617056727869,0.7915216949650928,9923.787933843167,150.33258214235806,-8.055186165460443,-4.695671736507557e+16,-92.5352328743285,-7.781757232822851,1753959151713.7278,1853305360651.0913,11.021959280097212
136208A,P8_mult_noise_0.10,P8,0.032051621577075015,0.005240076005933793,0.03837574716471835,0.0,-0.003768194428244367,0.0,0.039295745754668904,0.0,0.03910464345878779,0.0,,0.5786899243318466,0.018340439362826026,-0.0004407383553101704,0.026811545571141224,3652,37,0.5276560788608982,0.09,6,0.53,6,0.9962080492616735,0.9961733198658141,0.9989616715395238,,0.9900830041604813,0.9991292777269518,0.9558194920007275,0.969181633632949,0.9628577695164173,-3.044676895828607,0.2251410688275054,0.09958411439340463,0.925018184513827,7.786083784723257,3.6680878725652053,-3.599978826202461,-0.0,-0.08954993489598141,-3.851193780437321,0.0,0.0,0.5719860124894705
136208A,P8_mult_noise_0.30,P8,0.09769326680434762,0.01612451425120612,0.12356222434941447,0.0,-0.0001937262241686461,0.0,0.1285181612070577,0.0,0.1162561631294771,0.0,0.027909922660597993,0.5320113677827267,0.055891594011364114,-0.0009847464244966083,0.0815687525531415,3652,37,0.5276560788608982,0.06,6,0.53,6,0.9962662319222334,0.9960507278829274,0.9975316061453171,,0.8047507224321822,0.9920399096800429,0.7096758926657041,0.8026600316078695,0.8851930483356732,8.741454345214153,0.9989859398319061,0.4418702044354404,0.7209478347891171,24.733873910233534,11.178318802272834,9.551753313997066,-0.0,-0.3074299662687421,9.118386059522344,0.0,0.0,-10.781179510256997
126003A,P1_peak_damp_0.70,P1,0.07938758637959929,0.03200216211836271,0.14952198807755177,0.0,-0.14902675375235,0.0,0.15670638831435116,0.0,0.08523307003322887,0.01058998148054955,,0.20570451709705673,0.05500595666081067,-0.013204264420951921,0.04738542426123658,3652,37,0.16757940854326397,0.06,6,0.17,6,0.9353311067456345,0.9243779965503747,0.19639034365052677,,0.935753026876033,0.9944111613282696,0.6947121415390112,0.7907033063360454,0.7848241652485567,-20.828925542893025,2.6704544929424134,0.25346986630360424,0.7739274014177047,12.891962859515807,11.001191332162144,-24.93101048598613,0.10305208853967446,-0.6030386060734658,-24.191155829887137,0.0,0.0,4.202139753504359
126003A,P1_peak_damp_0.85,P1,0.06416049391045671,0.031664812742483325,0.08025471202707035,0.0,-0.0676888740712987,0.0,0.07158607457227262,0.0,0.06677448499484824,0.008942038585245834,,0.22729357369028372,0.051323396911607054,-0.004564875524236772,0.032495681167973384,3652,37,0.16757940854326397,0.06,6,0.17,6,0.9784533821530297,0.9750618468835411,0.7417812001463553,,0.972786492218103,0.9955735196791626,0.8529144038770199,0.901545316874601,0.897374417225578,-9.699712948669173,1.7380053480284328,0.16496517142080946,0.861892233906719,12.342877885889193,10.264679382321402,-11.63357639679594,0.0010155817508779245,0.38592466436918693,-10.556931019992492,0.0,0.0,-0.4621400191892499
126003A,P2_peak_infl_1.15,P2,0.06423967568598887,0.032555828317443664,0.08168090963179418,0.0,0.06885894323171655,0.0,0.07903286282328756,0.0,0.06599949251299067,0.009373342039053052,,0.30491186238785795,0.0516442665570357,0.005912353341339921,0.03168384736854521,3652,37,0.16757940854326397,0.07,6,0.17,6,0.9762999703183632,0.9717295919677442,0.7234980790529577,,0.9633072790844006,0.995620390360163,0.7793427266720288,0.8558475260041134,0.8552857989049782,14.224849387032945,2.018128449384634,0.19155344140891684,0.8309715494160821,12.752670019976382,10.328853311407146,17.19730071417123,0.07947800552095355,0.010604733798081727,16.865447240121444,0.0,0.0,-7.422915604758943
126003A,P2_peak_infl_1.30,P2,0.07271942782044231,0.03217773533196352,0.11990593973671942,0.0,0.11497837065632965,0.0,0.13567246527883278,0.0,0.07796160122334395,0.009420380942911782,,0.24852771427487455,0.053196790002560695,0.007583591761538183,0.040541692488478796,3652,37,0.16757940854326397,0.06,6,0.17,6,0.952685095811936,0.943908604693725,0.4181847901879697,,0.8664509026718352,0.9951237529496804,0.5979327039609428,0.7388526091728496,0.7385319655997598,25.763098398351847,3.8501648453745334,0.36544369925908515,0.7224955812507324,13.229077018927256,10.63935800051213,32.56646708303449,0.03894983997399592,0.08043453853103401,31.706571211529315,0.0,0.0,-9.475002585876714
126003A,P3_base_infl_0.10,P3,0.09152488363350526,0.5933024300793635,0.059245607697435164,1.0,-0.0062202835937686315,1.0,0.051967990087379054,1.0,0.060114328095474394,0.9627192069745492,0.012276244420319903,,0.28190341716959844,0.25344837503136314,-0.5017775464458581,3652,37,0.16757940854326397,0.62,6,0.14,6,0.5855326856035674,0.5955996027713029,0.9977096337620337,0.0,0.9806565080562196,0.9714067555576139,0.9474947734007897,0.9630250967192906,0.9669415772259637,1.658000256776788,1.46529910482917,0.13908088274015382,0.8811134375664745,123.80568276547983,56.38068343391968,1.7048544677745343,82.6507535691343,-14.505372960275066,1.9893291022367705,1167394938085.7815,1296435762672.9373,-2.3702279441703276
126003A,P3_base_infl_0.25,P3,0.11082329800962913,0.6518213996389116,0.055382968737295965,1.0,-0.008986553709355305,1.0,0.06165269118896015,1.0,0.05622634974433121,0.9821315171302396,0.3040058330244653,,0.33119803618581783,0.31058868205639556,-0.5409981016292825,3652,37,0.16757940854326397,0.55,6,0.19,6,0.4395667743100579,0.4494813803239011,0.9963079549977133,0.0,0.9826971137787612,0.9045104847628671,0.9766765406390205,0.9758108385986273,0.972903454594489,0.09511118459801868,1.3858560491305405,0.13154043568895007,0.8751455540965367,319.74570059043873,66.23960723716351,-1.7086078661034114,84.1040462194612,-26.419443957425,-3.034600083585704,2891244037727.053,3193135038590.4136,-0.25820194166828625
126003A,P4_base_depl_0.50,P4,0.1477715056781581,0.16258658472656903,0.06111845928488126,0.0,-0.01477467519548766,0.0,0.0666897166080482,0.0,0.060932522351035925,0.053341187799826856,,0.01,0.19434912770446072,-0.1771634041363072,-0.014815079048410923,3652,37,0.16757940854326397,0.3,6,0.17,6,0.36144830060421185,0.36892455245687444,0.975738223927739,,0.9716416293922805,0.9575356395155316,0.9319496691648192,0.9558696860883229,0.9454544385551686,-3.893730129833373,1.7741873678875286,0.16839943767043739,0.860988710718136,35.95317774333525,38.86982554089216,-3.0696372872480784,7.912485065532298,23.391065029757115,-4.594045124444146,0.0,0.0,-3.9023925900189482
126003A,P4_base_depl_0.75,P4,0.0884298053361059,0.07230345176731846,0.06953315110267035,0.0,0.009506403755783176,0.0,0.06236354401100335,0.0,0.0624132465915738,0.02393882178439274,0.30449221507198304,0.01,0.09524237023019834,-0.07488567488822918,0.01612635356878743,3652,37,0.16757940854326397,0.07,6,0.17,6,0.46742802097655634,0.47343558509416733,0.9948024530432434,,0.9697440531233104,0.9887818456573801,0.9389379136025328,0.9611392429242767,0.9578122643219139,3.1646358274885698,1.8325853917360868,0.17394236653756784,0.8583841797265518,20.25245084450804,19.04847404603967,5.587167500556948,3.284244008171284,9.559321572131632,5.254793220652534,0.0,0.0,-5.271997703534711
126003A,P5_compensating,P5,0.30019365562144873,0.8715041316072833,0.146497155046934,1.0,-0.14634346393335929,1.0,0.16842282127649436,1.0,0.08746786219045362,0.998830406692722,0.3214992170138868,,0.5985560903028939,0.5640605760919564,-0.5713104759858346,3652,37,0.16757940854326397,0.06,6,0.33,6,0.2459681909699293,0.24596819096992933,0.10568266831088362,0.0,0.8946743102105127,-0.38443858371158623,0.6937339050014785,0.6937339050014786,0.48833980659123144,-1.0513685787589175e-14,3.419211786139068,0.3245391960757395,0.5114138910399527,5588.400368082404,119.71121806057876,-29.147848352125695,83.01019061540029,-86.86471604327392,-29.67257665876437,41295770476013.21,47434996925354.625,31.9551928130806
126003A,P6_shift_1d,P6,0.20707236603557266,0.08113544927109562,0.5143654243526101,0.02185792349726776,-0.13820904388005353,0.02185792349726776,0.6696531163945684,0.02702702702702703,0.25311515790464784,0.07114035099609822,0.1480102456436353,,0.12359811342852638,0.018573131345846188,0.12593691676447705,3652,37,0.16757940854326397,0.06,6,0.16,6,0.9520608442393196,0.9516551921990835,0.9683399648507194,,-0.3449379255170666,0.9120464512884224,0.36348507947159225,0.36526986674308715,0.9627204968977585,2.3359110632585285,12.218276977458993,1.159714587955617,-0.006148733163630293,41.82478070313708,24.719622685705204,3.2247604763375906,0.08455717442732182,1.6768798118863324,-61.90960309056337,0.0,0.0,-3.958129641530226
126003A,P6_shift_3d,P6,0.3084336005546956,0.14968866515622772,0.6396595785980334,0.08196721311475409,-0.42681744970634605,0.08196721311475409,0.7792998972741125,0.08108108108108109,0.3936689343959939,0.1420511377820265,0.2591809659044599,,0.2033528326152712,0.03938848906446357,0.15874493539846787,3652,37,0.16757940854326397,0.06,6,0.16,6,0.8822118699550469,0.8766306626769996,0.8462334290880291,,-0.7436909967836292,0.7665879251269543,0.13863602403745146,0.13871956939956087,0.9393019062515522,0.9758029839628088,13.912129397312844,1.3204889233854364,-0.3011094470255471,116.32738403372132,40.67056652305429,1.3568576125971292,0.07620760660681211,1.3360589949301165,-81.2503730661107,0.0,0.0,-2.746934657188589
126003A,P7_var_compress_0.80,P7,0.274054621168056,0.8391555390607783,0.10131951674721612,1.0,-0.09184285501556934,1.0,0.11498785871868537,1.0,0.08493012770358019,0.9980580783582694,0.18845392035249434,,0.5600615794754561,0.5445162484877419,-0.5651009178927223,3652,37,0.16757940854326397,0.19,6,0.31,6,0.14015596464790797,0.1451156553685263,0.5840878484625486,0.0,0.941478327030265,0.03878798656759408,0.8148705544397097,0.8038609227256397,0.8136091802642474,1.3757115876181611,2.5486911579160108,0.24191253165087373,0.6727753915527681,3295.4251452633694,112.0123158950913,-17.761715651194464,90.24180584729015,-75.91611145051381,-18.66145748061974,29212803996855.44,31512360733037.453,22.836185499015603
126003A,P7_var_compress_0.90,P7,0.20390606775613887,0.783696884767881,0.06730375009118879,1.0,-0.04106189064414028,1.0,0.0710714203928642,1.0,0.0680327688377481,0.9962826913708451,0.19067289568903065,,0.47907327131896804,0.4660186439620131,-0.5797908170117422,3652,37,0.16757940854326397,0.54,6,0.22,6,0.2038354362425914,0.21211599349638635,0.9005691107038165,0.0,0.9701188950060591,0.4455968684851557,0.898023932119355,0.8936266509601438,0.9081543293268717,0.49498829878989575,1.8211980330400046,0.17286151970274055,0.804805578596821,1691.93737575607,95.81465426379366,-9.689055755477401,89.39202663038593,-61.7008826722677,-10.215084879366195,15035198117667.865,16296744960587.998,10.254411436250889
126003A,P8_mult_noise_0.10,P8,0.03882988050868964,0.02120469166333492,0.03955693138492832,0.0,-0.0031921582500128477,0.0,0.04907534674235316,0.0,0.039349274363297784,0.00618171767147055,0.06901228255017429,0.22326684174093897,0.032885714823389374,0.00033276973155244564,0.017625188845354724,3652,37,0.16757940854326397,0.3,6,0.17,6,0.9962516947495844,0.9960165083431979,0.9919634899838373,,0.984662327018766,0.9982682026422387,0.9706325532188015,0.9747597853680333,0.9802185446537982,0.42295592162141504,1.3047838805307441,0.12384535914290058,0.9104431971722201,7.942647048020711,6.577142964677883,0.32297469034343773,0.03971178445511697,0.34434833381383617,0.8144943804588624,0.0,0.0,-1.1086821798746185
126003A,P8_mult_noise_0.30,P8,0.11636907325427012,0.06248384472646337,0.11585709944338911,0.0,0.002396090510361923,0.0,0.1250577145056691,0.0,0.1183997981582149,0.018783634282611292,0.04274696612644559,0.1702142401244234,0.0980037151926777,0.002339825011060295,0.05388522852780675,3652,37,0.16757940854326397,0.26,6,0.17,6,0.9963400954913654,0.9961655136497004,0.9965055347099618,,0.8959081990781154,0.9837309756441651,0.8067816741112398,0.8748884270551193,0.9153366734440096,7.208546255176597,3.3991247758122496,0.3226326098240608,0.7462435802851903,24.705832924528995,19.600743038535544,9.297665414959653,0.11850663533561562,-0.830673908626655,9.606178000413298,0.0,0.0,-9.921613846500785
122004A,P1_peak_damp_0.70,P1,0.07933711206774335,0.02569531143740875,0.15236173114037688,0.0,-0.1517435625413979,0.0,0.15235778939231007,0.0,0.08843283561248452,0.0,,0.2569152304179598,0.05113757696186061,-0.011244046507666017,0.05364180063033461,3652,37,0.2319277108433735,0.06,6,0.19,6,0.9278126997126549,0.917114186873852,0.18445954930090508,,0.9185979797769971,0.9954083626938336,0.657450348327993,0.7716017744982056,0.7716429844049619,-22.348568167514845,5.033524570503251,0.28531039277075576,0.7591116132760589,13.027206656919303,10.227515392372124,-26.66862765035106,0.15229992118871089,0.8598042355734166,-26.620089426058865,0.0,0.0,6.00348872949479
122004A,P1_peak_damp_0.85,P1,0.06455918276884424,0.026037392680530853,0.08374797412438079,0.0,-0.07140071610712483,0.0,0.08932400524356292,0.0,0.0698796438342579,0.0,,0.2580809688364491,0.04788590526306704,-0.0051998420582141745,0.03852179008831339,3652,37,0.2319277108433735,0.06,6,0.19,6,0.9719347361939444,0.9662982621595511,0.6729515064283003,,0.966821568588391,0.9965049614706118,0.8273922509733371,0.8835453808697812,0.8797242174345831,-11.512175046806775,3.21353123994409,0.18214947546344754,0.8492988849271185,12.441500464229735,9.577181052613412,-14.038579348737901,0.018049500206555186,-0.9265155256775032,-14.758315009561175,0.0,0.0,1.6310009670739252
122004A,P2_peak_infl_1.15,P2,0.06076271462875965,0.025680143720893858,0.06944335768494433,0.0,0.05339153684848252,0.0,0.07849164301407632,0.0,0.06270231436307683,0.0,,0.26816599595169194,0.04654069820998559,0.005183678070498031,0.03508257090786579,3652,37,0.2319277108433735,0.09,6,0.23,6,0.9743963034233241,0.9725772975424657,0.7727940035224423,,0.938861994151186,0.9967183551684733,0.7777551045684814,0.8628177820695893,0.867859576550005,12.856269734970917,4.362246831194205,0.2472610075382167,0.8351494679121001,12.42126782215135,9.30813964199711,16.23843159934471,0.08162200385419649,-0.7801266480414267,16.922542430309054,0.0,0.0,-4.97163188437404
122004A,P2_peak_infl_1.30,P2,0.07474847324454763,0.026049665081333013,0.11915122656132907,0.0,0.11211517194737115,0.0,0.13902880579765683,0.0,0.0818889385983881,0.0,,0.2797991124071354,0.050781520353169685,0.005865638017218143,0.04869880816321462,3652,37,0.2319277108433735,0.06,6,0.23,6,0.9507225754939755,0.9435819591807763,0.4793368363225471,,0.8851795654226884,0.9958436013858594,0.61843226999974,0.7507700004492591,0.7509363170760697,24.63840900984958,5.978114024989074,0.3388516409541374,0.7199421108198786,13.650885056379705,10.156304070633917,30.89374403983298,0.08016112230619336,-0.03585874786092491,29.33946635546248,0.0,0.0,-7.989063859056269
122004A,P3_base_infl_0.10,P3,0.1039879861123436,0.657580386242014,0.05347636646145475,1.0,0.002661668179317862,1.0,0.05127657437564614,1.0,0.05896810521048338,1.0,0.04238936210485796,,0.3268860675041185,0.3001581100841554,-0.5535924001296704,3652,37,0.2319277108433735,0.56,6,0.2,6,0.5671740158126306,0.5768960963762305,0.9940363709172239,0.0,0.9767738423541736,0.9866554748129005,0.9833816847482867,0.985790741941647,0.9781323683788976,0.837526990235917,2.688705812167807,0.15240130460670717,0.8818611870656522,104.16565203508024,65.3772135008237,-0.16224911022859878,66.71409744666012,-14.478361934010229,0.16195511923301836,1030440080452.4594,1127468236940.3018,-1.4819440599862244
122004A,P3_base_infl_0.25,P3,0.12034225537412681,0.6984750342499663,0.05814155334418843,1.0,-0.003310323765966688,1.0,0.04859638701818871,1.0,0.057080716889960456,1.0,0.035160977276851337,,0.36495114209212265,0.3439794252026704,-0.5781327788758395,3652,37,0.2319277108433735,0.55,6,0.25,6,0.44869675373976636,0.45869334445645776,0.9969951273432075,0.0,0.9755079979493775,0.9531726125129665,0.9298317973086795,0.9546707688868614,0.9583774706585637,2.8525959195159105,2.7610021500224806,0.1564992078274601,0.8828669256928322,267.3442147550322,72.99022841842452,3.6608528393975424,74.5076549594312,-27.31935927462175,3.1593291934336616,2611280807409.2603,2809167001884.9697,-1.5829124513060522
122004A,P4_base_depl_0.50,P4,0.14315623695978533,0.1287474312770832,0.06459677984800932,0.0,-0.007883150896088298,0.0,0.0639181006679767,0.0,0.05834121972551288,0.0,0.18251806633912493,0.01,0.17367418792506345,-0.15448379697462877,0.014408805682702114,3652,37,0.2319277108433735,0.3,6,0.19,6,0.3903931441435238,0.3980405560106945,0.9957662564005094,,0.962914703637036,0.9709791393387923,0.9215881546951307,0.9478195968751801,0.954086672613017,-3.4246841667536008,3.3974688085414733,0.19257543032007998,0.8613677669053821,34.959396981830224,34.73483758501271,-3.865577352761466,8.271537750936751,16.288342249771016,-5.105470623486466,0.0,0.0,-2.3755045189048754
122004A,P4_base_depl_0.75,P4,0.0826543022805783,0.05702964855876301,0.05654885453684801,0.0,-0.01214675366096511,0.0,0.0440289232197761,0.0,0.05982193183854147,0.0,0.012846035787585143,0.01,0.08446684751279335,-0.06681197265582915,0.025624653721815285,3652,37,0.2319277108433735,0.3,6,0.19,6,0.5010074317093193,0.5069719965783148,0.9804935891347407,,0.9822652304169526,0.9922138370375366,0.9750964942347204,0.9724394340852814,0.9767629941342619,-0.2750833288049844,2.34945632646689,0.13317195494189998,0.8901323332232854,19.4763792497837,16.893369502558645,1.0457292953575474,3.494494115233708,6.892310427464065,1.4447732633522168,0.0,0.0,-3.8879386230023045
122004A,P5_compensating,P5,0.3237402221676451,0.9022232713669481,0.1507906563477327,1.0,-0.1505495644054978,1.0,0.1831034246990969,1.0,0.08538841929682063,1.0,0.31694715895004455,,0.6360877218841514,0.6042457328723154,-0.578483049199303,3652,37,0.2319277108433735,0.06,6,0.5,6,0.252197627286001,0.252197627286001,0.17062124931880276,0.0,0.8866756772111858,-0.49863515941693115,0.6874821075779304,0.6874821075779303,0.449582520879541,1.1566418989897646e-14,5.939038867573928,0.3366367816932876,0.5022027639641607,8705.880789269824,127.21754437683049,-30.37994834757614,54.09523064433057,-90.53515842406928,-31.241034780064215,67653862312395.36,82066750977015.16,37.60448006113402
122004A,P6_shift_1d,P6,0.2436728683301693,0.06528393261869221,0.5152771508814835,0.01092896174863388,-0.25390678367703595,0.01092896174863388,0.5503358558000772,0.0,0.3159472599516536,0.016415868673050615,0.22424826871629475,0.01,0.1357670821622053,0.020565250378183658,0.17838893571147707,3652,37,0.2319277108433735,0.06,6,0.23,6,0.933190225402601,0.9321588474057314,0.9613895737387427,,-0.06056900730661008,0.8888094676475475,0.4809463023609234,0.4814366615888884,0.9619120849437718,1.9288148690572915,18.1687089182604,1.029839311400866,0.06243847525995194,50.431516770077764,27.153416432441073,2.877005752125785,0.10341098255576428,-0.27484445785047795,-46.80958751863938,0.0,0.0,-2.345019316072184
122004A,P6_shift_3d,P6,0.38534955155438594,0.12696921935844935,0.7071832827163953,0.04918032786885246,-0.5034304133193748,0.04918032786885246,0.8281625557713785,0.02702702702702703,0.48738045692067034,0.049247606019151846,0.3478305722157138,,0.23370224702883005,0.050107850478443905,0.2583803321959366,3652,37,0.2319277108433735,0.06,6,0.23,6,0.8572710249700063,0.8527460770213892,0.8113177372648271,,-0.6758640535349478,0.7046853692187458,0.153855814639555,0.1538855303511517,0.9199516982492607,-0.3107043706294938,22.838837479415176,1.294551680519147,-0.3648462677005744,147.2100227059626,46.74044940576601,-0.7489785279190404,-0.14127250625131024,0.4115708956942412,-86.49766576952783,0.0,0.0,-1.3218760739058235
122004A,P7_var_compress_0.80,P7,0.31244540902660733,0.8836755728888428,0.10259340334910032,1.0,-0.09516865906285633,1.0,0.13160410329718708,1.0,0.08891641194794726,1.0,0.20112550550534336,,0.6159207162367729,0.597927380679568,-0.5712301638622355,3652,37,0.2319277108433735,0.22,6,0.54,6,0.14065761346019712,0.14561730418081548,0.5199389704902082,0.0,0.9345449804340925,-0.05314410740905817,0.7869322026567219,0.7862184129340852,0.7863241915831953,0.09090849356191305,4.513631292894716,0.2558417861998065,0.6578069282726764,5150.555457799013,123.18414324735458,-20.061627666993537,80.8488347357204,-80.61398713036638,-21.65302342531917,50156283024223.71,53628041963602.336,27.9601308516869
122004A,P7_var_compress_0.90,P7,0.24286001262841617,0.8426322433797196,0.0654181973357257,1.0,-0.03862733441728765,1.0,0.07127247530229087,1.0,0.06663445077082712,1.0,0.20257804773832347,,0.5456050670583769,0.5317069567579951,-0.5997722307513035,3652,37,0.2319277108433735,0.4,6,0.36,6,0.1960031287707467,0.20428368602454175,0.8971688497447378,0.0,0.9768194295868248,0.3844688045367408,0.9029590634642288,0.8949919889584106,0.8908960268823772,0.8956687609349138,2.6860658821723566,0.15225166801442688,0.8034616381235025,2619.1374131490784,109.12101341167542,-8.774335564524941,68.93843858423556,-69.35538574986208,-10.185660322731088,25371979807898.305,27464388413169.516,13.314616540595287
122004A,P8_mult_noise_0.10,P8,0.03823026397677226,0.01686310763193732,0.04010270940496058,0.0,-0.003378148772927289,0.0,0.04075254380570649,0.0,0.04014594649349483,0.0,0.010847960345012796,0.2407096285622145,0.030180581564766513,-0.0012273080068437234,0.02136715634483494,3652,37,0.2319277108433735,0.12,6,0.19,6,0.9951814812646594,0.9952934300443286,0.9967634533567118,,0.9823535502989386,0.9986371504041519,0.9791681463567906,0.9803322010328622,0.9783614030646476,0.12627550692348036,2.3435988301501,0.13283994015754985,0.9126980686222007,7.872849798261894,6.0361163129533,0.21213281690614771,0.20599405934240142,0.14102506198995576,0.38934197220737143,0.0,0.0,-1.7313401695261588
122004A,P8_mult_noise_0.30,P8,0.11433569786931404,0.0512847821774217,0.11507522656941739,0.0,-0.016038621465698604,0.0,0.13183883691927953,0.0,0.11373178484117241,0.0,,0.01,0.0906866851639226,-0.004774515052230664,0.06305091569189233,3652,37,0.2319277108433735,0.06,6,0.24,6,0.9958810686062367,0.9959008282402401,0.997280287724314,,0.9224612175199695,0.9877501176462663,0.9259144905329111,0.9426449496114764,0.9605539491318321,2.0513667932236137,4.912630384084137,0.27845786481985124,0.7663206032272332,24.33986331619509,18.137337032784544,3.5690202082745754,0.7551194930883497,1.5278880051626216,2.0829051355455492,0.0,0.0,-6.042485967705884
136203A,P1_peak_damp_0.70,P1,0.06582642554843457,0.006303484348754789,0.13863325082095465,0.0,-0.13620483794172863,0.0,0.17635120548563976,0.0,0.0834276926202583,0.0,,0.01,0.02968439031908726,-0.008691145349777999,0.05952294119967978,3652,37,0.5739320920043811,0.06,6,0.58,6,0.909520628960763,0.8893090594283015,0.29232636672011386,,0.9174051121724922,0.9967668607510884,0.6360701613236762,0.7427763241660004,0.736893848316293,-25.700597558458156,0.6115276318435411,0.2873932633648669,0.7308061082351116,13.442637551344195,5.936878063817454,-29.07653953660233,-0.0,0.06410786970297884,-29.45734813145225,0.0,0.0,3.243165690075739
136203A,P1_peak_damp_0.85,P1,0.05309487996034176,0.00630607702405545,0.090811090929757,0.0,-0.07062254287016721,0.0,0.09706246794556853,0.0,0.06696741876081229,0.0,,0.6798574627700003,0.02662962642799916,-0.0043496737061312395,0.04678880293628631,3652,37,0.5739320920043811,0.07,6,0.53,6,0.9626924654955712,0.9549716082858105,0.7280262436010893,,0.9657820700945369,0.9977638847448942,0.79230516021773,0.8626544096152178,0.8617571447815973,-13.447932447535239,0.3936102213069298,0.18498089064944812,0.828007563932997,12.352783547587443,5.325925285599827,-15.060867888493082,-0.0,0.04931205135839236,-15.457339504435723,0.0,0.0,0.43050804003669546
136203A,P2_peak_infl_1.15,P2,0.052303365504558705,0.006565628214828499,0.08318868541047346,0.0,0.06523866449285323,0.0,0.09483077741858392,0.0,0.06536657006100385,0.0,,0.580209779385824,0.026801378166836386,0.004421017839256239,0.045737737289730206,3652,37,0.5739320920043811,0.06,6,0.53,6,0.9673839921138753,0.9612294275231316,0.7613623841836181,,0.9403799860417126,0.9977338936576137,0.7277364935324862,0.828102025143434,0.828894388887248,16.671627349820472,0.5195597967427192,0.24417209905779033,0.8010720543894696,13.06902441675281,5.360275633367283,18.82605502251386,-0.0,0.18958144059471638,19.400259638971107,0.0,0.0,-5.638092425218277
136203A,P2_peak_infl_1.30,P2,0.06165982214530973,0.006394503054758936,0.12212766295327639,0.0,0.11730046532444632,0.0,0.1388290531046071,0.0,0.07993753034966151,0.0,,0.5874637995500567,0.02895548428747359,0.008516142955526112,0.055265319090550796,3652,37,0.5739320920043811,0.06,6,0.58,6,0.9194655759781599,0.9067622723691134,0.4096186528445,,0.8455809209751919,0.9971171542387421,0.5096242281331258,0.6844846297978769,0.6867895929683898,31.124430652239276,0.836161140686953,0.3929619307576856,0.675645448479356,14.465805862675143,5.791096857494718,35.22565884176552,-0.0,-0.3272127211056938,35.45777965358111,0.0,0.0,-7.5593632753651585
136203A,P3_base_infl_0.10,P3,0.04730610980535739,0.006448549155061715,0.057434839002216756,0.0,-0.0008471041109649913,0.0,0.05628103883446063,0.0,0.06055782383309912,0.0,0.036042032441287265,0.5819489498118373,0.025609214606506777,0.0006143714083235891,0.04085756065029568,3652,37,0.5739320920043811,0.06,6,0.53,6,0.9969757357154566,0.9970353654033163,0.9984209322580269,,0.9784859491197563,0.9979897571130556,0.9399135242729121,0.9610667276627843,0.9482195111030142,3.6478684261260867,0.3121049072996931,0.1466766882645083,0.8886364793615854,12.193907791554803,5.1218429213013605,4.443997084659837,-0.0,-0.049468280080345026,4.8570018204029495,0.0,0.0,-3.5541999342312964
136203A,P3_base_infl_0.25,P3,0.04774481185055717,0.0063802778763980515,0.06227691610815153,0.0,0.0047745410089297,0.0,0.06594966198744284,0.0,0.06119209310806746,0.0,,0.01,0.02552314557691717,0.0013509064687897542,0.04136453397415912,3652,37,0.5739320920043811,0.11,6,0.58,6,0.9943692786345728,0.9942209059737113,0.9960902205140212,,0.9347636041026879,0.9980212717501403,0.8101786957232633,0.8689834323435766,0.9289200780836525,5.667234241613615,0.543481144582115,0.25541416542022904,0.8585739563944571,12.189517318229125,5.104629115383432,6.657770701833697,-0.0,-0.15605186926750975,6.972986370616606,0.0,0.0,-4.883814057121752
136203A,P4_base_depl_0.50,P4,0.08133094984350679,0.021664350424898643,0.06265677388330458,0.0,-0.003975235323065307,0.0,0.06642646699835861,0.0,0.05797861113065592,0.0,,0.01,0.058889368503258585,-0.042523255109019054,0.05966659941860815,3652,37,0.5739320920043811,0.17,6,0.53,6,0.695464339899388,0.7021104363827351,0.9964183153899343,,0.9796828336515901,0.9932303941728748,0.935718904448147,0.951345413968207,0.9592273596151711,-1.746152687663859,0.3032990637940507,0.1425382978304774,0.8688107321354799,22.759170984259,11.777873700651732,-1.8723444101518016,-0.0,-0.10122790214643587,-2.090460690622207,0.0,0.0,-2.04013787922932
136203A,P4_base_depl_0.75,P4,0.05606784804942482,0.01110069312610845,0.047909168339691666,0.0,-0.004338288872536963,0.0,0.04193656370254904,0.0,0.05910099298795922,0.0,0.012905094948172147,0.01,0.03549112070125049,-0.01787089074718932,0.04496715492331637,3652,37,0.5739320920043811,0.06,6,0.53,6,0.7270376317450626,0.7329820995207282,0.9991906782672497,,0.9900811043357212,0.9971443308218412,0.9894106384739676,0.9915638958352327,0.9757130776531686,0.6848513787537127,0.21191961804560377,0.09959365273087861,0.9073485325238215,15.556177062613791,7.098224140250105,1.0297520451961037,-0.0,-0.3177990472689834,0.6375484568182702,0.0,0.0,-2.417821531650993
136203A,P5_compensating,P5,0.088943561353453,0.014522787653549137,0.056185724723262415,0.0,-0.007901849901081429,0.0,0.05588831090764465,0.0,0.11287539070583218,0.0,0.05698896953260399,0.01,0.05318963423602812,0.04897104091931774,0.07442077369990385,3652,37,0.5739320920043811,0.06,6,0.58,6,0.31689271721866513,0.33056424722750977,0.9671366374972632,,0.9889962803485728,0.9925041380989714,0.9616804227098481,0.9616804227098481,0.9559444134815487,2.0462079039684907e-14,0.2232077450672767,0.1048986160605908,0.8832450125185668,29.939643862886705,10.637926847205623,-3.639045343478756,-0.0,2.719521011574227,-3.5252492320874405,0.0,0.0,3.3571028936333076
136203A,P6_shift_1d,P6,0.164585656981282,0.023708681310530295,0.40651264166072504,0.00546448087431694,-0.02021637172631357,0.00546448087431694,0.6345552476014437,0.0,0.18778360354069626,0.004103967168262654,0.05971545791801723,0.01,0.07775420166348598,0.017427319108643514,0.1408769756707517,3652,37,0.5739320920043811,0.06,6,0.33,6,0.9304163661479095,0.9318780867712101,0.916718579888806,,-0.3244578393845361,0.92729486745855,0.3590663772192465,0.359885625931158,0.959265985624498,2.2509625982906627,2.4488296256210966,1.1508509197044317,-0.019083816160684774,47.003911754470536,15.550840332697172,2.2751327982880114,-0.0,0.22437511315718134,-10.649210398239648,0.0,0.0,-2.1267204628865364
136203A,P6_shift_3d,P6,0.2687501190414444,0.04996766078517908,0.6403202469343384,0.03825136612021858,-0.19826299824755403,0.03825136612021858,0.7331245578607731,0.02702702702702703,0.320683588692999,0.027359781121751026,0.29336295027522796,,0.1324218386544935,0.028087099897274797,0.21878245825626533,3652,37,0.5739320920043811,0.06,6,0.57,6,0.9265005443365559,0.9244068793864215,0.9730920683107694,,-0.6598225716652568,0.8176248281531053,0.17424951047180903,0.17421496495773137,0.9428518034945954,-0.39979687158767013,2.741386909559603,1.2883410152848729,-0.35380947613558855,147.03622198034017,26.4843677308987,-0.47417707327366865,-0.0,-0.23032688163101597,-76.59685090268046,0.0,0.0,-2.970662811169672
136203A,P7_var_compress_0.80,P7,0.4165594533200708,0.954186954388357,0.08839295015181942,1.0,-0.07686274480841995,1.0,0.1055492018375889,1.0,0.10387841018234736,1.0,0.1288577639301077,,0.735867616115387,0.725559451080283,-0.5376275010682862,3652,37,0.5739320920043811,0.16,6,0.61,6,0.10707026590236922,0.11202995662298756,0.7536484779343755,0.0,0.9553894307785692,-0.6125619910169864,0.8028945199858935,0.7863836996526277,0.7071976082725411,2.108247313887249,0.4494261971420648,0.21121214269409508,0.6638990018406755,1400.1260402397784,147.17352322307744,-17.324615976105694,-4.243041573408762e+16,-93.35003987631508,-17.87607567707558,3359681707860.94,3563608268262.0347,24.706528029476946
136203A,P7_var_compress_0.90,P7,0.37188704470336603,0.9438407246302956,0.0715306794964208,1.0,-0.03995388891644234,1.0,0.07741453726886219,1.0,0.07651714805436881,1.0,0.13202181495343615,,0.7039197594583304,0.6946351021325005,-0.5719536799269296,3652,37,0.5739320920043811,0.17,6,0.59,6,0.15434758886298858,0.16345637265048896,0.9377746267112237,0.0,0.9801115867467565,0.016208634506010178,0.9147179380588673,0.9023814383671089,0.7983701174610621,1.3854411755379281,0.300081739916347,0.14102628568193798,0.786305202157773,740.0646828444106,140.78395189166608,-8.324465323641261,-3.905530561713065e+16,-88.7513161698935,-8.591973940579459,1680439848612.463,1784837528936.7244,11.125169360995324
136203A,P8_mult_noise_0.10,P8,0.03153411444194286,0.004249394857114522,0.03858108985856436,0.0,-0.0019015068348968924,0.0,0.04555655585163772,0.0,0.04023624594333024,0.0,0.010999562428993788,0.5816242504836414,0.016923124111136265,0.00046008927099320835,0.027284719584828337,3652,37,0.5739320920043811,0.09,6,0.53,6,0.9939135943537788,0.9939806191032624,0.9978530391885734,,0.9928212626021606,0.9991230304236127,0.9852887942257138,0.9904481423274182,0.9790835064455222,0.8152382309852763,0.18028663590038022,0.08472743002026802,0.9188035895543201,7.97874512759707,3.3846248222272486,1.1242560956094636,-0.0,-0.09802953138038303,0.683607892004872,0.0,0.0,-1.2850710145985398
136203A,P8_mult_noise_0.30,P8,0.0927553647461922,0.012626279428479107,0.12102288956072044,0.0,0.005835318862925984,0.0,0.1495568586668205,0.0,0.1140246877223432,0.0,0.19830255524219828,0.6071702004434878,0.049779454896058214,-0.0005810786535443712,0.0801290853177131,3652,37,0.5739320920043811,0.07,6,0.53,6,0.9979710315155054,0.9978947570740498,0.9968898482971287,,0.8832460692530371,0.9921845616971312,0.8639050696047524,0.9067481160393671,0.9130300379946488,5.135404898229383,0.7270683787540971,0.3416927431874476,0.7271188591151949,24.285811188384486,9.95589097921165,5.717097233364301,-0.0,-0.4586754441858511,5.230055440005612,0.0,0.0,-6.301896538140212
136202D,P1_peak_damp_0.70,P1,0.07881232358153761,0.03210934200248745,0.14590238414057655,0.0,-0.14528153045441855,0.0,0.16589100417473915,0.0,0.08561470392389266,0.01184305576469298,,0.1813341002033384,0.05453372238783969,-0.008713475831560418,0.046702981579050167,3652,37,0.16073384446878422,0.06,6,0.17,6,0.938073024055757,0.9271352237084322,0.1943956967915484,,0.9460207873545011,0.9945194031194942,0.6868134188832069,0.767931676618848,0.764667808259503,-23.06922173484884,0.738415325345926,0.23233426920172343,0.7591466916002227,12.811768268967427,10.90674447756795,-25.50368483753644,0.05130929796828074,0.9490418231357097,-25.41339456247818,0.0,0.0,0.9872461494708548
136202D,P1_peak_damp_0.85,P1,0.0645001071701855,0.03256871679212553,0.07824512719234103,0.0,-0.06594969738409623,0.0,0.08926835576243648,0.0,0.06665708429510042,0.011024409894292958,,0.37524251864079206,0.05183103167828081,-0.004715125124856568,0.031931390378059976,3652,37,0.16073384446878422,0.08,6,0.16,6,0.9724804993173403,0.969683991513747,0.6521230213834204,,0.9506728890585714,0.9956683108132273,0.7731555469103466,0.8542202369436853,0.8599161172939147,-13.45479788754644,0.7058790113924038,0.22209707549049038,0.832590796634704,12.364698611118088,10.366206335656164,-15.1168259219016,0.09221323287585753,1.57294199726815,-15.96690326156778,0.0,0.0,2.456100721828155
136202D,P2_peak_infl_1.15,P2,0.06270654129661286,0.03220368953857996,0.07394204805251259,0.0,0.05557382810463468,0.0,0.08238896702806593,0.0,0.06495868453209704,0.011014252186793196,,0.17119350172990275,0.050829161533735345,0.001954383503084753,0.030502851758032905,3652,37,0.16073384446878422,0.08,6,0.17,6,0.9847552361292896,0.9807556732378024,0.8301290691728106,,0.9693284037885764,0.9958752885522821,0.8396610360699368,0.8760706498046067,0.8694105873869495,12.240664224991924,0.5566159127013088,0.17513308143073247,0.8346508379310618,12.305918190580925,10.165832306747106,13.586842644467195,0.3787905389435762,1.6984549777366018,13.232289577349643,0.0,0.0,-3.450945098566626
136202D,P2_peak_infl_1.30,P2,0.07255310032772808,0.03194046521292005,0.1250141657365503,0.0,0.11904271288998304,0.0,0.1236340169498536,0.0,0.07815096999437081,0.012674839270588236,,0.18066307884676547,0.05285626074638486,0.009991590254545202,0.040612635114808025,3652,37,0.16073384446878422,0.06,6,0.17,6,0.9561713582573271,0.9491135772606012,0.4535320396092006,,0.8268813519103196,0.9950412421326542,0.528008465898875,0.7098077571929678,0.71608734204372,27.88922485576857,1.322389386214714,0.4160752913712617,0.6970112186304855,13.141853734720705,10.57125214927698,30.760536187265895,0.17310715607692762,1.1732362908400478,31.10532305780276,0.0,0.0,-3.7121730168797242
136202D,P3_base_infl_0.10,P3,0.08740152791811895,0.5640940985570839,0.0625168202551637,1.0,-0.006085105202629036,1.0,0.05679444987799263,1.0,0.06026249233275106,0.932835517966014,0.01924953823760956,,0.26251210029341804,0.23455093734183946,-0.476692570638965,3652,37,0.16073384446878422,0.63,6,0.13,6,0.5979209959855285,0.6079175867022201,0.9981712776362368,0.0,0.9796338092812226,0.9898820580727689,0.9886435821553775,0.9892893911187788,0.9660535998477894,-0.20462866854866363,0.45356792198764406,0.1427101633338615,0.8751300656247185,81.11209981654723,52.5024200586836,-0.4428711626820006,74.19304567951458,-7.199085138027922,-0.863032038351538,73425417275.20576,82313255030.79964,-2.733188206193173
136202D,P3_base_infl_0.25,P3,0.1040245668193568,0.6185879964737236,0.054456756876865575,1.0,-0.004114756004746837,1.0,0.05034918299312649,1.0,0.058814676141320646,0.9644607340200054,0.09483501853631,,0.3072339267535711,0.28738168140819975,-0.5145634296543669,3652,37,0.16073384446878422,0.38,6,0.13,6,0.4422298625286282,0.4523627976026174,0.998526177533293,0.0,0.9957687410138976,0.9675134878556401,0.9931678407407797,0.9951856545602681,0.9772043450749939,-0.24645595333742193,0.20673891516059711,0.06504812822904588,0.9128600690217226,215.08371913899788,61.446785350714194,-1.185753221120804,79.99525888411092,-16.624815323037264,-1.4107956766588108,183559660800.10498,203477361026.84152,-1.6780690730355095
136202D,P4_base_depl_0.50,P4,0.14726403658895884,0.16752438971195127,0.05979377374859681,0.0,0.003093155384221656,0.0,0.0519733580485788,0.0,0.05928706648453319,0.06616452016658794,0.14721054850652332,0.01,0.19696224306924384,-0.1797814922672211,-0.02026035312299243,3652,37,0.16073384446878422,0.26,6,0.12,6,0.35840462047166183,0.3658491709796492,0.9958868502689711,,0.9888730702840137,0.9681053056652075,0.9654231256214765,0.9726292405626318,0.9697119881606378,0.7329593633434934,0.3352548746394985,0.10548426288307806,0.8923737984237894,36.083079110487475,39.39244861384875,1.427395334548133,10.660542942863467,24.286623643858047,1.4616319849626924,0.0,0.0,-1.9713123726322401
136202D,P4_base_depl_0.75,P4,0.08533299300042338,0.07314349170301919,0.05487676300616551,0.0,0.001136851230200967,0.0,0.05580419211395316,0.0,0.0588149004744911,0.029268752286952165,0.036224384571602306,0.01,0.09443286349778778,-0.07642103633797011,0.01218950129740419,3652,37,0.16073384446878422,0.3,6,0.12,6,0.48526630625035705,0.4912565379913843,0.9973924313625917,,0.9848406265785655,0.991042466775194,0.9252658005718951,0.950237935759939,0.9551567518091668,-3.0144379052070263,0.39131640442165655,0.12312340728486375,0.8888085255032524,19.853066751247873,18.886572699557526,-3.690171153176558,4.481229451373079,9.28864790818239,-4.2339702820129155,0.0,0.0,-0.06469493069299903
136202D,P5_compensating,P5,0.3555505527690599,0.9157626889008773,0.1556196606226011,1.0,-0.15514402679857195,1.0,0.1702215529464449,1.0,0.08886512127576332,0.9991752957979823,0.3148187793078023,,0.6672066748382974,0.6327904124924413,-0.5602121361318174,3652,37,0.16073384446878422,0.06,6,0.6,6,0.2565153308130396,0.257376110594466,0.20846261070451594,0.0,0.9057552942085054,-1.106408956383866,0.7075612343205062,0.7075612343205062,0.11117300674050712,-1.578375660479945e-14,0.9756991134099225,0.30699300609540703,0.4648747003595164,10315.851582165067,133.44133496765963,-29.376472152423506,58.918967769824285,-89.55599054227211,-29.440722279368902,3734239379043.4077,5798435168783.661,30.359571755235685
136202D,P6_shift_1d,P6,0.16575655931935143,0.07357103688899012,0.34604839507433693,0.01639344262295082,-0.04900213724480313,0.01639344262295082,0.44481601456551856,0.02702702702702703,0.19053710031106955,0.05775081766633569,0.19085270479568722,,0.11010667742939022,0.011612044106012628,0.09218552243036131,3652,37,0.16073384446878422,0.06,6,0.16,6,0.9755106520563767,0.9761483698123598,0.9678546537552635,,0.12990496622861158,0.9374844888821031,0.5736407326702542,0.5742648836680556,0.9552272666325927,3.1086838070849994,2.9646318753312078,0.9327888473665346,0.2386728916341121,30.469640298599032,22.021335485878087,3.6295398778405787,0.07935138486990653,1.7006545952066066,-3.9553847918027434,0.0,0.0,-5.052041202568368
136202D,P6_shift_3d,P6,0.29818999463429857,0.13682559424298668,0.6116337823562066,0.0546448087431694,-0.24981085165403474,0.0546448087431694,0.6890084952580511,0.05405405405405406,0.3494306412075498,0.10244845603472902,0.2932257573978098,,0.19939326915363953,0.027413175512007497,0.1613644003913119,3652,37,0.16073384446878422,0.06,6,0.16,6,0.9581294570926081,0.9580341085358204,0.9814408479346752,,-0.5773713445366762,0.7846562216549288,0.265761021470596,0.26726347266833117,0.9250628862088928,1.5251560012198087,3.9916679069223417,1.255934450732472,-0.24380431283801274,78.88261881405607,39.87865383072808,1.8274170612524596,0.15216659290464704,0.7171749704186838,-56.305744946328495,0.0,0.0,-3.0631537760479723
136202D,P7_var_compress_0.80,P7,0.3790291258989781,0.9010683980611832,0.09639067098378593,1.0,-0.08646620977066016,1.0,0.1215953149859799,1.0,0.12888712085278986,0.9984669360117631,0.13156540628523716,,0.6698103767638853,0.6581468056659131,-0.5220392721622051,3652,37,0.16073384446878422,0.13,6,0.63,6,0.0952351956179839,0.09911758539310753,0.6616761585355625,0.0,0.907653234971535,-0.4011073265396572,0.7641457992377447,0.7719510802914402,0.7090480790924939,-1.015731169257262,0.9658246203867603,0.30388610535604443,0.634368443998572,5678.120370949592,133.96207535277708,-21.06030625104917,84.73427264545155,-81.21781796723872,-21.540896397977864,4974063914323.147,5262345711824.308,24.493536285299697
136202D,P7_var_compress_0.90,P7,0.29890680862530633,0.8545884796304047,0.06988195835754808,1.0,-0.04078866628853472,1.0,0.06558639964750876,1.0,0.08657519459105815,0.9969526707162607,0.1307369944536589,,0.590698248221132,0.5816855929844356,-0.5556816710050985,3652,37,0.16073384446878422,0.2,6,0.24,6,0.13271247629956762,0.1413022866699936,0.8960455328594612,0.0,0.9610040186362545,0.19336595784841148,0.8917098604357618,0.8894514222346059,0.8401693206598178,0.25622159326268806,0.6276208401981388,0.19747400174135718,0.7708664814382801,2944.703395115252,118.13964964422641,-9.644808789066115,87.03828170105767,-68.75540135920724,-9.81798432261805,2567527645161.8813,2751791601838.614,11.970781368401937
136202D,P8_mult_noise_0.10,P8,0.039259456295831295,0.021271450044329406,0.03857720802729269,0.0,-0.0007656096391297838,0.0,0.04233576946908876,0.0,0.04073129707908611,0.007638121365327533,0.03550732254652679,0.19788291144752354,0.032993815050989195,-0.0012711035737376726,0.01798800625150189,3652,37,0.16073384446878422,0.23,6,0.16,6,0.9953352612267132,0.9953467079608659,0.996907624956572,,0.9951246799795999,0.9983137452322222,0.9856577000813777,0.9885283450759832,0.9786925630653582,-0.3043266762289047,0.2219161928265151,0.06982349189492154,0.9263573829444274,7.885809222076539,6.598763010197854,-0.2215927696517591,0.04659955462103997,0.24914617627227037,-0.5513019080523942,0.0,0.0,-0.5405309090691022
136202D,P8_mult_noise_0.30,P8,0.11399297480231857,0.06329126258218207,0.11166298863568018,0.0,-0.0001645870954545744,0.0,0.12808080466696592,0.0,0.11416353797274578,0.021991117206556117,0.060554416718135856,0.17426769536286346,0.0973316462693341,1.873073250554918e-05,0.0507017122201365,3652,37,0.16073384446878422,0.18,6,0.17,6,0.9972035723068041,0.9973487566484995,0.998027366557175,,0.8878361736323254,0.9849916392722796,0.8356197720948975,0.8723476952477791,0.9237002633501105,-4.715454400789339,1.0644219874670346,0.33490868362536474,0.7579209765664889,24.333132965885774,19.466329253866842,-6.614541930516954,0.5471159409861663,3.7717048618762505,-8.363810430107453,0.0,0.0,-2.7543895112198142
137201A,P1_peak_damp_0.70,P1,0.08147222418006103,0.0236506155622512,0.15528318476785477,0.0,-0.15313927246962952,0.0,0.19077666174503022,0.0,0.08924885055494675,0.0,,0.27190468872757356,0.05059922037844049,-0.009568693594527384,0.05782160861780983,3652,37,0.2634173055859803,0.07,6,0.27,6,0.9378977982318577,0.9274079400163739,0.2652217992375593,,0.8853283059237985,0.9947417206138777,0.5634558289239903,0.7040019102978217,0.7042448570128303,-29.259551164980994,1.5635378832994915,0.3386320925077856,0.7003666098601382,13.439987961090067,10.119844075688123,-31.64820531267309,0.3299662826345894,0.12208459042428678,-32.278499275367004,0.0,0.0,6.478939134069859
137201A,P1_peak_damp_0.85,P1,0.06422364631458742,0.02293103250997639,0.0839303643311171,0.0,-0.07173357121974414,0.0,0.09970280211918695,0.0,0.07012131809711206,0.0,,0.28919163611557086,0.04557366073940933,-0.00432315992125215,0.04129261380461103,3652,37,0.2634173055859803,0.08,6,0.22,6,0.96841447390934,0.9622224246610924,0.6281339030826945,,0.9527897702097583,0.9964898180800955,0.7501784155870572,0.8355046435265614,0.8360562800843853,-15.993481562211564,1.003225011884055,0.21727915176160295,0.8237545508162416,12.364577003562033,9.114732147881844,-17.38819304805606,0.37369522692441115,0.2859798956447747,-18.180443562742877,0.0,0.0,2.9087089707403617
137201A,P2_peak_infl_1.15,P2,0.06284197225557994,0.022869771432622504,0.08458305577223998,0.0,0.07084280989342635,0.0,0.08208785305511089,0.0,0.06711849047758968,0.0,,0.2851567162808384,0.04522789952941194,0.0015575083857100713,0.03997220082295744,3652,37,0.2634173055859803,0.06,6,0.27,6,0.9724570313064589,0.968033456651839,0.7101122490717848,,0.8984118025973232,0.9966788931283671,0.7192140886774823,0.8298170914388274,0.8377462315866991,15.475841982799414,1.471641143586076,0.31872903445195694,0.8178775268898606,12.513525014328309,9.045579905882386,16.48331497613975,0.3420433376970636,0.44804849618918113,16.10025621754044,0.0,0.0,-2.402896705737199
137201A,P2_peak_infl_1.30,P2,0.06990054020066708,0.022411111780465925,0.11661114459144675,0.0,0.11216483364435963,0.0,0.12249670170791094,0.0,0.07581448474576331,0.0,,0.2705705331674596,0.04637967726335818,0.009105311867845375,0.04748942842020115,3652,37,0.2634173055859803,0.07,6,0.22,6,0.9455915976223094,0.9360151748524411,0.38132503260305795,,0.8798826581356713,0.9960103334134917,0.5654808920870711,0.7161291574667816,0.7171131034880749,28.113445411723593,1.600232735964341,0.3465794885222272,0.7120737520937852,13.143558185149331,9.275935452671641,30.089187996961574,0.16500278039650387,0.2814046669794502,30.397042289123117,0.0,0.0,-5.927770380087764
137201A,P3_base_infl_0.10,P3,0.1105265336784648,0.6805867750476268,0.06592910353193475,1.0,0.006777668287512592,1.0,0.07121029974835665,1.0,0.06034967738447012,1.0,0.10275734848196419,,0.34424005075869085,0.31534097173688186,-0.570060241369162,3652,37,0.2634173055859803,0.5,6,0.23,6,0.5671469776949458,0.5768395368205047,0.9903579677057612,0.0,0.9659998452407623,0.9952080705390165,0.9088034857830816,0.9408655150172064,0.9442646918980311,3.6016016145823744,0.8513747014275448,0.18439130879528362,0.8556635456728905,54.857591432696836,68.8480101517382,4.03295527445936,24.60099138346364,-16.57829032583899,3.8027481536133254,45791185444.15536,49345576577.00889,-0.7088573184287039
137201A,P3_base_infl_0.25,P3,0.128840096436068,0.7159229466861133,0.06409993436431503,1.0,0.006364545357698532,1.0,0.06969285230307212,1.0,0.06264287643243026,1.0,,,0.38005393630143314,0.3583432057330539,-0.5870828502500454,3652,37,0.2634173055859803,0.48,6,0.28,6,0.4562708413129552,0.46630958762270325,0.9976213784593844,0.0,0.9690858436165652,0.9873597315887268,0.9576367566784237,0.9441776578527884,0.9500604035427858,1.5943232950655002,0.8118185932556753,0.17582422012747506,0.8523195835012156,122.90851503895894,76.01078726028666,1.5644537347227616,13.668415819039993,-28.99827808047874,1.1833030230106143,111920203913.50414,122176877310.5571,0.558372926045264
137201A,P4_base_depl_0.50,P4,0.13853497982582477,0.11349998153896837,0.05848729208280507,0.0,0.004758914627262782,0.0,0.07219418995707436,0.0,0.05770015077909772,0.0,0.014964692493271908,0.01,0.16184597970871137,-0.14415291622254942,0.025034998286856402,3652,37,0.2634173055859803,0.26,6,0.22,6,0.40746835071572046,0.4150441718060983,0.9878991552702809,,0.9428519469290612,0.9820908982428334,0.8500096563309051,0.891954493614743,0.9412836536076951,4.0649190120648075,1.1037761703386006,0.23905658968315185,0.8525909886767173,34.07783145123251,32.369195941742234,4.925247674950335,13.730966436251848,14.922698579866246,4.722181360501274,0.0,0.0,-3.982615621492806
137201A,P4_base_depl_0.75,P4,0.08198888548720147,0.05201440080542024,0.05441904853149175,0.0,0.006238177493218342,0.0,0.04904588455131138,0.0,0.05800021500623635,0.0,0.23813373750001632,0.01,0.08140033580036386,-0.06302966374392235,0.02997448468178123,3652,37,0.2634173055859803,0.26,6,0.22,6,0.5056397154960306,0.5121841722264198,0.9927921909901978,,0.9879691945347909,0.9942176688213521,0.9750158352573773,0.9610839504400929,0.9595962627995634,1.895815811661645,0.5064395873885654,0.10968502844604228,0.8950057883465388,19.580397000364734,16.280067160072758,2.22806030522029,5.975211392328118,5.61352273019789,2.01361852347112,0.0,0.0,-1.8428935609227182
137201A,P5_compensating,P5,0.37488230669050054,0.937440055536822,0.15226869483864117,1.0,-0.15101322230269523,1.0,0.17994935253819544,1.0,0.08810527352996239,1.0,0.3108631048527065,,0.6952824282460791,0.6631403841160648,-0.5625577488463214,3652,37,0.2634173055859803,0.06,6,0.55,6,0.25846378632026445,0.25846378632026445,0.24985663214857196,0.0,0.8801007162408998,-1.657666103722577,0.6631686116280693,0.6631686116280691,-0.13168671246308605,1.8990390942501606e-14,1.5987795643289693,0.34626475962635905,0.41980035294291174,17210.21875874539,139.05648564921583,-31.21658589042396,-119.97994679160428,-93.5518062230025,-31.430429439472427,3414506344212.2363,5168434936407.952,53.36052968046291
137201A,P6_shift_1d,P6,0.22969876787226562,0.0995142074089334,0.4690041066025747,0.03278688524590164,-0.05910611165962097,0.03278688524590164,0.5169620484670632,0.0,0.26778717687685266,0.038303693570451436,0.1441104249171118,0.01,0.15488252940471603,0.021563425947339312,0.1301845604633322,3652,37,0.2634173055859803,0.06,6,0.26,6,0.9527460063334078,0.9528541673941747,0.9407012943623725,,0.13670400464461707,0.896073382004852,0.5306402395304897,0.5335525491455049,0.9526688743562814,-2.2928283125165967,4.290028301242491,0.9291372317130462,0.0388087280468461,53.913408832343244,30.97650588094321,-2.6621195451458033,0.3703109220379967,0.3283107545129902,-42.78049595182064,0.0,0.0,0.2262761732103077
137201A,P6_shift_3d,P6,0.4009279854163407,0.181994880762252,0.7249412199013701,0.07650273224043716,-0.31988893402821045,0.07650273224043716,0.786216961680149,0.02702702702702703,0.48171257007269486,0.09165526675786594,0.31215811662875276,,0.27764884654421607,0.04941272218451454,0.21893310465408872,3652,37,0.2634173055859803,0.06,6,0.26,6,0.9381157856544168,0.9362089483810155,0.9402268197364062,,-0.8653244688412245,0.6669647860055143,0.07229667183861865,0.07230464981259188,0.9126590329229683,0.9213885302752608,6.306051129420438,1.3657688196913944,-0.5740085138859452,176.1476102160553,55.52976930884329,1.0205278188570321,0.3587158365817586,1.270878793512602,-86.18380117066309,0.0,0.0,-1.9646429756545334
137201A,P7_var_compress_0.80,P7,0.45547782726661556,0.9428484611570882,0.0952405009451836,1.0,-0.08097437159561881,1.0,0.12495992974339104,1.0,0.1982648982466111,1.0,0.10206932623531607,,0.742450264803173,0.7324321607782902,-0.48737063389047264,3652,37,0.2634173055859803,0.13,6,0.63,6,0.07144367074717653,0.07592132620812157,0.7588284930723084,0.0,0.9526315647600553,-0.7700153049182012,0.801792403475122,0.7985439070631554,0.654873367656613,0.4069643088394435,1.0049045516766588,0.21764290762610383,0.6274063723124867,8305.243207034106,148.49005296063478,-19.55207559750289,30.46820356799783,-91.39873945686374,-20.25393095632271,7410952017744.305,7915494029872.191,44.120916506673026
137201A,P7_var_compress_0.90,P7,0.3696983125205601,0.9151691984793284,0.0657045472274915,1.0,-0.03767766477351942,1.0,0.07330426697105863,1.0,0.12497279466576391,1.0,0.09947902906739234,,0.6756606561129401,0.6685583968052778,-0.5454708859587682,3652,37,0.2634173055859803,0.14,6,0.62,6,0.10298101177779678,0.11197205698628057,0.9607672687880209,0.0,0.9804275854758207,-0.0403116623379125,0.9119367000316108,0.8973728513725455,0.7931568632269956,1.649242749515331,0.6459553456540423,0.13990144575442884,0.7890665933416916,4110.152152918042,135.13213122258807,-8.002387071457619,46.27842056056872,-85.74316866527882,-8.756772946637867,3731238749531.508,4008126019420.909,18.30808694736029
137201A,P8_mult_noise_0.10,P8,0.03725537732383897,0.015340361475650245,0.04039074487256385,0.0,0.0069059456625498155,0.0,0.03463301873331214,0.0,0.03755098512167659,0.0,,0.32300434298218683,0.028813305588464972,0.0007858767139302903,0.021915015848188724,3652,37,0.2634173055859803,0.07,6,0.27,6,0.9933287072332674,0.9921092587425164,0.98091663900984,,0.9915071756287593,0.9987442445837085,0.9659528294514563,0.969855484617556,0.9637504365038035,2.831002752967585,0.42550666353241673,0.09215652104566784,0.9230737879491466,7.871344053470524,5.762661117692995,3.3545609989082235,0.1738628362022689,0.9949773206075239,3.257392411757333,0.0,0.0,-1.3619221585604908
137201A,P8_mult_noise_0.30,P8,0.112801012724361,0.044955333478525435,0.11959411694801586,0.0,-0.008933861969659918,0.0,0.1105002486694735,0.0,0.1166897290709109,0.0,0.018713092816987895,0.8681568281510181,0.0863172641892316,-0.0005388209781028282,0.06784567924583557,3652,37,0.2634173055859803,0.14,6,0.22,6,0.9969034395465077,0.9969073052831201,0.998676043510488,,0.9643574935351263,0.9882129180636573,0.9253064140825824,0.9460354756216769,0.934247098054208,5.164054101734667,0.8716947143662601,0.18879223094416156,0.8006293220141744,24.429253707748746,17.26345283784633,6.185941058622076,1.7580809722108541,1.749115229044158,6.809567432819146,0.0,0.0,-4.4713047361405875
137101A,P1_peak_damp_0.70,P1,0.08019134220878947,0.028643361379420924,0.15203844690022847,0.0,-0.15181736111696797,0.0,0.17586811637113894,0.0,0.08703790053542022,0.0,,0.3142027655985188,0.05342850219370357,-0.010903529606749549,0.051547980829368546,3652,37,0.20153340635268346,0.06,6,0.21,6,0.9315527532912837,0.9218993747101418,0.18066715287478,,0.8997518836359778,0.9955290825431549,0.5940189623719156,0.717177943722774,0.7135370355626494,-28.23463332945752,1.3956190187149535,0.31661982939168887,0.7121307197733397,13.092169131524145,10.685700438740712,-30.589781035076054,0.3064880939732655,0.16300261079258596,-31.07498563092087,0.0,0.0,4.373276053165303
137101A,P1_peak_damp_0.85,P1,0.06488900018165684,0.028934197064549198,0.08499762728407904,0.0,-0.0744168700225215,0.0,0.10099716941268579,0.0,0.06854844030592057,0.0,,0.2262169579604295,0.04968662993083621,-0.003807429048612122,0.03595480311710765,3652,37,0.20153340635268346,0.06,6,0.21,6,0.9714691199826677,0.9646478871506956,0.667365515723477,,0.9648254754629004,0.9969226842114324,0.7870907685242763,0.854377205979904,0.8501171785236061,-14.492341810240468,0.8266903848697205,0.1875487257677309,0.8347905834489463,12.453469078563266,9.93732598616724,-15.933406627651689,0.37348940624753807,0.5982654018653232,-15.812314529102611,0.0,0.0,1.2938480062585926
137101A,P2_peak_infl_1.15,P2,0.06341335089913261,0.028714890878635317,0.07681015595140335,0.0,0.05321629507031428,0.0,0.07877287305169574,0.0,0.06610794337808412,0.0,,0.21685493674291142,0.04949839226263572,0.001981527278038825,0.03469846002049729,3652,37,0.20153340635268346,0.07,6,0.16,6,0.983047121714509,0.9802432592295782,0.8388131865529604,,0.8580170059069322,0.9969818850047841,0.6525124798532586,0.7940082357927553,0.8381420671796762,15.533099551673727,1.6609131887439113,0.37680630845710084,0.809096547390395,12.626958381496847,9.89967845252714,16.974805254681613,0.2861506311207785,0.3456406320132358,17.753445877292425,0.0,0.0,-4.371348804406419
137101A,P2_peak_infl_1.30,P2,0.07631603557020745,0.028022192111501226,0.13234232162913576,0.0,0.130463000928185,0.0,0.14623856684838776,0.0,0.08335643561425836,0.0,,0.21268530836366714,0.05185725863482951,0.0092893754592838,0.04829384345870623,3652,37,0.20153340635268346,0.06,6,0.21,6,0.9443901996932831,0.9339088143963372,0.2673051043655367,,0.8845892341638181,0.9958999770922321,0.5745370869439068,0.6831844388374442,0.6814081516990063,31.5687201941137,1.49744862037306,0.3397216004851354,0.6779587049841753,13.56204701680242,10.371451726965912,33.924805033417236,0.45733199431959554,0.5054294604788152,33.481109412478624,0.0,0.0,-4.14747235834323
137101A,P3_base_infl_0.10,P3,0.10142062922062033,0.6324820462081922,0.057936905363783,1.0,-0.0032514822813044394,1.0,0.05627519319377228,1.0,0.05967380298604245,1.0,0.11294024045780207,,0.3113291916150442,0.2848455952390035,-0.5310614169875718,3652,37,0.20153340635268346,0.59,6,0.17,6,0.5499971460419322,0.5598942409412014,0.9990525463769296,0.0,0.9837332903675877,0.9958374161106484,0.9380714363329701,0.9518493731807897,0.9657678337185513,1.369834984972819,0.5621841871238428,0.1275410115704446,0.8826678993006085,78.49932705916424,62.265838323008815,1.5837102483953245,67.89004737622396,-15.125329657601165,0.987230259587236,39000481806.27804,42971181410.70284,-2.498457185775501
137101A,P3_base_infl_0.25,P3,0.12165073588085576,0.6880413004904687,0.055199684253297764,1.0,-0.004913672586457959,1.0,0.05038115035333808,1.0,0.05795591955437673,1.0,0.15330552384864024,,0.36073532025974697,0.33997702750438413,-0.566390564609613,3652,37,0.20153340635268346,0.54,6,0.22,6,0.4553368209797638,0.46500703181580666,0.9922914667268724,0.0,0.9911271153648294,0.98974730040952,0.9687153819578896,0.9791697959593796,0.9645134671525256,-2.0065066212093416,0.41520367232512456,0.09419599054721242,0.9012907230487622,181.62765450467498,72.1470640519494,-2.6605969174294,68.08554942100868,-26.8381028405248,-2.511578715874547,95152532663.06415,103984190931.36029,0.16985309310476965
137101A,P4_base_depl_0.50,P4,0.14597107119330083,0.14398788988355196,0.06018022516263051,0.0,-0.00859560489802703,0.0,0.06339919675598274,0.0,0.06365616492779809,0.0,,0.01,0.18355748185623244,-0.16558211504361803,0.001983181309748866,3652,37,0.20153340635268346,0.3,6,0.16,6,0.3798708894155148,0.38682780137350886,0.9973394693702062,,0.9875864092284683,0.9864504205495885,0.9208843879927346,0.950099510126931,0.9496382492291251,-3.9189420488370326,0.4911085337588299,0.11141629491026736,0.888905342167805,35.494241845539776,36.7114963712465,-4.500847328264282,12.984510663723327,16.076381605840112,-4.902711020973001,0.0,0.0,-0.2104619460938992
137101A,P4_base_depl_0.75,P4,0.08543076047021234,0.06401386404540357,0.05818863306705364,0.0,0.0008631932667078402,0.0,0.056529976845946746,0.0,0.06012927079951168,0.0,0.025571453581943973,0.01,0.08974575498819111,-0.07027899161962724,0.021416896424808762,3652,37,0.20153340635268346,0.3,6,0.16,6,0.4682966370483027,0.4744544416892043,0.9986643792204262,,0.9917496341904081,0.9950631050749191,0.9651391785300568,0.9768856738001828,0.9720981109436189,-1.3924777603630623,0.400373542863738,0.09083152431613141,0.8991426930071617,19.92402946615022,17.94915099763823,-1.7868384430622566,5.644531830425108,7.6795353906089785,-2.6307137328876067,0.0,0.0,0.0917707085186116
137101A,P5_compensating,P5,0.38723518539024127,0.9406819851893323,0.1716400181142093,1.0,-0.1689791690825522,1.0,0.20207391736648656,1.0,0.09392084379900824,1.0,0.3156352028196255,,0.7038023240182374,0.6653636941998959,-0.5534467997990911,3652,37,0.20153340635268346,0.06,6,0.6,6,0.2557751168955471,0.25577511689554716,0.24741511433884372,0.0,0.9201941095265455,-1.609706208227927,0.7378368012428356,0.7378368012428356,-0.059574962705149614,-1.0894870433890462e-14,1.2452204445595514,0.2824993636691143,0.4424349158830656,28102.97536694252,140.7604648036476,-29.550415924489872,-18.80745441078447,-93.5048994003307,-28.857956320221398,2328602415767.9307,4081415569389.253,36.70566963454599
137101A,P6_shift_1d,P6,0.2116374354086892,0.11492223458379044,0.3911816991557614,0.03825136612021858,-0.07272884970983975,0.03825136612021858,0.4205548890692109,0.10810810810810811,0.24087653803149064,0.047879616963064295,0.22131082812194097,,0.156963923212196,0.022110613807933076,0.09671520082489876,3652,37,0.20153340635268346,0.06,6,0.19,6,0.9458911454497719,0.9461971171396748,0.9739438639211133,,0.2803812931847611,0.9245836150030897,0.6589474678103183,0.677425905118437,0.9269305662684965,4.862975549761453,3.739211156606478,0.8483034285061206,0.21858306997638155,48.74095449710617,31.39278464243921,5.776400224789986,0.31506733486778743,0.24572932712852566,-16.420930238577117,0.0,0.0,-4.645766274440051
137101A,P6_shift_3d,P6,0.38474250457214654,0.21319054372522145,0.6692138063175344,0.1092896174863388,-0.24031512562072513,0.1092896174863388,0.7606643435719069,0.16216216216216217,0.4416556922836812,0.11901504787961696,0.3819717265249962,,0.28673675254612524,0.05890304669625236,0.1715519608469251,3652,37,0.20153340635268346,0.06,6,0.2,6,0.9169467157883116,0.9162897055615769,0.9577959939486224,,-0.9225061161123589,0.7316942257980814,0.10471469087566476,0.10766555968274083,0.8871111979466896,5.205284672986581,6.111708519811244,1.386544667910976,-0.48467452514068965,132.68050925670642,57.34735050922507,5.815379375952473,0.31758989661248427,0.7215166211701127,-84.40096823660265,0.0,0.0,-3.14666259647788
137101A,P7_var_compress_0.80,P7,0.4706426446475088,0.9507264045017745,0.08582249055004296,1.0,-0.06937172303108616,1.0,0.08297752949448844,1.0,0.18160065150768687,1.0,0.11260376683287941,,0.7600471060033885,0.7497845070120509,-0.48008375985426566,3652,37,0.20153340635268346,0.1,6,0.66,6,0.07846162237178131,0.08374272040640961,0.7100713974116248,0.0,0.9516820408408309,-0.7933939136892534,0.8051724307901462,0.7730900674435617,0.5959202963177366,4.216539390322433,0.9689091557007103,0.21981346446286948,0.6674921214120201,14600.099827202283,152.009421200678,-14.826579877792344,70.06600366153225,-91.2892862078485,-15.194324230076601,7024393159293.961,7456385661299.524,30.838879835085695
137101A,P7_var_compress_0.90,P7,0.39702401400303455,0.9261160007717566,0.06784975047669994,1.0,-0.04259106151597322,1.0,0.07920169412694768,1.0,0.11518635869521798,1.0,0.12100852415890266,,0.701464545256406,0.692752006814147,-0.529091986768722,3652,37,0.20153340635268346,0.15,6,0.4,6,0.11586417092411999,0.12380008322423705,0.8977508749439528,0.0,0.9755138706712092,-0.057771347655785066,0.9687408454413013,0.9544871846617919,0.7429540956420777,1.8431073224773957,0.6897454401658052,0.15648044391805238,0.7754658900780134,7294.703781881294,140.29290905128124,-7.491706192439788,75.93496260986885,-85.97718963180829,-7.50394483027653,3554854738770.0835,3783012321351.2925,14.258393362082668
137101A,P8_mult_noise_0.10,P8,0.03884373171365594,0.01947085550258315,0.03942983083844421,0.0,-0.005175800438836494,0.0,0.03600686929698207,0.0,0.039434841627924856,0.0,,0.30355344092878206,0.03211634141576066,-0.0011719356841286728,0.01937287621107279,3652,37,0.20153340635268346,0.31,6,0.16,6,0.9970525808169035,0.9972180823097834,0.9951338855290246,,0.9965748883730203,0.9988257703041055,0.9749153163589477,0.9793818448886131,0.9811867636296747,0.44744540430025137,0.2579681764020668,0.05852445323947659,0.9347985781348596,8.064829776720268,6.423268283152144,0.5695584227975498,0.2054858965577025,0.45342854143061334,1.0265674118462484,0.0,0.0,-1.3165141438300012
137101A,P8_mult_noise_0.30,P8,0.11634721682955625,0.0561437084194983,0.11842715189860592,0.0,0.0018369892537367228,0.0,0.1245605080075282,0.0,0.1180834865969748,0.0,0.016322041168666177,0.22136423565869384,0.09465897619326331,0.0020980072144788347,0.06020350841005795,3652,37,0.20153340635268346,0.32,6,0.16,6,0.993307545500948,0.9934056598535985,0.9923537547181187,,0.9393327897213233,0.9892007677489625,0.9449531201973026,0.9574594422478722,0.9343042236335697,3.1159279103563406,1.0856898583056016,0.2463071462192616,0.7594160850046872,24.908978485720635,18.931795238652647,3.090422061543661,0.4178412819977668,1.1185495500302307,1.7340000669414941,0.0,0.0,-4.611506551689088
143303A,P1_peak_damp_0.70,P1,0.07610514964446473,0.06014627852498115,0.1256642651891304,0.06143125739413057,-0.1204474449139897,0.0025701688493192923,0.179576834186693,0.06206511842349747,0.07725711100697844,0.06087012715158813,,0.018516272196152424,0.0641281843928819,-0.006959654595240885,0.015958871119483575,3652,37,0.0,0.06,5,0.12,5,0.962615811733367,0.9543195721180838,0.44876489337444586,0.9914221391892681,0.9104279897073738,0.9903411780203479,0.67297320114378,0.7825250999365034,0.8218516649217276,-16.309372266483603,2.8908690246480186,0.2992858337653591,0.7902486504140067,12.77354616341324,12.825636878576391,-28.349380384981945,-7.16012707295229,0.5369614230132332,-30.08942664678613,2.256466752282827,-5.902048377954474,4.305610263819799
143303A,P1_peak_damp_0.85,P1,0.062300139986288826,0.05926321468777335,0.06742923690302559,0.05562579038539154,-0.05229189995943805,-0.004762246988011774,0.06848339268833095,0.050831788422846434,0.06281750092929571,0.060178910401842485,,0.013837982659579896,0.060487283904060274,-0.0048908990043189556,0.003036925298515479,3652,37,0.0,0.12,6,0.09,6,0.98706100643655,0.9843446622960738,0.7925349509700046,0.9989938694700392,0.9308979199047629,0.9918538880560938,0.8105627041759411,0.8670490503391262,0.9173912429117401,-7.233627075817744,2.539146830160871,0.26287274505972863,0.8638163204454283,12.10707200099409,12.097456780812074,-12.504251976147566,-3.064278938531301,-0.8465471872466934,-13.274164999525109,-0.3202138481637544,-6.529394268455039,-0.02634811487136942
143303A,P2_peak_infl_1.15,P2,0.06263980703655937,0.06071223767371265,0.07393341398506638,0.06267996176730695,0.050406830333457574,-0.004861126228817711,0.07610116537447136,0.057811078163889064,0.06382956202993514,0.061397365089424914,,0.014882838990372215,0.06086591751673421,0.004670179348216862,0.001927569362846722,3652,37,0.0,0.06,5,0.23,6,0.988012663183814,0.9869746062789647,0.8568692374821316,0.9963614866843976,0.9455379541722585,0.991686997198535,0.8810369251089272,0.9224945110073752,0.9236764476517851,7.229659063547601,2.2541833139302407,0.2333710475353392,0.8498430552817097,12.443146976629945,12.173183503346854,9.848445374400113,-9.273637667877725,-0.660255145075627,8.714896206226012,3.2090085369084043,-2.489993068110958,-6.077920117801632
143303A,P2_peak_infl_1.30,P2,0.06983455668501269,0.05982868727433325,0.10010255065723139,0.059920377814417274,0.09561063466557185,0.01020127840695706,0.12107261479242076,0.05822105148915584,0.07243993200992128,0.05914233674719562,,0.6694156164871811,0.06242176922423125,0.007234913114277169,0.010005869410679442,3652,37,0.0,0.06,2,0.53,6,0.967498725200199,0.9596086792917334,0.49296397482307264,0.9969050547638213,0.8311894799513925,0.9910256181006989,0.5957774701162106,0.7632676651729774,0.8085212797481774,18.435357809391903,3.968642774554594,0.4108655741828556,0.7770207329153465,12.854679839560013,12.48435384484623,30.63141167030949,-6.818845829997223,0.3144940839667651,31.739940354087313,-0.47551997059535533,-4.633098569688585,-11.473935042851709
143303A,P3_base_infl_0.10,P3,0.06894800086194244,0.2511558939824464,0.060016592793019644,0.6068157724642379,0.009794475990681157,0.6068157724642379,0.05738065143741183,0.7528948045864889,0.059222688266921765,0.3321932153120773,0.024884661331208344,,0.12732203955547094,0.09986932774253444,-0.18220789312050398,3652,37,0.0,0.69,6,0.06,6,0.6402685808845396,0.6502651716012311,0.9869996116884208,0.0,0.9801768096367831,0.9641207347465593,0.9462811681221412,0.9651852320721332,0.9581033762439576,3.245128186274094,1.3599690686815291,0.14079485204799536,0.8719790291481061,41.7563093035849,25.464407911094174,2.4494932619396943,51.7209763888817,-9.232090053505514,2.4907343947810405,163.24960317990372,61.130569997281476,-3.2614799667028196
143303A,P3_base_infl_0.25,P3,0.08932122321869268,0.38626215524095214,0.06190965343248763,0.7916357956766277,-0.0025809970628120752,0.7916357956766277,0.07100114942414988,0.8818913828039404,0.06119667185422696,0.5225293526163041,0.14314640423608277,,0.19951590241810638,0.17841675584030417,-0.29694093202225946,3652,37,0.0,0.7,6,0.06,6,0.44736228993660715,0.4573197627971675,0.997399757679388,0.0,0.980280689020557,0.8891991226544768,0.9502626752253682,0.9593127383049135,0.9477559853630056,3.8724497267456566,1.3564010680092853,0.14042546414181103,0.8540521183833055,94.27115229805939,39.90318048362135,0.2275917055221804,65.42257697190757,-20.445317675799146,0.07947178543288819,423.65763753657177,154.6606924999697,-1.8563615811744199
143303A,P4_base_depl_0.50,P4,0.15310036119271622,0.3165667742598415,0.063264806379058,0.33251013784576966,-0.003708662378560447,-0.33251013784576966,0.058755020935188244,0.32428759543229024,0.061492795955633346,0.33050717196672597,0.12895315909677701,,0.24992433151310414,-0.23155804810924327,-0.16346641306712525,3652,37,0.0,0.26,6,0.07,6,0.3077100554266993,0.31769641506828505,0.9986017301296783,0.0,0.9761547248449071,0.8927341008940474,0.9505715339836431,0.9193884611014905,0.9296173312077319,-4.352433483254745,1.4915692594056813,0.1544191541069078,0.8369812681635472,38.236052712836354,49.98486630262094,0.30814121239718195,-1.979230836226106,30.89237728697654,0.174283277621579,-50.33266677983287,-51.19738730673618,-9.991714897166482
143303A,P4_base_depl_0.75,P4,0.08833758367765318,0.13970193566602548,0.05774372644703042,0.14284084549543236,1.422584658446462e-05,-0.141686627482421,0.06629849188792274,0.13123339538842335,0.05837610180581146,0.14560986734686304,0.07393043388494133,,0.11899875067115046,-0.10092681109445574,-0.0513643519883723,3652,37,0.0,0.26,6,0.27,6,0.42383519548735243,0.43154191825749666,0.998877569126131,0.1635892083149661,0.9625841456585005,0.9740722246693035,0.8810809951511509,0.884093135782891,0.9606205453303582,0.2712002231405388,1.8684009875546808,0.1934317821390775,0.8582669019811815,20.82518933197724,23.799750134230024,5.401232325034527,-6.8981669727948445,11.831099387231585,6.066773861845558,-25.62233400812729,-27.15783838241145,-8.414410856103991
143303A,P5_compensating,P5,0.18976296333598283,0.662483618500037,0.12413366821508852,0.9480408492370596,-0.12056268576234255,0.9480408492370596,0.17175778653200746,0.9736111664989987,0.07622726492538259,0.8273648594570449,0.3339285264732514,,0.4056524984714285,0.37733848617706595,-0.47272065516405415,3652,37,0.0,0.31,6,0.06,6,0.2711588244605457,0.27268884153053174,0.39845713771543434,0.0,0.873497024151259,0.3715188155502347,0.6689717815166127,0.6689717815166127,0.8209284650931967,8.216215884315837e-15,3.435521146158121,0.3556725683107161,0.6294345860483244,451.6349513218333,81.13049969428549,-29.76012011599226,80.08019464849787,-60.060660349611624,-31.551872241050305,1905.681377492264,787.9008813207926,17.70529631024157
143303A,P6_shift_1d,P6,0.21380476925642974,0.10213400198494749,0.45626711028891853,0.12062264022584096,-0.19311990150481012,0.03163285169113295,0.5404503003869154,0.08143684310519828,0.26418934623642254,0.10251018446659102,0.4119421608550365,,0.13506396974908796,0.006784880200576003,0.11167076727148226,3652,37,0.0,0.06,6,0.09,6,0.9638813508084882,0.9627189840763787,0.975163474051364,0.9910744803909648,-0.1312714560560566,0.8902311961702359,0.44931937834396973,0.4497433816938542,0.9603509719910254,1.004661297594575,10.273671372659136,1.0636124557638729,0.2550698951679251,29.57590785188846,27.0127939498176,0.9492556862355469,-5.464684732345158,1.9181756188318881,-43.825741681495,0.87107005691292,-3.392286592295247,-4.490720031720984
143303A,P6_shift_3d,P6,0.3486385309753136,0.17515780266684178,0.6333768243026523,0.21732085148160554,-0.5106497332732316,0.10152855790765612,0.8237372553725527,0.17297338041938548,0.4432024723598399,0.17374856325640237,0.6056853466194307,,0.22799219235485466,0.019162704010252943,0.17348072830847183,3652,37,0.0,0.06,6,0.08,6,0.9021046649082467,0.8982411847499172,0.6629024256627438,0.9007617189393698,-0.7434910967896076,0.6821689782373248,0.15081683793015588,0.1511834826002647,0.8908880747381396,1.676435892668377,12.754167669876878,1.3204132295571744,-0.12374052104237587,66.3048930067012,45.598438470970926,2.4914477953550827,-1.3740439976794556,0.33778793504646987,-88.72437502569113,1.8344725210922959,-4.467151335672024,-5.390212257287173
143303A,P7_var_compress_0.80,P7,0.16295714308174825,0.6195730681509444,0.10619090470038553,0.9395765091264525,-0.09813792402853488,0.9395765091264525,0.1296929959858303,0.9691513985211373,0.07636923546408497,0.7990493938758179,0.3200037919680532,,0.36273397144736114,0.3369252526250782,-0.4566159250691961,3652,37,0.0,0.38,6,0.06,6,0.25029639890711874,0.2541787886822423,0.5524129642501452,0.0,0.9142378817590158,0.49491173762722773,0.7431565292223898,0.749323303410836,0.8579394452227342,-0.8240303271309004,2.8287202836557497,0.29285170008211375,0.7030495638790891,370.8266315139509,72.54679428947222,-21.832285468789273,81.13593740624613,-50.985147183481125,-23.519137055262963,1588.4889289388111,644.9192278395159,13.449494101173084
143303A,P7_var_compress_0.90,P7,0.11441914215232624,0.4999494865962245,0.07179694959498709,0.8863779327764529,-0.044569936263083254,0.8863779327764529,0.07330973437167942,0.9395159832022025,0.0634592119806376,0.6704782952896566,0.30089540764243516,,0.27010932464181525,0.24951388959447046,-0.3855303444438983,3652,37,0.0,0.67,6,0.06,6,0.3485101391250941,0.35625981179836125,0.8421792170210987,0.0,0.9606812079339769,0.7547860734009404,0.9584893499564826,0.9685279978140412,0.9231184449647482,2.5193120950421464,1.9153243881388686,0.19828966706821383,0.816983632608483,185.13011226832455,54.02186492836307,-5.402473087618394,73.79519893647307,-32.776705921910185,-5.174561049913501,824.5603317919242,315.60812681094166,3.67107752911469
143303A,P8_mult_noise_0.10,P8,0.04069856231705929,0.038272597577949666,0.04290429683166656,0.03579700921114754,-0.008401002917129866,-0.004076219090486285,0.04505282140956784,0.034166458678596884,0.04062798168273035,0.03789024112922085,0.01051706314300603,0.4570307209074852,0.03947746867766712,-0.0006691265866203577,0.0024259647391096234,3652,37,0.0,0.3,6,0.08,6,0.9960179928855633,0.9959825321984812,0.9873327701458081,0.9991493574460735,0.9921708436908196,0.9964455235238344,0.9839827677270072,0.9888112033807812,0.9829810432536047,-0.5690807948624802,0.8546725131574572,0.08848251979447898,0.9187510601200708,7.920925626228527,7.895493735533432,-0.7216903649340289,-3.5079924081630907,-0.9050170982528647,-0.9158927047892863,-1.0323225171184212,-0.46656817979549364,-2.368122336996915
143303A,P8_mult_noise_0.30,P8,0.11920691657821932,0.11531663704402977,0.11286896236303307,0.11547780095443869,-0.005752013184901792,-0.004854806744336964,0.12247549834555214,0.09899268075824173,0.1192352343606417,0.11238936899638853,0.028821022499174804,0.039723525342624924,0.11800500007693464,-0.00022147425905527757,0.00389027953418955,3652,37,0.0,0.16,6,0.26,6,0.9960716406537357,0.9960607020684398,0.9960231968117501,0.9991263183743216,0.8124487758406197,0.9683164467231304,0.7170041955942275,0.8001931298082996,0.9113275226659502,7.60472225067056,4.1831381409008985,0.43307184641740487,0.7314816711936651,24.64709322681363,23.60100001538699,13.645455011552974,-9.381351486105677,4.027749223066457,15.544072653132538,-0.38800730720121146,-7.917314669132338,-15.082723893237215
138004B,P1_peak_damp_0.70,P1,0.0788655728537648,0.024169102632293122,0.1499920534219927,0.0,-0.14665637590004188,0.0,0.1815025513012857,0.0,0.08648511943909801,0.0,,0.25283512840040734,0.0499304581154341,-0.00980773801615342,0.054696470221471685,3652,37,0.2469879518072289,0.06,6,0.25,6,0.937412687353481,0.9280987533684862,0.24767988988786752,,0.8970937482103903,0.9952483742603531,0.6348480150556983,0.753576724992105,0.751819271150256,-24.24901127587776,1.5975622884442129,0.32079004315846466,0.7255608920076149,13.00577468059623,9.986091623086804,-26.60961669752194,-0.19590637521301726,-0.38764196783184335,-26.892930664920915,0.0,0.0,2.3439409452243023
138004B,P1_peak_damp_0.85,P1,0.06360092180852141,0.024053523480186773,0.08625811324458356,0.0,-0.0741064670599089,0.0,0.08497011400432146,0.0,0.06663635588767046,0.0,,0.2509231812389574,0.04633813415917259,-0.004972442744353873,0.039547398328334635,3652,37,0.2469879518072289,0.08,6,0.25,6,0.9745445797228464,0.9706260268334751,0.7055307729841006,,0.9483744344140512,0.9965037311682065,0.7813751141670167,0.8597906259919662,0.8674682622442469,-12.779374271311044,1.1315384904107262,0.22721259997180782,0.839960730456892,12.260771590467634,9.267626831834525,-14.17867524222399,-0.08749923437911597,-0.37272429142662156,-14.133873313053293,0.0,0.0,-0.8987876856374296
138004B,P2_peak_infl_1.15,P2,0.06207781119808268,0.02429281469407932,0.08132848396170486,0.0,0.06219630193006274,0.0,0.06831151866489366,0.0,0.06566712594148347,0.0,,0.2632618723196691,0.046014194511550276,0.005659961566267792,0.037784996504003354,3652,37,0.2469879518072289,0.06,6,0.25,6,0.9730180226146516,0.9685541907299413,0.7286745499133218,,0.9737079456175255,0.9966525817081472,0.868351851590887,0.8660021838443787,0.8749847226289158,11.975024129386385,0.8075123649497216,0.16214824816344606,0.8373866639637868,12.534470553107196,9.202838902310061,12.68835122141483,0.09927150357685167,-0.4548979520560456,11.018832222396226,0.0,0.0,-3.23246030247591
138004B,P2_peak_infl_1.30,P2,0.07156147509788499,0.024036145206464736,0.12565815985574136,0.0,0.12051006936626951,0.0,0.15055001136532142,0.0,0.07824345589576036,0.0,,0.2744653712973529,0.04777536446431538,0.00813969318264985,0.047525329891420255,3652,37,0.2469879518072289,0.06,6,0.25,6,0.9537283202502215,0.9454480733787,0.447464847155448,,0.9388446223921254,0.9959276240820065,0.694087029288667,0.7346559555426582,0.7400997497960025,25.55527762592128,1.2315562320793711,0.24729613342685855,0.7257217944507368,13.19984552224455,9.555072892863073,27.70038401141661,0.10645565819882653,-1.0519630005757783,27.499850651622197,0.0,0.0,-4.184501356099631
138004B,P3_base_infl_0.10,P3,0.11022456477776088,0.6803489140098349,0.05982105927630508,1.0,-0.0074011570880531995,1.0,0.0517135515058863,1.0,0.06025727953447732,1.0,0.019985826685986727,,0.34436098020463696,0.3174541415812155,-0.570124349232074,3652,37,0.2469879518072289,0.55,6,0.21,6,0.5495408547423757,0.5594507025989057,0.9952923553613549,0.0,0.9863160154504738,0.9935207112543597,0.9407236240166382,0.9542725312022541,0.9626915406220461,1.3511123230453728,0.5825634154394546,0.11697856448737215,0.8828287544630116,154.49374066504978,68.87219604092736,1.6449556477344707,39.156691371370044,-19.256897794249046,0.7513220424146406,83992962911.94122,91877875349.06972,-1.5832980668053283
138004B,P3_base_infl_0.25,P3,0.12850656762288615,0.7163119749861792,0.0662321319255467,1.0,0.004702109870388235,1.0,0.0663332608578389,1.0,0.061963521530340564,1.0,0.016070038816501334,,0.3802236008066221,0.3570306022977205,-0.587805407363293,3652,37,0.2469879518072289,0.5,6,0.26,6,0.4669800875164745,0.47706488342912046,0.9983575142687758,0.0,0.9736367170945073,0.9799546664788907,0.9116924899219678,0.9419825570270535,0.944320076820438,3.302255661393165,0.8086054520299406,0.16236773973142798,0.8565278702021382,384.5037017887375,76.04472016132445,3.604422286900912,52.816089051710385,-33.048057524779715,2.827181014218517,209979158952.0779,227506769307.85413,-3.8037529469587086
138004B,P4_base_depl_0.50,P4,0.1398334235644718,0.12148029557239272,0.05621151428272405,0.0,-0.0038797893276468843,0.0,0.05924851055941755,0.0,0.05847264389114693,0.0,0.01748276339141084,0.01,0.1677567791818187,-0.15157089393263642,0.01835312799207907,3652,37,0.2469879518072289,0.3,6,0.2,6,0.3896232492747111,0.39733911276329587,0.9895430997844954,,0.9464432918425565,0.9776209600642093,0.8925547390352735,0.9097626281711493,0.9476687177541888,-1.9814696072909956,1.152507759100846,0.23142322302967666,0.8653149396253873,34.38711947995138,33.551355836363705,-1.6426680154985842,13.339192379426906,13.668440663360284,-2.3693739843518555,0.0,0.0,0.29070163008364697
138004B,P4_base_depl_0.75,P4,0.08454931189050763,0.05468869896043525,0.0632550378728311,0.0,0.008254284600246313,0.0,0.06604277369209124,0.0,0.06020478703484496,0.0,0.30363319695402236,0.01,0.08365293743454699,-0.06452148858924946,0.029860612930072375,3652,37,0.2469879518072289,0.13,6,0.25,6,0.5027965520879671,0.5091315925494104,0.997141921669936,,0.9688269825545439,0.9931495585814119,0.9298119648250005,0.9267284108886922,0.9628561228736658,0.3393197545241563,0.8792782722469491,0.17655882148863628,0.8584998625901551,19.708281485952185,16.73058748690939,0.480863690749544,5.563137232269002,6.5619922542148075,-0.14787469908286816,0.0,0.0,-1.905566713599738
138004B,P5_compensating,P5,0.36163839458078445,0.9279715135369697,0.1576535006968612,1.0,-0.15758358643463655,1.0,0.1872099400192325,1.0,0.08974698372930486,1.0,0.31981427205182644,,0.6789371981262222,0.6404473560090402,-0.5663331189561853,3652,37,0.2469879518072289,0.07,6,0.55,6,0.24856895461699702,0.24856895461699702,0.14603436781885684,0.0,0.9317198083304187,-1.1494339696427556,0.7690084425542568,0.7690084425542568,0.07942795820692639,-1.4333036551522396e-14,1.3013205437117727,0.26130478692435266,0.46421535530802993,33355.214380124635,135.78743962524447,-29.09472510610799,-33.49252123291035,-93.61189331928873,-29.143256824803025,5707794464145.757,8628253669401.747,30.505588336984168
138004B,P6_shift_1d,P6,0.17832710688897868,0.06130215653534871,0.3582301661846383,0.01639344262295082,-0.07419030787434652,0.01639344262295082,0.3318025720893563,0.0,0.21831778396811438,0.012311901504787962,0.2881556298191888,0.01,0.11160245386144393,0.017828060398933275,0.11702495035362998,3652,37,0.2469879518072289,0.06,6,0.24,6,0.9345068593091612,0.9347640539102403,0.9678631638582896,,0.26960475544406537,0.9399681414384031,0.6425241173170395,0.6418428939210287,0.9624876394576313,-0.8523703943523481,4.256139839339459,0.854631642613316,0.3288217768487899,36.72275962465548,22.320490772288736,-1.1263808526604768,0.057044412144542624,-0.34166906849732176,-12.446921937534526,0.0,0.0,-2.2305942597056743
138004B,P6_shift_3d,P6,0.3386410841403899,0.12125669520741676,0.6706162589066526,0.03825136612021858,-0.27678248992891535,0.03825136612021858,0.6472149902225719,0.05405405405405406,0.42511059886522856,0.04103967168262654,0.33793932790841136,,0.21208848015145038,0.049135199612534056,0.21738438893297313,3652,37,0.2469879518072289,0.07,6,0.24,6,0.8814504135398127,0.8806945655798395,0.9655102627780643,,-0.6967079641014551,0.7774894476649676,0.15596496298261697,0.15591139496820083,0.9414311442004151,-0.5608010319401138,6.486948788280725,1.3025774311346927,-0.3070137671452504,99.4256678638906,42.417696030290124,-0.8593469403234422,0.25675618862669886,0.3410358020497824,-67.89855477150411,0.0,0.0,-1.696887284279243
138004B,P7_var_compress_0.80,P7,0.3972149844710102,0.9243080143008533,0.08697264137192649,1.0,-0.0717627507365354,1.0,0.09714529954771407,1.0,0.1427604103248435,1.0,0.12550322342312573,,0.6969411762638464,0.6863090331422778,-0.5270930298298431,3652,37,0.2469879518072289,0.11,6,0.6,6,0.0913113094722024,0.09478947860791301,0.7391143445517356,0.0,0.9478199825872884,-0.46462540819830433,0.8041657288058752,0.7841482293035076,0.7107727040619518,2.569819572112063,1.137598550547131,0.22842945828572894,0.6670524039446971,16939.347568021505,139.38823525276916,-17.029184803636944,55.864101329387275,-89.36992794486933,-16.8154682554703,8981353170993.186,9622373867525.125,23.864650042262358
138004B,P7_var_compress_0.90,P7,0.32081490314773775,0.8920309241010188,0.07076729499636038,1.0,-0.0439350673739562,1.0,0.0803105878717706,1.0,0.09535541006306271,1.0,0.13302690034715334,,0.6289989880952821,0.6193320602466235,-0.5712160209532811,3652,37,0.2469879518072289,0.22,6,0.49,6,0.13204612060235854,0.14077784120583484,0.9012533672758009,0.0,0.9336168624321998,0.13908706739910892,0.7970623802727248,0.8129424282369063,0.8329526755136348,-1.9660907858955228,1.283115667103026,0.2576492529929016,0.7572229372302024,8535.320353931675,125.79979761905653,-12.523822072744807,61.61169659266706,-82.79633147916041,-14.044930572887305,4595892706054.728,4897510359838.784,12.872999562234199
138004B,P8_mult_noise_0.10,P8,0.037990990313614706,0.01664366213562965,0.03726895322337866,0.0,-0.003145869572680628,0.0,0.037889675575858775,0.0,0.038511636436118886,0.0,0.018259499895326374,0.2511456277515198,0.030148278449336558,9.936296823376122e-05,0.021347328177985056,3652,37,0.2469879518072289,0.08,6,0.25,6,0.9937184423320433,0.993558618766117,0.994871394891392,,0.994165145919298,0.9986608937541044,0.9814449283757085,0.9865494576099363,0.9792971335126354,-0.5635764871983766,0.38040999569483014,0.07638621656229543,0.9290729022124563,8.051866970123598,6.0296556898673055,-0.6726604590588217,-0.028256477077420093,-0.8224286900964061,-1.3344386299667852,0.0,0.0,-0.5911599542331706
138004B,P8_mult_noise_0.30,P8,0.1152684779661488,0.04858229005933617,0.1195738455144613,0.0,0.004368799237591929,0.0,0.12310755409916534,0.0,0.11799021534155921,0.0,0.03198174053982412,0.302492807041689,0.08962701557027584,0.0019153569841550706,0.06668618790681263,3652,37,0.2469879518072289,0.1,6,0.25,6,0.9968438560568719,0.9966452593798567,0.9972192984774348,,0.9430257698825892,0.9876851211476975,0.9387599829012224,0.9443758740909388,0.9366789787708261,4.600223027914096,1.1887106477371001,0.2386927525447949,0.7624242831358083,25.091090616574018,17.92540311405518,4.854842742648855,0.5151702258349375,1.3242968574803005,4.143873542992433,0.0,0.0,-5.522399923778581
145101D,P1_peak_damp_0.70,P1,0.07296464432767534,0.04994416467513526,0.12632368607001743,0.02033133701580837,-0.12135995101682871,0.003715909551357557,0.16750286318330604,0.0,0.07544887944582487,0.05011429467990116,,0.079989760045367,0.0595449213510166,-0.009605538058535479,0.02302047965254008,3652,37,0.03176341730558598,0.06,6,0.06,6,0.966242890463091,0.957349674326474,0.4757796752810539,0.9936362909313929,0.9081913355807069,0.9913119566205615,0.6698781108159522,0.7803630934717777,0.820087329554953,-16.485022526809384,0.9955095298041737,0.3029994462359512,0.792883867875929,12.150412977288147,11.908984270203359,-27.881313410785413,0.08896745272421644,1.2453156235831748,-28.971320682853463,1.2837617180573337,0.22391022942821284,2.838291879629433
145101D,P1_peak_damp_0.85,P1,0.06610224529246443,0.05112051654375633,0.08431868496364738,0.020772413804481995,-0.057411363045221694,0.0001654985302674426,0.09545016157582215,0.0,0.0687201928146776,0.05086211691578097,,0.12314728432217698,0.05937172235166471,-0.00423329418841284,0.014981728748708102,3652,37,0.03176341730558598,0.06,6,0.06,6,0.9883101846342934,0.9855307559878712,0.8417708141150964,0.9898444895746935,0.9753767187219844,0.9918570178219657,0.8833316004581944,0.9255767872051466,0.9234267932388579,-6.900747717276567,0.5155568364275106,0.1569180718655936,0.8598755992249659,12.270473932037815,11.874344470332918,-11.711480688543709,0.0907232458334139,0.22841525927943454,-11.474019225360628,7.071986751486915,0.04361969478017971,-2.5537947065686564
145101D,P2_peak_infl_1.15,P2,0.06235967369969382,0.051278204211649386,0.07007698966120096,0.01951571131698038,0.04761419793888371,0.0050203480096706055,0.06967080710286147,0.0,0.0629685138596343,0.04986919210171539,,0.2593647836770922,0.058557019234482706,0.003977519309720475,0.011081469488044435,3652,37,0.03176341730558598,0.08,3,0.06,3,0.9850493112320501,0.9820855524310843,0.8335172301449816,0.9877107795759436,0.969158053822849,0.9919831438010356,0.8384733963127485,0.9012903855753318,0.9053886217618704,8.966094714221704,0.5769982214459626,0.1756187523505136,0.8554847321397048,12.33629526572463,11.711403846896545,13.829279091332944,0.10176447872935555,2.3461500518038516,13.196661425083766,0.8225313925237847,1.9002922261171364,-7.768582333708668
145101D,P2_peak_infl_1.30,P2,0.07098571598671309,0.051832653505565256,0.10704815462378735,0.023268163308386467,0.09648329523959562,-0.005636683907113066,0.1280572475814632,0.0,0.07596634436533697,0.05136106187212268,,0.35365589191192726,0.060726223254474715,0.007062974976460638,0.019153062481147835,3652,37,0.03176341730558598,0.06,6,0.06,6,0.9734767302912318,0.9683109686482451,0.6444261885911322,0.9891103371202872,0.7994553702777392,0.991290506922673,0.5577696824733673,0.7414190032535688,0.7978336981331189,19.322794370531284,1.471326663549205,0.4478220960630022,0.7617228096075005,12.909212293552741,12.145244650894938,31.645870205379737,0.10464401231079098,0.5061390833898256,32.80848933304967,5.305669778665548,0.0353841244936771,-10.566686916446248
145101D,P3_base_infl_0.10,P3,0.07300459351660504,0.3547669048315539,0.06532291022527752,0.9465715423071498,-0.00854802819752804,0.9465715423071498,0.07166987044309801,1.0,0.060899136150584926,0.49087771353179527,0.3573442732004366,,0.1610702121982348,0.13237739468673776,-0.28176231131494883,3652,37,0.03176341730558598,0.7,6,0.06,6,0.6336998235386433,0.6435767486276012,0.995657899184717,0.0,0.9735539374512981,0.9379655224464628,0.9389192098626826,0.9287266643453219,0.9674201780851739,1.1317930874338096,0.5342986752604745,0.1626224540114366,0.8594553362236492,154.81639096796215,32.214042439647,-1.3955602073882358,84.75937643192417,-9.336249571392516,-2.2214061243035443,516.2773985297702,126.26341588295361,-3.217378557249864
145101D,P3_base_infl_0.25,P3,0.09090758118728502,0.4582049730553526,0.05828247468331876,0.975591266356695,-0.0010784632151375406,0.975591266356695,0.06180446137677963,1.0,0.06002982367242742,0.6470557352062762,0.019439504342620345,,0.2242832660800866,0.2034327660183746,-0.3672973918680676,3652,37,0.03176341730558598,0.66,6,0.06,6,0.44926687344340116,0.45918147945724436,0.9987823965476205,0.0,0.9756027103795158,0.830259735935097,0.9459578777802182,0.9165364068652386,0.9404241471295649,4.510209649072782,0.5131855011179528,0.15619631756377678,0.8461853054412483,361.5368046135652,44.85665321601734,-0.291809400180152,90.19811556622685,-20.4185779769207,-1.783177241054847,1254.5016335906773,300.21192827192743,-0.22411456831742735
145101D,P4_base_depl_0.50,P4,0.15094789336215128,0.27200221353238724,0.06138469549696304,0.12066970139202393,0.004715021042858031,-0.12066970139202393,0.06062345256878425,0.0,0.05717149933385954,0.27880604706258627,0.014192442571714594,0.01,0.2397371372870405,-0.2226963784855634,-0.12105432017023596,3652,37,0.03176341730558598,0.3,6,0.06,6,0.31144109591099517,0.31827191826437706,0.9897826609022153,0.0,0.9678094143621567,0.8949276069900132,0.9153326664824569,0.8713831347718702,0.92393792353035,-4.362462185328195,0.5894785762518793,0.17941735043702797,0.8316313786734019,37.784683170867915,47.94742745740805,2.3179023330545183,7.171626415260999,36.157853229460315,1.8591456792739374,-49.258587331636996,-50.07340183337726,-10.061000282788804
145101D,P4_base_depl_0.75,P4,0.08886266327739276,0.11901388075387814,0.06424377054059646,0.05294330421586509,0.002788254296387296,-0.05245480619008627,0.06681081967241746,0.0,0.06104076147866578,0.1213378735833397,0.0796211824363639,0.01,0.11370580335846311,-0.09550994850345167,-0.030151217476485387,3652,37,0.03176341730558598,0.3,6,0.06,6,0.42881065892028003,0.43467384738183495,0.9977045902701805,0.1603423879982347,0.9842938358142099,0.9756723188487882,0.9482911714867046,0.9408881140731961,0.9626611790049318,-0.7099474023886514,0.41175478380872343,0.12532423622663744,0.8666288437702828,20.622409632726253,22.741160671692633,3.9428888796107686,3.007060520626615,14.523777786102197,4.051499156649363,-24.91380870697616,-24.768627131707948,-8.786862099358046
145101D,P5_compensating,P5,0.17871027715838567,0.6625571958583837,0.12447661298475901,0.9936890307291681,-0.11623606082598006,0.9936890307291681,0.17861898910721435,1.0,0.07600562199699028,0.8588824842072255,0.33416386870057324,,0.391636851842174,0.363746418542499,-0.483846918699998,3652,37,0.03176341730558598,0.31,6,0.06,6,0.27378504867016035,0.2763652353568085,0.5390597404230494,0.0,0.8659253798565394,0.3401552251969213,0.6542701573469749,0.6542701573469749,0.8201627212650652,-1.2737303620456357e-14,1.2030311554611466,0.3661620135178697,0.6209658015443449,1457.083860799972,78.32737036843461,-30.200391493039028,93.35843777619331,-56.34767641692375,-31.851958135249422,4749.252242670923,1225.0086441554627,15.051049557550602
145101D,P6_shift_1d,P6,0.1806167070041236,0.2056638315751991,0.3704532809040083,0.3373638611086596,-0.09081531006397055,0.2654010543384081,0.4967347195670124,0.21621621621621623,0.19731501124275577,0.27158516123336324,0.5454633002435324,,0.1649628031808735,0.015225572679972259,-0.025047124571075496,3652,37,0.03176341730558598,0.06,6,0.07,6,0.9510886700218024,0.9514942427935567,0.9781143100525025,0.5491095912339083,-0.032106025927894466,0.9024427434047305,0.5069976632914421,0.5087680916536461,0.9529111214730854,2.131952611463251,3.3378417599844434,1.0159261911811777,0.35843132370189945,64.58884371640346,32.99256063617461,2.0009669994717014,0.05460932677890642,-0.4446638944132509,-19.124661687433722,4.00397969778613,2.984292994438378,-4.963251158938121
145101D,P6_shift_3d,P6,0.300562690802825,0.3383187870931526,0.5810166387240912,0.545834520942387,-0.277689200895508,0.4619258032644942,0.6824374260313336,0.3783783783783784,0.34126524636347133,0.428828330645773,0.9405150052076496,,0.27640798958221524,0.02556544445928911,-0.03775609629032761,3652,37,0.03176341730558598,0.06,6,0.06,6,0.9130894796228756,0.920236394156276,0.9518528946975418,0.42657530029183927,-0.7255943690056728,0.7057555384979745,0.18991883060353254,0.19136450139532946,0.8877878752920814,2.0072486920945614,4.3159156121491,1.3136188065819066,0.006177545019481312,168.017345567565,55.28159791644296,2.8750772262712863,0.10329922474680914,1.1100710977884352,-74.17212498951548,-2.883559744465585,0.4777002684292705,-5.0076271259211955
145101D,P7_var_compress_0.80,P7,0.14684693614584793,0.6177934483081761,0.10103246584817073,0.9921817918916108,-0.09065437301202847,0.9921817918916108,0.10286761131225466,1.0,0.07374251577887408,0.8327894171860184,0.33275141843637007,,0.34431757723491385,0.3184176632157118,-0.47094651216232813,3652,37,0.03176341730558598,0.69,6,0.07,6,0.2788115874494189,0.2834322507257743,0.5796196560307959,0.0,0.9604649927490301,0.4680118906795503,0.8627586181852271,0.8500538244571774,0.8730328177467603,1.5061833699615723,0.653272683188306,0.19883411993661945,0.7306577736582127,1176.2725565198077,68.8635154469829,-16.54457202571392,94.8320624767821,-45.88167641605935,-16.5354371137592,3925.3738198287188,995.8168615894089,8.852781163607174
145101D,P7_var_compress_0.90,P7,0.10573515105720435,0.5189274205000819,0.06926010166896827,0.9846602865811034,-0.039860301498423636,0.9846602865811034,0.08521113813626208,1.0,0.06186635707369519,0.7323445331699218,0.2910941476092217,,0.26411066036423214,0.24290604451946865,-0.41319226944287757,3652,37,0.03176341730558598,0.71,6,0.06,6,0.38593315463583705,0.39466487523931326,0.8670992805244069,0.0,0.9732858678364525,0.7184396447790365,0.9327025373258881,0.9143876170265616,0.9327933019694981,2.1064600540624743,0.5369997977477294,0.16344458438121287,0.8142490168899625,605.0839225343454,52.82213207284637,-6.989086009203237,90.9546928998594,-26.953773523315384,-7.270005915895828,2047.3621388213874,505.12817081740195,2.230276310428116
145101D,P8_mult_noise_0.10,P8,0.03927075831022242,0.03275702010668476,0.040498247858977335,0.012413400822409437,0.001614410780416637,-0.0003716091845420859,0.03937512924358728,0.0,0.03935110086722878,0.031717918731094634,0.05895632740771606,0.05214925340307021,0.03748244274444881,0.0009510612743322982,0.006513738203537657,3652,37,0.03176341730558598,0.18,5,0.06,6,0.9967847177320796,0.9968034171909328,0.9991470380344577,0.9993907103065983,0.9891131465860679,0.9967954023536648,0.9273427387266161,0.9479687885117607,0.9724793871315243,2.097742510059405,0.34281102032227834,0.10434008536479233,0.9188601157964079,7.793943628950517,7.496488548889764,3.9561747629723847,-0.00974505559858009,0.38322737977219334,4.509987969046315,3.00484484299126,1.4795893665005637,-3.4322489187659415
145101D,P8_mult_noise_0.30,P8,0.11769610608124444,0.10200663272366475,0.12476300079251265,0.040625549903690834,-0.0069288251877097275,-0.00031080867497425616,0.09963563350087418,0.0,0.11944103304589244,0.10278355307233988,0.2958818295819155,0.13192863327215637,0.11417307364371254,0.0029994593688385408,0.015689473357579684,3652,37,0.03176341730558598,0.06,6,0.06,6,0.9963814467547873,0.9960708880337351,0.9893718045867821,0.9971067929843296,0.9557562026209008,0.9697654136291308,0.912637566280032,0.9416928169298682,0.9547887924971,3.2632122951152396,0.6910823229477344,0.21034209606994808,0.7763783954146601,24.787964932282943,22.83461472874254,2.8738297940392115,0.326717033417803,2.2365217010689733,1.3688708942514098,-5.730472772771505,-1.8766209942102074,-12.303390987554554
138009A,P1_peak_damp_0.70,P1,0.07889706062922974,0.043987381092018406,0.14126253531710095,0.0,-0.13939140496478344,0.0,0.1647356518940825,0.0,0.08467175241292002,0.037345201815398785,,0.9419467620545187,0.06010368015459103,-0.007764712457481956,0.03490967953721134,3652,37,0.07612267250821468,0.06,6,0.08,6,0.9498670777113352,0.9414453153922647,0.28113477776034435,,0.9174742006950283,0.9937554243277025,0.6611658525678298,0.7798058765061927,0.7900252123180929,-20.098808731004187,1.9311229538895327,0.28727303964168266,0.7701107022863348,12.882853105266525,12.020736030918183,-27.291949710444214,0.031060490997730738,0.18529397668151318,-27.59600347729332,0.0,-1.990736019239727,5.24884005794678
138009A,P1_peak_damp_0.85,P1,0.06502756640606257,0.044625441757434214,0.08239484723583235,0.0,-0.06762819269825754,0.0,0.09954916017780414,0.0,0.06569434443371425,0.03953807376878477,,0.0956394505780682,0.05709887768321781,-0.0034586419610444985,0.020402124648628353,3652,37,0.07612267250821468,0.06,6,0.08,6,0.9809824431047753,0.9767265317066793,0.7262030375328996,,0.9755814360607477,0.9948262113444601,0.8798793763630401,0.9119701464037395,0.9049820475980864,-8.7312002358339,1.0504493484806714,0.15626440394169214,0.8552136214111904,12.434318223898952,11.41977553664357,-11.906584475535306,0.020712884932521332,4.429752954592691e-05,-11.992567577186424,0.0,0.7898680615360314,-0.23305078749807445
138009A,P2_peak_infl_1.15,P2,0.06368499372069793,0.04271577263058898,0.07707488311299146,0.0,0.06088218369998901,0.0,0.09014908279827191,0.0,0.06504818581360647,0.036442969599060765,,0.08273559621542183,0.05570102023636996,0.003980842913472145,0.020969221090108944,3652,37,0.07612267250821468,0.06,6,0.08,6,0.9874220231085469,0.9842517218861633,0.8212489760547406,,0.9437108069756553,0.9950011794552157,0.7552270796866194,0.8515236823081137,0.8597685117189415,13.589349092229229,1.5948783681597574,0.23725343627510365,0.8259988106831703,12.307716357028415,11.14020404727397,19.1901404883852,0.10985612300233917,0.024546436397133494,19.00569881212093,0.0,0.12005020835374973,-8.422779609150513
138009A,P2_peak_infl_1.30,P2,0.07064548251554036,0.04359458075518081,0.10972031344603572,0.0,0.1044554968912844,0.0,0.12502693625355593,0.0,0.07338879640324228,0.03734166723424139,,0.391226380008962,0.05793483531329423,0.008161097884750156,0.02705090176035955,3652,37,0.07612267250821468,0.06,6,0.08,6,0.9639391821027943,0.9586622871421197,0.480753077523835,,0.8693684415920517,0.9943652061191186,0.588223136330607,0.7530360276772132,0.7655779641967159,22.923358021260984,2.4296242314664163,0.3614298803474172,0.743099144432802,12.969690283530596,11.586967062658836,31.68980141193941,0.042067012467318865,1.1768925360746243,31.48086948935314,0.0,-2.139273836504987,-10.29749610908795
138009A,P3_base_infl_0.10,P3,0.08294697500916337,0.4929000954689359,0.06338330936227318,1.0,0.0018153373635788781,1.0,0.06806505653208202,1.0,0.06286819087670482,0.760946740955986,0.1583829498445609,,0.22682675794187995,0.19887034562523861,-0.4099531204597725,3652,37,0.07612267250821468,0.67,6,0.09,6,0.581679985117674,0.5918432028603927,0.9985220123406539,0.0,0.9733616038739893,0.9595734234763128,0.8737567907251991,0.9225264324819454,0.9311889874060405,5.806346322745408,1.0971577943405344,0.16321273273250064,0.8586627384503579,99.38825172679724,45.365351588375965,8.087978110353413,86.67354005778087,-10.66591966636524,9.741018391002177,1162346677268.1025,801.1795059515028,-5.494406920073574
138009A,P3_base_infl_0.25,P3,0.10220948123221672,0.5812926555918728,0.05822982806723765,1.0,0.004869504840159523,1.0,0.05737775442907076,1.0,0.060129449845939514,0.8656662650283682,0.07139321369593629,,0.2895083869827117,0.2691730256666247,-0.4790831743596561,3652,37,0.07612267250821468,0.68,6,0.07,6,0.44277043469189864,0.4527567943334844,0.9971806823933786,0.0,0.991807960077193,0.8742041553945715,0.944667455067274,0.953018974688748,0.9446276097353388,4.510689502176974,0.6084306537221468,0.09050988853604376,0.8799382306417876,239.31709369848986,57.90167739654236,3.405326168935454,90.66508953251787,-23.469814493091132,3.2243551490947695,2817696280928.1104,1947.9517107194304,-2.2076410405292513
138009A,P4_base_depl_0.50,P4,0.1494548636386365,0.2270934167617246,0.06164495581966283,0.0,0.0019094332322746152,0.0,0.0641616223384562,0.0,0.058458477805823535,0.20555735752854348,0.026849405816020664,0.01,0.22338432541387687,-0.20618646319092504,-0.0776385531230881,3652,37,0.07612267250821468,0.3,6,0.08,6,0.3273180970751376,0.334345100025278,0.9978027053740706,,0.9283991711805256,0.9440995150414351,0.9598887576908695,0.9541353502409295,0.9491829021554787,-1.1155222865498138,1.7987635608829444,0.26758331192261287,0.829943007670511,37.04601464334078,44.67686508277539,2.744754354864609,7.856038583243691,23.943042203549652,2.7615222254120666,0.0,-52.67493188544715,-7.486309912083943
138009A,P4_base_depl_0.75,P4,0.0896859776745416,0.10231611956646706,0.06756390459289396,0.0,0.005145714395755866,0.0,0.05855525234140542,0.0,0.061783888543630684,0.08967724429983874,0.3029170344120104,0.01,0.10936778109466519,-0.0894818288114343,-0.012630141891925462,3652,37,0.07612267250821468,0.06,6,0.08,5,0.4388595149315586,0.44482442271856937,0.9998137447877076,,0.980457037040584,0.9855649564793326,0.9898859782550226,0.9896837651705453,0.9663398941287523,0.2582803708302187,0.939745513030681,0.13979614787044736,0.8645925694470667,20.79086490285801,21.87355621893309,2.5651076791825225,3.358001500431673,10.929929276097981,1.474066712185126,0.0,-27.887091506485795,-6.570944969853949
138009A,P5_compensating,P5,0.2503636771759898,0.8180060897072143,0.13698654207467165,1.0,-0.13466562909544258,1.0,0.18812947989949458,1.0,0.08284873591757148,0.9827955387784695,0.32580047004205415,,0.5304942088091275,0.4995077776246062,-0.5676424125312245,3652,37,0.07612267250821468,0.3,6,0.39,6,0.2705874625717073,0.2726605644303022,0.4063177079783532,0.0,0.8651190026608933,-0.078019530836406,0.6611639839690233,0.6611639839690234,0.7397407035652365,7.851009768323266e-15,2.4688257622507246,0.3672614836041301,0.5419265558971524,2475.5777729054016,106.09884176182555,-30.71921173805017,93.26113732088314,-77.2615915168977,-32.39316622092908,26578153691270.895,18499.045874311185,24.28396144343242
138009A,P6_shift_1d,P6,0.1869378839442882,0.10699657231837878,0.39837003593804143,0.03825136612021858,-0.08665110879557376,0.03825136612021858,0.5454633010093619,0.08108108108108109,0.22492284936950402,0.12522173124056718,0.2499842787666456,,0.12730502343956512,0.009796353104350801,0.07994131162590942,3652,37,0.07612267250821468,0.06,6,0.07,6,0.9645138248036218,0.9645473473509105,0.9908660826252726,,-0.23698953437813453,0.9363725317870335,0.3807469570063794,0.38052171746279684,0.9677065414571258,1.6106098422401793,7.476495374652421,1.1122003121641957,0.18797588979041735,29.699599106684925,25.461004687913007,2.281640805399913,0.057640262260623965,0.0745635406265739,-28.459989003760004,0.0,-0.6204772994838039,-3.825345772423826
138009A,P6_shift_3d,P6,0.3210827902000725,0.19300761513783063,0.6429568426099629,0.11475409836065574,-0.3015382192175194,0.11475409836065574,0.7686865102840624,0.21621621621621623,0.39904835813995954,0.22184978789931709,0.47440087006035087,,0.22433198579255953,0.0291608969418211,0.1280751750622419,3652,37,0.07612267250821468,0.08,6,0.07,6,0.9107072375540076,0.9082406860590633,0.9301998333190469,,-0.998011403963917,0.7873711067543726,0.09202200731173027,0.09588561840905763,0.9178411231237269,4.07866331753311,9.501978374719698,1.4135103126485906,-0.25438329109518665,71.30088327184086,44.86639715851199,6.476955930302389,-0.019459742060981174,0.6040865000486056,-89.0489510663484,0.0,-0.05788156644560181,-6.689659320592331
138009A,P7_var_compress_0.80,P7,0.20898899339153434,0.7742169270085774,0.09636811404417134,1.0,-0.08430201800581305,1.0,0.09827660475466814,1.0,0.07596935814176452,0.9741904106016002,0.22355560003739647,,0.47628465356975325,0.458453741260983,-0.565227933617043,3652,37,0.07612267250821468,0.44,6,0.23,6,0.19892858220633142,0.20281097198145503,0.6298273778654859,0.0,0.9507210523914725,0.22547709346563016,0.8163194641653526,0.802051476810147,0.8438655759839199,1.7868242435306934,1.492264366278979,0.22198862044827317,0.6959223761008475,1581.4213492289791,95.25693071395057,-17.617414134454382,93.82437664609363,-64.13455324989002,-17.551120523806485,17525422957292.676,12362.105167216914,15.715120872869598
138009A,P7_var_compress_0.90,P7,0.15450402163343294,0.7053139253808509,0.06566901609401803,1.0,-0.03942688761143194,1.0,0.09488808835068668,1.0,0.06212998570463239,0.9506575146499452,0.22085423483853153,,0.3982502338048211,0.38247983010253767,-0.550809903747418,3652,37,0.07612267250821468,0.51,6,0.2,6,0.3004694271418156,0.30920114774529195,0.9138985839043989,0.0,0.9479427941472157,0.5666588079115187,0.9152565025781468,0.9195893622185444,0.9116906473895261,-0.49270630702458473,1.5337532049877138,0.22816048267126426,0.7880706258471202,788.1129823077205,79.65004676096422,-11.40958404647689,93.3978667296344,-46.25035021337934,-13.197792768731505,8989841973851.258,6372.132114112298,6.931918974922905
138009A,P8_mult_noise_0.10,P8,0.038909598449900315,0.028346612316695222,0.03864278582438012,0.0,0.0047791287088434125,0.0,0.0399463075112067,0.0,0.04040166865849746,0.024575299485646917,0.10127570815971655,0.19643930497876544,0.03585197119316023,-0.0008379239673074344,0.010562986133205093,3652,37,0.07612267250821468,0.21,6,0.08,6,0.9950210505863323,0.9951754995742345,0.9907613537203002,,0.9840706419238135,0.9980026867546515,0.9204003372556067,0.9478932910173744,0.9628092616924036,2.9965720358214614,0.8484264391298573,0.1262115607865875,0.9142460566389694,7.771174837516029,7.17039423863204,4.701213247941484,0.030798015008681078,0.10688544169704547,6.43519434727989,0.0,-1.7378959574715502,-3.232279054070478
138009A,P8_mult_noise_0.30,P8,0.11771778522674671,0.08556408792280672,0.12463217778383283,0.0,-0.003416238831979226,0.0,0.1368697107884186,0.0,0.12101338561307089,0.07732830649121124,0.1496950535493458,0.1101234785913879,0.10767726866279827,0.0018886189144571176,0.03215369730393999,3652,37,0.07612267250821468,0.06,6,0.08,6,0.9940981630817671,0.9949212092708982,0.9993017146165759,,0.8819230576222512,0.9809844012466202,0.8943392310465814,0.9229412820937825,0.932320091497758,5.2031859385639025,2.309923544726105,0.34362325645646985,0.7315464174775792,24.65945560661645,21.53545373255968,7.501711101882091,-0.002920690764540126,1.993936066247749,6.226472811947069,0.0,5.271050165017034,-10.283536799433254
143009A,P1_peak_damp_0.70,P1,0.0765959252561469,0.024267909188025405,0.13620227363814588,0.0,-0.13223366054184776,0.0,0.18537272108268824,0.0,0.08425935998061163,0.0,,0.2542981860810477,0.049322666538469805,-0.007831796023301186,0.0523280160681215,3652,37,0.24096385542168675,0.06,6,0.25,6,0.9479764980103201,0.9377699354589635,0.36505447285419945,,0.8853265527975522,0.9951543946979534,0.5827898800330613,0.7259583558438071,0.7408384171300784,-25.222514058522552,0.7861116562347582,0.33863468103909233,0.7285747052462272,12.806533455990596,9.864533307693975,-30.929970997624192,-0.13184890538715419,-0.016905626533625755,-31.777190626622577,0.0,0.0,4.068418148627797
143009A,P1_peak_damp_0.85,P1,0.06230257516472903,0.024516566525639123,0.08192032228579543,0.0,-0.06660558758835937,0.0,0.0799219961902922,0.0,0.0663911388156141,0.0,,0.2527388932627985,0.046012363444799795,-0.005006784091347505,0.0377860086390899,3652,37,0.24096385542168675,0.06,6,0.2,6,0.9691639882222984,0.9638930717312476,0.6684507453844406,,0.9643271236293672,0.996284698568202,0.7957047197427124,0.8689971524074389,0.873189679053723,-12.17629533860643,0.43845180899115505,0.18887264590361627,0.8466083278003886,12.093480710902643,9.202472688959977,-14.722340830349644,0.17915276006592104,0.29457175306436884,-14.98966439242554,0.0,0.0,-0.5141600789922157
143009A,P2_peak_infl_1.15,P2,0.060625918048724345,0.023902834714903388,0.07490320070557384,0.0,0.05766641031337203,0.0,0.07916482258805696,0.0,0.06488323256288936,0.0,,0.6897493561897934,0.04508878099628139,0.0046148105795918186,0.03672308333382096,3652,37,0.24096385542168675,0.06,6,0.25,6,0.9766546838190704,0.9712789588581723,0.7601833380073714,,0.9113375216486512,0.9964126974007806,0.6864606826809472,0.8142264570462585,0.8359903418754353,15.885843008201006,0.6912302493294505,0.297762452890469,0.8155752960756081,12.158960254863816,9.017756199256292,19.028576218094802,0.2979598971160669,0.8908659892526538,19.68840511458666,0.0,0.0,-5.780379742852597
143009A,P2_peak_infl_1.30,P2,0.06971674128807087,0.024509428659822686,0.11517957118768334,0.0,0.11036191752392319,0.0,0.13219887841484965,0.0,0.07554368417594558,0.0,,0.44765756702733484,0.04764989804567205,0.007258824947636209,0.04520731262824819,3652,37,0.24096385542168675,0.06,6,0.24,6,0.9532098704331606,0.945448422268262,0.4582271335062056,,0.8431807007062904,0.9957391512530697,0.5401776863158623,0.7114470865963042,0.7137250597387339,28.110990852213764,0.9192900433609092,0.3960041657529749,0.6998339426852025,13.019140734599013,9.529979609134415,33.802124749803255,-0.06416801086384502,0.8965610704645984,34.44862971717971,0.0,0.0,-7.780499955957841
143009A,P3_base_infl_0.10,P3,0.10575973834450912,0.6652166748592333,0.06048509621935354,1.0,-0.0036547307535714714,1.0,0.0596999451795847,1.0,0.05869678673350737,1.0,0.018932148211209865,,0.3320940140138622,0.3031361114146595,-0.5594569365147242,3652,37,0.24096385542168675,0.53,6,0.22,6,0.5722606005504773,0.5821752065643205,0.9960661760324516,0.0,0.9933969601526836,0.9839277389124934,0.9857653870561155,0.982208604054992,0.9717503732019442,0.38130407414256723,0.18863607916265657,0.08125909085952408,0.899268809084637,267.8327773562341,66.41880280277246,0.08971161536612422,45.53754695740565,-12.26289091975472,-0.5222269638326037,85421428035.77156,93986120082.09927,-2.9217891225231947
143009A,P3_base_infl_0.25,P3,0.12166521269027498,0.7006883996233865,0.06009322049075552,1.0,-0.005295064480990927,1.0,0.06834114082915792,1.0,0.06064047018935501,1.0,0.07683249060303315,,0.3661107379147922,0.3443133363787018,-0.5790231869331115,3652,37,0.24096385542168675,0.52,6,0.23,6,0.46235621180790915,0.4724187945281836,0.9990527093098921,0.0,0.9763213762769001,0.9445446935342896,0.9398960347601523,0.939518769677121,0.9582283205989969,0.04076523422431168,0.3572161044073001,0.1538786006015778,0.8629673467958815,614.0920054706114,73.22214758295841,-1.209494306674742,34.11027257908342,-25.545715269410156,-1.8661889102920715,212374464129.40756,229133501155.30728,-2.231914737312916
143009A,P4_base_depl_0.50,P4,0.1429289941158754,0.12484598888985309,0.06606489695712607,0.0,-0.002288761165971243,0.0,0.06816892930707234,0.0,0.06057691423943453,0.0,0.06539950841515955,0.01,0.1710011290686476,-0.15252578050221027,0.01808300522602231,3652,37,0.24096385542168675,0.26,6,0.2,6,0.39475510211574094,0.4024971644496234,0.9993153816116213,,0.9836233945261771,0.9667725373717793,0.9111083996182072,0.9300457952657121,0.9598832601696745,1.8263421966617095,0.297074069305069,0.1279711118722618,0.8642237457521205,34.857071747563985,34.20022581372958,3.6876069398929205,12.662926194222806,18.665764582212407,4.203817836113983,0.0,0.0,-7.715133278366813
143009A,P4_base_depl_0.75,P4,0.08420461520013757,0.05570831430565189,0.06096606182777606,0.0,-0.0025976451005618917,0.0,0.06698561032050548,0.0,0.060570202347105764,0.0,0.014240306301629651,0.01,0.08395307645996308,-0.06528865755024338,0.028496300894485682,3652,37,0.24096385542168675,0.3,5,0.2,6,0.5086829548154472,0.5148724118227404,0.999001569053109,,0.9822416689440163,0.9910734220000594,0.9603745642244871,0.9609911338286019,0.9719882674169629,-0.06564365919014084,0.3093526750881359,0.13326038817286903,0.8762026459411748,19.61329068474915,16.7906152919926,0.4458242468180447,5.275294807583354,8.548905308246583,0.5090354141210679,0.0,0.0,-3.656697354927324
143009A,P5_compensating,P5,0.3197882470115746,0.8989428452656983,0.14811638134337726,1.0,-0.14654196733491862,1.0,0.16670103379869367,1.0,0.0859353795124053,1.0,0.32454780756434426,,0.6313089807423219,0.5956840091183464,-0.5791545982541237,3652,37,0.24096385542168675,0.06,6,0.5,6,0.2560528442665241,0.25691788640773755,0.3149408247130543,0.0,0.909839215763628,-0.6315122318362898,0.7106812881570321,0.7106812881570321,0.4100533028594052,-2.033793223437219e-14,0.697046325604651,0.3002678541508764,0.5045654570557343,19325.042802527325,126.26179614846433,-28.626396029321246,18.27982328948215,-90.29726291248089,-28.447456072073724,5410200424445.527,6319192826138.615,23.204696022080768
143009A,P6_shift_1d,P6,0.1496288699533578,0.05092537395603902,0.3104947160205472,0.00546448087431694,-0.03528217056185658,0.00546448087431694,0.43939000378043425,0.0,0.1713386256444851,0.009575923392612859,0.26783395775229524,0.01,0.09252554000363955,0.010755171576071306,0.09870349599731879,3652,37,0.24096385542168675,0.06,6,0.24,6,0.9448344861332553,0.9455876791705641,0.9555197594656273,,-0.04164246041220432,0.9578040889734347,0.5350595193130442,0.551873562417823,0.9340341621502386,4.000247988459711,2.369256818981354,1.020608867496361,0.25810324659855166,28.69061111163938,18.50510800072796,5.078886860316334,-0.0606969636355833,0.548567595075437,-4.428254153317038,0.0,0.0,-5.496908065893185
143009A,P6_shift_3d,P6,0.2732611125161486,0.09307939016686372,0.5514203980197873,0.01639344262295082,-0.17601987631481925,0.01639344262295082,0.7078474875965979,0.0,0.31816855806510036,0.025991792065663474,0.3467468519171568,0.01,0.16874944073564432,0.033140167832196345,0.18018172234928487,3652,37,0.24096385542168675,0.06,6,0.24,6,0.8805621530126166,0.8808916120294616,0.9779372759862254,,-0.6953772371036309,0.8524038786706389,0.23847841786139268,0.24413426186015386,0.9347193662235054,4.106878085272009,3.022636871779217,1.3020665256059811,-0.24050865284237322,82.63588205460903,33.74988814712877,5.190983571242544,0.49132410186292885,1.2771804884340714,-38.49421944571346,0.0,0.0,-4.606217395809079
143009A,P7_var_compress_0.80,P7,0.30634420988658184,0.8784633808165658,0.10209083898398752,1.0,-0.08912542044715414,1.0,0.12870635516254536,1.0,0.09441248636340399,1.0,0.1710233140838782,,0.6081421728641062,0.5934079777500303,-0.572119170929984,3652,37,0.24096385542168675,0.24,6,0.52,6,0.1335812996446711,0.1382019629210265,0.6736426983746442,0.0,0.8954290987529641,-0.1425418777783618,0.6880649787411515,0.7153276672749064,0.7749457410655765,-3.829736921148185,0.7506858459537723,0.32337424332657666,0.6210943241374809,11110.715435675624,121.62843457282126,-25.231499574938248,63.57570184015409,-79.91955160280915,-26.392924418561766,3936534311239.842,4179041291847.2183,20.525541482276548
143009A,P7_var_compress_0.90,P7,0.2358745953648703,0.8353296529904256,0.0712612956502731,1.0,-0.04344918188163328,1.0,0.07279889268058155,1.0,0.06963763685638744,1.0,0.16307962448095606,,0.535417884769886,0.5234287616383386,-0.5994550576255553,3652,37,0.24096385542168675,0.38,6,0.28,6,0.20029234806212842,0.2095111129255976,0.9240499665495687,0.0,0.9717643022353265,0.33935356353214785,0.8905461060962314,0.8809050679792729,0.885988589949412,1.1021394563316524,0.3900785451389633,0.16803481116921443,0.7895378768334355,5577.600050929347,107.08357695397717,-8.383057431224463,60.5719215574783,-68.24618826539505,-8.436961742287355,1953034213888.5159,2101949640965.194,5.851564715067953
143009A,P8_mult_noise_0.10,P8,0.03847967262110904,0.016006069971877493,0.03961706954292112,0.0,-0.000670611975613878,0.0,0.04085033199047039,0.0,0.040146479058783935,0.0,0.012461513997162079,0.323221143062913,0.029753167524179072,-0.0008021754795987514,0.022473602649231546,3652,37,0.24096385542168675,0.23,6,0.25,6,0.9974230933254582,0.9973981471192428,0.9995444331120715,,0.9926565423577229,0.9984347646270507,0.9494668241789643,0.9649041949463488,0.9729100358557667,1.6274941270761423,0.19893129003950447,0.08569397669776492,0.9236398409324279,7.864470628130908,5.950633504835822,2.1014745636807675,0.035736423278967,-0.46803502056821505,2.4178710202516664,0.0,0.0,-2.9415893913850857
143009A,P8_mult_noise_0.30,P8,0.11700100778419081,0.04817128458909302,0.13166177601101522,0.0,0.0014179608988014465,0.0,0.13347924505047334,0.0,0.11926042514636953,0.0,0.06962874053136128,0.01,0.08954016254481251,0.0007919834075209232,0.0688297231950978,3652,37,0.24096385542168675,0.06,6,0.2,6,0.9977124595963184,0.9977385088158027,0.9981924011078365,,0.9169303686979963,0.9856451319611552,0.7577906161294872,0.852360473504282,0.88206646049514,10.333438367263815,0.669073675970256,0.2882180273716474,0.7312152614579557,24.691983165412562,17.908032508962528,13.442904755377926,-0.046687612544503126,3.1317404364284642,12.461156231883903,0.0,0.0,-16.103764312111934
145107A,P1_peak_damp_0.70,P1,0.07833642570173888,0.05961368644751792,0.12861963631087803,0.060592656772258065,-0.12279359925650438,-0.0010190215422861003,0.149655317748143,0.058247478273277704,0.08270480639568525,0.057869518957263,,0.04517141394371227,0.06514749668135429,-0.01094695551131523,0.01872273925422096,3652,37,0.0,0.06,6,0.06,6,0.9611419337123738,0.9537681407034677,0.4468780262244064,0.9979393561976533,0.916198953821565,0.9815163856443707,0.7325291699596876,0.8239882422071995,0.8542436236430233,-13.229479878588757,1.023625483982001,0.28948410349868087,0.8105532129471369,12.855792713779014,13.029499336270872,-23.73505922308179,-10.203778984252589,0.29108896989355776,-23.871594348945134,-2.182341554480738,-3.356595284008634,-1.2004776934654853
145107A,P1_peak_damp_0.85,P1,0.063954328289683,0.06171309612499097,0.07773477169355582,0.062024253584474186,-0.057897973252208995,-0.006017915314537087,0.08637366378731201,0.06077133631402468,0.06505218176368942,0.06339593054910883,,0.010923523416801749,0.06165013541708227,-0.0036197838789309325,0.0022412321646920336,3652,37,0.0,0.06,6,0.28,6,0.9851268515055402,0.9828721611211942,0.8030126742738022,0.9967762381056368,0.9572328514670814,0.983754928865586,0.8782755585357437,0.9198462428010178,0.9356803734851001,-5.423473868815589,0.731259492525656,0.2068021966346552,0.8654841039734893,12.392340066717335,12.330027083416443,-9.986321747580538,-11.186271190083527,0.38810238890316207,-10.299039704227624,-4.472465027582285,-2.432461503677688,-3.1023234131928716
145107A,P2_peak_infl_1.15,P2,0.06190211669460588,0.05900286638339954,0.068033624601097,0.057406101168350064,0.051080657381321684,0.004886922696443866,0.06944159448622512,0.056148827090835074,0.06298975553038323,0.05901799433258418,,0.10430100036801038,0.06002852644383982,0.0011830987181609398,0.0028992503112063375,3652,37,0.0,0.33,6,0.1,4,0.9863445699681538,0.9837912965004324,0.8394027234386228,0.9993921006622623,0.968032502600014,0.9846830184275785,0.8660663210220951,0.9182291953902754,0.9206053032016376,7.17944052037186,0.6322235783296919,0.17879456759081336,0.8637694058645098,12.180621128744292,12.005705288767954,12.6684652260717,7.041844792836835,1.2043042468700398,11.717529480938323,-3.1181281867715063,-4.610432965207908,-8.004372933184245
145107A,P2_peak_infl_1.30,P2,0.07050055511953676,0.05982995699783455,0.10965705411019744,0.06073762068601309,0.09969800714715235,0.0023671138849200263,0.1247038148817344,0.0574573229520902,0.07489849012709372,0.06085545557868848,,0.06040033289771077,0.061900381292777966,0.0073838287902725785,0.010670598121702214,3652,37,0.0,0.06,6,0.16,6,0.969875019794941,0.9638113137808125,0.5518562235945665,0.9964829124503047,0.7130551882286562,0.983227916520257,0.4841863523206501,0.6872393503867735,0.8061552450124062,18.250390933785447,1.894155186949545,0.535672298865028,0.7629891275761806,12.809962852729132,12.380076258555572,34.64057091790824,8.938260727091032,0.6309431754537962,36.19809399858063,-3.4192456870103305,-1.4168551916521217,-10.78558280831417
145107A,P3_base_infl_0.10,P3,0.06470262459824436,0.13393246516499355,0.059932799471140566,0.25014245669889057,-0.0022292566164132076,0.25014245669889057,0.062056706917106394,0.40212838134672363,0.06054761254640222,0.16082128674545879,0.015742767134736955,,0.08772462038445775,0.05879726559142976,-0.06922984056674919,3652,37,0.0,0.31,6,0.06,6,0.7220762723388154,0.7319990840947217,0.9991070663233028,0.019527942170252936,0.9721793848910906,0.9662875163850906,0.9602563599199935,0.9425715291921402,0.9645978228770858,2.2421839996127,0.5897931621833279,0.16679512915223096,0.866322441806015,20.46160924484025,17.544924076891576,-0.283430755592002,35.23773039169847,-8.22834294920088,-0.7543440272171404,36.75552385625839,28.829997972142653,-4.644750562848891
145107A,P3_base_infl_0.25,P3,0.08345754714098376,0.24658091910440963,0.05870330063673086,0.4382507936155381,0.0006854675613934409,0.4382507936155381,0.05306851837058189,0.6212420201872324,0.06091356533369685,0.30726486100060707,0.016838090752478906,,0.14755501234701984,0.12559693835675256,-0.16312337196342586,3652,37,0.0,0.56,6,0.06,6,0.45829475851327184,0.4685516795132282,0.991344054665085,0.0,0.9601211006819922,0.9028188824753769,0.9263860870159203,0.8898501937328657,0.9293402784012952,5.144843835828451,0.706135345773382,0.1996970188010021,0.8398674058203144,40.32872087488023,29.51100246940397,-0.37048354949098167,50.320009443308194,-19.070568214480673,-2.377062718617389,92.27516944823299,70.6990043391573,-2.971450149551258
145107A,P4_base_depl_0.50,P4,0.15145248854011295,0.31887587716678145,0.05935888562384126,0.33326339986618364,0.00834997856289285,-0.33326339986618364,0.052958108842438546,0.32490096331507434,0.057273210122432756,0.3319973223386522,0.025071131467500587,,0.25084069724659114,-0.2325845152097413,-0.1674233886266685,3652,37,0.0,0.25,6,0.11,6,0.3076304515962228,0.3174521730045411,0.9983956247231672,0.0,0.9851914992832985,0.7767410433208775,0.9325017941933393,0.8997762211090643,0.8989573899279525,-6.707771010516939,0.43030056328601485,0.12169018332101207,0.8255345406503181,38.292022798585954,50.16813944931808,1.0092460202284708,-1.429185538510525,43.87977232688421,0.3905461698770876,-51.25961139679694,-50.93001829004644,-10.237237497989176
145107A,P4_base_depl_0.75,P4,0.08695945534994305,0.13820977689306108,0.056406470610290846,0.1431194741901998,0.003973582064845291,-0.142224306465982,0.06018526873170796,0.12531534097809446,0.05873665782440462,0.14349042066029133,0.07638294492603838,,0.11730073465551563,-0.09875027055877865,-0.051250321543118024,3652,37,0.0,0.3,6,0.4,6,0.4047848184774104,0.4127101623044615,0.9996005400994914,0.13675244013430038,0.9705229008230063,0.9494808659118338,0.9100066707213152,0.8957850646643777,0.9570490917756516,-1.3084337300796778,0.6070979139097394,0.17168896055656477,0.8585847495226244,20.57887494864061,23.46014693110314,5.794088495604164,6.0960067998704455,18.737344062916343,7.471689420295934,-28.54284935983182,-26.562751355478728,-9.254321730072535
145107A,P5_compensating,P5,0.14468949565467026,0.4432015375268336,0.12958809586428832,0.6807174173706025,-0.12817304962898118,0.6807174173706025,0.15909914815605045,0.8245647785732323,0.07852075183915357,0.5468633237687452,0.36096557938173124,,0.2733905228060661,0.242411525078273,-0.29851204187216335,3652,37,0.0,0.06,6,0.06,6,0.2780802549280756,0.27946171604250236,0.3027688171821404,0.0,0.9076851915134194,0.6368606638009786,0.7210350671295505,0.7210350671295502,0.8499928334414609,0.0,1.0743655048077467,0.3038335210054686,0.6822251773737417,104.27604771899222,54.67810456121329,-26.551449112321485,74.43323985491784,-45.4850979238819,-27.71485040395728,262.06591978752135,206.62396142924496,6.791968107183053
145107A,P6_shift_1d,P6,0.150353478036289,0.0882826062296743,0.29205347886035404,0.09058734858629462,-0.07133955812842195,0.024675956156349564,0.4160592567054609,0.09558684409801291,0.1702277549428212,0.08240979104435617,0.8871243718536352,,0.10729711364336769,0.002202179058685998,0.062070871806614705,3652,37,0.0,0.06,6,0.11,6,0.9800267264402411,0.9813418052265804,0.9754530020830794,0.9581097799345553,0.25411176752316733,0.9071824574752753,0.6329330001172551,0.6330957192911058,0.959247619198046,0.40064152744338183,3.0538889954841864,0.8636482110656124,0.5357519550034457,21.808388521636253,21.45942272867353,0.5421423625608683,-6.044887906197114,2.5611596293431185,-21.82799919728572,-1.493021282624737,-1.0930847088318296,-5.918606056339578
145107A,P6_shift_3d,P6,0.2594829432465972,0.14010014798007228,0.5165969733242617,0.13847979784913872,-0.23100485133649215,0.07486373597115906,0.655357275642044,0.18719198927583322,0.3141603515226405,0.13137138073470814,0.790818752410443,,0.17574817353064962,0.012245253283178726,0.11938279526652493,3652,37,0.0,0.06,6,0.45,6,0.9450254141616304,0.9451173818249804,0.9761215896036542,0.9038397539005011,-0.45620969065919414,0.722013968391793,0.31658777441333863,0.3184407819767173,0.8914485298779812,2.135745901811925,4.267055854297566,1.2067351369124852,0.2107268033180799,39.81779781860511,35.149634706129966,4.118972191705323,-1.5374552522251141,1.9814575501307465,-65.15956225787293,-4.60565875888048,-0.9588654317304655,-6.360900317751149
145107A,P7_var_compress_0.80,P7,0.12076173887141999,0.40948760887337765,0.09964434928581746,0.6675675277319834,-0.09177826994374703,0.6675675277319834,0.10446738678381942,0.8132478551744434,0.07460430732465152,0.521364261969585,0.3690163877964925,,0.24041128811853724,0.21304968193800636,-0.28872587000195765,3652,37,0.0,0.38,6,0.06,6,0.3090362590651351,0.3129186488402587,0.5336631817229257,0.0,0.9580059497301701,0.7027262442024551,0.8219535701764025,0.8133260528238598,0.8795662940530327,1.0626864691351912,0.7246198906332084,0.20492449894980827,0.7510115415144754,88.94917754866056,48.082257623707406,-17.198575109254463,73.26784951489898,-38.751457979646624,-17.7067929006334,237.96724492755442,184.23960878973648,4.186554253519014
145107A,P7_var_compress_0.90,P7,0.0845845442789786,0.2803647719771886,0.06351813021673136,0.5063567028791814,-0.02941960654805996,0.5063567028791814,0.058645177040023214,0.6934908182413247,0.06117223912433452,0.3584679339998155,0.3126914912031334,,0.16024049650689623,0.13813965153085905,-0.19578022769821002,3652,37,0.0,0.65,6,0.06,6,0.4451730660035449,0.45395535464124365,0.9363235210092897,0.0,0.9718848648064206,0.874686196198524,0.9506871596176324,0.9260556199111698,0.934069225275006,3.2854970461492146,0.5929068356021756,0.1676756845627278,0.8367382596458456,47.20348348351802,32.04809930137921,-4.307913781454131,66.05338403757294,-22.496427642071666,-3.9663254863422113,121.07874540339265,91.61782053778836,-1.759415372537063
145107A,P8_mult_noise_0.10,P8,0.03980023413156808,0.03978367297176507,0.03727433077588331,0.0375850162682942,0.003923545442358475,0.001248612410785694,0.030521361604074464,0.044579354462679154,0.039516162778900465,0.03853767002444282,0.013392968402271992,0.056533582647658245,0.04015167658901921,9.609366879619716e-06,1.6561159803009373e-05,3652,37,0.0,0.16,6,0.07,6,0.9979613242645138,0.9979519381886071,0.997191926344286,0.9989519618417377,0.9909676644236091,0.993087923613491,0.9453671830239744,0.9588813881968221,0.9809534238786115,1.3613374412150974,0.33605967378403157,0.09503860045471488,0.9234836016908026,8.07246176940171,8.03033531780384,2.686842116852727,-6.984932252869359,0.9182753999136746,2.3228655898676145,-2.604600673346307,-2.366146723257836,-3.3612689715311115
145107A,P8_mult_noise_0.30,P8,0.11753471757715006,0.11584357117502189,0.11119653387116986,0.11211523390449374,0.005690056680825005,0.028054010090440243,0.11137843181464989,0.09772829624103589,0.11962797765155937,0.11533445398806108,0.06808259254137923,0.15898795401599633,0.117170676369488,3.66480824149066e-05,0.0016911464021281686,3652,37,0.0,0.11,6,0.22,6,0.9954497354070061,0.9952974851013089,0.9920915716521896,0.9844189829845188,0.8853593661015332,0.9396139309221149,0.8915447476096832,0.9212854848161284,0.9243581707533755,5.77367935356027,1.1972522410708575,0.33858622815830364,0.7541543421104702,24.49989319378478,23.434135273897613,10.78849787331745,8.026822597354878,3.321320153770789,8.622264912989989,-9.46178109973506,-7.531701934531017,-14.953326965500022
145010A,P1_peak_damp_0.70,P1,0.075065615502589,0.05882234340968754,0.1291051314449183,0.05840342840851756,-0.1252504356720121,0.002245080088707777,0.15428667827221276,0.059135908288130305,0.07870978058233086,0.05812280939339987,,0.014891324856517008,0.06287308443724474,-0.007133418128067352,0.01624327209290146,3652,37,0.0,0.06,6,0.26,6,0.9638653904443301,0.9547516586228774,0.4210738281921225,0.9991047633181396,0.9241827247401073,0.9851910278453854,0.7177740257611287,0.809828577027193,0.8536467747502184,-12.968391461147709,0.8753965595308665,0.2753493694561379,0.811279528861488,12.502947145825333,12.57461688744898,-25.63194610255709,10.481677188660058,1.8362698237837867,-25.987816818054263,-1.4167005892940197,-0.40648040064977786,-0.6985951106214683
145010A,P1_peak_damp_0.85,P1,0.06225302574847462,0.05899697612170714,0.07351991182382789,0.060076191706083505,-0.049697593114860945,0.013114301284386452,0.08763004528874636,0.0774011043489232,0.06211737518451259,0.05779613343383291,,0.9954977531468537,0.05944958638571165,-0.0003530289301985933,0.003256049626767482,3652,37,0.0,0.07,6,0.42,6,0.9881724569224282,0.9862426771040308,0.881883791095907,0.9856589194013357,0.9683754890922599,0.9871517409152917,0.9183246135661453,0.9436370016779805,0.935001935576689,-5.40840467787878,0.5653698671649033,0.17783281729686476,0.8654327427714067,12.00683138371073,11.889917277142349,-11.600313797389143,6.627807265806339,0.8957499423333773,-13.070540659430293,-1.8598463906077416,-0.07166027167986519,-3.360164190238543
145010A,P2_peak_infl_1.15,P2,0.06105629156437731,0.05950448843349677,0.06779646478003444,0.06067516202031721,0.04758556101853422,0.0025503820006121,0.07155972590713411,0.07099468706787682,0.061090555833793914,0.06052892456403351,,0.032510384561167865,0.05947223608765988,0.001303554888668875,0.00155180313088054,3652,37,0.0,0.06,6,0.23,6,0.9890990411999221,0.9860820963908907,0.8797785091928703,0.9987223573212265,0.9274952830458427,0.9872194677908662,0.7455603777974873,0.8365880646372036,0.9034846229259723,8.923901563948519,0.8560593594838558,0.26926699937823284,0.8500848364354083,12.06194899076122,11.894447217531996,17.721799607625297,0.8176398015685225,0.7717253790430318,17.248706405248647,-1.956554934449823,0.8914120679866419,-8.914972182780867
145010A,P2_peak_infl_1.30,P2,0.06870373048633122,0.05957936639882713,0.09796039324205663,0.05872601502450258,0.08650967660487549,0.0019139475902817317,0.1307932095442049,0.060963795174884816,0.0711498512531751,0.05915283017975921,,0.06233454513419317,0.06174056368025128,0.005285961701362956,0.009124364087504083,3652,37,0.0,0.06,6,0.08,6,0.9755640975453427,0.9694712442985925,0.6095510486357957,0.9964874755959425,0.9022974561935981,0.9859780344134769,0.7077865038118578,0.8263798147122989,0.8457895534080833,14.46532176073738,0.9937420899616639,0.3125740613141178,0.8009347460330138,12.663263359559618,12.348112736050258,27.97774192921043,2.4116060450403265,0.7108148884485492,29.161410954063534,-3.771751226922913,-1.5616226042824979,-10.43523572719831
145010A,P3_base_infl_0.10,P3,0.06667754770332292,0.17600257184758294,0.05994650275317181,0.3557871305227502,0.0012099575857075805,0.3557871305227502,0.06793477430456643,0.48839653473852745,0.06052218359497579,0.22644147724354646,0.014637014648909086,,0.10309888127189296,0.07453850051883804,-0.10932502414426003,3652,37,0.0,0.69,6,0.06,6,0.6706381636149388,0.6804657470944809,0.9990702837617104,0.0,0.972264990590638,0.9590663906813799,0.9661681467468455,0.9501697328688736,0.9572258528879983,2.927152886783608,0.529462136639552,0.16653831213676334,0.8613354244633735,25.789894776202253,20.619776254378547,0.8104690005358403,51.54470748614071,-9.688175860868526,1.4028808034296247,68.17283353070953,52.676229710387624,-4.755484743447122
145010A,P3_base_infl_0.25,P3,0.08583946761360584,0.30865515477574573,0.06885385015934979,0.5730907432475382,0.003774998668689004,0.5730907432475382,0.05938181054177612,0.7110972992982675,0.06129372505653078,0.4116386745113292,,,0.1704260674085732,0.15076518631738514,-0.2228156871621399,3652,37,0.0,0.69,6,0.06,6,0.4497431221190294,0.46000903268861637,0.9997936628478475,0.0,0.9833656069250928,0.8745505717958935,0.9063886678838471,0.9141099722020396,0.908141164153479,8.02061959060075,0.41003811562955467,0.12897438922091156,0.8384796343174808,53.94261123102172,34.08521348171459,4.667555332158818,63.4483862249113,-21.624899346251425,4.405160440872825,174.58468408796878,130.67705919129372,-3.644269896393271
145010A,P4_base_depl_0.50,P4,0.15189388516228755,0.3175560722740716,0.06043213351533393,0.33153410431864444,-0.005538889572207757,-0.33153410431864444,0.0725194175399724,0.3482110714474443,0.05960832105155509,0.3298982980669954,0.2744560787945109,,0.2492839294176597,-0.23138256564711968,-0.16566218711178407,3652,37,0.0,0.3,6,0.14,6,0.30575172824567287,0.31553329022587734,0.9974120764676455,0.0,0.9568770059547262,0.8145170621338798,0.8507856559243759,0.8994129827206014,0.8720833369244583,-9.807245903552088,0.6601995171352436,0.207660766745367,0.8075963508066629,38.126674777375975,49.85678588353183,-5.028757547281093,-4.025466132749252,41.76581012077299,-7.0928240661743365,-51.799270321370265,-49.860328835863044,-9.383820887449287
145010A,P4_base_depl_0.75,P4,0.08680372974323591,0.13810394427516004,0.0577430451742517,0.14356781183946207,0.0020779841957727823,-0.14215577466490564,0.06329247463525997,0.1419498358248185,0.05815929453256928,0.1403968382694193,0.031073241193249484,,0.11739220549612876,-0.09856068530118713,-0.051300214531924127,3652,37,0.0,0.31,6,0.06,6,0.43556915207392793,0.4435003174168983,0.9986017301296783,0.17611614149237992,0.9744078129832241,0.9574310941187889,0.954600364124908,0.9634398665503843,0.9413366297471701,-3.3693037998903383,0.5085977674919341,0.1599755825642648,0.8578045721332148,20.593083269753006,23.478441099225723,0.03617455857861951,-13.09575468778747,17.442543282420925,-0.10678963951074907,-25.821144928629817,-23.780052284427654,-7.266116422326948
145010A,P5_compensating,P5,0.14230594607383357,0.48145393242620854,0.12800699361068427,0.7635884654777918,-0.12477705553136664,0.7635884654777918,0.1608417090975638,0.8610875731955882,0.08168174065726821,0.6236436131290085,0.3740599486098121,,0.28344797692128243,0.25075417809643036,-0.339147986352375,3652,37,0.0,0.31,6,0.06,6,0.28809919399377454,0.2896101636989456,0.38628031763252624,0.0,0.9237557875917669,0.6219941693256261,0.7491850919967331,0.7491850919967336,0.861169907396537,-2.1887456511565814e-14,0.8778578366064886,0.2761235455520465,0.6911242453969421,127.30254258288262,56.68959538425654,-25.808370206077793,67.7991176357843,-44.70854784555285,-25.64777997364611,427.8546279436183,321.0361156109975,4.567156288682651
145010A,P6_shift_1d,P6,0.15871323076992142,0.1252773938783782,0.3204480651583484,0.1767675890191311,-0.08118681206700265,0.06770572514384247,0.4334601142604476,0.21118989003546404,0.1832513650825684,0.13435404071650592,0.5538497982738899,,0.12351215732760634,0.006859607849303459,0.033435836891543225,3652,37,0.0,0.06,6,0.06,6,0.972259966954483,0.9749088124191624,0.9870116981500761,0.8977145060022206,-0.03161852098829909,0.9013005245068924,0.5166487892582832,0.5197621948886919,0.9523971264286126,2.232206337162296,3.229091224831976,1.0156862315638127,0.48469752882211337,25.89421152576185,24.702431465521258,3.0332380104747547,2.844954391792434,1.365692163350608,-23.190515133521327,-2.582568821933352,-0.4027789893255214,-6.5674071744792455
145010A,P6_shift_3d,P6,0.2522291396421944,0.19653342765700274,0.5232030262438673,0.2721907442934929,-0.24755913032709384,0.15386623757477272,0.6605054677182451,0.3968147780185743,0.29472116501400775,0.20743156168490887,0.9074005612853588,,0.19346252203319556,0.011330841947853642,0.05569571198519166,3652,37,0.0,0.06,6,0.06,6,0.94779757874336,0.9498813509193194,0.9758035548611289,0.8666695568148258,-0.3834349444376781,0.7362454286112737,0.29413522105468537,0.2940781764705801,0.9021028000426787,0.19703683064509903,3.7393844682174184,1.1761951132519122,0.2326211493859761,46.003428594798734,38.69250440663919,-1.236414973070894,5.0541702557858175,1.4039776574340601,-62.60369235551355,-2.6152997193476724,1.922401769858754,-5.45595025315833
145010A,P7_var_compress_0.80,P7,0.12199135247115717,0.45772271109043183,0.10303897618175199,0.760614240315977,-0.09419177996463841,0.760614240315977,0.11302408319263971,0.8544006255061937,0.07595485716859565,0.6108315574445174,0.38638733765058597,,0.25704027514160577,0.22668121383303932,-0.33573135861927467,3652,37,0.0,0.64,6,0.06,6,0.32861136762162935,0.33208953675734,0.4859129993275455,0.0,0.9539866768130388,0.6647895749701085,0.8336971268208438,0.8276116752827257,0.8859652109474916,0.7371324874821564,0.6819657269656156,0.2145071634863535,0.7485475719492108,115.34904228122889,51.40805502832121,-17.93880532586378,76.55482340472628,-38.62832657108811,-17.189978642025277,410.71060322356993,304.8654648398353,2.675133738703236
145010A,P7_var_compress_0.90,P7,0.08568939573039568,0.3329848470567286,0.0660255387032046,0.623890944408533,-0.042447769012452334,0.623890944408533,0.06914192530915837,0.7537070695332347,0.06319754352600666,0.4528375494885921,0.39013558314370894,,0.17837838096748093,0.15163019933270735,-0.2472954513263329,3652,37,0.0,0.68,6,0.06,6,0.4741728742940532,0.4815206878161811,0.8777481937201635,0.0,0.9807340819453192,0.8497155864339361,0.9071070019371645,0.901405028907726,0.9426403760508989,0.6349066297593995,0.44128138086193297,0.13880172208831118,0.8380072639661362,60.83853295047143,35.675676193496145,-8.577272941049866,72.89399082433837,-22.48232140604339,-9.025216307353569,211.45031471292705,155.57675573149228,-2.009486181598634
145010A,P8_mult_noise_0.10,P8,0.03955080860146276,0.03905190628987691,0.041684222877643035,0.03953183459890932,-0.00197993189974366,0.008804400124420929,0.04080756153695935,0.03875134988955096,0.03879220363249706,0.03759326578671823,0.10897865610124645,0.2441521795788308,0.03930421280980042,-0.00022144787245549508,0.0004989023115858499,3652,37,0.0,0.26,6,0.14,6,0.9952437934005417,0.9953403667533304,0.9965978419702886,0.9871788905950805,0.9922977725070149,0.9943643834197645,0.9572234160151271,0.9646528134710735,0.9850366271969617,0.7333597236806325,0.27901587902014363,0.08776233527536235,0.9213689395737582,7.894226298643792,7.860842561960089,1.4716786939572315,3.444335643396184,-0.44121726484955787,1.8055660540025302,-0.38035577151706784,1.3172619230084601,-3.9682506315646724
145010A,P8_mult_noise_0.30,P8,0.11903895398358808,0.11527902377193278,0.12888045915331686,0.10953635934527618,-0.007378721190973428,0.013686358088026552,0.11578622777456823,0.11317537125581772,0.11765891544553597,0.11530860030782179,0.015749669325818606,0.15855939281334658,0.11727184249751652,-0.0002380888977724385,0.003759930211655299,3652,37,0.0,0.06,5,0.38,5,0.9950562272804983,0.9953173882531072,0.9986724594776281,0.9862098300903224,0.7798143458716027,0.9487364074825853,0.6516897425317569,0.7398325709205665,0.9110939693434165,7.361219374818526,1.491815994061701,0.4692394422130319,0.7337628741127589,24.519226205256107,23.454368499503275,13.72829058875798,1.0929989525739592,5.755871923100486,15.354039876391257,-6.29041601991786,-1.6760002154241376,-17.61686362877072
138010A,P1_peak_damp_0.70,P1,0.07248386419246101,0.010036248101330645,0.14489410266085348,0.0,-0.14411762137070483,0.0,0.17418563508418144,0.0,0.08602003109585678,0.0,,0.5341515688997392,0.036475912111879456,-0.009259025010405873,0.06244761609113037,3652,37,0.4950711938663746,0.06,6,0.5,6,0.9081790723086285,0.8910420100566365,0.24572621922970078,,0.8956271065232126,0.9959700308423362,0.5829720501302966,0.7165965485099828,0.715258738951924,-28.07203846709377,1.0878872415162593,0.32306793941334905,0.7107197587989603,14.057687324441062,7.2951824223758885,-31.056102364268902,-0.0,-0.33501756618903744,-31.313658816220016,0.0,0.0,3.2260431244389287
138010A,P1_peak_damp_0.85,P1,0.05506212639089882,0.00948637516923949,0.08332117706352002,0.0,-0.06586089853422142,0.0,0.08446792345813793,0.0,0.0644949398389613,0.0,,0.5149233576019115,0.031149342237117177,-0.0043231467151388795,0.045575751221659334,3652,37,0.4950711938663746,0.06,6,0.5,6,0.9668804604212002,0.9565435872720832,0.7041879427760914,,0.9732527608158665,0.9974128219534323,0.7950060297141952,0.8617434423547702,0.8605769920475461,-13.710287310252545,0.5507182929513227,0.16354583205980341,0.8480460202253843,12.247181535951485,6.229868447423428,-15.265916402629408,-0.0,-0.15864800952701635,-15.26498750235339,0.0,0.0,-1.0630418838521534
138010A,P2_peak_infl_1.15,P2,0.05467790191693822,0.009470370164733701,0.07556705460627386,0.0,0.059800245238205915,0.0,0.07347543902161144,0.0,0.06477572655178442,0.0,,0.5715239924275424,0.03127857848865143,0.004762784968974683,0.045207531752204516,3652,37,0.4950711938663746,0.06,6,0.5,6,0.9737723541794963,0.96921471832443,0.8262098106915863,,0.8884626760413011,0.9974162751392383,0.6754659083433121,0.8049807445647206,0.8162591111746178,17.719317436086598,1.1246053159689164,0.33397204068409514,0.8019440902550266,12.788536109728241,6.255715697730284,19.616984606121783,-0.0,-0.2041333063581292,19.728060997075243,0.0,0.0,-4.502217357017079
138010A,P2_peak_infl_1.30,P2,0.06483530722852282,0.009458388944909139,0.1169252372363597,0.0,0.10957083514413644,0.0,0.12769542483718882,0.0,0.07701862822525417,0.0,,0.5730080250002647,0.033869254608567045,0.008680262506704686,0.055376918283613685,3652,37,0.4950711938663746,0.07,6,0.5,6,0.9241543405849821,0.912613328117428,0.4185003370080203,,0.8610672855410026,0.9966015886759371,0.5556858741549198,0.7111831838993155,0.7122685780533498,28.553139839128786,1.2551403236942151,0.37273678978469166,0.7047209852263945,14.156099223140483,6.773850921713404,31.291892653045196,-0.0,0.04873428413540845,31.309726105735596,0.0,0.0,-4.889726185763215
138010A,P3_base_infl_0.10,P3,0.20123499742219753,0.8528350882619989,0.06025712426325182,1.0,0.008039916076441935,1.0,0.05875678963429003,1.0,0.05962923462127503,1.0,,,0.5258067381944833,0.49778563882332144,-0.6516000908398014,3652,37,0.4950711938663746,0.15,6,0.45,6,0.5051436754635736,0.5154650217286997,0.9994273723826013,0.0,0.9702141826499804,0.9976010063305671,0.8727667028455257,0.9197651301530351,0.9071521826415176,5.2121162639769825,0.5811587524601429,0.17258568118479478,0.8614403767579992,12.633900654020854,105.16134763889666,5.947032522871466,-4.599513814166282e+16,-22.92881187276678,6.142263753467791,895374154.8614359,940631601.0393417,-3.1640409306127544
138010A,P3_base_infl_0.25,P3,0.20146281703187197,0.8530608500362049,0.06102828013510395,1.0,0.0012334849521459601,1.0,0.06933083014304202,1.0,0.05967650057341738,1.0,0.03796027924000574,,0.5259537332481591,0.49869210415024584,-0.6515980330043329,3652,37,0.4950711938663746,0.22,6,0.45,6,0.4931491912655859,0.5029673535322141,0.9979751613399586,0.0,0.9869258042610644,0.9976140189918342,0.9552893238863224,0.9690261539681174,0.9256857638340169,3.036331845918369,0.38503260989490956,0.11434244941812122,0.878417334400332,13.525066377602139,105.19074664963183,3.5873015634515246,-3.881642446070694e+16,-30.671435049565577,3.770455598162941,2192982152.7231245,2346135723.8620806,-4.745637747960427
138010A,P4_base_depl_0.50,P4,0.10287227326300558,0.03897398082105363,0.05825041784369316,0.0,0.006879641852964136,0.0,0.060416145139494865,0.0,0.05911233263970776,0.0,0.3011865006328158,0.01,0.08708419180375748,-0.06846668141850476,0.06389829244195194,3652,37,0.4950711938663746,0.12,6,0.45,6,0.5867384495345743,0.5943747165506074,0.9914396114605225,,0.9824073084611628,0.987604720752024,0.982058971344792,0.9767777608612819,0.96030168238564,1.5627359146361242,0.4466385098059285,0.13263744395470387,0.8836855013235798,27.55741137134163,17.416838360751505,1.9550179088407937,-0.0,-0.2765649623397688,2.189479999101303,0.0,0.0,-3.907626777810165
138010A,P4_base_depl_0.75,P4,0.06667677274941004,0.018092732217940673,0.05982508208253711,0.0,0.0030269079923017127,0.0,0.06988271146954292,0.0,0.058947376767497554,0.0,0.012207053483919966,0.01,0.04701073802933847,-0.02850229110027766,0.04858404053146937,3652,37,0.4950711938663746,0.26,6,0.45,6,0.6532802835599123,0.6597964284768684,0.9985719592793062,,0.9610023193279921,0.9957947095412119,0.9778268499967266,0.976854251683916,0.9525920274482403,-1.0053913455885528,0.664981267166505,0.19747830430710098,0.8441059777417025,17.05022895838463,9.402147605867702,-1.1878499770195858,-0.0,-0.4391385508031067,-1.8204841703929773,0.0,0.0,-1.8379351925384682
138010A,P5_compensating,P5,0.3740466045797905,0.9416596548664786,0.1538740504962143,1.0,-0.15211977088275497,1.0,0.17962599349280342,1.0,0.08879626980200485,1.0,0.3153996776840618,,0.6980173140553853,0.6638227424755161,-0.5676130502866881,3652,37,0.4950711938663746,0.06,6,0.55,6,0.26469297486145665,0.26469297486145665,0.2775101925437722,0.0,0.8905752907081983,-1.4246969614976783,0.6944756728314199,0.69447567283142,0.019186269707860637,2.7512156193595883e-15,1.113903895002483,0.3307940587311109,0.44852712024874064,9888.564126867546,139.6034628110771,-29.86057867802137,-1.2491974676700334e+17,-97.13984062512777,-29.833383745530014,3864696911465.172,5670412956669.022,29.96314160782186
138010A,P6_shift_1d,P6,0.15113679870520638,0.036450030775212264,0.310040837824901,0.01092896174863388,-0.02228933095254396,0.01092896174863388,0.5087066790866998,0.02702702702702703,0.1621805538405205,0.01094391244870041,0.15937007969424474,,0.08397284797956003,0.014806616348516547,0.11468676792999412,3652,37,0.4950711938663746,0.06,6,0.35,6,0.9659519869581594,0.966638361267429,0.9420936419333492,,0.12252011841739496,0.9374519226302034,0.55478973028548,0.5548667574063882,0.9677465680888815,-0.26870761643130747,3.1543407447354683,0.9367389612814261,0.17857018080954812,50.832107375712624,16.79456959591202,-0.29497919153262403,-0.0,-0.06052059182791978,-10.01618246178306,0.0,0.0,-2.4128112286097507
138010A,P6_shift_3d,P6,0.24520047322143268,0.06844834746643978,0.5057840462878795,0.03278688524590164,-0.11374340051242676,0.03278688524590164,0.7183733488664888,0.05405405405405406,0.2610782644848304,0.03146374829001368,0.39393212055084004,,0.14155649746327986,0.022861052537223793,0.17675212575499288,3652,37,0.4950711938663746,0.06,6,0.49,6,0.9481606981723387,0.9475993108526194,0.9701572592644455,,-0.7682817810500124,0.826153130899651,0.21801588225778135,0.22884527573801772,0.8956490470845528,7.856756252760964,4.477810990652546,1.3297675665506405,-0.376006761970227,282.4607808173065,28.311299492655973,9.382344485370627,-0.0,-0.2575240695027212,-34.26735312545217,0.0,0.0,-6.596423212150914
138010A,P7_var_compress_0.80,P7,0.41398634509138876,0.9464265336207835,0.08846246278546872,1.0,-0.0760975054074311,1.0,0.12732772718193816,1.0,0.14194632233021642,1.0,0.11732856435953229,,0.7249146824157825,0.7147659771184387,-0.5324401885293948,3652,37,0.4950711938663746,0.12,6,0.59,6,0.08452099289663735,0.08980209093126565,0.7391248856028478,0.0,0.9352272753634873,-0.6689087831815934,0.764123253134714,0.7782966794523408,0.7183013163557226,-1.825621661846398,0.8570104246996751,0.2545048617148849,0.6203365148134266,5820.013890598649,144.98293648315646,-22.123803061038195,-3.841795241592277e+16,-94.56668830811878,-23.366033468053004,4650983601093.589,4944640221833.794,24.298643915094406
138010A,P7_var_compress_0.90,P7,0.3486581592794271,0.930723538955021,0.058883343058603425,1.0,-0.03000964973355504,1.0,0.05701204267247486,1.0,0.09003255836252891,1.0,0.1055920770652091,,0.6784873346031944,0.6711239654225184,-0.5820653796755939,3652,37,0.4950711938663746,0.2,6,0.55,6,0.13254704285743257,0.1415380880659164,0.9196394861414454,0.0,0.9916560478337678,-0.00807635170435006,0.9340323165483051,0.9088559913798488,0.8117722357396856,2.988562524823373,0.30759262944806526,0.09134523614415885,0.8238027421779577,2761.7605923934084,135.6974669206389,-6.454849152763069,-3.8574488821254824e+16,-90.51052571056933,-6.638171123372729,2312233952801.703,2458337593685.975,9.0531129448091
138010A,P8_mult_noise_0.10,P8,0.03259549791766848,0.006105071875104327,0.0378895988919432,0.0,-0.0028175300093768335,0.0,0.03644978407749132,0.0,0.03806554557705544,0.0,0.029153688021269837,0.5386989355037265,0.01951023913150236,3.200522007683157e-05,0.02649042604256415,3652,37,0.4950711938663746,0.11,6,0.5,6,0.9935509559807115,0.9935941246393232,0.9981222193037922,,0.9887477325383028,0.9990109554811754,0.961559053680987,0.9745964580522244,0.9705789135381478,1.4766695278208493,0.3571988443248967,0.10607670555639041,0.917193887307467,7.755922009993263,3.9020478263004734,1.7418140731568117,-0.0,-0.03199674811487001,1.8038945515106886,0.0,0.0,-2.7067637661053228
138010A,P8_mult_noise_0.30,P8,0.09922818762089101,0.01832021156964301,0.11185775977265759,0.0,-0.004902934550835892,0.0,0.11786226029389112,0.0,0.1167727040868534,0.0,0.07639723915966667,0.505768172296714,0.05906672714588265,0.0014353556548520351,0.080907976051248,3652,37,0.4950711938663746,0.06,6,0.5,6,0.9972787909298451,0.9970537502908248,0.9969181563300225,,0.9109300129911959,0.9905842727713114,0.9412618029479163,0.9497033465049688,0.9401539536377517,1.4697689329037305,1.004976059858654,0.2984459532458165,0.7701839472386657,24.63554676382202,11.81334542917652,1.0796593720394891,-0.0,-0.36100936728586464,0.5285912282236116,0.0,0.0,-10.236126074925892
143110A,P1_peak_damp_0.70,P1,0.07595337542350028,0.01205745694041916,0.15397092543357424,0.0,-0.14989813670034358,0.0,0.16934133137945545,0.0,0.09002960532646552,0.0,,0.4590421615809546,0.039608876295361035,-0.010803399454719101,0.06389591848308113,3652,37,0.4397590361445783,0.06,6,0.44,6,0.9300290388470509,0.9175534989483147,0.36153600694853305,,0.9300586074888552,0.9956669146225313,0.6589865101041232,0.7551712388444884,0.7525541367241428,-24.45108204475737,1.1968004362849018,0.26446435017057573,0.7420083721799655,13.684423834285417,7.92177525907221,-27.17775954775682,-0.0,-0.057415946479609285,-26.69371735902997,0.0,0.0,6.475138710312162
143110A,P1_peak_damp_0.85,P1,0.05839262457791902,0.012246745087564759,0.08036940470252706,0.0,-0.06990755008504093,0.0,0.08766005884468311,0.0,0.0652732096360056,0.0,,0.4415204116762351,0.035328353224647994,-0.0058327526868527275,0.046145879490354265,3652,37,0.4397590361445783,0.08,6,0.44,6,0.9649545507397749,0.9599647173524822,0.7063757464143683,,0.9638536734749207,0.9969937718321833,0.817570556379745,0.8750070391509435,0.871077936172915,-12.410862205018867,0.8603728260276982,0.1901218728213021,0.8449506862967757,12.518241821541967,7.065670644929596,-13.777672912008319,-0.0,-0.11016882082340392,-14.028817326104708,0.0,0.0,1.4286133309805997
143110A,P2_peak_infl_1.15,P2,0.057661583637199997,0.011651510575257158,0.07886503582476014,0.0,0.06115270704002767,0.0,0.08967719518580042,0.0,0.06616184827511597,0.0,,0.44289698075804185,0.03432185303293832,0.006668325865559171,0.04601007306194284,3652,37,0.4397590361445783,0.06,6,0.44,6,0.9644663564223829,0.9588533237074318,0.715366411607208,,0.855630026666509,0.9971580818390855,0.6300734018922706,0.7819071963070722,0.8072469536519062,18.721176839912488,1.719463810231506,0.37996048917419173,0.7885086089270834,12.68797080953363,6.864370606587669,21.4731654203745,-0.0,0.08929260403555692,22.01345217872209,0.0,0.0,-4.989565182776577
143110A,P2_peak_infl_1.30,P2,0.06707925402847205,0.012080103098657879,0.11894021072470924,0.0,0.11385929731335302,0.0,0.13294390985503926,0.0,0.07897718607237994,0.0,,0.4462222765219962,0.037239993768750056,0.008980541660105713,0.05499915092981417,3652,37,0.4397590361445783,0.06,6,0.45,6,0.933480043567661,0.9253283917028081,0.4602806186527144,,0.9185112244582595,0.996386810654119,0.637854137754764,0.7336756817280385,0.7309677750174237,26.573868808230756,1.2918244424810665,0.2854623890142807,0.7210406041057326,13.997125766475726,7.447998753750006,29.34932508068728,-0.0,-0.00781213778472545,29.033152309873397,0.0,0.0,-5.677087989959229
143110A,P3_base_infl_0.10,P3,0.17194435630436028,0.8195992646154654,0.05814873664444532,1.0,0.0013015215540983457,1.0,0.05304855163877663,1.0,0.05732760639133447,1.0,0.039064100824994806,,0.4813060266396032,0.45484044270350094,-0.6476549083111052,3652,37,0.4397590361445783,0.16,6,0.4,6,0.5157039106196825,0.5255929217527008,0.9977566211295603,0.0,0.9882883885520467,0.9956203269246648,0.9623351035332985,0.9640427641452124,0.9453640867501498,-0.1791802550486124,0.48973701432253697,0.10822019889074935,0.8956222397276655,22.061403568634724,96.26120532792062,-0.5409372005759798,-4.0014962587546936e+16,-56.79846979363869,-1.0837568683179055,47950217765.59967,51300548493.55937,-0.9793706801101102
143110A,P3_base_infl_0.25,P3,0.18129862060564236,0.8273872943906866,0.06133927339499518,1.0,-0.004279256368364632,1.0,0.061808735205741344,1.0,0.061660945559520564,1.0,0.32439605852406994,,0.49283096492882944,0.4675693295534303,-0.6460886737850442,3652,37,0.4397590361445783,0.31,6,0.4,6,0.4765991718401906,0.4862700365124054,0.9841752726929116,0.0,0.9828482127696436,0.987120165991195,0.9395216169827842,0.955118025727104,0.9427587418900125,-1.7456479782086065,0.5926650152211563,0.13096483203652956,0.880175562688505,42.8640517094481,98.5661929857659,-2.601958258209161,-4.6796364133089464e+16,-64.85371460442886,-2.9626520228876614,120773680887.85521,128879279337.62936,-1.3542294583389367
143110A,P4_base_depl_0.50,P4,0.11329818795616169,0.051916903764149244,0.05523015419035618,0.0,0.007180412732610305,0.0,0.05564736038753006,0.0,0.05962050532208967,0.0,0.1771991687621584,0.01,0.10379005871063864,-0.0856938631626961,0.06138128419201244,3652,37,0.4397590361445783,0.06,6,0.44,6,0.5357114665395102,0.5436635051867692,0.99317200688402,,0.980158857593222,0.9834779209366541,0.8954179775373959,0.9290266732579995,0.9532867549767796,3.46601320412204,0.6374379835510869,0.14085859010645402,0.8807273805035909,29.386141658075417,20.758011742127707,4.367534714966708,-0.0,-0.18387504489838963,4.967487463098357,0.0,0.0,-4.935457152617923
143110A,P4_base_depl_0.75,P4,0.07155457234001104,0.024375867800525867,0.06156713968415415,0.0,-0.01045492566163587,0.0,0.05660719550740983,0.0,0.060578882826383414,0.0,0.014238399061274148,0.01,0.0553298839116552,-0.03846569798405197,0.04717870453948518,3652,37,0.4397590361445783,0.15,6,0.4,6,0.6326317912362593,0.6383732454109896,0.9887902990214364,,0.9920180712902612,0.9947365110792584,0.9550641862310667,0.9660556740095341,0.9683403923281292,1.1148849425976173,0.4043044521603091,0.0893416404021039,0.896701621104981,17.777379017394868,11.065976782331036,1.800842699753899,-0.0,-0.3002285195998882,2.8673834108074625,0.0,0.0,-3.0012696464141753
143110A,P5_compensating,P5,0.36670184724060784,0.9358019626508035,0.1551430741524761,1.0,-0.15482016332878684,1.0,0.17534799222423408,1.0,0.08782448284241866,1.0,0.3158719426506006,,0.6887890460242547,0.6540792661252677,-0.5691001154101957,3652,37,0.4397590361445783,0.06,6,0.5,6,0.25693457118190305,0.2577996133231165,0.20312246357701222,0.0,0.8942385104579564,-1.1901383850153762,0.6853029810909956,0.6853029810909956,0.08492712104702671,-6.501478932781759e-15,1.4716969196196248,0.3252099161188718,0.4576330969006328,4027.404624844761,137.7578092048509,-29.826140869551285,-1.4878003601683053e+17,-97.14949032125443,-30.041673055938467,5529851973247.762,8172380891802.469,55.60977126566215
143110A,P6_shift_1d,P6,0.24474083471045438,0.049966781109246995,0.5624419083279615,0.0273224043715847,-0.1691152152929373,0.0273224043715847,0.6219848835088962,0.05405405405405406,0.3152023708515442,0.02051983584131327,0.1980624389283791,,0.12463290604423367,0.027014533112238764,0.1947740536012074,3652,37,0.4397590361445783,0.07,6,0.44,6,0.9517863504235289,0.9510590920407703,0.9751263089046658,,-0.3587791387721624,0.8542352256302372,0.3525841897666919,0.35401615698635946,0.9504554826297805,2.2738457003751287,5.275079834570178,1.1656668215112596,-0.1529892647104698,76.57298485312113,24.926581208846656,2.6114963203543806,-0.0,0.03285035645552657,-49.664285228905456,0.0,0.0,-1.2511494913163277
143110A,P6_shift_3d,P6,0.3724692232596825,0.09739197492482049,0.7127306490486228,0.0546448087431694,-0.530659775152131,0.0546448087431694,0.7540673190012028,0.05405405405405406,0.476378736171958,0.049247606019151846,0.48049584608966556,,0.21083683720551458,0.03805368614963713,0.275077248334862,3652,37,0.4397590361445783,0.07,6,0.44,6,0.9110854624912547,0.9036032550016609,0.7495789369219488,,-0.8786759270394402,0.6356076872767391,0.07850374114316017,0.0786969013299843,0.9079664358900026,2.588713794701143,6.202696574107489,1.370647995307125,-0.5625416000021373,731.8567510051539,42.167367441102925,3.005207298838231,-0.0,0.08988517136415689,-84.82410655435739,0.0,0.0,-3.097884438043986
143110A,P7_var_compress_0.80,P7,0.40719838176306766,0.9373723493395423,0.09407518600720481,1.0,-0.08516110580843138,1.0,0.09898911096123715,1.0,0.1421236915125912,1.0,0.1398810356011592,,0.713044338631043,0.7000460536365753,-0.5301739675764746,3652,37,0.4397590361445783,0.13,6,0.52,6,0.08862931240710925,0.0912094990937574,0.537621290362456,0.0,0.9577846600503651,-0.5062696508836919,0.8077840512246751,0.7952724712479513,0.7267430575638157,1.5772130833200375,0.9298004390512477,0.20546371930254478,0.6562090125424358,2160.7764628514874,142.60886772620856,-17.820163906231873,-4.13969933755316e+16,-95.28202437134829,-18.0194443096954,7940534481570.637,8388544716913.391,41.785873316500414
143110A,P7_var_compress_0.90,P7,0.33284063178863893,0.9145134373456344,0.06646808281184172,1.0,-0.038500936581459366,1.0,0.07074000039101798,1.0,0.089582009515072,1.0,0.14079209930279538,,0.6547002856478666,0.645584783902909,-0.5816728055569955,3652,37,0.4397590361445783,0.31,6,0.45,6,0.13840609326852435,0.14782204480179256,0.9106213808230634,0.0,0.9510356140880346,0.09774167180263871,0.8360019729431942,0.8394168647909057,0.8431300633010085,-0.40802774616703025,1.0013704180506495,0.2212789775644433,0.7691107539261647,1091.4466751369416,130.94005712957332,-10.413420362683512,-4.4912978881317096e+16,-92.01088988657084,-11.569320539131564,3987403117251.226,4276307060474.437,20.535996224844038
143110A,P8_mult_noise_0.10,P8,0.03526822206583894,0.007754888940047791,0.041866664424609276,0.0,-0.0014326521717353846,0.0,0.051386919437021304,0.0,0.03972665302242325,0.0,0.06330885224768779,0.6976765551428676,0.021973094372477867,0.00018632575708083646,0.02751333312579115,3652,37,0.4397590361445783,0.28,6,0.44,6,0.9960942072904484,0.9961747838628094,0.9997168015588527,,0.9898775440611608,0.9988692193910195,0.9524704366565526,0.9662199806194255,0.9689813694730114,-1.547340808059239,0.455299893788936,0.10061041665175247,0.9114462708014446,7.895439852161392,4.394618874495569,-2.0423759704192244,-0.0,0.05627719336188583,-2.3179534874897625,0.0,0.0,0.46092108740022775
143110A,P8_mult_noise_0.30,P8,0.10335373885470533,0.02340362011335791,0.11349874026063539,0.0,-0.0021953870344447396,0.0,0.09511398106026506,0.0,0.11854798174475391,0.0,0.013658694922610586,0.4403283140567332,0.06597427604900766,-0.003794652553166457,0.07995011874134743,3652,37,0.4397590361445783,0.18,6,0.44,6,0.9966295924679296,0.9962294447434678,0.9959127434596654,,0.9797772403329409,0.9896021574787225,0.9636277231719215,0.9712879670670037,0.9568737665910259,2.6755302457223484,0.6435389117759985,0.1422067497239815,0.8188273953752658,24.256920270053154,13.194855209801542,2.6046069373662766,-0.0,-0.15142477046202643,3.3725157069639127,0.0,0.0,-4.647581718637965
146010A,P1_peak_damp_0.70,P1,0.0791604086572725,0.055404685918775426,0.14439714589303493,0.0440208238325075,-0.1418884463308916,0.008037534891958431,0.16605322327667363,0.0,0.0850115937323128,0.05507566484021223,,0.927408974281563,0.06359255499853149,-0.008477053456789023,0.023755722738497076,3652,37,0.011500547645125958,0.06,6,0.18,6,0.9600529602449762,0.9517734885342793,0.3646448594817418,0.9862278016960232,0.871794256434858,0.9889850335190737,0.6048592373134332,0.7360037887718105,0.7817037651242646,-20.645812249042486,2.5501891152406717,0.3580582963221799,0.7591294219372198,12.735481913405877,12.718510999706298,-29.862444847656153,0.026337278075270604,0.31934531733676735,-30.836176048551074,1.1591367407310005,-2.8650672675678304,5.366354100677102
146010A,P1_peak_damp_0.85,P1,0.06388043250449345,0.055468429584084246,0.07928493293397812,0.042936770889136874,-0.06463430730348355,-0.0033562435958240495,0.08539645553916969,0.0,0.06428989310846023,0.05594649195148254,,0.05616562982176891,0.05974107399904527,-0.004398633048531302,0.008412002920409202,3652,37,0.011500547645125958,0.06,6,0.06,5,0.9779435000626355,0.9745903365762658,0.7264771259782357,0.9953911769148593,0.9745573135626322,0.9909837646198772,0.8845352676028532,0.9133145223281487,0.9048833300560003,-8.552401901625467,1.1360570199340692,0.15950763755183567,0.863380259300002,12.106995396112092,11.948214799809056,-12.04012147160036,0.032963037086363445,0.35023820863654664,-12.108566970961952,4.974449945716144,-1.6116269601932547,-1.7284576103913207
146010A,P2_peak_infl_1.15,P2,0.06629741555757708,0.056360805555485075,0.08336369791620543,0.04530254736604692,0.06328073875835383,-0.005503192721553297,0.08114005480094696,0.0,0.06872771013845119,0.05801323496164111,,0.020624163165002478,0.06118542784719213,0.003952056008165704,0.009936610002092006,3652,37,0.011500547645125958,0.08,6,0.06,6,0.9811704838372474,0.9787306679726533,0.7562810151239383,0.9698572905239129,0.9199939130552607,0.9905380937428527,0.7185076234319643,0.8315688618759554,0.8669704398595854,12.5979025399085,2.01455979197932,0.2828534725697022,0.819301727638121,12.651045865337512,12.237085569438417,17.291771040533295,0.10219512139164581,0.06311401424736307,17.732743120562144,-1.211769431170142,0.6185862433595835,-8.076319450447064
146010A,P2_peak_infl_1.30,P2,0.07295056432253462,0.05729244746039668,0.1159492305240522,0.050310989893699205,0.11272048363375121,-0.0013552820228891333,0.14462074119528356,0.0,0.07570904060883799,0.058216692117883155,,0.028724473248486808,0.06283353934627599,0.007639420974668386,0.015658116862137937,3652,37,0.011500547645125958,0.06,6,0.43,6,0.9640937528975742,0.9561744133843777,0.43242225841237814,0.9980309319781903,0.814455190290995,0.9898784111099679,0.529435971141785,0.7224990028268634,0.7415175391021906,25.17088642057786,3.0679130864422,0.430749126184842,0.7178481017321273,13.104257159236008,12.566707869255175,37.29918810617629,0.07111647632006897,-0.5222113713881453,39.08662992635921,-3.018884735424254,-2.3602304995913967,-11.42420269320889
146010A,P3_base_infl_0.10,P3,0.06737176352164041,0.2921981961562679,0.053268828091502074,0.7955793224748686,0.001952544519044561,0.7955793224748686,0.05039638288777259,1.0,0.05861336075030655,0.382133624265096,,,0.13590448451905757,0.10891837941792622,-0.22482643263462748,3652,37,0.011500547645125958,0.64,6,0.06,6,0.6674846385248486,0.6772369106952081,0.9971836533372784,0.0,0.9931962797341019,0.9547141159982098,0.9671458940801488,0.9715595792096969,0.9638578095613551,2.7005430366960397,0.5874783568601877,0.0824846668532897,0.8943654361616633,98.71002066151634,27.180896903811547,1.2230749528813845,86.35644377673039,-10.343497479214363,1.2622506562464066,243.26351591016413,66.7479247801371,-2.1782810782848343
146010A,P3_base_infl_0.25,P3,0.08844790141644282,0.4045402279089933,0.05669737680215608,0.896116324446951,0.0010155136294361137,0.896116324446951,0.06931953632973692,1.0,0.0604737310489955,0.5445896528122717,0.04316750151803744,,0.201675860906183,0.17926982300086208,-0.3160923264925505,3652,37,0.011500547645125958,0.71,6,0.06,6,0.44952600780162355,0.45952259851831506,0.9968845480999974,0.0,0.9792680311048769,0.8685202434375475,0.9547068263975564,0.9500739028886507,0.9452818383804993,4.159403053140799,1.0255076894178672,0.14398600242774676,0.8543449406125815,239.10106446127492,40.335172181236615,0.9844372195442127,90.56893947201216,-23.48300754212795,0.5332021766246489,606.5876323685769,166.62943176696047,-1.242939866855171
146010A,P4_base_depl_0.50,P4,0.15112873674315042,0.2985555003481961,0.058538716187223394,0.25974737244886886,-0.014479363632654674,-0.25974737244886886,0.07483404847114139,0.0,0.05644346701096197,0.31550723699093625,,0.01,0.24625453809548556,-0.23025508111088513,-0.1474267636050457,3652,37,0.011500547645125958,0.1,6,0.08,6,0.30493046677529345,0.3147627743111377,0.9908873880050546,0.0,0.990164382416712,0.8825353280661659,0.9280594801034299,0.9243046448767195,0.9148057729580722,-6.531452458360142,0.7063492106515151,0.09917468216882791,0.8520027852000671,38.0081454480641,49.25090761909701,-3.2821952756694897,6.844053303826185,38.78444076559347,-3.784508995522646,-52.14610537871882,-51.39538508303446,-7.781399699194819
146010A,P4_base_depl_0.75,P4,0.0894501537426184,0.1336935217316324,0.059457772064650256,0.11053720064785794,-0.002640396902301578,-0.10949585662093415,0.056946190867415314,0.0,0.062107669249036546,0.13994509942598,0.044781217626996515,0.01,0.11919793215246782,-0.0991982822092565,-0.044243367989014,3652,37,0.011500547645125958,0.3,6,0.06,6,0.4359695857147171,0.44269172723986394,0.9979739919144504,0.24768230676017847,0.9429439379684625,0.9710858368230025,0.8176349890085883,0.8429204010753614,0.9537096569027944,2.2120216618645268,1.7012555055551235,0.23886410787629314,0.8542258165211216,21.13466065056673,23.83958643049357,7.448032062701098,2.9752050540068327,17.661930068183306,8.579070370857808,-26.81888857595475,-27.447920430106322,-8.634920801687528
146010A,P5_compensating,P5,0.2128185834645494,0.6920417715145811,0.1411027797619273,0.9805694416105323,-0.13860219996979198,0.9805694416105323,0.18481777110616343,1.0,0.08412759596597674,0.8500289518145577,0.330399348876224,,0.4346034647625036,0.4025225798077788,-0.4792231880500317,3652,37,0.011500547645125958,0.06,6,0.07,6,0.2677906364909371,0.2693016061961082,0.3639865402268342,0.0,0.8848709023516257,0.15863893990040479,0.6875562194541707,0.6875562194541708,0.7501668806605506,-1.1494287897274914e-14,2.41663575772015,0.3393067898648276,0.574276426349082,1436.074108376916,86.9206929525007,-29.29071550570022,95.40281624106927,-67.96591632889279,-29.95217659566538,3490.8540040255866,1004.0387342009813,20.353055935650676
146010A,P6_shift_1d,P6,0.1825336488759949,0.16095406574921725,0.3648179082186217,0.28912356705124675,-0.07383526201109866,0.11534209837214739,0.5039509644615978,0.16216216216216217,0.22079629873434697,0.19442204103598246,0.3317361403250192,,0.14247955780284777,0.010150044238119407,0.021579583126777657,3652,37,0.011500547645125958,0.07,6,0.06,6,0.9629488988697575,0.9649064264651344,0.9826124302118409,0.9393184458824422,-0.05376635166072363,0.9046569969826158,0.49547967780841007,0.49708239694005996,0.9547847204004796,2.1441050251926512,7.311236125718388,1.0265312229351446,0.2809583616703958,32.34645258298294,28.49591156056959,3.0308570648146143,0.0457551893104202,0.3028960051998156,-14.539336016853957,-5.1856665419957,-0.4787736974223023,-4.2438092492463415
146010A,P6_shift_3d,P6,0.3156166362106292,0.25927313415817144,0.6067045542105617,0.4375732935153189,-0.2774442800175925,0.25317560187039373,0.7319070250043167,0.32432432432432434,0.39048155461844997,0.30609690042085963,0.7655543007678999,,0.24124940330759023,0.02435693774125744,0.05634350205245775,3652,37,0.011500547645125958,0.06,6,0.06,6,0.9322556383355248,0.9334345131740167,0.9422152956910207,0.8491580758914952,-0.63733624759824,0.6882058897860799,0.12691870307021103,0.1274251846611706,0.8937706837128472,-0.8016292871082975,9.113550093005763,1.2795844042493798,-0.12159579087264616,76.66348683882019,48.24988066151808,-2.2157403826709663,0.05879919732148239,1.3181718756122096,-79.07491542247959,1.9824248707885366,-3.364625309260946,-2.7704568122263526
146010A,P7_var_compress_0.80,P7,0.1734691989988189,0.6234219683623257,0.10746925546511614,0.9718219087418316,-0.10032698371954646,0.9718219087418316,0.10753399007353828,1.0,0.07939762429647662,0.7981766690055867,0.24923272038435323,,0.36968307991578514,0.34867181193185365,-0.44995276936350675,3652,37,0.011500547645125958,0.65,6,0.06,6,0.1936282530558555,0.19570135491445032,0.4869319769553524,0.0,0.9509811467139868,0.421371274842934,0.8217720434030432,0.8136466901020016,0.8544408352893367,1.0011472543485584,1.5768857209402292,0.22140201734856266,0.7060076773453707,960.1986510711387,73.93661598315711,-17.64216912571213,95.04358186606969,-53.46524793580239,-17.128006293617247,2401.698109869708,685.7146251029168,13.049092888132115
146010A,P7_var_compress_0.90,P7,0.11827718522186183,0.5120116462563943,0.0695263272204704,0.9469464861132805,-0.048221973075981965,0.9469464861132805,0.06555597449859418,1.0,0.06570765191072554,0.6838738413923552,0.23329410782557256,,0.27485574512104644,0.2577790128806773,-0.39373446103453247,3652,37,0.011500547645125958,0.65,6,0.06,6,0.30073905989343896,0.3082928140190533,0.8136714320973283,0.0,0.9827647743579192,0.707476989421129,0.8920078630345999,0.885330990070771,0.9257093041081962,0.7559691947391226,0.9350334197372181,0.13128299829787876,0.8240814505870153,490.9052299556601,54.97114902420927,-8.569223552539627,92.84864820896823,-34.31778676931325,-8.699188958287586,1286.9934895297536,347.40624299485125,5.30188404846714
146010A,P8_mult_noise_0.10,P8,0.03981379685357976,0.03732900281757197,0.036270497391593014,0.029457952686263666,-0.005181273585266569,-0.0027766809064473327,0.03360277718144228,0.0,0.04012326146776913,0.03720186268143798,0.28843630298870815,0.05833970533042693,0.03974382966283651,0.000382488179058111,0.0024847940360077925,3652,37,0.011500547645125958,0.06,6,0.13,5,0.9960807995054088,0.9957297986754788,0.9882088086475594,0.9997565699668354,0.9939101231331622,0.9960255876360073,0.9584391798933913,0.9621468396017658,0.9832268305457545,0.3593070398580548,0.5558055800908847,0.07803766313029754,0.9285112644375192,8.09451933990573,7.948765932567283,0.40048691892049226,0.04027958873801005,0.42628607895230797,0.6286042282279755,2.6670689654282973,-1.2732484599634435,-2.2488242662413
146010A,P8_mult_noise_0.30,P8,0.11786587325240956,0.11199436387154996,0.11941359625376645,0.09025277398810505,-0.009243179450788872,-0.01159325426579937,0.11684575214291208,0.0,0.11921218907664138,0.11450316368002557,,0.01,0.11681587029893567,-0.004204022398298625,0.005871509380859605,3652,37,0.011500547645125958,0.17,6,0.06,6,0.9965697170812494,0.9962103124459573,0.9976932366717163,0.9964338473282502,0.8832627891232345,0.9652037294528711,0.8617545647738248,0.8907913245821528,0.9439589116362048,2.9448059945836182,2.433454908382079,0.3416682760760289,0.7466288197274301,24.54467481494178,23.363174059787156,3.2241795819489214,0.47680919868817123,2.2217039419454117,2.4500675371165013,-5.803949694683481,-2.564689634400697,-11.187325005151848
138113A,P1_peak_damp_0.70,P1,0.07904048261713248,0.027179585887056715,0.14469697534360978,0.0,-0.1428759472933345,0.0,0.16954367778634327,0.0,0.08591333314717696,0.0,,0.22193970837608235,0.05232614181967732,-0.009963980069621617,0.05186089673007577,3652,37,0.21905805038335158,0.06,6,0.22,6,0.9393291870353565,0.9275746567212314,0.2859563588631569,,0.9077974540340207,0.9943276904947856,0.6272130947060031,0.7510310185724041,0.7514900801589552,-24.35569409362452,2.3314914341180897,0.3036487213310462,0.7411080454271507,13.159001833870779,10.465228363935479,-28.69494024578337,0.15336657715448776,-0.08555454263445583,-29.53347203413321,0.0,0.0,4.880091192480919
138113A,P1_peak_damp_0.85,P1,0.06432329842297191,0.027233604420500348,0.08518856768948839,0.0,-0.07416133197639492,0.0,0.08397982759631319,0.0,0.06783511876437641,0.0,,0.2384846300625515,0.04847678172137249,-0.005466275774499927,0.03708969400247156,3652,37,0.21905805038335158,0.06,6,0.22,6,0.9660926661610223,0.9613074604286709,0.6144635436711454,,0.9748110134845821,0.9955463077703682,0.8345159586011138,0.8766951859792195,0.8722386395201364,-12.242257670551412,1.2186183529540802,0.15871038565707632,0.8515815702691982,12.37460765098172,9.695356344274497,-14.25609874275171,0.24284234510459224,0.1788764767604948,-14.079525333715432,0.0,0.0,-0.5597929936366378
138113A,P2_peak_infl_1.15,P2,0.06155582244250871,0.027000780014255817,0.08086490413482243,0.0,0.06275892264433205,0.0,0.07982087281563201,0.0,0.06342458593658923,0.0,,0.24170023888291572,0.04729227767304494,0.003237335901437455,0.0345550424282529,3652,37,0.21905805038335158,0.06,6,0.22,6,0.977844607117127,0.9745671028969098,0.7387110679397797,,0.9486327942185768,0.9958226316247591,0.766036156172191,0.8532699406968822,0.8548005370648804,14.103686361305147,1.7402247402421132,0.22664334488668142,0.8238110400681351,12.359031787676455,9.458455534608996,16.417417918167196,0.24013000922154618,0.6215864989465382,16.816318622421374,0.0,0.0,-5.41831308785903
138113A,P2_peak_infl_1.30,P2,0.07360750069207443,0.02708542664465051,0.11842438828421498,0.0,0.1156436937772402,0.0,0.12817066517897718,0.0,0.07983481773662904,0.0,,0.25897449896410035,0.05105472958244461,0.010733317495614113,0.04652207404742392,3652,37,0.21905805038335158,0.06,5,0.22,5,0.9361525843102997,0.9276737786810463,0.3064645707920375,,0.821913493893939,0.994846033812749,0.5053543110635574,0.6960356847943828,0.7044663466989091,29.257534503077647,3.240245187941694,0.4220029693095311,0.6949090035342094,13.66345266388278,10.21094591648893,34.261039620887516,0.03597883246087596,-0.12984082365184024,35.19542557758581,0.0,0.0,-7.744846911278057
138113A,P3_base_infl_0.10,P3,0.0981762482104237,0.6313626308191269,0.05721094544839881,1.0,0.0013350931506477,1.0,0.05775013878403975,1.0,0.05938555284421671,1.0,0.019683533326583826,,0.3070804541005413,0.2813848346321783,-0.5331863826087032,3652,37,0.21905805038335158,0.52,6,0.18,6,0.5529810656928376,0.5626332939338481,0.995110913211674,0.0,0.9661033820094891,0.9748943056266276,0.9102152623289291,0.9311695303527456,0.954363672766127,-2.3935152984150068,1.4136456203908798,0.18411034188907197,0.8653776518667546,42.28161272067837,61.41609082010824,-4.094798691319569,74.28180659303403,-13.590132637018494,-5.6058853877000905,444371131377.37524,487950544229.4411,1.3080902855556173
138113A,P3_base_infl_0.25,P3,0.11700249549783455,0.67651089933139,0.06396822241585198,1.0,0.0024523499322299984,1.0,0.06737420748216043,1.0,0.059377793755825546,1.0,0.017492491526249352,,0.34854996548322137,0.32822082314458867,-0.5595084038335554,3652,37,0.21905805038335158,0.57,6,0.19,6,0.4400593953185623,0.44997400133240556,0.9991400491874316,0.0,0.9896522540968133,0.9149185385388622,0.9809280330610218,0.9729802192462718,0.9604287913207367,1.8315560384116696,0.7810615257027667,0.1017238708621859,0.8837450436547354,90.6892632778576,69.7099930966443,0.7737525292506471,74.68481942135227,-26.43171616519064,-0.48379058805201014,1083990406356.6439,1198766761087.0374,-1.0796600691625704
138113A,P4_base_depl_0.50,P4,0.14269251961741586,0.13450996934345658,0.06207580472168544,0.0,0.0035620063298317304,0.0,0.06027106025359193,0.0,0.059538018185484265,0.0,0.3010389453988543,0.01,0.1768266241178202,-0.15867802978776016,0.008182550273959283,3652,37,0.21905805038335158,0.3,6,0.22,6,0.3881549281827397,0.3957347251010806,0.9961111124440565,,0.986460953183169,0.9597540507177491,0.9511687429084481,0.9562230677964884,0.9684767745968134,0.4905938379560396,0.8934215269221925,0.11635740980629912,0.8796227623654319,34.99498471399528,35.36532482356414,2.153707923432517,8.572376234280723,20.625809984967244,2.299098944567589,0.0,0.0,-5.572308411335696
138113A,P4_base_depl_0.75,P4,0.08381497352006653,0.06051438152365236,0.054444647084722964,0.0,0.0045650992084206865,0.0,0.0525584085402744,0.0,0.05878236999667337,0.0,0.1993778271729484,0.01,0.08716884090188493,-0.06836486775162785,0.023300591996414176,3652,37,0.21905805038335158,0.26,6,0.22,6,0.4797802945372805,0.4862830408555645,0.9971676024455706,,0.9654584782315779,0.9893254319789836,0.952257462698554,0.9519220457229722,0.9612262659773461,0.037577782384815794,1.4270299928386772,0.18585349544310997,0.8684646092317143,19.75468103357713,17.433768180376973,0.6176759195835418,3.757697457468071,8.965280741476587,0.4510318525812192,0.0,0.0,-3.3562331283374536
138113A,P5_compensating,P5,0.3156575868350949,0.8899078189562721,0.14526487888533673,1.0,-0.14402188975664676,1.0,0.17520875487956616,1.0,0.08595532959150126,1.0,0.3180764574668537,,0.6222337660332813,0.5894299578493419,-0.5742502321211772,3652,37,0.21905805038335158,0.06,6,0.45,6,0.2589501297117273,0.2598151718529408,0.25376076939519276,0.0,0.8776379854840214,-0.6786474466561736,0.6624267222955523,0.6624267222955522,0.31404390540500826,7.614093190828566e-15,2.6858742573903047,0.3498028223384977,0.47116198996448444,2156.3374086612885,124.4467532066562,-30.834742563446106,58.78045516105376,-89.18117542713142,-31.76205988213738,16485006952237.139,22225211369391.625,30.921967460283682
138113A,P6_shift_1d,P6,0.18033404544963894,0.06299745102470423,0.3721866998679285,0.00546448087431694,-0.05267547834030594,0.00546448087431694,0.5632556531695954,0.0,0.20984438545169593,0.008207934336525308,0.1758703671546014,0.01,0.11101738597848561,0.01295751009140808,0.1173365944249347,3652,37,0.21905805038335158,0.06,6,0.21,6,0.9495686279055399,0.9498090517262723,0.9558465802220365,,0.13655131061352577,0.9342945898516836,0.5535026943062913,0.5532072633285112,0.9631290344071686,0.40620734913954254,7.134780798892636,0.9292193978746215,0.15446739063817916,31.944246493403433,22.203477195697047,0.6640911221235439,0.10451933167198153,0.7146169290158538,-16.739662390750322,0.0,0.0,-2.0503967848688696
138113A,P6_shift_3d,P6,0.322480705907975,0.11154685530361497,0.6239907814523595,0.0273224043715847,-0.25814026223749176,0.0273224043715847,0.7520410121539257,0.0,0.40183384812824496,0.027359781121751026,0.281383883528088,0.01,0.19857692019053755,0.03610552901021946,0.21093385060436004,3652,37,0.21905805038335158,0.06,6,0.22,6,0.8811424784507835,0.8794794401277455,0.9719183786325807,,-0.6447335866441501,0.7902632102054741,0.16060043621303544,0.1605026864159954,0.9317827914529436,0.38044948164859477,9.847140808234311,1.282471670893416,-0.3140056183735951,80.79255067560784,39.71538403810747,0.11102212817171296,0.13542293748066475,0.6210944536465537,-74.55818697159364,0.0,0.0,-1.3904712102990562
138113A,P7_var_compress_0.80,P7,0.3035795052991951,0.8614661004449884,0.09931874611606742,1.0,-0.09246538116173403,1.0,0.10555262596320167,1.0,0.10153265407982609,1.0,0.15653448904851525,,0.5935981803286308,0.5799041635552438,-0.5578865951457933,3652,37,0.21905805038335158,0.18,6,0.36,6,0.11187814288256033,0.11535631201827096,0.5530522199570402,0.0,0.9525181215670907,-0.11483647731488444,0.8076965161621182,0.7967458678881675,0.7963032488423089,1.3775556805024034,1.673117005705515,0.21790336948498357,0.6731706830368909,1165.4154010646816,118.71963606572618,-17.96429024004554,79.94557335425313,-78.38829600654266,-17.99305961507885,13968796444974.658,14926859463928.668,21.719595304008685
138113A,P7_var_compress_0.90,P7,0.22943335488381347,0.811025826964627,0.07087959722304625,1.0,-0.04059085891367469,1.0,0.0689175810386505,1.0,0.07637048242853653,1.0,0.16577650510605024,,0.5132465763901669,0.5011529233083506,-0.5815924720808135,3652,37,0.21905805038335158,0.49,6,0.27,6,0.1758985816015462,0.18521969727771304,0.8952234509085255,0.0,0.9703604789135114,0.35476536103497813,0.922389611604898,0.8929611224083651,0.8909963009791497,3.609595001688808,1.321898039809481,0.17216132285298152,0.7872020605840746,587.9267479768758,102.6493152780334,-4.710901140095826,79.24085318431321,-65.32938012618051,-4.374675913290459,7089222539432.279,7684565089341.906,7.2826514806209
138113A,P8_mult_noise_0.10,P8,0.03843957139880377,0.018224688235251387,0.03700723905864035,0.0,-0.008430782404741653,0.0,0.037932181482346276,0.0,0.03859652869688446,0.0,,0.2239050222364266,0.03126793817176581,-0.0006052893681239843,0.02021488316355238,3652,37,0.21905805038335158,0.11,6,0.23,6,0.9970007068946057,0.9969272782166329,0.9893556598411706,,0.9955150943605504,0.9982579379447616,0.9923555365276918,0.9917283537262178,0.9810157248407015,-0.06498664380396928,0.5142082291463737,0.06696943810014853,0.9324871066472593,8.033113661415166,6.2535876343531696,0.08765092045823752,0.06681565108272251,-0.15448335810654448,-0.11295969885494549,0.0,0.0,-0.8085455018717044
138113A,P8_mult_noise_0.30,P8,0.1178389606882695,0.05383995978129029,0.11866224782028817,0.0,-0.0020704594543936527,0.0,0.1142124261322384,0.0,0.12060244453395742,0.0,0.021487336823896235,0.3727563316826212,0.09446911392409786,-0.0007767055070869358,0.06399900090697921,3652,37,0.21905805038335158,0.26,6,0.22,6,0.9972239681885098,0.9972287765399109,0.9994504414978429,,0.8990874681859693,0.9834272086883662,0.7705157221333716,0.8590506992226609,0.8892736469922473,9.816213653026065,2.439129836770732,0.31766732884266,0.7534418630060651,25.21413626545338,18.893822784819537,12.798803776693019,0.42230165116478324,1.3907079351552598,13.986646019321217,0.0,0.0,-10.524241776254451
145011A,P1_peak_damp_0.70,P1,0.07813619373981893,0.04930864849353214,0.1409871619668198,0.012307207757983113,-0.13867000637304439,-0.00116887009664551,0.1872546237360222,0.0,0.07996440406025485,0.04811664318480703,,0.042853703861786885,0.06144099517636018,-0.010960050799765236,0.028827545246286793,3652,37,0.03888280394304491,0.06,6,0.06,6,0.95978045151587,0.9509003067459404,0.3392016055034295,0.9980767577861084,0.8947747106661552,0.992860207227132,0.6205115286071139,0.7518867436364602,0.7626924833441024,-22.800481242240224,1.1296745110392794,0.3243844776401066,0.747954018917661,12.570536889371386,12.28819903527202,-30.062152979214922,0.12298650392420533,-0.42013892577638173,-30.795827013872007,0.7156926613801605,-1.3374143302820414,6.201953515737027
145011A,P1_peak_damp_0.85,P1,0.06384173627687958,0.05097597650898399,0.07934315467386267,0.011844274685945287,-0.061950246397346115,-0.0009249969077054202,0.09015908998625818,0.0,0.06374042547672025,0.049760242792654154,,0.04395301358619031,0.0591971053573139,-0.004742588849841084,0.012865759767895592,3652,37,0.03888280394304491,0.06,6,0.06,6,0.985284472228007,0.981514516497726,0.8018261003604021,0.9922561283965826,0.973828712647161,0.9941096499260398,0.8501243793419755,0.903516698180937,0.9022002595222425,-9.159509617784916,0.5633856858299855,0.16177542258587668,0.8633040092746838,12.35146830079053,11.83942107146277,-11.92954961256876,0.1433017616680492,0.03850768055053025,-12.444285825137436,-1.83876742728044,-1.1624998437494016,1.0446545033324344
145011A,P2_peak_infl_1.15,P2,0.06284975489168787,0.048596275862513624,0.07614474885569013,0.013205735238987177,0.05293825290609282,0.0007386330489876966,0.07411284735856438,0.0,0.0650367949730427,0.04635824384978113,,0.0576956041722201,0.05734486290350208,0.00391589474872797,0.014253479029174246,3652,37,0.03888280394304491,0.06,6,0.06,6,0.9854676523743302,0.9826088946947654,0.8092274132776526,0.9943278410957817,0.9422391410144303,0.9943864801707516,0.7834751575034642,0.868953839475157,0.8763901160434788,11.702246901087456,0.8369703768257312,0.2403348892390985,0.8345167797504895,12.172824505271391,11.468972580700415,14.77524566940203,-0.07399997070012052,-0.6642218344257523,14.6245813197806,-0.15512998843576833,1.6867300739053914,-6.4751326324991165
145011A,P2_peak_infl_1.30,P2,0.0716852981112004,0.05095150007622676,0.11330570066661712,0.01361058776794228,0.10409619008037185,-0.0012572741790901436,0.12193242839209444,0.0,0.07470344727848838,0.048477838789248155,,0.04225330454202551,0.061041396357960576,0.005478803247016403,0.020733798034973647,3652,37,0.03888280394304491,0.06,6,0.06,6,0.9714027429244658,0.9645875295269216,0.5961666198899898,0.9978366232726418,0.909885299779952,0.9931998173998524,0.6493501095604985,0.7728810423489045,0.7717063894637645,22.391166787674475,1.0454206796249712,0.30019110616413663,0.7510335394419301,13.101611018029343,12.208279271592138,28.341699801425975,0.09293973424872193,0.09248373214976371,28.17299561358971,6.071770122079957,2.5525805775713515,-9.191855861746525
145011A,P3_base_infl_0.10,P3,0.07413816041006374,0.37746788765152306,0.06136278888088427,0.9735753663948779,0.00391987053128286,0.9735753663948779,0.0672587412788275,1.0,0.061001192417918876,0.5317016781100821,0.012236231767524012,,0.17259401725137993,0.14531285007588862,-0.30332972724145935,3652,37,0.03888280394304491,0.7,6,0.06,6,0.6050389529958676,0.615008250076673,0.996945055569492,0.0,0.9290087416377011,0.9729130293378982,0.9064053323233427,0.9370535649917497,0.9485458005948879,3.8584178113044167,0.9278883087822346,0.2664418479937018,0.8491411785648606,71.38837955944817,34.51880345027599,4.449176225685693,84.12162492335132,-10.693266893814533,4.373573976709919,630.9452053093947,149.96685958307796,-4.100538018017531
145011A,P3_base_infl_0.25,P3,0.09281965214531392,0.48950609496113373,0.054488376427557286,0.9887155983804771,-0.0023452615958652343,0.9887155983804771,0.04295206366587528,1.0,0.0576324222045037,0.6900396404919326,0.041237472918752176,,0.2422908234463936,0.22040985568990346,-0.39668644281581983,3652,37,0.03888280394304491,0.7,6,0.06,6,0.4567539597076826,0.46608974368456496,0.9941304844885517,0.0,0.9940544257664049,0.9120643335907623,0.9630946011652513,0.9703835518729514,0.9595322964756376,2.889715776540525,0.2685283655761381,0.07710754978337153,0.8986223763267444,169.21767559894417,48.458164689278746,2.186614141760186,90.21540722901203,-21.08546893495123,1.760836421719449,1550.499980844918,368.27226176468315,-1.5448982231547403
145011A,P4_base_depl_0.50,P4,0.15183315124208746,0.2633848109278972,0.059456609513052525,0.07623062858177722,0.006288101230932116,-0.07623062858177722,0.06013322641935848,0.0,0.06040404843691202,0.2676319986228663,0.24411105537467867,0.01,0.23745408053300962,-0.21939907381489726,-0.11155165968580971,3652,37,0.03888280394304491,0.3,6,0.06,6,0.3159948277616035,0.3228488857323606,0.9963175092254822,0.0,0.9760960268083707,0.9353117770803594,0.9866538479902416,0.9852468340288137,0.9658539270041275,-0.28737121681551187,0.5384288375403045,0.15460909802346468,0.8613621622291013,37.80790508367437,47.490816106601926,2.4986469989571,8.369900086243263,24.923821625984253,1.9828612414326192,-53.62724784195404,-49.3005417287348,-6.788357674269565
145011A,P4_base_depl_0.75,P4,0.08941894470556978,0.11752734015756579,0.05795029730391348,0.03218105809668191,0.00396292159273689,-0.0320261098756298,0.054500912639832096,0.0,0.06042469196661547,0.11738790701704481,0.30288720962536114,0.01,0.11478422063249512,-0.09527205072463821,-0.028108395451996004,3652,37,0.03888280394304491,0.26,6,0.06,6,0.427097114173177,0.43299448304058835,0.998701174723533,0.12777280710941355,0.9817374538816547,0.9832074888607916,0.9863733491192653,0.9872767462390107,0.9724655648145436,-0.1282942672548178,0.4706238457274506,0.13513898815051603,0.8784042863236661,20.928157416602556,22.956844126499007,1.1547649844627832,3.5313395205395848,10.349955511703776,0.23128936389492474,-21.224032111298623,-25.551885324297267,-3.6596553799975395
145011A,P5_compensating,P5,0.27306343992608406,0.8252132009087171,0.14422268744245884,0.9991535622844493,-0.14311832360769353,0.9991535622844493,0.17412384495634659,1.0,0.08179633858014308,0.9623231334498151,0.3249446039171733,,0.5537285334370783,0.521232703073156,-0.552149760982633,3652,37,0.03888280394304491,0.06,6,0.33,6,0.26580284845019814,0.2658028484501982,0.2901871846478524,0.0,0.8977037738530542,-0.2276175578691011,0.7098160614545823,0.7098160614545825,0.6200787042731779,-9.100251555205315e-15,1.113840670791677,0.3198378122532509,0.53177391923971,2235.228856551493,110.7457066874156,-29.080404378965028,94.33188965211853,-81.52165505948666,-29.688986020784476,18077.70236890349,4647.776676165347,27.11050590432796
145011A,P6_shift_1d,P6,0.18638106756896838,0.1290906842425306,0.4335146022928333,0.1972912695894764,-0.07964296072599367,0.08259554943262166,0.5993187988159698,0.16216216216216217,0.21525007105092916,0.1541245766817587,0.2475458609840902,,0.13049136868638078,0.008152029158421571,0.057290383326437794,3652,37,0.03888280394304491,0.06,6,0.07,6,0.9779574349132801,0.9783461516738331,0.951652349062272,0.9414940151304418,-0.011806029897698744,0.9036517067671038,0.5152076018261518,0.5169129791995772,0.9586809593963983,2.246866502917464,3.5030141950087046,1.0058856942504446,0.14189089368119578,33.65724249302362,26.098273737276184,3.150770978520554,0.1440947452053171,-0.5230461043579073,-29.57948358383262,-4.986477574960553,0.06760457239802307,-3.6611031875764497
145011A,P6_shift_3d,P6,0.30143087837750554,0.1965854954395603,0.6647030329681122,0.3013288220794388,-0.2867453568775588,0.1428980176156818,0.7706824172504128,0.2972972972972973,0.3593273128143286,0.22531800060233728,0.416628916497165,,0.20844573741536276,0.019927715826623324,0.10484538293794524,3652,37,0.03888280394304491,0.06,6,0.07,6,0.9513883862243142,0.9491066129106466,0.9461349065705619,0.8628534284815206,-0.6895294859029648,0.7529344762668475,0.09557022581039842,0.09609464352250352,0.925801043304856,-0.8116706091499879,4.526642048472343,1.2998190204420634,-0.3009865613960301,86.81744596545084,41.68914748307254,-1.5156082244675042,0.1018114899927977,1.4053249629280407,-90.21174285122528,-0.07216540835429242,0.8602259379361671,-1.4143312285740959
145011A,P7_var_compress_0.80,P7,0.23997300096909302,0.7764916697256696,0.10245784854550283,0.9986587677388904,-0.09320236573711732,0.9986587677388904,0.11418335928543383,1.0,0.07939243634204053,0.9411462412193515,0.20597057673372082,,0.5019809537567256,0.4853194700562483,-0.5365186687565766,3652,37,0.03888280394304491,0.25,6,0.31,6,0.16692593177875573,0.17118821834873713,0.5889018303458265,0.0,0.9409405781429476,0.1638708350022341,0.779765898559798,0.7781185115036008,0.8247336598926795,0.21179301730861028,0.8463263471205683,0.24302144320420035,0.6745604828564602,1421.667680889691,100.39619075134524,-19.6055229992807,92.81817339027597,-66.9697795272886,-20.1569922496742,12042.12267814418,3050.200787861238,20.621641899783828
145011A,P7_var_compress_0.90,P7,0.17318381649995737,0.6910316243681148,0.07349480156593913,0.9972866716939233,-0.045897943014311784,0.9972866716939233,0.0694409837747802,1.0,0.06603433170554954,0.8930984983523046,0.2104876114653845,,0.40767273637738466,0.3930419414656431,-0.5178478078681574,3652,37,0.03888280394304491,0.65,6,0.06,6,0.2354599357785413,0.24404974614896727,0.8372201881017238,0.0,0.9795337176138307,0.5484366567248347,0.9593016669749668,0.938350678780937,0.9104266513896578,2.7473918866204086,0.4982103512545422,0.14306041516146004,0.8039556695309064,741.0764438988645,81.53454727547674,-5.565240320834789,92.31795538705155,-49.26585949710703,-5.353660948125558,6255.2083932123,1576.2301274336555,5.967470198964053
145011A,P8_mult_noise_0.10,P8,0.04006956393969757,0.03255631470586428,0.041580992150676406,0.008874896026556129,-0.004235900977551826,-0.0010246329228068177,0.04607721671423771,0.0,0.040227153297537926,0.0310458457768563,0.03746614378963818,0.04582936409367578,0.037882815643715664,-0.00014169278873023015,0.007513249233833293,3652,37,0.03888280394304491,0.55,4,0.06,5,0.9966619301839605,0.9966267514616188,0.9957504019003567,0.9977982894952163,0.984481433025883,0.9975753046542963,0.9726799712762715,0.9822120954607332,0.9713949692432918,1.379490275638587,0.433829492681891,0.12457354042539293,0.9029060724862945,7.9192884446328025,7.576563128743132,2.132808418415403,0.025533797653463093,-0.5324955653657492,2.3184901624774894,-0.13799521778182036,0.7786651002357899,-2.4115754094431234
145011A,P8_mult_noise_0.30,P8,0.11874287483854826,0.09942262745097033,0.11593912636413779,0.033510245371685045,-0.01599633626200711,0.004324764052887949,0.09819027298771438,0.0,0.11709110573726084,0.09590380027710668,0.5791602493627427,0.01,0.11438112261843057,0.0033314265648613332,0.019320247387577927,3652,37,0.03888280394304491,0.24,6,0.06,6,0.9957192581574076,0.995295817793864,0.9828194504410485,0.9972093682025712,0.9247300035689906,0.9774155976112169,0.9127438725654041,0.9294930436717367,0.955272961673493,1.7872070261455966,0.9554417467183033,0.274353779691495,0.7708808698608399,25.093256093117716,22.876224523686147,1.87688297091588,-0.0026290194574482575,-0.39088742611538896,2.221784149388518,7.342197987004762,1.727056088321253,-8.150288836935749
145018A,P1_peak_damp_0.70,P1,0.07465012476694968,0.03397636264348506,0.13768014918565952,0.0,-0.13316565333095065,0.0,0.14768890309346333,0.0,0.07982839340567098,0.017106913149799896,,0.1415475256788396,0.05412386462808513,-0.008532907412265808,0.04067376212346462,3652,37,0.13910186199342825,0.06,6,0.14,6,0.9613059340578636,0.9514028023025685,0.44615936028940484,,0.9021927029952242,0.9945914277392669,0.698606603095498,0.8044937567712322,0.8146840631797401,-17.293966252027786,0.7805419362260416,0.3127415818287932,0.7907731926346495,12.377916392211361,10.824772925617069,-25.64850450418264,0.1165375654579384,-0.8327005495409026,-25.505275029973202,0.0,0.0,2.3638341412158197
145018A,P1_peak_damp_0.85,P1,0.06213189369665753,0.03541002704132537,0.07562033349711886,0.0,-0.05740847026868225,0.0,0.08976168545200794,0.0,0.06298971375101439,0.01881480580769703,,0.14222979043630365,0.05196050578312489,-0.005409416425565081,0.02672186665533216,3652,37,0.13910186199342825,0.07,6,0.15,6,0.9811346600426526,0.977218938996602,0.7507283777502476,,0.9691332690929099,0.9954704178252262,0.8520253538646744,0.9060966673271271,0.9106658886241805,-8.4241916574263,0.43848620100508595,0.1756893021987683,0.859997341830034,12.048885070557027,10.392101156624996,-13.076743222866526,0.28995679756949494,0.04379353037750387,-13.747242535400408,0.0,0.0,-0.9994649579025763
145018A,P2_peak_infl_1.15,P2,0.0635586641743594,0.035130561417897305,0.07687586564108863,0.0,0.05947630097409414,0.0,0.0910439632286779,0.0,0.06448190035476346,0.018764530570367,,0.26419029829673407,0.052663354002539714,0.004669635013956704,0.028428102756462098,3652,37,0.13910186199342825,0.06,6,0.14,6,0.9851431831450476,0.9825284654675305,0.8410602914029972,,0.8549613977534494,0.9952534882365653,0.6607388482668328,0.7957117980633167,0.8527498117836195,14.04232304100102,0.9505006447665768,0.3808393391530747,0.8095635107612509,12.540373641047994,10.532670800507947,21.581756499101573,0.11109484304358752,0.30259189894562305,22.82798326013749,0.0,0.0,-8.13695223490284
145018A,P2_peak_infl_1.30,P2,0.07175826730316516,0.034780175561530624,0.1079423345736588,0.0,0.10172935973737968,0.0,0.12560816547804526,0.0,0.07713872800180746,0.018190529391998885,,0.15373016080064206,0.05443752418579714,0.008054223222323771,0.036978091741634536,3652,37,0.13910186199342825,0.06,6,0.1,6,0.9609882355563054,0.9535236224533482,0.4427675611454972,,0.8911193966157451,0.9948078380005694,0.665913036239574,0.7954123394751976,0.8005404013430389,19.303310591653354,0.8235422268665107,0.32997060987950855,0.7719902209671754,13.117591043081081,10.88750483715944,27.724669447694193,0.09121194333589334,0.03676732538261439,27.356011676597355,0.0,0.0,-8.59575912781517
145018A,P3_base_infl_0.10,P3,0.08049521809500154,0.5244425909622067,0.059709298334094045,1.0,-0.0065159847390900555,1.0,0.04947856631618248,1.0,0.05967687015821091,0.8531025461791858,0.23173214212806745,,0.23800948820811668,0.21102161032635153,-0.44394737286720515,3652,37,0.13910186199342825,0.61,6,0.11,6,0.6041523217347597,0.6139552560642129,0.9971069807494647,0.0,0.9806813639930362,0.9674892434991577,0.9648504116066329,0.9678256264862882,0.9757930232515817,-0.32127500118507524,0.34689564113402943,0.13899149616780088,0.8818098364899808,79.81908956474648,47.60189764162333,-2.3455222116158523,79.79927216222855,-7.637167853112065,-2.8602329820550807,426034254124.91956,482019571337.9657,-1.8449929132225755
145018A,P3_base_infl_0.25,P3,0.09883201571339315,0.5876260481882957,0.0579704594237375,1.0,0.0033400999712038153,1.0,0.0629676187997496,1.0,0.05705163972948531,0.9086010552401299,0.158303429918405,,0.28752832792708743,0.2663825196109375,-0.4887940324749025,3652,37,0.13910186199342825,0.58,6,0.16,6,0.4656590234279587,0.4754229622785418,0.9967246532974963,0.0,0.9652670517491435,0.8978313947778536,0.9438679071852263,0.9583848635768346,0.953858209761734,3.8397927178183355,0.4651375891493526,0.18636777685763314,0.8622978620784636,195.877559427937,57.50566558541752,3.028811178518298,84.13082672585638,-17.538513413809117,3.9777887779076284,1044254916600.4387,1177971196460.8806,-2.7052579520669693
145018A,P4_base_depl_0.50,P4,0.14907519011522927,0.18157774670440763,0.06273098471635308,0.0,-3.930708303288529e-05,0.0,0.051777837470690855,0.0,0.060441435393783785,0.10230211404668926,0.04989483085803225,0.01,0.2048205495122097,-0.18635213653102928,-0.03250255658917836,3652,37,0.13910186199342825,0.3,6,0.14,6,0.35429441911850307,0.36159709285670805,0.9953812981587982,,0.9752155858896249,0.9485768093672899,0.9376634911921625,0.9319562617167576,0.9663248764258074,-0.5430677097515064,0.39291620556366047,0.1574306644538322,0.8584214893872592,36.570391425478725,40.96410990244203,3.8107832380511644,8.222868242452527,22.912681078897155,3.7031674443886553,0.0,0.0,-7.004645327771798
145018A,P4_base_depl_0.75,P4,0.08608329476671123,0.0790326319067997,0.056193255215726164,0.0,0.0012830423308665617,0.0,0.05561479812149702,0.0,0.05870680964222468,0.04218531309902818,0.04616347233440477,0.01,0.0978264968209109,-0.07876782974915333,0.00705066285991153,3652,37,0.13910186199342825,0.31,6,0.14,6,0.466022044057743,0.4719972414594362,0.9964678979117148,,0.9780837667265279,0.9871205211348997,0.9065761981368957,0.9335507436187541,0.9536405650605034,-3.1430670817325974,0.3694822418852808,0.14804132285774843,0.8765998764199527,20.033920294737964,19.565299364182177,-4.342151304996218,3.422141501602107,10.0226388599566,-6.592971913404519,0.0,0.0,-2.7454841658625484
145018A,P5_compensating,P5,0.24763544666611567,0.8132060090095629,0.14451213797174683,1.0,-0.14209606351406023,1.0,0.17928973886680064,1.0,0.08360513829176368,0.9869885756879114,0.32723979394653896,,0.5251181949573812,0.49448571453749296,-0.5655705623434472,3652,37,0.13910186199342825,0.06,6,0.26,6,0.26895086304545535,0.26895086304545535,0.3880878739747685,0.0,0.8952705849191509,0.058534250672637955,0.7022714746956189,0.7022714746956189,0.7860588320812932,6.968387081578702e-15,0.8076904574923893,0.3236192439902935,0.5841854455237909,2013.3303063354554,105.02363899147622,-29.15185392110336,88.56886506512473,-69.90958708691241,-30.32284483465303,10805302013200.447,11577973042570.52,17.228048766735743
145018A,P6_shift_1d,P6,0.18249063966153153,0.08889911237978579,0.3683170400752479,0.03278688524590164,-0.10345496729387332,0.03278688524590164,0.4955924595160401,0.02702702702702703,0.21197726348536144,0.10451460340620596,0.3746692750855667,,0.12213110859666639,0.008461519888610573,0.09359152728174575,3652,37,0.13910186199342825,0.06,6,0.13,6,0.9622374993246272,0.9626656314809415,0.963557967003878,,0.3379283075320766,0.9418635378856476,0.6797155814020809,0.6807743496033352,0.9691901212514763,0.948877549789337,2.030781146010645,0.8136778800409431,0.3980462729101434,30.938892685513046,24.42622171933332,1.7372795643526036,0.13452792743189543,-0.29634748612105044,-17.681111634464564,0.0,0.0,-4.016196930005919
145018A,P6_shift_3d,P6,0.3076234206937398,0.1353243464017034,0.5881129032312237,0.07103825136612021,-0.33062787302292607,0.07103825136612021,0.7054084633697041,0.02702702702702703,0.37030730496310804,0.1417231089286286,0.4756993973026467,,0.1997417091809829,0.021101886862006165,0.17229907429203642,3652,37,0.13910186199342825,0.06,6,0.14,6,0.9147130225764099,0.9130680875600589,0.9343436470764799,,-0.5629823310539781,0.8336325208746364,0.255396441302458,0.2561857095831247,0.9398777623581466,1.296972065137129,3.120237465073772,1.2501929175347213,-0.03020204364014778,59.27876729766823,39.94834183619662,2.620681975243588,0.07025930504789069,0.11144319982050137,-70.25562841504076,0.0,0.0,-4.526921669117596
145018A,P7_var_compress_0.80,P7,0.21207490094493925,0.7799920093467226,0.10196701367712836,1.0,-0.09656702227264811,1.0,0.1100407170870223,1.0,0.07608433321808726,0.9824255436851157,0.30353927996810026,,0.4819246575821919,0.4568478934984917,-0.5679171084017833,3652,37,0.13910186199342825,0.4,6,0.21,6,0.21719485060482174,0.22181551388117715,0.5414098076562222,0.0,0.9642752693179808,0.26487103608061013,0.8325569911277512,0.8249508679541209,0.8468733657658372,0.9233561532438983,0.47173173603678326,0.18900986927147273,0.7076501367894779,1472.4560294005223,96.38493151643843,-17.470994897722154,89.41419022572929,-59.723066887808244,-17.904153437351564,7873088943614.736,8501224540455.431,11.170891778619565
145018A,P7_var_compress_0.90,P7,0.1602185604365734,0.7131603106720418,0.07097939957309567,1.0,-0.045869419749964085,1.0,0.07441715048072754,1.0,0.06499650527494999,0.968092768497443,0.30743813654321256,,0.406077334429524,0.38472155142081016,-0.5529417502354683,3652,37,0.13910186199342825,0.45,6,0.16,6,0.30575824831342385,0.3133120024390382,0.8684508064917944,0.0,0.9777250286786515,0.58326812211142,0.9351155499220657,0.9264420006087156,0.9205568775802643,0.9536919143251948,0.37249392111060486,0.1492480194888645,0.8072050853548753,752.564553593319,81.21546688590477,-8.532258585960419,91.72045156060936,-42.03558818985233,-7.45603742119435,4084795034992.583,4485685582760.36,2.8877946245841337
145018A,P8_mult_noise_0.10,P8,0.039797781184126434,0.023241944586873117,0.0411231830036172,0.0,0.001690448342302696,0.0,0.04037473996083277,0.0,0.04060359071657146,0.012416449525090165,0.011311266582979632,0.1467264976227131,0.03426038148547761,0.0009257154816123323,0.016555836597253317,3652,37,0.13910186199342825,0.44,6,0.14,6,0.993147992892601,0.9932386467420361,0.9995085256730997,,0.9774439305214024,0.9980695830060643,0.9404872336606065,0.957674081061559,0.9757040770053993,1.8136312085034498,0.37483688900326395,0.15018678197031055,0.905654743616787,8.017336487574772,6.852076297095532,2.7590469804024105,0.04138615466166093,0.06402484842721816,2.6435669873906473,0.0,0.0,-3.143034618903126
145018A,P8_mult_noise_0.30,P8,0.11580403421338296,0.06867374971728273,0.12229730882879056,0.0,-0.002654448269222155,0.0,0.1281142826782252,0.0,0.11303893990956522,0.03624718937785965,0.1187186299203919,0.1425329025110695,0.1008181314529523,0.003120432796263709,0.04713028449610024,3652,37,0.13910186199342825,0.08,6,0.14,6,0.9967761200990151,0.996851108145,0.9991829801718431,,0.8711100510546204,0.9827888863283486,0.8547533878384477,0.9010217356572647,0.9336710745510799,5.67277955069914,0.8960250240716625,0.3590124634958787,0.7442874684422391,24.68916558636092,20.163626290590493,8.264636574364394,0.2999327855566801,1.1778051471150466,7.739254999534856,0.0,0.0,-10.68210758202674
206014,P1_peak_damp_0.70,P1,0.07837832991889342,0.05041217722749374,0.13356698741608933,0.025276383603712545,-0.13014668175387858,-0.0009475302746353255,0.18182539397995806,0.0,0.08287586247949814,0.04840006282258703,,0.045778591825845844,0.06204755275025611,-0.008793055276678277,0.027966152691399675,3652,37,0.029025191675794086,0.06,6,0.06,6,0.9566549863985865,0.9485356101619128,0.38252323040351477,0.9935720744114294,0.8835304343314236,0.99098003908764,0.6245285123181902,0.7508486725280503,0.7904048081169172,-19.76068965461325,0.3706183488649913,0.3412763772495488,0.7674940569027174,12.655288614841295,12.40951055005122,-29.653623266841716,0.06769970385225298,0.49048904402796306,-31.46722549490633,-2.34071982222497,-1.351085184246227,6.105306603992224
206014,P1_peak_damp_0.85,P1,0.06469239646089164,0.05271742164986553,0.08137139287553875,0.021796941849580025,-0.06601654923229959,-0.0006904077768676457,0.07588725642121187,0.0,0.06573716717487227,0.05135835799792295,,0.04471318561786605,0.059893325655214644,-0.006096495877966568,0.011974974811026114,3652,37,0.029025191675794086,0.06,6,0.06,6,0.9834611278611348,0.979101066342386,0.7468995687536022,0.9912352171539882,0.9571922566732765,0.9921915486242113,0.8069135561884074,0.8759659243970708,0.8950919411458012,-9.807376031195412,0.2246890230482037,0.20690032220062768,0.8526516831924343,12.319291652153403,11.978665131042948,-14.730909130628946,0.16315576642015178,1.3060018108490652,-14.74187482093932,-1.1305005161438646,2.3979233535580318,0.6895045332973221
206014,P2_peak_infl_1.15,P2,0.06442838343282035,0.051379291158384216,0.08139020717655003,0.02115235693815871,0.058844791726343035,-3.574467117576946e-05,0.09936759394077486,0.0,0.06518507164384471,0.05075057047641711,,0.05020882405642212,0.058736152079567824,0.0037482786128297052,0.013049092274436139,3652,37,0.029025191675794086,0.06,6,0.06,6,0.9861989240469509,0.9836942769046271,0.82524494669182,0.9974816597167626,0.8881914665751174,0.9924009594947181,0.7449293392478031,0.8464373992126026,0.8714809955710772,12.06632513478292,0.3631266845292304,0.3343778303429857,0.8174683810841425,12.3526728356195,11.747230415913537,17.970140514019104,0.1177663132122444,0.6004190103380446,18.54320179917435,1.9497519588554924,-3.2959761298996466,-7.046048514475839
206014,P2_peak_infl_1.30,P2,0.07132490380378814,0.05334662925274431,0.1089464852999901,0.02980461242616849,0.10159812789787935,0.0016856492548143246,0.129457080146114,0.0,0.07412297104948333,0.053158063238118475,,0.043720288365551356,0.06147411282505242,0.0062076623614083695,0.01797827455104383,3652,37,0.029025191675794086,0.07,6,0.06,6,0.9686319791440541,0.9630866513838422,0.5485944835118833,0.9951756051484557,0.882755244705927,0.9914920569451195,0.6575371754662178,0.7911102674558894,0.7976569439848015,19.610873508693285,0.371849670691195,0.34241021493827095,0.7676108671894583,13.051658331990005,12.2948225650105,28.216010524684812,0.1517166397707401,1.4849397539723208,28.557001464656473,1.7905557360491424,0.13883851055360516,-8.506444652169728
206014,P3_base_infl_0.10,P3,0.0715510013670689,0.34679551377104945,0.06348020853717833,0.914566478329266,-0.0025153335486400156,0.914566478329266,0.059032679371067355,1.0,0.06180803002933577,0.4792224191707112,0.018272991596829505,,0.15670622388575509,0.12805690510064363,-0.2752445124039805,3652,37,0.029025191675794086,0.63,6,0.06,6,0.6442956203006256,0.654193885149449,0.9972561503885476,0.0,0.9651421521429737,0.9547927995867235,0.9550046839100756,0.9497238197915661,0.9677734923881708,0.6003022451580285,0.20275472039899115,0.18670256521276382,0.8648534487602206,56.85823920239956,31.341244777151005,-1.4045206941935189,81.73165287082891,-8.678542409152266,-3.10682796937636,466.67979399650415,121.96783943380743,-1.5796755558973585
206014,P3_base_infl_0.25,P3,0.0895282062203422,0.4498691887289233,0.061930645902512904,0.9610527514294973,-0.006233618958480877,0.9610527514294973,0.06707986651756606,1.0,0.06083681231021462,0.635172677542485,0.1629382869444908,,0.21868508291199515,0.1990238171135782,-0.3603409825085811,3652,37,0.029025191675794086,0.64,6,0.06,6,0.431899025759881,0.44176346463931543,0.9977322005771606,0.0,0.9789991269887589,0.8677663812047592,0.9566551833890666,0.9401572633800944,0.9601973087535423,1.9358648159581555,0.15737631187102222,0.14491677960554147,0.8560638666323446,131.32203983608736,43.737016582399065,-2.5510953934493847,88.58020974759013,-20.542661289141595,-3.762356818925612,1173.0899756980332,324.14695992831935,2.052882126789765
206014,P4_base_depl_0.50,P4,0.15367298241486355,0.2750371991145222,0.06486472633438224,0.13813975201124398,0.007608460669387445,-0.13813975201124398,0.0651783276767699,0.0,0.06206180683759648,0.2820090720621214,0.30136020281287706,0.01,0.24187269425859953,-0.2231795481098344,-0.12136421669965863,3652,37,0.029025191675794086,0.26,6,0.06,6,0.3113596250439999,0.3182604235955757,0.9951692400074222,0.0,0.9822639154703818,0.9029747899175509,0.971136331293933,0.9538715822155022,0.9477177867147839,-2.393871620217806,0.1446270620066303,0.1331768918754983,0.8465893262770392,38.10189687198976,48.37453885171992,1.9201542799293048,8.298426416542789,36.921906042302275,2.4328296865846832,-49.48197520661209,-48.07145718601476,-8.57514311352019
206014,P4_base_depl_0.75,P4,0.08708642266300973,0.11901933190597944,0.05885255620912092,0.05812639884405242,0.0062872128861921625,-0.057582921454131325,0.057219409792513054,0.0,0.05756726538572495,0.11963081901920529,0.018731753723189817,0.01,0.11330355010176825,-0.09329809744486785,-0.03193290924296971,3652,37,0.029025191675794086,0.23,5,0.06,6,0.4333675129198999,0.4388365116772661,0.9980344378763654,0.09140955997278451,0.9855462766371628,0.9772147556636163,0.9716645393171088,0.9674157789190316,0.9664604139848194,-0.4266173198383341,0.13056012526267965,0.12022363895190157,0.8785773844100621,20.522653270808835,22.660710020353665,1.652306266707005,3.434885172210666,16.788198829521768,1.0236573697800229,-24.852422195613,-24.112894590048672,-5.057090598489542
206014,P5_compensating,P5,0.21766918493252996,0.7177539407494191,0.14031935014182167,0.9932719708146691,-0.13858343060360837,0.9932719708146691,0.1681049781202812,1.0,0.08462631931011289,0.8919268387093171,0.33740586981905846,,0.4502068020016672,0.4161892969734282,-0.5000847558168892,3652,37,0.029025191675794086,0.06,6,0.11,6,0.2688960964690911,0.2688960964690911,0.3595771439652229,0.0,0.8948536082088379,0.16835866835111324,0.7004542070609548,0.7004542070609547,0.7653781533928902,-8.993735486235541e-15,0.35214204010057476,0.3242628436795713,0.5877755974145763,846.1424256555059,90.04136040033335,-28.31897147232114,93.36323125859109,-68.94659471243789,-28.677601865266627,7140.247341519472,1945.4095143638885,23.97978139062774
206014,P6_shift_1d,P6,0.21380848787263593,0.1037382526768788,0.42050844305805785,0.09097897817664735,-0.1220565249531479,0.05791842182364237,0.588788514438307,0.10810810810810811,0.27321240787850876,0.11130956402267779,0.3191958632269448,,0.13631323226444877,0.016125861444334942,0.11007023519575712,3652,37,0.029025191675794086,0.07,6,0.06,6,0.9505425113258894,0.9514025603310056,0.9935228092874212,0.9089794355571921,-0.04482050848573005,0.875870276232722,0.5150383623545163,0.5218784109539125,0.9306707866161852,4.503495912232892,1.1100474238573876,1.0221646190735278,0.23730344649205504,29.36456538243907,27.262646452889683,7.492661992536678,0.11259167899481427,0.6228053573431519,-16.277149437658586,-6.0961234777897735,2.742503816274615,-4.728945934019441
206014,P6_shift_3d,P6,0.38457656621524866,0.20154142884738296,0.7081225681438273,0.19848684296848715,-0.4384638354837942,0.17828879253600277,0.8415133463296743,0.13513513513513514,0.4987706463273704,0.22251898459912803,0.5699671605906095,,0.25640619232078693,0.037416041353870194,0.1830351373678657,3652,37,0.029025191675794086,0.06,6,0.06,6,0.8953912682487031,0.8910321246551416,0.8365017644418915,0.4552856563313795,-0.7086890271435244,0.6291199714328056,0.14316820419716836,0.14317293453931434,0.8624917651604744,-0.3413467004795298,1.4195549361374817,1.3071683239520164,-0.23374318871322797,73.43106939710651,51.2812384641573,-0.113344009137878,0.15581173622231986,0.7652616468033548,-88.7517869774321,-2.9855170318443753,3.102784431786514,-2.759144085148454
206014,P7_var_compress_0.80,P7,0.17829741169582747,0.6617010694518354,0.09239621734693161,0.9910480548752685,-0.07927702478556192,0.9910480548752685,0.09107888762793073,1.0,0.07615791951563965,0.8593759915344227,0.24898663456079898,,0.39253052522833637,0.3723207347690386,-0.4834036577560079,3652,37,0.029025191675794086,0.64,6,0.06,6,0.19272156744747512,0.19913653931972924,0.6495809899215634,0.0,0.9533136669196887,0.39424220627873674,0.8668305852732751,0.8367138514580819,0.855407398111248,3.725086225817102,0.2346473052460356,0.21607020405486574,0.724538541762386,593.606154405015,78.50610504566717,-13.505997694048668,94.32464980775472,-52.16761901367971,-13.781644404023808,5192.878987748691,1404.6256569250397,16.859449924625036
206014,P7_var_compress_0.90,P7,0.12427517522979943,0.5608606335659274,0.06848577155403243,0.9820102869005267,-0.039431814175222596,0.9820102869005267,0.0728484658124433,1.0,0.06565823601271735,0.7690004268124303,0.24303384907527245,,0.3003182224483251,0.28277435317350763,-0.436585458336128,3652,37,0.029025191675794086,0.6,6,0.06,6,0.3079732156070001,0.3160859968515914,0.9027812165217977,0.0,0.9664983784964934,0.6795991158655277,0.9232164722472272,0.9083096111957767,0.9220430617036433,1.6998950213265116,0.1987712655420108,0.18303448173365203,0.8087668304483144,297.0655129507341,60.063644489665,-7.441642777039096,90.44358170121923,-35.331717714200146,-8.114212471629289,2706.5180448588508,730.7929733519402,6.692693963306129
206014,P8_mult_noise_0.10,P8,0.03932997413104374,0.03469528571372383,0.03910968717478243,0.015076529898070656,0.005790251136065367,-0.00235375228160055,0.037075104104998646,0.0,0.03870143481076884,0.034118949231303694,0.4358311084952705,0.03281571470462237,0.03864567180644487,0.0005746324879784922,0.004634688417319913,3652,37,0.029025191675794086,0.5,5,0.06,6,0.9953529783637478,0.9953810182583733,0.9979167026730487,0.9926890760339232,0.9902642605775472,0.9968264863418949,0.9339061850490575,0.9540465022429645,0.972288136456916,2.096442106433199,0.10715320355978661,0.09866985062547111,0.9182246744835585,8.007458656021141,7.7291343612889944,3.196601539605683,-0.00022657922857399496,0.614337419969278,3.4088755941291486,-0.013573804479557094,0.573074364495879,-2.06445504186694
206014,P8_mult_noise_0.30,P8,0.117696759570642,0.10099347575604305,0.10877511748843242,0.051320406227642376,-0.0004758840702842022,0.003142929355240861,0.11686407006058695,0.0,0.11971195923845346,0.09628811329550305,0.0279327889644977,0.03288705272132983,0.11392243522753405,0.0006012688862838299,0.016703283814598957,3652,37,0.029025191675794086,0.06,6,0.06,6,0.9967526294790661,0.9967122214965594,0.9940454879845753,0.9959139084222826,0.9045760898658339,0.9710143699223691,0.9072489629340893,0.9315117730397218,0.9485605704808675,3.0670746801853346,0.3354666047026926,0.30890760776349635,0.7683733531697164,24.57285323974729,22.78448704550681,2.646605868647941,0.4103328340352128,2.67695030327627,1.0397103670418633,-4.278694221457966,-6.11032320519913,-9.72198148248003
204034,P1_peak_damp_0.70,P1,0.07806023933577723,0.05924915785699463,0.14401355576154143,0.05691253717533066,-0.14144029568053504,-0.0014375368925326746,0.15745417637045567,0.0449885279755701,0.08105872240181983,0.05951373480908597,,0.0598610423434385,0.06424126782409494,-0.010705767085947008,0.018811081478782597,3652,37,0.002190580503833516,0.06,6,0.08,6,0.9550894308184339,0.9466055036267227,0.29637747376930657,0.9987549110175602,0.9000809821034504,0.9904173446579425,0.6553657467403781,0.7754292073447502,0.7967334787943886,-19.364174199714036,0.6723441348244229,0.316099696134858,0.7747938501868326,12.687839932326217,12.84825356481902,-26.90588803854588,0.12918666302244738,-0.917936786933307,-27.914339288279404,2.7573395502285156,0.5821929383110264,3.321975859738626
204034,P1_peak_damp_0.85,P1,0.06515812543297676,0.058365067102914815,0.07886191389685268,0.05808981868580672,-0.06304487639086837,-0.0010102464649217136,0.09566704773700133,0.04421044517690532,0.06662081933695808,0.05886044734490197,,0.045309794397935935,0.06070355007030461,-0.003958480274825652,0.006793058330061948,3652,37,0.002190580503833516,0.08,6,0.1,6,0.984232396988343,0.9802660972778212,0.7915299442845153,0.9994287469126799,0.9589618483123933,0.9918543293744072,0.8152382624495043,0.882324993217093,0.8944660435783314,-9.939609515899095,0.4308850623676558,0.20257875428486266,0.8487933832162298,12.219025780624237,12.140710014060966,-15.049853308085027,0.10603478845255153,-0.2935901938569026,-16.625292752176446,4.438155046028124,0.2150764381002769,0.46332853803802293
204034,P2_peak_infl_1.15,P2,0.06444288696486371,0.05957963217488393,0.08078922081828499,0.06008952811247545,0.06503484669622053,0.012668631833865273,0.0837151870623916,0.0426297253729396,0.06294723356622117,0.0606227753580771,,0.13406670744150434,0.06106587676807003,0.0018131025133302171,0.00486325478997978,3652,37,0.002190580503833516,0.06,6,0.06,6,0.9842923459060066,0.9809079149634671,0.795439535003492,0.9795740244294293,0.9413713331906642,0.9919014964327507,0.7850594119257587,0.867576915018744,0.8720835000719691,12.354406486101745,0.5150181703282581,0.24213357224750098,0.8249770428462458,12.446837378027263,12.213175353614018,17.945019765759735,0.14330555939724715,-0.0002241559803086467,16.389842509626426,-0.35653523330511694,-4.041188168187268,-5.808539076258423
204034,P2_peak_infl_1.30,P2,0.07349625739340146,0.05941475800348191,0.11872244908922365,0.05630357987459136,0.11649757965297275,-0.004954163605754016,0.13610955916647996,0.04977387943400504,0.07620504193706755,0.060090900262109864,,0.9268745657712482,0.06320069812017513,0.0073939441258817325,0.014081499389919552,3652,37,0.002190580503833516,0.06,3,0.44,4,0.959799321180673,0.9520211365409138,0.39915091900005306,0.9958252169418913,0.8931289018553422,0.9910138400025885,0.622090462424094,0.7663640726175749,0.7708967326250713,22.431352200116727,0.6953407445889681,0.3269114530643699,0.7482380071780058,13.096812738720615,12.64013962403501,31.665835735755728,0.13963017081424678,-0.36168753816021676,31.14163210715876,0.7050743822802918,-3.7542438245287655,-7.568770134934772
204034,P3_base_infl_0.10,P3,0.07030214957712297,0.2857771934262382,0.064104467759081,0.7430110982639192,0.015518433586246962,0.7430110982639192,0.06884165223737265,0.9464012720290473,0.06277542794444978,0.3788726682279685,,,0.13621609753124164,0.11096921263847037,-0.21547504384911523,3652,37,0.002190580503833516,0.65,6,0.06,6,0.6372644803437278,0.6473801048296537,0.9939853426498587,0.0,0.9603686395817429,0.9643070437395276,0.9146565193829412,0.9456379992828884,0.9428851253972698,4.791308848592804,0.4234352728064769,0.1990762678428976,0.8567178729285894,78.70329367748262,27.243219506248334,4.936491499803265,86.75272559283361,-10.123733490824081,4.175365174583767,237.31005649854714,75.02220344059448,-1.9186250013989417
204034,P3_base_infl_0.25,P3,0.09007786738469324,0.40944956927498233,0.061420926380454016,0.8739758657187983,0.011147345963605632,0.8739758657187983,0.05962303078745177,0.9773977429123974,0.061020075927579506,0.557768765724617,,,0.20618867939956675,0.18580347812939102,-0.3193717018902891,3652,37,0.002190580503833516,0.71,6,0.06,6,0.4375949843775051,0.44760539601649,0.9945464494057547,0.0,0.9565063754359234,0.8899380397357679,0.9116236123899569,0.9400445214576432,0.9295990390326416,5.643561506078077,0.44358856579290024,0.20855125164830962,0.8466090560788055,186.40666783325918,41.23773587991335,3.949467571269959,88.78501400022894,-21.394932650114058,4.766209894117959,612.3708673638168,191.580806015115,-1.1990303483509406
204034,P4_base_depl_0.50,P4,0.14988627431172938,0.31151970542061375,0.056643804965383154,0.311971519033949,0.000609605866587277,-0.311971519033949,0.06320805616317121,0.2523320703836226,0.05722543947969745,0.32657163642439785,0.053666364957559325,,0.2473107410828188,-0.2289696533075291,-0.16163343110888437,3652,37,0.002190580503833516,0.26,6,0.15,6,0.30183252318589626,0.311820256566978,0.9979271735291173,0.0,0.9499082833290542,0.9016550414128843,0.9229571441114546,0.902833666979973,0.949502543986548,-1.9517183700340703,0.4760477315910001,0.2238117884986084,0.8408670964642514,37.94152936492472,49.46214821656378,3.2309599050377984,7.624421622477418,32.48545627244244,3.4726306208553126,-49.67174232581292,-49.92331031110758,-7.817677917156628
204034,P4_base_depl_0.75,P4,0.08835057570994487,0.13566947744792257,0.05828465457910807,0.12715637547654102,0.0026532366428545324,-0.12569272674110743,0.06009461936975738,0.11298279014665792,0.060017362223089885,0.13937371762920653,0.07674976097256675,,0.11792884414692388,-0.09837933577540678,-0.0473189017379777,3652,37,0.002190580503833516,0.31,6,0.07,5,0.43707006346831845,0.44544680166656453,0.9989616128807179,0.1844271374141796,0.9776425037163731,0.9757277113725705,0.9777775117643787,0.969227720812324,0.9687918582069239,-1.0152031831778943,0.31803808218421764,0.14952423309827373,0.8719625018810776,20.73133703549986,23.585768829384786,0.9960433045694768,3.2042327896130756,13.525266989397842,0.7793205503150039,-24.395024971342732,-25.618668761862867,-5.6285969126632
204034,P5_compensating,P5,0.22904003572054019,0.7271494789229328,0.15643248259087197,0.9804250037655226,-0.1548149829445717,0.9804250037655226,0.17672281366602957,0.9969357200125081,0.08930321953734954,0.8846914303754926,0.33470412139153644,,0.46498461889632725,0.43073307979213904,-0.4981094432023926,3652,37,0.002190580503833516,0.06,6,0.06,6,0.2586794657222923,0.2586794657222923,0.1990938044645238,0.0,0.8957640213988418,0.12019636542346679,0.7047244499976972,0.7047244499976972,0.7379670919458545,0.0,0.686714735143111,0.32285597191496734,0.5643535308312279,1392.739723423801,92.99692377926525,-28.848189220329818,93.8345087202774,-71.93688542697183,-29.223660734744804,4090.0145739419986,1412.761403439266,19.793502765830663
204034,P6_shift_1d,P6,0.1989626988269459,0.12779735267074052,0.36684697350210127,0.1861355452008466,-0.10758579401860349,0.0655820270227335,0.32347771739481196,0.2763705770631864,0.2486002311370024,0.1287442667018325,0.5233412538443729,,0.14220635878919588,0.010060433470084824,0.07116534615620537,3652,37,0.002190580503833516,0.07,6,0.07,6,0.9531908557592021,0.9555050848811019,0.9905028842891254,0.8948297967976211,0.468338486885836,0.9057344209286123,0.7405146945420793,0.7423978047209217,0.9525076724961608,1.9824684673157305,1.5509048488733863,0.7291512278767444,0.43992301568544023,29.461154523740035,28.441271757839136,2.9416135500648215,0.003982831285355711,-0.21372112387522152,-9.678172053740392,7.171482881143725,-3.6202820702619527,-3.2449005137979094
204034,P6_shift_3d,P6,0.36256711075650366,0.24324662633362826,0.6184399906072909,0.35130615038970536,-0.37386541707968757,0.18397518774570468,0.578861949224541,0.552648525071361,0.44717792054016037,0.24901004930286574,0.6588488697459901,,0.2666880662131185,0.027719477846729457,0.1193204844228754,3652,37,0.002190580503833516,0.07,6,0.08,6,0.9146087754577741,0.9168751353718654,0.8981405555496211,0.869374241061443,-0.40698905478981295,0.6567150718162718,0.3231215243857871,0.3234894577002829,0.8637949297089229,0.6583244698760671,2.522974736683791,1.1861656944920524,-0.03515554636578555,71.6076550280027,53.337613242623746,1.5497515561781465,0.22798858638187283,0.6568216415131147,-56.34797390724224,-0.8687345453468911,-1.258583579401028,-3.435804431257727
204034,P7_var_compress_0.80,P7,0.18576497371039907,0.6612485969610461,0.10585981157855598,0.9715275107869501,-0.10355323438055096,0.9715275107869501,0.11645359185608531,0.9954251793025554,0.07862631465704893,0.8413079693999328,0.24509661386009937,,0.3996831334800244,0.37931174202001267,-0.475483623250647,3652,37,0.002190580503833516,0.49,6,0.07,6,0.18165399408908997,0.18316496379426106,0.3130921893124684,0.0,0.9505328015160318,0.3990913636226867,0.809454520996102,0.8084357685563524,0.8464440231181355,0.1261055332865619,0.47307086279986177,0.2224122264714065,0.7010061199195199,939.8992235842982,79.93662669600486,-19.104273016606154,94.52420416948794,-55.456796867841646,-19.79027922117347,2835.725396535786,955.135844431475,13.950933618453263
204034,P7_var_compress_0.90,P7,0.12798757806971892,0.5508829786165088,0.0702867033779955,0.9458364048367185,-0.04119170164924844,0.9458364048367185,0.0763001714406962,0.9910100524362375,0.064848356359526,0.7359104470127154,0.24479817942179202,,0.3024316585833696,0.2851438174750803,-0.42289540054678987,3652,37,0.002190580503833516,0.7,6,0.06,6,0.29581573992934596,0.304255231174151,0.8998591510710284,0.0,0.9590900506514798,0.6933471452172273,0.8757424980251849,0.8756638665854459,0.9232352077258935,0.009033733138111202,0.43021149788382873,0.2022620808469058,0.8027033243991366,473.44640634585977,60.486331716674016,-10.337411731026386,93.36797446989908,-36.900472438158445,-11.357681342630054,1495.1212326474429,490.45372837001804,5.970104359543522
204034,P8_mult_noise_0.10,P8,0.03984724108192383,0.03899606478558087,0.041355126070342876,0.03759937330061919,0.0028292224919595705,-0.0063873686413414045,0.04183102447707724,0.029139070240475583,0.041144003821002965,0.040129311240768926,0.07205671259161825,,0.03928002001044142,-0.001743019811090097,0.0008511762963429592,3652,37,0.002190580503833516,0.21,6,0.3,6,0.9945242962203986,0.9951876157409258,0.9997550326550744,0.9643231872474931,0.9895381783098274,0.9966679637721784,0.9603772519896285,0.9742262933962595,0.9752528721349479,1.5915557064736623,0.21755606708630373,0.10228304693434108,0.917170185506077,7.889115589080374,7.856004002088267,3.3024868272586825,0.10263433023602639,-0.9574455172423342,4.057236177979077,0.6168304146580758,-0.988636130634358,-2.053768767880642
204034,P8_mult_noise_0.30,P8,0.11731770039964523,0.11377743439578583,0.11655627949333325,0.11011299098313868,0.01893479484429407,0.005566182799498704,0.11718620185733788,0.07685300805717021,0.12213732267918515,0.11412903382764918,0.21927693397743292,0.07333575765486895,0.11587041741683016,-0.0010887115795090916,0.003540266003859399,3652,37,0.002190580503833516,0.2,6,0.1,6,0.994893661763149,0.9956240067948847,0.9978350246682666,0.9786346114338299,0.8146745625459221,0.9700993976039504,0.7558596076204971,0.8372721277998642,0.9054295636190619,8.376762324181763,0.9156617216015731,0.43049441047948334,0.7468379776493681,24.236549646997968,23.17408348336605,12.559669217242773,0.41874583805925786,-1.5879006507762374,13.782596582290882,1.0939234373659938,-5.7186064294443195,-10.16794785697025
146012A,P1_peak_damp_0.70,P1,0.07371246121043507,0.059035422192932785,0.12032553440070287,0.05847360969350599,-0.11810826974670671,0.00239186375201004,0.1335611695952086,0.06665972765542394,0.07860433797689109,0.05931287098766074,,0.08729193008211918,0.06270048097911732,-0.007957750948081162,0.01467703901750228,3652,37,0.0,0.06,6,0.19,6,0.9611130028049198,0.9527581453196067,0.4077312052097019,0.9989879872822444,0.9269156837622466,0.9892420529234452,0.7196103796981986,0.8151522080938219,0.8493096782793266,-13.835445490462938,2.5348418931896415,0.2703411108909508,0.8138901282112103,12.445465939604345,12.540096195823496,-24.33726579002937,-3.9060861599705783,0.2776326663822665,-24.368856307382305,-2.0253506230878364,-0.9329576811925736,1.0975756432348882
146012A,P1_peak_damp_0.85,P1,0.06159556819763341,0.058176404629138645,0.07847447610586937,0.057830358845627886,-0.05641632078400709,-0.00108160172540346,0.08264528364674968,0.06481658178448521,0.06170322528445597,0.05883689801872101,,0.0539740991091024,0.0587431621316615,-0.0050827068823372555,0.003419163568494768,3652,37,0.0,0.06,6,0.1,6,0.9876166190268231,0.9847614882860565,0.8275177350501919,0.9944833086587804,0.9637604637281435,0.9908943750997965,0.8372794992984409,0.8915721904270764,0.9222933027378641,-7.007515430125208,1.7849666155549582,0.190366846566981,0.8652238548785249,11.741249028763516,11.748632426332307,-13.434063039638822,-1.6725038083264898,-0.8004270556382509,-14.281114207290642,0.7642489496358232,-4.776502439893669,-1.1689281507949532
146012A,P2_peak_infl_1.15,P2,0.06291947937996886,0.056815838073496785,0.07053760995770071,0.05429527301711154,0.044212657251743996,-0.0002729930423959214,0.08606747400234147,0.054245726137209814,0.062132042553586134,0.0539787174134297,,0.07991387907927089,0.0595967635333371,0.003413871233155813,0.006103641306472077,3652,37,0.0,0.06,6,0.2,6,0.9874960091723434,0.9855633228971976,0.8634559656340404,0.9986289793755306,0.9436118788060975,0.9905213724014761,0.8354796836092667,0.8998884899383148,0.9116457928621652,8.16201234869443,2.2265507281995673,0.2374618310253301,0.8477362171232066,12.143740506494312,11.919352706667462,14.396568452284843,-2.3247909385178396,0.7963844172691067,14.667038710309052,-0.028891850599128518,-1.3367951471526367,-7.447450604672627
146012A,P2_peak_infl_1.30,P2,0.0714007079586755,0.059589064479915084,0.10804371613006945,0.05784996559697287,0.09642632396058799,-0.0001465479172939023,0.1319919621685472,0.05530621613715486,0.07449161099728475,0.059421781233221005,,0.048619198349052234,0.06261882273725863,0.006419414207109397,0.01181164347876041,3652,37,0.0,0.06,6,0.17,6,0.9718489508543882,0.9661516016324727,0.5916981950602938,0.9988188868643458,0.8834725253801011,0.9893976076043134,0.6470427006152251,0.7922933724289118,0.8192793487879967,17.274757646739303,3.2007588079488833,0.34136120842869483,0.7783623193205375,12.874905809433706,12.523764547451744,30.425042915344534,-1.824355086645987,0.506941692837409,30.02440782897678,-3.5900617402190993,-2.2109945644206657,-10.747924626217792
146012A,P3_base_infl_0.10,P3,0.06753792373791564,0.2459322056624424,0.05937171607146253,0.5761908367896648,0.0026125640776160737,0.5761908367896648,0.06068404813509721,0.8181314095875486,0.05689264087591188,0.3225267672149748,0.07317903644849352,,0.12489691386299306,0.09813286520969022,-0.17839428192452675,3652,37,0.0,0.67,6,0.06,6,0.6355586115810383,0.6455552022977298,0.9992517008591854,0.0,0.974147193728908,0.9549615771984781,0.9283393969988714,0.9553523972687635,0.9557246716036547,3.533882728878939,1.5076225610718783,0.16078807875925374,0.8699691776674271,45.48189600508857,24.979382772598637,3.0952518516909238,75.92272331851191,-10.384392083726224,3.317740802540972,122.17677163338925,65.8521147116221,-3.1166734424577736
146012A,P3_base_infl_0.25,P3,0.08955505087760081,0.383529592869895,0.0637094988683705,0.7634140322442359,-0.0031560740953990372,0.7634140322442359,0.057961109807808664,0.9195885336777286,0.060144367405076754,0.5223026714418897,0.01585261661437938,,0.19882978985186128,0.1790253149089193,-0.2939745419922942,3652,37,0.0,0.59,6,0.06,6,0.4503181072163198,0.4603146979330112,0.9965338602048351,0.0,0.9803413594361364,0.86039137866571,0.9208468616373692,0.9356234859333744,0.9250868798542817,6.240210549841938,1.3146662777770506,0.14020927417208726,0.8436813295236311,106.87504752310531,39.76595797037233,2.1183524912594622,80.8357069967202,-21.121483506078675,2.6968814566646424,314.69954228556986,177.62445394090014,-0.9446416290601273
146012A,P4_base_depl_0.50,P4,0.1521515174644962,0.31852092617931665,0.06100615781243374,0.33592060041620136,-0.011209020598145955,-0.33592060041620136,0.07758980578770713,0.3314838643632824,0.06168862796656475,0.3321279667086156,,,0.24977594149446725,-0.23325015574638872,-0.16636940871482045,3652,37,0.0,0.26,6,0.13,6,0.3039841717317882,0.31395346881259356,0.9930433151739788,0.0,0.9699432289142559,0.8704709511563751,0.9303303000336325,0.8999015038964933,0.9052792674504484,-6.80491187958802,1.6255859756985453,0.17336888730606798,0.8247015356905952,38.14149143953353,49.95518829889348,-0.704133266826093,-2.5584449967474727,36.3890666339747,-0.6367828639905248,-51.63088586754207,-50.88267025103124,-11.165840606306238
146012A,P4_base_depl_0.75,P4,0.08855724125655312,0.13975927495703194,0.06263431742168944,0.1375824258712786,0.003094999590919294,-0.13562303557623268,0.06092622444977249,0.12808575953517287,0.06047620853032705,0.14473948321356858,0.0634691899853082,,0.11884701830237175,-0.10013997401953169,-0.05120203370047882,3652,37,0.0,0.3,6,0.07,6,0.4280661275242405,0.4372010853830271,0.9963021334287891,0.15134692903888122,0.9755926121328923,0.9693771445080455,0.9499063612049332,0.934980591883444,0.9626594590434278,-1.482776830316391,1.4648711753818813,0.15622863971470713,0.8636553329733933,20.836332324346483,23.769403660474367,3.4143231577972553,2.751573701021202,16.40318494273506,3.1343211762610794,-26.783977528472615,-27.64330731538815,-8.013639245193183
146012A,P5_compensating,P5,0.16549369021295465,0.5949937043807715,0.12395256913659279,0.9125501751171058,-0.12312698324193141,0.9125501751171058,0.18116618008070123,0.9757798437537867,0.07927509941308317,0.7681636060037526,0.35102037062726876,,0.3512145169510514,0.3201716253267417,-0.4295000141678168,3652,37,0.0,0.31,6,0.06,6,0.26606558112861883,0.2660655811286189,0.2884366427244701,0.0,0.9104028623149453,0.4830651806365571,0.719167345533647,0.719167345533647,0.8397515079904738,1.0396121559646803e-14,2.8066344383605584,0.29932780974218665,0.6611858879258109,346.6252268610586,70.24290339021016,-27.447059541112246,87.4970510611603,-53.209870393533485,-29.690734439827693,1032.4267483410824,589.729853147512,13.511801644059632
146012A,P6_shift_1d,P6,0.2110244712315253,0.10795676330467968,0.409702819707103,0.12135234143348385,-0.16072636077628175,0.029662543144481843,0.5593396177704074,0.1615802531965672,0.2637656575594267,0.10342302649066533,0.5544397386747686,,0.13821410820371363,0.010318918488576558,0.10306770792684561,3652,37,0.0,0.06,6,0.59,5,0.9548991248275511,0.9550147415537085,0.9982109158559347,0.9650938048192057,0.2323481994679767,0.8675540942005625,0.6036971672855596,0.6037486648176116,0.9453856804721722,-0.07124470346507719,8.215252541794884,0.8761574062530221,0.3826187755539723,29.71172230582685,27.6428216407427,-0.2268148121134062,2.400482543944001,0.6019068919362313,-41.77045029951055,-1.7392772678160566,-4.569853597077868,-4.309766261312701
146012A,P6_shift_3d,P6,0.3506735102744195,0.18589696167547834,0.6411412145971477,0.20426753047947696,-0.3935975184630049,0.11902175717886244,0.8117087071787045,0.2146868868908823,0.4386378648488008,0.1812684619083003,0.6679494220195423,,0.23642871349889802,0.023465636244586027,0.16477654859894117,3652,37,0.0,0.06,6,0.06,6,0.9010190148168106,0.8992552738824214,0.8811482111781352,0.7465261829867271,-0.7187829363661848,0.635512133262543,0.18323186956740878,0.18411352215430477,0.8618271905977939,1.5482033714931873,12.29275705797962,1.3110236215897044,-0.04178093184518339,64.24810421906398,47.28574269977972,2.9040542385365598,1.6943551025857353,0.8096639897626526,-85.84554611604676,-2.1308475834546896,-2.419297998722629,-5.831429320085241
146012A,P7_var_compress_0.80,P7,0.1402171969122151,0.5606015092309503,0.09357807491513868,0.9039587131346722,-0.08172016943276328,0.9039587131346722,0.09893113127554003,0.9723455920693521,0.07593479177588906,0.7458077195750815,0.3296398355375604,,0.3158454745037176,0.28937939695817133,-0.4203843123187352,3652,37,0.0,0.66,6,0.06,6,0.2896755263874187,0.2946352171080371,0.6052778733848687,0.0,0.9501469261294355,0.5611100425598168,0.8392363078706517,0.8243452172402563,0.8748429844792542,1.820641012145302,2.0935568219843903,0.223278019228415,0.7399346267720808,306.11786654185346,63.16909490074363,-16.265554725915926,88.9672708614412,-44.16136583468884,-16.86429158773363,916.4722594117642,519.2250271327006,9.443758939499562
146012A,P7_var_compress_0.90,P7,0.10152997673698812,0.4434479769471606,0.07552695449974406,0.8260105534089395,-0.05260040413020116,0.8260105534089395,0.061914989365277937,0.9454231940657117,0.06472588788512988,0.6092267532308296,0.3151386981398311,,0.2328801512783887,0.21017047642175488,-0.3419180002101725,3652,37,0.0,0.71,6,0.06,6,0.3873127591769371,0.3944442266633221,0.8002727683356377,0.0,0.9733806859244636,0.7871704268586375,0.9744333084389578,0.9642950672084791,0.9275691197161274,2.1327220588176385,1.5298090021911288,0.16315426465629507,0.8224453642712419,152.49526709086317,46.57603025567778,-5.834514023558388,84.57200135238163,-26.19230675289155,-4.55974436099525,472.35860142643736,261.93007101343505,1.743577665323423
146012A,P8_mult_noise_0.10,P8,0.03962755140378866,0.040366354028818136,0.0359392353158627,0.04275761842572413,-0.0009542465574856545,0.0036087715840234734,0.036193175545434546,0.04663880894945013,0.04044476138741552,0.04050676634633948,0.07465510080549267,0.09871205257327731,0.03989558554940922,0.001570917222953237,-0.0007388026250294763,3652,37,0.0,0.06,6,0.37,6,0.9967822683522708,0.9968726555400835,0.9980488260038278,0.9955687595850616,0.9911878456022034,0.9958161049910665,0.9809253085178791,0.9864831101440055,0.9851282380269458,0.622170374733787,0.8801968923795687,0.09387307600050503,0.9244010664397779,8.045733430309909,7.979117109881814,0.3858723989593102,0.9290944487409394,0.4872718873941728,0.8628861290121241,-2.5954133643214323,-1.9917408255059037,-1.715007248680896
146012A,P8_mult_noise_0.30,P8,0.1162929313719771,0.11625933514568927,0.11385005509664857,0.11185808637454052,0.007916209577726954,-0.008350716364362857,0.12272815326790382,0.10217389224816868,0.11426391595411055,0.11568610930568846,0.03424679608032023,0.019536870887641215,0.11705851646497817,0.0008639553566730855,3.359622628783254e-05,3652,37,0.0,0.18,6,0.08,6,0.9976434779820091,0.9976741809012039,0.9982397326819804,0.9994391191276794,0.8855291899591476,0.9639353820746677,0.8912786885057834,0.9212074528772831,0.941549128093046,3.9221222715210513,3.172386989075671,0.33833535145008475,0.7588050633178751,24.428012258228897,23.411703292995636,3.20175600729331,1.4131314476589238,5.505612652544337,-1.4829283774649775,-4.565780773775831,-7.820477978021173,-12.35803952258178
210006,P1_peak_damp_0.70,P1,0.08040232899472638,0.05334267678490812,0.14856779092104358,0.03705242028260658,-0.14495608262195342,-0.0020953823904940007,0.17950159474079427,0.0,0.08501578160565301,0.05208132293222167,,0.03790441061888872,0.06342149349914857,-0.009574913617506096,0.027059652209818257,3652,37,0.019715224534501644,0.06,5,0.06,6,0.9556176145126749,0.947555815905417,0.30140855945479517,0.9992791991364312,0.8853844311197295,0.9926652978013639,0.6131164134605258,0.7463919223522333,0.7687040509306625,-21.983517396725166,0.17508924296592598,0.3385492119031892,0.7482474083073147,12.792663049797687,12.684298699829686,-30.454581333199524,0.15770115623026748,1.192127521473502,-31.18512703332957,-13.468375125758596,-1.5517130876574885,2.6753978374749043
210006,P1_peak_damp_0.85,P1,0.0653823612132469,0.05548660761137006,0.0794014481810244,0.03631540292123685,-0.0640065642977789,-0.005887846568580552,0.09346044855481053,0.0,0.06503510165747407,0.055558031640474986,,0.02058048351049221,0.06132064345984362,-0.004351837676178645,0.009895753601876847,3652,37,0.019715224534501644,0.06,6,0.06,6,0.9802901361358616,0.9776460712348127,0.743590739109723,0.9901730121260222,0.9106754215676949,0.9938875300929364,0.714190419982583,0.8049016069931224,0.8610167907811932,-12.700806957943323,0.15456926629028522,0.2988721774142003,0.8270930478530104,12.558381022861443,12.264128691968718,-18.299861525735285,0.09572526254442533,0.6358441961957393,-19.489591208290506,-8.392712611636473,-1.017128698028501,1.2501169090933817
210006,P2_peak_infl_1.15,P2,0.061959763165093044,0.052849442179523344,0.07251818807076425,0.03504422972337368,0.05551434627622423,-0.001293643355290684,0.07087797799073568,0.0,0.06334771525178401,0.05141718776116355,,0.060806378504450566,0.058482583828994544,0.0036454505755073646,0.0091103209855697,3652,37,0.019715224534501644,0.06,6,0.06,6,0.9888153422912364,0.9859869730875596,0.8540198983915438,0.9932258806380381,0.985110601686505,0.9944024044558941,0.8953116102886526,0.9185468449990046,0.9120328897616661,8.035449410445215,0.06310681063538512,0.12202212222992599,0.8708418328060941,12.157066713195155,11.696516765798904,10.238621459711437,0.03438758541534441,-0.19159854044673474,8.642338122183066,-5.2197872558563985,1.0432454593281508,-4.52072024848272
210006,P2_peak_infl_1.30,P2,0.07115851567033564,0.05497615829979917,0.11126624655268876,0.03649742656806101,0.10349999291904323,0.002247604913733636,0.13320679742767605,0.0,0.0748157080211975,0.05819282358264248,,0.04018218722312116,0.061350917811109705,0.006649651420502268,0.01618235737053647,3652,37,0.019715224534501644,0.06,6,0.06,6,0.969832954435183,0.9638083740343104,0.5241599549794737,0.9955755849892952,0.7759165825214442,0.9937740771687801,0.48153636405529976,0.7009300400512515,0.739826918574403,25.36036876876771,0.24481753308673185,0.4733745002411472,0.7140295368434637,12.905819356527912,12.270183562221954,35.53911551048481,-0.029244088624509678,-0.21514889620607383,36.59744439894994,-9.35876299263176,4.581915181315039,-9.257576423469628
210006,P3_base_infl_0.10,P3,0.0798787426093338,0.4714798154836436,0.052597647154115995,0.9741018833218738,0.007024077783024765,0.9741018833218738,0.05473538437235504,1.0,0.058920853559104536,0.7233930594306122,0.20618532234096196,,0.21784690398530715,0.19100556646684422,-0.3916010728743098,3652,37,0.019715224534501644,0.7,6,0.06,6,0.5952501789701907,0.6052088820610506,0.9964054989270048,0.0,0.9842684199165528,0.942245868282418,0.942100057194984,0.9633117307309625,0.953737189293143,3.413672515721644,0.0648670026282982,0.12542559580662652,0.8768922890393674,544.5116005075679,43.569380797061406,2.892211245032822,85.9750271334746,-13.010441255742359,2.647504069096205,2153.3232083716,559.5999650307958,-2.524812369190142
210006,P3_base_infl_0.25,P3,0.10326415634876539,0.5708789755274889,0.06696660038887356,0.9894961403540752,-0.0001265483235607437,0.9894961403540752,0.07033246318082022,1.0,0.0620582659343376,0.8503978815720619,0.06896846052520197,,0.28486296473922496,0.26403869666589774,-0.4676148191787235,3652,37,0.019715224534501644,0.65,6,0.11,6,0.4515762517902655,0.4615669880114662,0.9987433526042878,0.0,0.9744203426041335,0.8267679882675543,0.9106104035255204,0.9449139003691867,0.9332453981640794,4.4016352201419,0.0827151419736184,0.1599364167282315,0.849830389807122,1365.1591738147597,56.97259294784496,1.866258049455971,87.00650636555604,-26.134987826518334,1.6196788876464827,5212.552593522027,1404.6801879669042,-1.3285192916955695
210006,P4_base_depl_0.50,P4,0.15279109166034896,0.2874717764900701,0.06344887791668233,0.2050170410339984,-0.009065434042167921,-0.2050170410339984,0.060667371889721516,0.0,0.05917719402057,0.30065925518502035,0.2160113763229543,0.01,0.2447892789466181,-0.22720798857199562,-0.13468068482972115,3652,37,0.019715224534501644,0.3,6,0.06,6,0.3078584130483837,0.3146944349317431,0.9902762403766427,0.0,0.9917895882040949,0.9306377521324183,0.9532991910047135,0.9391440921783852,0.93592450682919,-4.5850695232221765,0.04686192533471322,0.09061132266943862,0.8635248993689644,38.145863108661715,48.95785578932361,-1.6524349525608863,11.488240146787936,28.554886979328383,-2.4382336041786443,-55.26585990981871,-50.185543971488464,-6.514879137014883
210006,P4_base_depl_0.75,P4,0.08813332932830235,0.12509370481737014,0.06092079058503238,0.08731021961751781,0.006464530480521311,-0.08708632952796547,0.06319056435512646,0.0,0.0603195468129058,0.12985211221048398,0.3074384271052612,0.01,0.11539609719150402,-0.09547031075019913,-0.03696037548906779,3652,37,0.019715224534501644,0.31,6,0.06,6,0.4347371930390636,0.4396776505672312,0.9968516445404406,0.1763285150533851,0.9728970612438356,0.9832311008670848,0.985613230661529,0.9857751957612501,0.957740124092045,0.048199386346775695,0.08514239249840581,0.1646297019257596,0.8584836954844356,20.670428078702976,23.079219438300775,2.3300024006609354,4.758465641801004,11.993237591799808,2.033242865352993,-30.97107851776142,-28.661071322260966,-6.097665079177819
210006,P5_compensating,P5,0.2305646255420049,0.7835697179639893,0.1454183607920367,0.9985242270965063,-0.14439624294072653,0.9985242270965063,0.18458504957242197,1.0,0.08526063785392497,0.9734602063448682,0.3404387178335279,,0.4937502584990919,0.4590584490786189,-0.5530050924219845,3652,37,0.019715224534501644,0.31,6,0.26,6,0.2583050327943943,0.2591700749356078,0.22262160843768597,0.0,0.9280050666284339,-0.024466377280128127,0.7489268279337153,0.7489268279337151,0.7567279698342556,-1.730340051926234e-14,0.13876777499803677,0.2683187160292145,0.5704836613420378,10705.225421108029,98.75005169981837,-27.628057116565124,92.47907622405772,-75.66312126717122,-27.88716740505372,35015.36497941392,9503.90006163519,15.601947295194067
210006,P6_shift_1d,P6,0.15558874972469244,0.11925253965774685,0.36287509070136964,0.19752406611912707,-0.06966109982576817,0.03216604874943219,0.5021896357597672,0.1891891891891892,0.17629460693065585,0.13201696462126328,0.2156500258390509,,0.11360499072636918,0.006934985132807792,0.036336210066945596,3652,37,0.019715224534501644,0.06,6,0.06,6,0.9779895371973055,0.9787591353475357,0.9425523225326182,0.9957992469156117,0.33785304891069745,0.94690562275758,0.6285287067717801,0.6332871550032164,0.9568289596529086,-2.373758656132174,0.4208379046955335,0.8137241246818867,0.3653672034348038,28.045796698301245,22.72099814527385,-3.9497603652017235,0.09641758312985513,-0.08963706635733615,-15.911362611518728,-11.194298408767061,1.4949088137378355,-3.8569687392721326
210006,P6_shift_3d,P6,0.27157932951070285,0.20558205153741077,0.5853142128083875,0.33186199258122734,-0.2576272044510392,0.09118692712804957,0.7110279648101123,0.3783783783783784,0.3239104272142154,0.22905528988539256,0.28000996022734903,,0.19764693645053388,0.023656145454369365,0.06599727797329208,3652,37,0.019715224534501644,0.07,6,0.07,6,0.9537457600480049,0.9549806615895389,0.95201281509699,0.9815009353161862,-0.2950426979180445,0.812313925249462,0.2949858090069142,0.29709943212556156,0.9307117658520185,-2.2937049282865067,0.5885450366517988,1.1379994279076087,-0.03334964362207571,60.83080875956512,39.52938729010691,-4.450494206073853,0.10742285312585584,0.5227575623318339,-44.1624360575263,-1.9341505696927512,-1.1469018017663928,-2.642381192801206
210006,P7_var_compress_0.80,P7,0.1891723494118625,0.7379919982578299,0.09753270695089576,0.997838608975678,-0.09052469085772315,0.997838608975678,0.11806098652656768,1.0,0.07308053701638567,0.9616514167531888,0.21561043708071118,,0.43951469529527804,0.4228562526248567,-0.5488196488459673,3652,37,0.019715224534501644,0.41,6,0.2,6,0.1991134556535421,0.20291528790251612,0.5240405825091388,0.0,0.9559448226518785,0.24992801482651306,0.814738912821579,0.8086786085377637,0.8488204352201913,0.7501645573055811,0.10855157640706825,0.20989325226915104,0.6994997406793084,7026.328045842426,87.90293905905575,-18.97294913225654,90.52290852798008,-61.268937136451626,-19.282076203277278,24346.801215866824,6546.410114481374,11.445493771163399
210006,P7_var_compress_0.90,P7,0.13650421227105658,0.6640403958449781,0.06314228973167718,0.9956075038840081,-0.04220850609590832,0.9956075038840081,0.08117427035715902,1.0,0.061035006549568775,0.9279225562311368,0.23085958816899182,,0.361197479525486,0.34514917885188756,-0.5275361835739215,3652,37,0.019715224534501644,0.59,6,0.16,6,0.3098256127961491,0.3169570802825341,0.8794353057556161,0.0,0.9720215834758482,0.5830460097940429,0.9324532295426786,0.9343452082763968,0.9141198824100698,-0.2060587877862916,0.0865065960909051,0.16726749990405124,0.8047815187270457,3349.5330105072844,72.2394959050972,-10.616143145579596,91.19473065933467,-43.39641466729589,-11.0607793836674,12347.549420631682,3325.686192154538,4.185409899281497
210006,P8_mult_noise_0.10,P8,0.03958144267501219,0.03467080038311415,0.04152128045975212,0.02208295513550408,-0.0036577432875649018,-0.0014748898642412823,0.0461913145514906,0.0,0.039432725551405055,0.03405303785223917,0.023278841167103992,0.033573517876696206,0.03839136307995609,-0.00065069092069731,0.00491064229189804,3652,37,0.019715224534501644,0.07,6,0.06,6,0.9970692344776481,0.9969590993948865,0.9933481311528128,0.9969163363797418,0.978595806876798,0.9976005442838235,0.9426056241152544,0.9575811139707081,0.966100469926932,1.5459347530520045,0.07566361523809806,0.14630171948135798,0.9058992047349366,7.850088112715269,7.678272615991196,2.600432160051287,0.020406780899867548,-0.2597268927775733,3.181194980825236,-5.279627365112059,-2.2048039912798165,-2.750339956335782
210006,P8_mult_noise_0.30,P8,0.12094201232525721,0.10511781031034298,0.12435136645675975,0.06772159662167243,0.003299651902735884,0.004598567932498198,0.12685350183521701,0.0,0.12205504145462807,0.10173766922362752,0.046347174024180336,0.020212377619810054,0.11634035580089885,0.0007238016068921672,0.015824202014914232,3652,37,0.019715224534501644,0.11,4,0.06,4,0.9947676301733119,0.9944197470374653,0.9971173591184787,0.9923177802438395,0.9443402609261361,0.9775263863550834,0.8856753060377819,0.9053065144052923,0.9445114130539083,-2.2748705420389332,0.12201359992064449,0.2359231634957955,0.7616683338752843,24.84981114560448,23.26807116017979,-6.119345921581721,0.22794161853711753,1.4155579762393062,-9.232281208408358,-11.786898017287225,-2.290210655729719,-9.641207928051143
146014A,P1_peak_damp_0.70,P1,0.07553088759758483,0.05890273648745763,0.12556355205168426,0.0575457853669906,-0.11842588064884896,-0.006179915051688231,0.17683585122395296,0.05540047670737394,0.07881881300293563,0.05856562689674099,,0.18006165581209113,0.0632544097483228,-0.007620358194760379,0.016628151110127207,3652,37,0.0,0.06,6,0.43,5,0.961568155283301,0.9525566656117088,0.43083274165068347,0.9987053119118375,0.8834810646200861,0.9831897683368906,0.6231772068807646,0.7396366602511737,0.8059196837360298,-17.446138369387445,4.978517163061504,0.34134870056866173,0.7743103663170461,12.59045410894622,12.650881949664589,-31.737252801566605,-7.133969239820003,1.7376919940616313,-33.12943028902728,1.6729813741432007,-1.792031555212155,1.8113708115793918
146014A,P1_peak_damp_0.85,P1,0.06542226939385802,0.06044028791344652,0.0839868890850977,0.0597747405048606,-0.06509169009436021,0.0036180198234767222,0.09980204591744983,0.06414875346643424,0.06562511991487002,0.06237280641483015,,0.019146270806687737,0.061149481702171736,-0.004386866085939076,0.004981981480411499,3652,37,0.0,0.06,6,0.2,6,0.9871613051425231,0.9844679086406053,0.7960815259641261,0.9992548801547745,0.9580896756347336,0.9849567839972317,0.795636190036809,0.8641343566433617,0.8975591124296616,-9.156594141403314,2.9858106705279583,0.204720112263711,0.8480041884852838,12.242405167957477,12.22989634043435,-16.69531744902633,-13.894118375564009,-0.0944567599282866,-17.1772673820639,0.8579375829009561,-3.4899126403348273,-3.117471026951162
146014A,P2_peak_infl_1.15,P2,0.06322935660722863,0.06035037148617551,0.0725159872992264,0.05838016499840554,0.042230074928184584,0.01066381417473875,0.07666325304383953,0.06023685062441105,0.06597024295542536,0.06114508059478784,,,0.061025256382315124,0.0044202974306024505,0.0028789851210531195,3652,37,0.0,0.06,6,0.08,6,0.9914239906955891,0.9905554487469641,0.9040928775992081,0.9928735940498651,0.9780298753178943,0.9849087052341119,0.9315066388783941,0.9274688866917766,0.9264835126986739,6.269982920173204,2.161812459345565,0.1482232258524475,0.8612358553830449,12.46097015653742,12.20505127646303,9.504521114090434,-2.0348533662885098,0.8168104810278886,9.20691488337994,3.463311904780242,-0.28368690316317147,-8.874253708871041
146014A,P2_peak_infl_1.30,P2,0.06985449411181795,0.05840940177175008,0.10684885496301115,0.058738260805847986,0.09699802045254494,-0.005090246883530785,0.10857671835766224,0.0486486430957669,0.07325915989531102,0.058543816390052204,,0.021649362555985693,0.06147250587400358,0.006408025126777261,0.011445092340067867,3652,37,0.0,0.06,5,0.09,6,0.9732445245947465,0.9671410207387691,0.5895678508265165,0.9839326865499146,0.9623739290828153,0.9842984985666404,0.7725249508532924,0.85063845354581,0.8449790095883646,14.769500455845456,2.8290862607003473,0.19397440789234205,0.8097339419434473,12.626410908210218,12.29450117480068,23.762644580312678,-3.6850482590558684,1.3080515005750815,21.84622774331737,0.9684570395266713,-1.1524139917323126,-11.482973378995437
146014A,P3_base_infl_0.10,P3,0.06650819580848846,0.16948658987317203,0.06129994762418451,0.356001711010904,-0.00546131752526951,0.356001711010904,0.052561668864348786,0.4407496108611573,0.060201629677053524,0.2150763138200903,0.32909097837694706,,0.10070693602069886,0.07088112849101451,-0.10297839406468356,3652,37,0.0,0.62,6,0.06,6,0.695171129020231,0.7048239238722193,0.9999092235465113,0.0,0.9904810337254226,0.9570586175998052,0.9527793970322695,0.9379309160139561,0.9642066880272755,1.6645730726575356,1.4229729642482085,0.09756518987106726,0.8779746330904844,24.795843960309373,20.141387204139733,-1.014782724367582,29.31774460198081,-9.429116681446985,-1.3585390977668932,85.23586788730819,39.64097260239499,-6.004369670663278
146014A,P3_base_infl_0.25,P3,0.08436857171292506,0.2990193061261095,0.0600742446791105,0.5898878885388423,-0.0011642024719549996,0.5898878885388423,0.05161356995483919,0.6757307592657175,0.060817070416995,0.3927273770786174,0.056249413373040506,,0.16549119571488138,0.1451709367853462,-0.21465073441318444,3652,37,0.0,0.71,6,0.06,6,0.44928125406708197,0.4594068646046292,0.9972580471362142,0.0,0.983031109379362,0.8691839420590132,0.9218773882966881,0.885466016955471,0.9296033804108845,4.716332809063662,1.8998901006190534,0.13026469445186606,0.840869573254015,51.457628637539685,33.098239142976254,-1.6948218729126512,55.62034559328747,-23.95725479273981,-2.5718310588955804,202.6888134189467,101.01658724327724,-3.6682265339245603
146014A,P4_base_depl_0.50,P4,0.1520039572229094,0.3186938453986637,0.05911160533835261,0.33793369333096446,-0.014717082645076585,-0.33793369333096446,0.05269716601354227,0.3301128446484691,0.06125371169965683,0.33391516107636576,,,0.25045659416662647,-0.2337912982193133,-0.16668988817575428,3652,37,0.0,0.3,6,0.12,6,0.30249297888278415,0.3121458932596056,0.9821773813854078,0.0,0.9680716351610792,0.7935273953884079,0.8974769288683835,0.8257071049383095,0.8893817847226373,-7.787078765185005,2.606094102413813,0.1786850996555695,0.8146915014060013,38.279463902147064,50.09131883332528,-0.25275311689629837,-15.678522553430259,46.89707623244044,-0.3866585416415192,-50.140690435261256,-51.52268708400976,-12.225089134793892
146014A,P4_base_depl_0.75,P4,0.08962556908302186,0.14112761866593723,0.06335877307086928,0.14510969977193233,-0.0014559724711757317,-0.1439735413859871,0.059142571227135676,0.16379069384805708,0.06140849382258691,0.14722843327722912,0.034478482791134836,,0.11951240464667533,-0.10010046728435724,-0.05150204958291538,3652,37,0.0,0.31,6,0.08,6,0.42419202708394105,0.4334056423684286,0.9984299020354127,0.18088536739402933,0.9270709399139802,0.9511306106658173,0.8529499134674285,0.8930414410537749,0.9203535210890893,-4.996544572534195,3.938692380736489,0.2700538096121212,0.8405647301653021,20.954478171769264,23.902480929335105,-3.5463341574442384,-8.379814032477324,19.90756309953142,-4.591254649497347,-23.541782528055585,-28.29738290660105,-8.363925930071536
146014A,P5_compensating,P5,0.1568098898636811,0.5064767408213282,0.13766369359980457,0.810533409167407,-0.13266004329342806,0.810533409167407,0.18130498079827634,0.8681543719730408,0.08598028346243398,0.6436904079713781,0.3749745945817214,,0.30457746092686033,0.2676657176879415,-0.3496668509576471,3652,37,0.0,0.06,6,0.06,6,0.26722108794956706,0.2701567922052562,0.40380223870966087,0.0,0.9487614163127862,0.5132473012648515,0.90829481206604,0.90829481206604,0.8330456146875774,-1.227532643502268e-15,3.3014164663077685,0.2263594126322424,0.6621677654533923,144.61908488569287,60.91549218537209,-24.309485309131848,63.07572053312713,-53.95197347416273,-23.9933425246742,587.6195935817343,307.42881816680966,4.634072098917867
146014A,P6_shift_1d,P6,0.14809322048652332,0.08697083134359043,0.27526991391531014,0.07324261761539357,-0.06307832735689563,-0.0007112454787938417,0.47696662605414575,0.0767748088569847,0.1668708050788533,0.08443724925492863,0.7152106291350077,0.0385411449552327,0.10526364671837311,0.0028968320693657005,0.06112238914293289,3652,37,0.0,0.06,6,0.06,6,0.9870566680502941,0.9871580663194415,0.9783564993748444,0.9995630582810098,-0.34736353715117607,0.8930021353250995,0.36376169128212354,0.36582173365014037,0.9489708055396872,2.624546252934109,16.929500703895375,1.1607598964261197,0.3110708629840214,23.35955277468318,21.052729343674613,4.442555060205514,-5.4706073905487935,1.1581168035593028,-19.75098616586225,-6.130550973593699,-3.7331208590467235,-8.089580435658707
146014A,P6_shift_3d,P6,0.21723035741411784,0.1309608383276288,0.43494234414567046,0.11927345127245254,-0.1626005854491996,0.06092511792893095,0.6908033567084696,0.12367761266196582,0.2472658288822503,0.14004634415371767,0.7042025329425322,,0.15283737190681385,0.011023584512200351,0.08626951908648903,3652,37,0.0,0.06,6,0.06,6,0.9666703617066904,0.9676840951138846,0.9848646419845242,0.9042129259941583,-0.9532026550529793,0.7309916409997439,0.05689554321946655,0.057505706723410155,0.9067583289238054,2.383629009383549,20.38334276975721,1.3975702683775793,0.04611306411248861,43.6714818394376,30.567474381362768,3.774625140098936,1.035608100168104,3.176771118773142,-71.79232273581381,-0.41204285555669024,-0.30324228252836294,-7.848515528818064
146014A,P7_var_compress_0.80,P7,0.12630769154302143,0.46193373192572523,0.09949839827136997,0.7886991943849345,-0.09197979852382514,0.7886991943849345,0.11360117365477977,0.8414900244872728,0.07423036473203053,0.6064622446306033,0.30326425029058857,,0.2629730946953425,0.23966482952062207,-0.3356260403827038,3652,37,0.0,0.51,6,0.06,6,0.2795540141423485,0.284485847297163,0.6347552897038379,0.0,0.9761551674868109,0.6160858087092563,0.9004952201038514,0.8801513459607315,0.8768788267858454,2.367439500721357,2.252158195601218,0.15441772085220395,0.752727420110142,118.71124181057782,52.594618939068425,-15.614178516953128,66.70332789350418,-42.11354424362802,-15.612567437154263,509.3332055229478,261.95698642548274,2.49033398486015
146014A,P7_var_compress_0.90,P7,0.08560800143007202,0.3323710531196026,0.06345625174303708,0.6430140022221483,-0.03889984925072687,0.6430140022221483,0.05899306343695629,0.7248763233157584,0.05978787350087873,0.4469651959605102,0.2882303952917791,,0.17886755020664818,0.15851489396931867,-0.24676305168953055,3652,37,0.0,0.67,6,0.06,6,0.4345172249183601,0.44305329648056957,0.8812927436751185,0.0,0.9812438904475724,0.832392274322999,0.9025203939207895,0.8952130192496762,0.9333674768266257,0.8196414034699699,1.9974372057045842,0.13695294649049206,0.8393834406666228,60.803306845074665,35.77351004132965,-8.791742160657146,51.84020135639115,-23.093977539657196,-8.911048089906224,256.2594100550909,130.3421606185652,-0.6043239975995546
146014A,P8_mult_noise_0.10,P8,0.03924827626709611,0.04036119426225625,0.039365995419731015,0.04166298788457658,0.001339887414278152,-0.0010415424121890653,0.03373978859243178,0.043140981181381925,0.03807441143855487,0.04048707074059785,0.16778566904563066,0.016671755460267806,0.03981443419231989,0.00081406158799187,-0.0011129179951601398,3652,37,0.0,0.08,6,0.16,6,0.9957827516060084,0.9955114084998737,0.9922620068132357,0.9995277583059892,0.9947320104640313,0.9936636154654775,0.9737221235843188,0.9668894717523727,0.9823312222084022,0.7313168791178788,1.0585812724526897,0.07258091716125356,0.9274150923584566,8.01429263791477,7.962886838463968,1.0969935575923402,-1.7212141593553139,-0.09059780235661911,0.8117681790891063,1.7798650423378821,-0.7458532051920127,-4.343787925523855
146014A,P8_mult_noise_0.30,P8,0.11636076201645702,0.11844288326691714,0.11992328280927014,0.11673016954839144,0.00016956247069074913,-0.0023839003815393747,0.13483602268618544,0.1247573574488593,0.11305913935948324,0.11925312954128164,0.036222985327340654,0.020019881893586326,0.11726088579603573,0.0006893667977836824,-0.002082121250460117,3652,37,0.0,0.28,3,0.39,4,0.9965988872436394,0.9964987572628695,0.9995905945958873,0.9974212494940435,0.9358108966893545,0.9442194218562847,0.9197231488785633,0.9034287907564925,0.9428671073994048,1.9769703475267506,3.695152862412129,0.2533556853726505,0.7491126203253267,24.607394340242887,23.452177159207128,0.48708599332859737,-30.156240569933768,3.7364684309976126,-0.8509361635334958,-1.7113261140827754,-6.789916047291516,-14.814054090763575
146095A,P1_peak_damp_0.70,P1,0.07907400021166902,0.05566922764440167,0.14050556539470627,0.048031256607792214,-0.13778870548749303,-0.0015566263380789296,0.17116947087453083,0.0,0.08380891722263346,0.05498586981436885,,0.027809639567347284,0.06375801200301993,-0.009164490093871196,0.02340477256726735,3652,37,0.011774370208105149,0.06,6,0.48,6,0.9559052963158298,0.9468216624466603,0.293888622297317,0.9999010955678026,0.909633144163631,0.9906346351154127,0.6601452846945854,0.7780556397883867,0.8024749216486609,-18.57188900134633,3.0549048263027516,0.30061080459020273,0.7747551457649619,12.77680156448594,12.751602400603984,-27.910041836272548,0.12658347431664313,2.787679259124089,-29.160775537254526,-1.2042739336948178,-2.0531060400887307,5.587424368465477
146095A,P1_peak_damp_0.85,P1,0.06405258930879155,0.055074508262028844,0.07909265133122446,0.048884775131687874,-0.06457784920149706,0.002078353232627623,0.0710083311211878,0.0,0.06498492300536599,0.05435822425915726,,0.036609100515080595,0.05956861974414607,-0.004327815382381319,0.00897808104676271,3652,37,0.011774370208105149,0.07,3,0.06,3,0.9802944279223036,0.9785749086080254,0.748135281576946,0.9985581021479252,0.9566295607794246,0.9921397172756193,0.8177247920906803,0.8829481581408466,0.9001513560030976,-9.204816276609964,2.1163622619998206,0.20825570633376508,0.8560781288360582,12.089640320278894,11.913723948829203,-13.195892773340203,0.028635260865937217,2.253590190635358,-13.468366755594117,2.0227319658552587,-1.2842822221504626,0.826451487229602
146095A,P2_peak_infl_1.15,P2,0.06483290114897997,0.05585412124585302,0.07947371608960294,0.04437894797884733,0.05286571849969069,-0.0012178604349186314,0.09525649740400127,0.0,0.06565549412411378,0.05566813294125973,,0.029964269082226686,0.06035637116008376,0.0036209446042967776,0.008978779903126947,3652,37,0.011774370208105149,0.08,6,0.26,6,0.9892849303050169,0.9875847754179864,0.8817052870124709,0.9982992997893263,0.926330727126762,0.9920276868294456,0.7822426964455904,0.8681108030161517,0.8784845918137834,11.597920002165171,2.758266915740924,0.27142084089700635,0.8238931774178768,12.48149163839068,12.071274232016755,17.780479055044864,0.10054283989957756,2.596146505031722,18.186132173637045,0.31092489497510983,-0.5229531169833124,-6.791115878958416
146095A,P2_peak_infl_1.30,P2,0.07046984726135071,0.05624582281786237,0.0997974199631447,0.04314968585282584,0.09344900073218987,-0.002613783787671045,0.1341457719411985,0.0,0.07337180390359126,0.05624105798335415,,0.056570683748215896,0.061837298251262225,0.007727675097416329,0.014224024443488338,3652,37,0.011774370208105149,0.08,6,0.06,6,0.9627665482361274,0.9549752826903193,0.4877908939459553,0.9986500147325843,0.90347413107089,0.9916971155541281,0.6598700420302978,0.7923302123073961,0.7986341332784256,19.586235780083104,3.1572935220152925,0.31068612606473106,0.7727489116183177,12.915203688434207,12.36745965025242,28.95696812215147,0.12472315449456019,1.3755423523060861,30.45264168173556,3.3290011184660457,-1.830078904908079,-9.10887056615876
146095A,P3_base_infl_0.10,P3,0.07085636688528647,0.31021382650162443,0.05853125984052377,0.7897628644050657,0.001977462989888355,0.7897628644050657,0.04595451222577932,1.0,0.05997211268167406,0.4154928051822554,,,0.1462530739974757,0.11823921935937431,-0.23935745961633798,3652,37,0.011774370208105149,0.64,6,0.06,6,0.6336131541371673,0.6434454616730118,0.9947016217553017,0.0,0.9840745587173748,0.9575940173967148,0.9600435286206965,0.9627438393951425,0.9588977850941646,3.385365673176946,1.282445258456993,0.12619604305454754,0.8799930861473587,88.88670953291837,29.25061479949515,3.1594144671568825,87.851361972034,-9.995841491517808,2.924392256744535,257.15924481035427,96.74378447600076,-2.488917237442298
146095A,P3_base_infl_0.25,P3,0.08933950706549887,0.4285354351385031,0.06540298099686263,0.8957862820580961,0.004294150327809288,0.8957862820580961,0.0663242432609438,1.0,0.059587168545627504,0.5924948522140696,0.0720713235705026,,0.2131019179357495,0.19136522270513706,-0.33919592807300425,3652,37,0.011774370208105149,0.71,6,0.06,6,0.448286618176631,0.45826530133334303,0.9996406228694049,0.0,0.9700446793858531,0.8751257716674559,0.9537668020535677,0.9463613306681643,0.9428453617588748,4.229270183140412,1.7588551904870555,0.17307605442159493,0.8494163677656229,195.45376318941763,42.62038358714989,2.1249027465116685,90.86920675650236,-19.31780368543512,1.4726024989076822,630.3094787643233,239.38605896217027,0.4315652916571011
146095A,P4_base_depl_0.50,P4,0.15127071878862436,0.2991467084184132,0.055568826520333015,0.2609745888228737,-0.006916508823742706,-0.2609745888228737,0.05287958107535223,0.0,0.0581571442943834,0.3151977463901975,0.014972627667779449,0.01,0.2471960908346388,-0.22958467941325975,-0.14787598962978882,3652,37,0.011774370208105149,0.3,6,0.25,6,0.3066867065676025,0.3165181618329774,0.9961244811343448,0.0,0.97588082705029,0.8997646094666661,0.9466989952770312,0.91640422511804,0.9413883025324143,-3.3137512080915563,1.5782445724089924,0.1553034865986916,0.8491109811980593,38.169338639611574,49.439218166927766,1.7288975938115445,6.610371795597342,35.28164932169945,2.4329494213494094,-50.73298296983115,-49.81900836805298,-8.820845024514089
146095A,P4_base_depl_0.75,P4,0.08951446402749953,0.13070600667328475,0.056287197725080694,0.1161083721177069,0.0023259314468302406,-0.11404663020148527,0.04707823057146944,0.0,0.06171921865632932,0.13468913186485798,0.015524252264200091,0.01,0.11805633835149612,-0.09922930501024259,-0.041191542645785215,3652,37,0.011774370208105149,0.3,6,0.13,6,0.41606755376005994,0.42456781632823415,0.9946912041742874,0.3029354514442444,0.9866743646216357,0.9755028577289016,0.9526877910548126,0.969911198595077,0.9591965184314957,-2.268786164571325,1.173105474448769,0.11543671590254226,0.8783792767745656,20.931125495865103,23.61126767029926,-0.45956967997926434,2.738746744950868,16.3229810587886,-3.1205137800885607,-25.28705382151737,-24.85137089250495,-6.118691365032695
146095A,P5_compensating,P5,0.21399379058811058,0.7128372083606235,0.13954157567458106,0.9804225685080967,-0.13566624007283035,0.9804225685080967,0.17673545757441733,1.0,0.08244534934256532,0.8806761906016505,0.3348422241714015,,0.4466583923520044,0.4148556349813459,-0.4988434177725129,3652,37,0.011774370208105149,0.06,6,0.07,6,0.26679808282078,0.26679808282078005,0.3595950712583644,0.0,0.8746655128622669,0.19524627161792552,0.6732691852930068,0.6732691852930068,0.7798821638640407,-7.203525357124154e-15,3.59772855149267,0.35402611081350066,0.5811506019981547,1229.6232412609775,89.33167847040096,-29.814437634394384,95.36330265764678,-67.49476229787926,-31.30825964849037,3674.4311281638456,1452.0150516788142,23.439338586980693
146095A,P6_shift_1d,P6,0.2123918279300751,0.12916188122933103,0.4394992838096522,0.1941914187954285,-0.12624276111014843,0.06957690093879551,0.4838649479080088,0.13513513513513514,0.26744161219981155,0.14093795151317223,0.30222858622565657,,0.14400988366381384,0.010823288842786835,0.08322994670074407,3652,37,0.011774370208105149,0.06,6,0.06,6,0.946456287884292,0.9475067058745289,0.9886890138217872,0.9153912308978729,0.1350474480133972,0.8895621560176702,0.5696037226653137,0.5695481883081519,0.9561022827722461,1.4344120858943612,9.45124977646723,0.9300282533270712,0.2972601630674353,31.708380169356428,28.80197673276265,1.882974312047996,0.17139199694223406,2.5084849612061713,-46.70900944152859,-0.025223976589775904,-2.548769409632089,-3.5027444987802716
146095A,P6_shift_3d,P6,0.36766565340929225,0.22431185490850122,0.6899671595507713,0.3218039676314853,-0.41449805079760027,0.1622663026890696,0.8420711465861812,0.32432432432432434,0.470085804964735,0.2444727872851956,0.6101061745921934,,0.25340583242851833,0.0287912860524225,0.14335379850079102,3652,37,0.011774370208105149,0.06,6,0.06,6,0.871956351722262,0.8722393116164724,0.863940302691432,0.8062021812035376,-0.7392792103613492,0.6634240942771679,0.15750536902456602,0.15776832635459737,0.8824351491397154,0.7580676615275495,13.40225113311386,1.3188173529194063,-0.19297414800843082,73.47630538198042,50.68116648570378,1.0456022869496695,0.10495680047427697,0.8571009537563744,-88.28464583067623,-4.840341087784433,-1.2721392201748476,-3.2841821133459317
146095A,P7_var_compress_0.80,P7,0.17316322532708522,0.6531437965515839,0.09939754725248595,0.9728313412660519,-0.09039687967306277,0.9728313412660519,0.10532866452282348,1.0,0.07455011984009324,0.8407378099086287,0.2577979710061858,,0.38608230233664054,0.3656475363258133,-0.4799805712244987,3652,37,0.011774370208105149,0.56,6,0.06,6,0.21968188615396667,0.2235642759290903,0.5623764724504324,0.0,0.9391365709324769,0.42259953987835686,0.8024311476069338,0.7933406004225846,0.8563322855453027,1.1492728057180503,2.507097980876855,0.24670514600940754,0.7096137045859476,900.2772189735872,77.216460467328,-18.46023978006368,95.25388504854841,-52.62554976336808,-19.232291515686672,2657.6080683560017,1039.0619698502396,16.9810431581849
146095A,P7_var_compress_0.90,P7,0.12026487427733802,0.5456190293389269,0.06607047355734842,0.9484948647813053,-0.030881179271894276,0.9484948647813053,0.08039513409672396,1.0,0.06036469346697566,0.7399442701097981,0.23270515827832355,,0.29336944123220343,0.2768156207922798,-0.4253541550615889,3652,37,0.011774370208105149,0.71,6,0.06,6,0.33825132583038525,0.3475973648719583,0.9254524946292424,0.0,0.9800609393959594,0.7044563270928677,0.9562177999973385,0.9377489963983363,0.919702713976653,4.245905967302163,1.4349786689661308,0.14120573856625165,0.8200867689907516,464.0364143178369,58.67388824644068,-3.378617497875628,94.65350090556667,-33.39421793075881,-3.2164155370482783,1374.2423482554868,531.6851011343763,5.213385306111476
146095A,P8_mult_noise_0.10,P8,0.039854354641190255,0.03704915206013642,0.04174245396090186,0.029062097276649157,0.0004934591981424186,-0.0025323209557160907,0.04810503642349989,0.0,0.039112871412516,0.03735279510169046,0.035754923039685374,0.02698501764518385,0.03916925146816985,-0.000762735180968232,0.0028052025810538367,3652,37,0.011774370208105149,0.44,4,0.23,5,0.99751962438434,0.9975803571631271,0.9996413067013601,0.9969169196367543,0.976817409819103,0.9967124935371592,0.9066891452755098,0.9308598623570457,0.9681014057095335,2.388162288252507,1.5472984039185809,0.15225830086040285,0.9096264941017739,7.952962418305141,7.8338502936339705,4.890191375687383,0.057951209939942926,1.033402362975608,5.383726696212615,-4.719858170264324,1.3588719344258473,-3.030508440481278
146095A,P8_mult_noise_0.30,P8,0.11801712369353852,0.1105284059292153,0.11126909364399946,0.09704231591195593,-0.01308853204240959,-0.0057319906265618555,0.10159677691633395,0.0,0.11824055856817291,0.11025059273801835,0.017323959290261745,0.03741421456078142,0.11676320547411942,0.0034672892923765645,0.007488717764323222,3652,37,0.011774370208105149,0.53,6,0.11,6,0.991570157007237,0.9917986758468317,0.9809116039472142,0.9986864179653802,0.9373170195504189,0.9696654713147558,0.9326839637695494,0.9529254449211928,0.9576808432689332,2.953667100251713,2.5442976551034446,0.2503656934357843,0.7744129436699259,24.937650143148833,23.35264109482392,4.1176041193100055,0.1372152511782931,3.696741566014792,1.2813023831550452,-7.462628481450307,1.9785508195854933,-9.400950502486864
212260,P1_peak_damp_0.70,P1,0.07255508726386087,0.05737813503707114,0.11649251494420354,0.050662619255818414,-0.10901204844052251,0.008544135780062806,0.13842009331139396,0.028100196527523033,0.07385260887593972,0.05652306464789994,,0.4069375443727224,0.06257030292481716,-0.008103426191012534,0.015176952226789726,3652,37,0.004928806133625411,0.06,6,0.12,6,0.9710527173966581,0.9641106703259322,0.5327228355360901,0.9921585642460826,0.931083465063031,0.9885817220817527,0.755817040619788,0.8270795499436705,0.8921152565018499,-9.396440454544459,0.2508944971408279,0.2625195896251725,0.8364301974199152,12.503787568095595,12.514060584963394,-22.412351792522063,0.07070880654036074,2.266279638597114,-24.091677793743003,1.8670474528722791,-2.5149226462597216,-2.421409346126538
212260,P1_peak_damp_0.85,P1,0.062167492218200594,0.0576807632571984,0.06967603464457732,0.05368252989929173,-0.04899562279532342,-0.006670503815300495,0.08632219518889424,0.03202343990271863,0.06187452524430034,0.058225236371355724,0.8283423074884282,0.19830681840055822,0.059835066633277256,-0.0006203115891684857,0.004486728961002197,3652,37,0.004928806133625411,0.23,6,0.22,6,0.9820693827221142,0.9782116658834801,0.7468930500816854,0.9909108954959798,0.9641912259973274,0.9896443810991284,0.8881521132770173,0.918942738273796,0.952676671225216,-3.632588353443848,0.18085234545530587,0.18923206388631028,0.8725594922476829,12.16974271372434,11.967013326655442,-10.836903955338958,0.05063231175192702,1.6058398131875995,-11.84942601061663,-1.5466869230665443,-4.154616595862003,-3.7386678341523556
212260,P2_peak_infl_1.15,P2,0.0642705009727682,0.060425196625369576,0.07634016068948138,0.06090052484874505,0.055202662870769165,0.0033407093884752757,0.08653949964771718,0.03692594062233725,0.06406113487204544,0.05977082139759714,,0.043319736704207364,0.061936625818568534,0.004027687841653015,0.0038453043473986176,3652,37,0.004928806133625411,0.06,6,0.06,6,0.9874889849563422,0.9845508923547421,0.8355105094090668,0.9973130199500119,0.8828186125058414,0.9890813699298866,0.7375965955167904,0.8203565034981469,0.9139755374991807,7.665090542338512,0.32715889854014923,0.3423176704380868,0.8464428397877115,12.70583356100437,12.387325163713706,19.08645729637792,0.08460953143080671,1.9837741968343394,20.228536530351466,0.4589340166528099,-2.8409609266019267,-7.9851253025954945
212260,P2_peak_infl_1.30,P2,0.06923861224304699,0.05803546302814747,0.10260952448547422,0.05690541086961224,0.09295168149483853,0.0024825072925868555,0.11580516899676763,0.02792173852085638,0.07272853938138239,0.06072936119214543,,0.023231296967614317,0.0611322438872354,0.006604409379258063,0.011203149214899517,3652,37,0.004928806133625411,0.06,6,0.34,6,0.9710408697557582,0.9656702497871388,0.5611046340732213,0.9947633209153548,0.8969210896373885,0.9893579355710105,0.7022591625500331,0.8188008270071288,0.8685022025277211,12.118833318296266,0.3068416637305008,0.32105904497866367,0.8189229370225644,12.61616645666532,12.226448777447072,27.77730971131103,0.08018656839928019,1.2509528384467181,26.789595992960386,-6.624938249653613,0.20004957477603597,-9.164483423815602
212260,P3_base_infl_0.10,P3,0.06945478131629915,0.303501118980911,0.06564783736677347,0.7963931570620095,-0.005475351825669824,0.7963931570620095,0.06289431522607548,0.9827156092182563,0.061592286110123066,0.41278787913549925,0.01817686269147024,,0.14081945447857505,0.11182097445616915,-0.23404633766461183,3652,37,0.004928806133625411,0.63,6,0.06,6,0.6658054818473255,0.6757918414889111,0.9983665921293818,0.0,0.9665714810580887,0.9151802540245736,0.9573115468323657,0.9435437617256979,0.9521351909971234,3.932729250728295,0.17473825208036078,0.18283467653022314,0.8583089868076397,165.84180352333175,28.163890895715017,1.9798006186231012,86.81473006412124,-10.618055005303843,1.3081145906537393,262.8717828745103,90.6304563650917,-4.935021950700931
212260,P3_base_infl_0.25,P3,0.0876612477633691,0.4190540639917131,0.059955963728758936,0.898056709554304,0.007975737414160586,0.898056709554304,0.06529034032594447,0.9925852891693225,0.05993773850242144,0.5882450083671338,,,0.2064247510618991,0.18729412128874776,-0.331392816228344,3652,37,0.004928806133625411,0.64,6,0.06,6,0.42353147192124074,0.4334768587377409,0.9960514617768741,0.0,0.9735004201780983,0.7787256889422801,0.8843894027149904,0.8922489027358296,0.8871568016209703,9.996034701795407,0.15557826117270934,0.16278691538911128,0.8228762203673116,372.4365435309294,41.284950212379826,5.523920549213261,91.21780376632266,-23.53877180284857,5.558683772284617,660.0785229742665,231.1098796473922,-3.246783139183729
212260,P4_base_depl_0.50,P4,0.1513445185786545,0.3094032709001326,0.060402682232273075,0.2952995890725924,-0.0065736657291379395,-0.2952995890725924,0.050537112756086675,0.1639299906904112,0.05909712234772806,0.32357523175546454,0.01869089066497357,,0.24885230355061128,-0.2308976757360521,-0.1580587523214781,3652,37,0.004928806133625411,0.3,6,0.06,6,0.30684954611343906,0.3168461368301304,0.995787097048019,0.0,0.9762288831619139,0.8546044819904552,0.8913945442529966,0.862447617204942,0.8601052364576753,-10.490498393186877,0.1473513817516954,0.15417884692163866,0.8055427368268676,38.20791319491397,49.770460710122194,-0.6856569835446623,7.055039003553316,46.93315612849128,-4.436775136544725,-50.94857192956251,-51.82911296483578,-11.101425474332192
212260,P4_base_depl_0.75,P4,0.090122550413811,0.13509413487037655,0.06849724937819353,0.12782237427627538,-0.0027734816040014074,-0.12643646422331883,0.07138137617185461,0.08028086296266491,0.06078505197549081,0.1390733060098165,0.04568277000934526,,0.11854755199757042,-0.10016913518012953,-0.04497158445656556,3652,37,0.004928806133625411,0.3,6,0.13,6,0.4434027546315597,0.45261520132023475,0.9989272760670425,0.15434527389995095,0.9503823080955953,0.9656434497382432,0.8959949487000199,0.8558990257243405,0.9379893601186724,-3.749459451615594,0.21288629239137236,0.22275029046985478,0.8411752558666862,20.849368391717924,23.709510399514112,4.856674535835224,2.917353652707653,19.561594439082032,4.38246829954296,-23.469488762861037,-25.695498607551276,-9.019653721907847
212260,P5_compensating,P5,0.11478643432728855,0.47109130575146674,0.12207112339065895,0.9263214743239673,-0.11695620659030032,0.9263214743239673,0.16651927758158688,0.9942678832104948,0.07579608893942479,0.6558292980279447,0.3852801269423557,,0.2445237368943479,0.2140665225715476,-0.3563048714241782,3652,37,0.004928806133625411,0.06,6,0.06,6,0.3345767308987439,0.33715691758539207,0.4687139622628077,0.0,0.9037182649934641,0.6850124684130601,0.7305861639804703,0.7305861639804704,0.8910309321545451,-2.2157039064197078e-14,0.29655235226069676,0.3102929825286675,0.7425065470233794,547.4711383563559,48.90474737886949,-26.176107523481733,91.21082695164037,-30.63218409572145,-27.663497779406725,939.5714486609975,327.2220176108139,2.535299469749527
212260,P6_shift_1d,P6,0.13255728774294986,0.10513720951470656,0.23407526320200142,0.15036072314325769,-0.0502012579675484,0.0405874672675876,0.35782868531312334,0.3650166330320165,0.14939736980856455,0.10417995060795841,0.6843968033342912,,0.10292859264978842,0.004803858870708377,0.0274200782282433,3652,37,0.004928806133625411,0.06,6,0.11,6,0.9682775990951239,0.9693726826929292,0.9861922321228466,0.9448712069007634,0.6189637282866693,0.9428583262058401,0.8129079411087322,0.8150220941057664,0.9657140789221258,0.9281326064436941,0.5899464320981066,0.6172813553909843,0.6726281120914798,20.592624077106287,20.585718529957706,2.6449988135324958,0.056856887946774896,1.1302772582472744,-14.123681556483541,-5.922408489877714,-0.34295990654404973,-6.186988000171897
212260,P6_shift_3d,P6,0.24501590098768955,0.17940553370374035,0.4551206589437437,0.26986506354878137,-0.2181932423718746,0.11809822752687914,0.6832925125993902,0.6000704218086799,0.2891396908601137,0.18727976652710107,0.6501392254037015,,0.17892574242595843,0.019197364396163093,0.0656103672839492,3652,37,0.004928806133625411,0.06,6,0.09,6,0.9262869528137216,0.9280097651045959,0.9759518186716303,0.8505205388305924,-0.046531849796453306,0.803798694649885,0.49286530216308755,0.49347796506299146,0.9018494135039582,1.1041345141716228,0.9777000657467398,1.0230013928614434,0.40205645949473245,38.77139818008443,35.78514848519162,1.637536783560043,0.03828740431751957,1.0506788423477258,-52.094530056694964,2.0099333505281187,-1.8086495793976185,-6.01104562459995
212260,P7_var_compress_0.80,P7,0.10698580379131456,0.4846980464985836,0.09830336833339309,0.9408332818808078,-0.08971485993634347,0.9408332818808078,0.09770798381235021,0.9960436414117676,0.07824986871980097,0.6917280993450722,0.4567009831688022,,0.24512545915402617,0.20981395876571157,-0.37771224270726905,3652,37,0.004928806133625411,0.7,6,0.06,6,0.39781043850213715,0.40263712115417,0.5831855033794998,0.0,0.9488081847112401,0.628419650300003,0.823061482952084,0.8127991332589981,0.9007899395407067,1.2672561525890649,0.21623683915587166,0.22625608342928583,0.7704893293157078,694.1612208555999,49.025091830805195,-16.090296855366027,93.33274407568031,-32.0856961970851,-16.856086460503693,1158.2049458988442,416.2793578060911,0.7571767238143218
212260,P7_var_compress_0.90,P7,0.07919362455285398,0.3920452409174615,0.06682386403317198,0.893205670750141,-0.039858305306230676,0.893205670750141,0.06519770444287848,0.9920099427157101,0.06517534864984047,0.5626094748757323,0.45720360858078607,,0.18437287379495323,0.15314929592653148,-0.31285161636460757,3652,37,0.004928806133625411,0.71,6,0.06,6,0.5729596649680375,0.5816913855715138,0.8341031856447382,0.0,0.975456105549826,0.8050448300670189,0.9307457913492894,0.9188501494552298,0.9494976238092149,1.3269069615210278,0.14972735638658596,0.15666491135597013,0.8428684778724466,374.1779783663139,36.87457475899068,-6.883942172395714,90.8972326719205,-18.30657917290905,-8.183970457962266,614.3825914117787,210.9069713598315,-2.0138385346593792
212260,P8_mult_noise_0.10,P8,0.040311718272587366,0.038391791505270945,0.04174995451353602,0.03691560714369674,0.002435896425690743,0.002126766297740395,0.042144666210796024,0.021866862657127006,0.04023145978943814,0.038913799149544605,0.1360625230119415,0.015137067848469136,0.03936724507176114,-0.0010997541248452005,0.001919926767316421,3652,37,0.004928806133625411,0.08,6,0.1,6,0.9951372300760994,0.9948645804378393,0.9946292258002505,0.9980075101029362,0.9869947910838248,0.9956226208190336,0.9493097593320806,0.9607412007380045,0.9835144947190626,1.1485370367559615,0.10899035970957993,0.1140403828307115,0.9167608807969364,7.943516016739332,7.873449014352206,3.7089502002724997,0.06252688130928911,1.6678235269253894,3.7523674521912938,-0.7672542347596464,1.0685811449556122,-3.6676754904806166
212260,P8_mult_noise_0.30,P8,0.11445402214305934,0.11426887090081572,0.11231240178294594,0.10566872241142823,-0.009286864626548645,0.002887296987297674,0.13379590190520158,0.06548521314275867,0.11343978185231347,0.1162792556432109,,0.018344388196494747,0.11557862773280488,-0.0017950411159270076,0.00018515124224362245,3652,37,0.004928806133625411,0.35,6,0.18,6,0.9961769620394071,0.9961085279336137,0.998697254219716,0.9976869329730716,0.9001165356870917,0.9608748603516782,0.8954266242579644,0.9225588232676778,0.9522535782918171,3.175675080420909,0.30204817621193386,0.31604345320368243,0.7635249435381581,24.238129504921126,23.115725546560977,4.583052424597406,0.36307268026316697,4.664875674714154,3.7955318796134745,-2.416600390237831,-6.414573839457365,-14.735025809459662
211008,P1_peak_damp_0.70,P1,0.07717203985425869,0.03808532687864101,0.13318523796157486,0.0,-0.13061978842061087,0.0,0.16748938271432529,0.0,0.07977320487328446,0.02399206355466657,,0.24981482803389574,0.057630795419339194,-0.006863353872227254,0.03908671297561768,3652,37,0.11829134720700986,0.06,6,0.12,6,0.9541101647632414,0.9446558552794209,0.34365901178116076,,0.9237465283025268,0.9956980512373771,0.6734632316353713,0.7816686387962133,0.7769550576026766,-21.430578720335866,0.9584340106191827,0.27614031161254454,0.7655280620422938,12.98459328772654,11.526159083867865,-26.446412392793583,0.07441929692577859,4.274629375857675,-26.95238538065705,0.0,0.0,8.102297591575555
211008,P1_peak_damp_0.85,P1,0.06431867379236803,0.03691154368038811,0.08318450801101485,0.0,-0.07073154085393504,0.0,0.10124410676313951,0.0,0.06667987669728509,0.023193438566002367,,0.12033215459779122,0.05335594736415856,-0.0063136344504961745,0.027407130111979913,3652,37,0.11829134720700986,0.06,6,0.12,6,0.9786106287881567,0.9751801075407954,0.724676594300016,,0.9556850947360047,0.9966532788615916,0.7959504375485752,0.8678210065922672,0.8678848486693389,-12.548823236306951,0.7306465173139037,0.21051105734377787,0.8344780024582645,12.049686405109055,10.671189472831694,-15.609910088710667,0.18237470339038492,3.894709097080859,-16.531823106971174,0.0,0.0,3.629215360150887
211008,P2_peak_infl_1.15,P2,0.062042783565319275,0.03805071290357844,0.07131404238269959,0.0,0.043338376527485005,0.0,0.06919674920856761,0.0,0.0632564548649847,0.02627945845219433,,0.14857026643214807,0.05348789024443167,0.0023066415901689384,0.023992070661740833,3652,37,0.11829134720700986,0.06,6,0.12,6,0.9882456624027889,0.986144727902226,0.907583355703475,,0.9707602012043612,0.9967570888135134,0.8358826894431216,0.8919690143087592,0.8880604146613214,10.663405597987248,0.5934984592534275,0.17099648767047454,0.8489554573291702,12.35117758896751,10.697578048886333,13.033064856028336,0.16713361429403992,4.20901811362101,11.600330991356747,0.0,0.0,-3.888293938927686
211008,P2_peak_infl_1.30,P2,0.06891304196987362,0.03751000317290546,0.10543455473166607,0.0,0.09602165419236827,0.0,0.10587929305517477,0.0,0.07116946048188282,0.02410109683504877,,0.12585540324172645,0.054919305594966036,0.004676826576494423,0.03140303879696816,3652,37,0.11829134720700986,0.06,6,0.12,6,0.964539984257411,0.9567627331293466,0.5288024208617783,,0.9296466407467868,0.9964032650583549,0.6819006057624153,0.7916496094011638,0.7913716196384043,20.614564026879155,0.9206081715269301,0.2652420767020444,0.7742904008901681,12.78616939602601,10.983861118993238,24.975658498366847,0.13018408856635702,4.085438301724887,23.94781713290546,0.0,0.0,-5.765415258630668
211008,P3_base_infl_0.10,P3,0.0877286435616275,0.5304942265488725,0.061315675815922344,1.0,0.004699109419179582,1.0,0.053913165597966425,1.0,0.06012186085786044,0.7959719328754177,0.013428507807769077,,0.24986132457211122,0.2219659324905419,-0.44276558298724494,3652,37,0.11829134720700986,0.57,6,0.09,6,0.5536833049778609,0.563754899107478,0.9995663191061231,0.0,0.9816668396900722,0.9913038658957367,0.9662038367684102,0.9679968988029103,0.9713378104589477,-0.19255419960549494,0.46994937239311807,0.13540000114448988,0.8831735964720319,63.05061808655099,49.97226491442224,-1.2424715601393255,81.09650558436344,-7.590344609991715,-1.1038218372344601,131651428956.67262,152204790216.51474,-0.72756826374191
211008,P3_base_infl_0.25,P3,0.11088597105823568,0.6170902506207749,0.05322287742196315,1.0,-0.000441398681165877,1.0,0.0568301600864749,1.0,0.05823655402194005,0.8744119172231657,0.03049206774625348,,0.3166057906871203,0.2939924747272887,-0.5062042795625392,3652,37,0.11829134720700986,0.53,6,0.14,6,0.461224038736186,0.4710383779261933,0.9976199960019005,0.0,0.9853424319970788,0.9707354021905171,0.9736920217554268,0.9828038018144117,0.9664683408187714,1.42549465496852,0.42020707933411433,0.12106844346451778,0.890278875094827,152.60069464520524,63.321158137424085,0.8495036346855089,85.66412840491704,-18.20134816389492,0.7797578151960941,321630526386.1649,362629535704.0865,0.15792203712673003
211008,P4_base_depl_0.50,P4,0.14952792943803145,0.1942505209577364,0.059473114462497305,0.0,-0.006323878847451228,0.0,0.06721558591562765,0.0,0.06146718362063141,0.13558748925114486,,0.01,0.2103204861522905,-0.19277636990208485,-0.04472259151970495,3652,37,0.11829134720700986,0.26,6,0.12,6,0.34393542506955394,0.3512098755038764,0.9975620043926329,,0.9618908270542834,0.9733819349547369,0.9344964278834622,0.9347612958563049,0.9600516607761513,0.025695114169672777,0.6775590770785352,0.19521570875756028,0.8576661689968114,36.63006727897856,42.06409723045802,1.4798209490071002,10.0707455760101,20.285643852372687,1.6598760726027777,0.0,0.0,-3.6480077196230223
211008,P4_base_depl_0.75,P4,0.08506343044712425,0.08479125658461656,0.05676028007556148,0.0,-0.009466194612172678,0.0,0.06262918251576585,0.0,0.05781959667483059,0.0582707668271449,0.16936147090777776,0.01,0.09949705722003925,-0.08075149517650437,0.0002721738625076908,3652,37,0.11829134720700986,0.24,6,0.12,6,0.46479460061794425,0.46933494236553414,0.9875361625045654,,0.9878029147426128,0.9929051376488207,0.9627800633570684,0.9753648063345434,0.9626172071905337,-2.337783681647446,0.3833190787325817,0.110440414963849,0.8877201856949509,19.920864290844335,19.899411444007825,-2.9665255208474544,4.194385755907085,10.402576887976783,-3.5728319969161646,0.0,0.0,-0.6007748189734057
211008,P5_compensating,P5,0.3222288821338329,0.9057875492240455,0.1350291237887836,1.0,-0.13051305948467576,1.0,0.17347085652551203,1.0,0.07921636609724536,0.9957639300395902,0.3173843958299906,,0.6398628283011336,0.609321811410749,-0.5835586670902126,3652,37,0.11829134720700986,0.06,6,0.5,6,0.267335195273246,0.267335195273246,0.386584679091764,0.0,0.889909881157752,-0.5679052179746795,0.6814934062657594,0.6814934062657594,0.41995565289071746,-3.2617216174730933e-15,1.1516130462083392,0.331798310487332,0.507736805320808,6882.731005966222,127.97256566022683,-29.646118817341367,84.92593953637919,-89.62820132917561,-30.270562878622222,11487708446315.068,13006237693139.24,45.02684197529425
211008,P6_shift_1d,P6,0.24142663052395405,0.1472317895170933,0.5337884904138748,0.06557377049180328,-0.11003603436427611,0.06557377049180328,0.5874105744889463,0.05405405405405406,0.2779444035227282,0.17204522677258546,0.16611524422919743,,0.17679256809113636,0.022282548476363788,0.09419484100686076,3652,37,0.11829134720700986,0.06,6,0.11,6,0.959058526984808,0.9594802811736027,0.9915461275473652,,-0.1367134354396995,0.8912935117595464,0.4538983463221008,0.45469792241606377,0.9540899331086242,1.1593699964320807,3.700478646947415,1.0661676394637476,0.02549319353048718,49.02776464452756,35.35851361822736,1.0019591976442381,0.09005475617916527,3.447057083983087,-43.48704688091096,0.0,0.0,-0.9522576581797885
211008,P6_shift_3d,P6,0.40582509407828365,0.29108000710523424,0.7656761749059654,0.2459016393442623,-0.49574895278689474,0.2459016393442623,0.903104211183053,0.16216216216216217,0.45967069509186115,0.3128995852873875,0.3931471369636809,,0.32367059483892713,0.05120759874363089,0.11474508697304941,3652,37,0.11829134720700986,0.06,6,0.11,6,0.8409068799140356,0.8359546333529658,0.8071546087906201,0.0,-0.8207260795269913,0.6342752637203484,0.06461278662057446,0.06488416855543844,0.8939419988721686,-1.2594956794973289,4.683329482278141,1.3493428324658605,-0.4971701537039843,147.86256724555363,64.73411896778543,-2.300425744577779,0.10864366365911654,3.9189938092446,-91.8709144089617,0.0,0.0,0.26057066697650894
211008,P7_var_compress_0.80,P7,0.31059634867007185,0.8886907014847496,0.08797434004362494,1.0,-0.07412007354732174,1.0,0.11349991356420422,1.0,0.08426674751983802,0.992994289981273,0.18273834163246194,,0.6213148199099289,0.6067945935773122,-0.5780943528146778,3652,37,0.11829134720700986,0.26,6,0.5,6,0.1459697858095499,0.15059044908590533,0.7203928110913402,0.0,0.9549073746166583,-0.10602416808457482,0.813742374186069,0.8004950059430526,0.7790705623770866,1.6603838597314462,0.7370300016917841,0.2123502422493124,0.677456005606664,3962.3737369202777,124.26296398198575,-18.432432630151222,89.54773593783551,-79.92844832470662,-19.009561369373746,7960855229741.802,8549667403111.407,32.655082443331025
211008,P7_var_compress_0.90,P7,0.2511661973295131,0.8497413637661557,0.07430538466715182,1.0,-0.049698700129690375,1.0,0.07637776360608331,1.0,0.06813206371675702,0.9861646683181747,0.19336817628766606,,0.5580260339276604,0.5443718437647151,-0.5985751664366425,3652,37,0.11829134720700986,0.36,6,0.4,6,0.20391881897584507,0.21166849164911233,0.8314118638686653,0.0,0.9724135272237021,0.35047403600809746,0.8835121660333508,0.8937715871182599,0.8677896277196164,-1.1559725680387483,0.5764750204091218,0.16609176010957888,0.790598362768586,2087.68966503187,111.60520678553216,-11.627544616857715,90.60618822866287,-68.19243678356578,-12.511019826611287,4103504021625.7495,4369302453522.18,18.71045383054343
211008,P8_mult_noise_0.10,P8,0.038449615989547714,0.02416493737205771,0.039216294544275866,0.0,0.00226864662514763,0.0,0.039611480725751616,0.0,0.03903920449000507,0.015093094812752393,0.04092304657565488,0.7121736920460428,0.03400109763030776,-0.0006629412497042993,0.014284678617490006,3652,37,0.11829134720700986,0.31,6,0.12,6,0.9956280089983613,0.995884383918215,0.9956012224110715,,0.9883225457935716,0.9986878927441325,0.9396227495875024,0.9566028197391979,0.9727673820682261,-1.9137097938152083,0.3750649597925918,0.10806227004106678,0.9190900027505733,7.735496394976756,6.8002195260615395,-2.8980962487786397,-0.00019767272923034427,2.014298910186255,-3.418704715731135,0.0,0.0,1.224335742637469
211008,P8_mult_noise_0.30,P8,0.11526977996539729,0.07372770213691868,0.1167331413356889,0.0,0.009978570803886087,0.0,0.12706980547063293,0.0,0.1138020336355501,0.047437449586982317,,0.19534923016881744,0.10311562424724253,0.0038369154954684607,0.041542077828478616,3652,37,0.11829134720700986,0.11,5,0.12,5,0.99426329386443,0.9940991971452814,0.9878999615201846,,0.9313270684923771,0.9879616359671144,0.8391852968450071,0.9006687598492641,0.9040722297451571,8.642269326536109,0.9095471123610602,0.26205520698437357,0.757210601075043,24.61706886435298,20.623124849448537,10.6815873898751,0.4570754609120117,5.983414904133423,11.18597012016335,0.0,0.0,-6.1571940973564825
206018,P1_peak_damp_0.70,P1,0.07994305254122203,0.042158740144923566,0.14183118589664895,0.0,-0.1386778371655157,0.0,0.17768048821369886,0.0,0.08649918454481755,0.033819453997885385,,0.09544027029944763,0.059647436607881965,-0.008530093988246753,0.03778431239629846,3652,37,0.08351588170865279,0.06,6,0.09,6,0.952104053507399,0.943582884236595,0.37400129523118525,,0.8982297448856114,0.9935711597970449,0.6409411406767893,0.7649225650460231,0.7923832409256928,-19.79564216948091,0.19168574227161525,0.31901450611906146,0.769322726844082,12.869940540902041,11.929487321576403,-28.174989185860152,0.01790982715759961,0.04136094253354036,-30.12748628637695,0.0,6.755808228121232,6.481661936325254
206018,P1_peak_damp_0.85,P1,0.06337705572397447,0.04271776277207327,0.07592072150462736,0.0,-0.05179665219324092,0.0,0.09212169007228091,0.0,0.06426406666357715,0.03437073094395232,,0.23794152484493486,0.055816706998008385,-0.004040775881777787,0.020659292951901193,3652,37,0.08351588170865279,0.08,6,0.09,6,0.986804963482341,0.9846074808429323,0.8255089690209072,,0.9714062956296262,0.994890208820102,0.8926639969262443,0.9208475703329135,0.9156861622138529,-7.796300632321966,0.10160488548058742,0.16909673080924373,0.8623859878925415,12.193288138667057,11.163341399601666,-11.267492088982378,0.08782792389872854,0.032692130300743305,-12.735720390388087,0.0,11.059612155264222,0.36982974690436016
206018,P2_peak_infl_1.15,P2,0.0637830204952224,0.041656906931417916,0.08126470864947741,0.0,0.05846532733712901,0.0,0.0830913371547467,0.0,0.06580257177970654,0.0339788051680775,,0.09248968578959345,0.05527470298297652,0.00256033049241575,0.022126113563804485,3652,37,0.08351588170865279,0.06,6,0.09,5,0.9836924305123995,0.9814811913180711,0.795091133352339,,0.9586920947549513,0.994944439694162,0.8317991517558101,0.88835490079865,0.8855880112732346,11.009246390740646,0.12212257849202914,0.20324346298232743,0.8384955312843458,12.290134537286217,11.054940596595289,16.184763322857908,0.16687594408532408,-0.4939248647335315,15.570409410382325,0.0,9.037497014320264,-5.373066204084704
206018,P2_peak_infl_1.30,P2,0.07296189198831385,0.04372543952502557,0.11568550512803645,0.0,0.11264333118878445,0.0,0.1175176200720486,0.0,0.07730867906428075,0.03590823921775673,,0.15010078082878797,0.05909811905169008,0.007471978792029971,0.02923645246328828,3652,37,0.08351588170865279,0.06,6,0.09,6,0.9630238541707544,0.9532144161063216,0.44113301520034554,,0.9207916385821195,0.9940983032508085,0.6809036412656534,0.7906658495183555,0.7872707755469255,20.71230961638164,0.16910828839162884,0.28143980069968866,0.7634904882468788,13.31391309144908,11.819623810338001,29.338589255908193,0.1068767721250707,-0.07144541517759079,27.07270471710065,0.0,12.52272273875687,-8.427805855388446
206018,P3_base_infl_0.10,P3,0.07735978530960864,0.4830596896703599,0.057237095708705735,1.0,0.009232006646026795,1.0,0.0629415544387414,1.0,0.05734396594581767,0.7564081841572333,,,0.21731365512995102,0.19003579491968875,-0.40569990436075126,3652,37,0.08351588170865279,0.7,6,0.06,6,0.6207583990154643,0.6306730050293073,0.9937335432715588,0.0,0.9639832309395295,0.962683416077248,0.9509801223046487,0.9321048688797233,0.9681179876410508,2.343802690795514,0.11403331638661324,0.18978084481967744,0.866183149995249,168.06143084721322,43.46273102599024,1.8783327999389645,81.91506454768074,-9.790018095966586,0.5394421128326035,138270275022.19928,1542.4720389148677,-1.3602979326257525
206018,P3_base_infl_0.25,P3,0.09745015406800743,0.5587471412576975,0.05693297419945579,1.0,0.0049587572198771974,1.0,0.061203655510137914,1.0,0.05920390205314109,0.8495539290211209,0.016153245818786875,,0.2723402893935613,0.2510181199897632,-0.4612969871896901,3652,37,0.08351588170865279,0.6,6,0.11,6,0.4489057093095826,0.4588775390561228,0.9906993152024445,0.0,0.9456439936248,0.8873755518526644,0.9347109921768849,0.9150090050482991,0.9556839170458388,2.452249104249819,0.1400887144068512,0.23314374616360609,0.8542695455330107,385.7562914089221,54.46805787871226,-0.05354512361422757,86.70962209721716,-20.576065248913313,-0.6647200173832185,335498628014.718,3702.399969580721,0.4010371412171774
206018,P4_base_depl_0.50,P4,0.15208494633435718,0.224039447126303,0.06301202344770569,0.0,0.010562271633926739,0.0,0.06368103398302749,0.0,0.059464434983146394,0.1964801195592772,0.3019617897125248,0.01,0.22453874349117436,-0.20556616399846575,-0.07195450079194582,3652,37,0.08351588170865279,0.3,6,0.09,6,0.32890918967880245,0.3359730662874202,0.9990325958071024,,0.9733109882089053,0.9406068981025499,0.9038903323642141,0.9218246813264354,0.9586708661969592,1.7081987129307323,0.09816250353690849,0.1633677195503895,0.8493570550342562,37.52903598293277,44.90774869823478,7.853645543502284,10.051093748505188,26.94257447268468,8.679696143540413,0.0,-47.94640732460695,-7.955655165473438
206018,P4_base_depl_0.75,P4,0.08938051900009399,0.09940976379342432,0.06098968886491431,0.0,0.0037495521602832287,0.0,0.07114354241767813,0.0,0.06091405050554863,0.08737825120644771,0.01961926782452986,0.01,0.10813290525135386,-0.08805538464305009,-0.010029244793330339,3652,37,0.08351588170865279,0.3,6,0.09,6,0.4421965329688171,0.4480916000281773,0.9942580768766123,,0.9624792199198817,0.9851137218732088,0.9474840833269865,0.9522671474785297,0.9712813728614148,-0.5418032117703255,0.11638990370081999,0.19370281381569618,0.8595124289161212,20.733416840382663,21.626581050270794,0.5955761372738446,4.288205867665125,11.2924252278493,-0.17908215488762752,0.0,-19.08115433014779,-3.768276019059095
206018,P5_compensating,P5,0.24835863801049413,0.801826329579353,0.14743016747411278,1.0,-0.14630115738414765,1.0,0.16749240762873718,1.0,0.08438817956856622,0.9760543556968112,0.33356765717878006,,0.5190030784723517,0.4849945223015545,-0.5534676915688588,3652,37,0.08351588170865279,0.06,6,0.17,6,0.2625128375935067,0.2633778797347201,0.3128932088633459,0.0,0.9014073765396245,0.039098228709761096,0.6982791848541757,0.6982791848541757,0.7463028372509045,2.3938592687870517e-14,0.18866945321228915,0.3139946232985136,0.5756908565560053,3892.1777159958688,103.80061569447037,-28.281909614472866,91.46907339574665,-75.14688310450906,-29.41349313514873,3042958272154.8823,32888.62290141368,26.367752386243694
206018,P6_shift_1d,P6,0.2100023744002459,0.10573520563177767,0.4208188570615751,0.0273224043715847,-0.12284585435630864,0.0273224043715847,0.5406722437515388,0.02702702702702703,0.2558106784234078,0.12136019803187245,0.2532452130776084,,0.14016322522591837,0.01533757808719326,0.10426716876846824,3652,37,0.08351588170865279,0.06,6,0.08,6,0.9474191513277292,0.9470936245706028,0.9561375141763012,,-0.14487876829355728,0.9198314846753016,0.4679944456891665,0.47143505900659444,0.9601717224963904,2.417344279079078,0.6429232480179521,1.069990078595852,0.25612633278311825,35.71465834157168,28.032645045183717,3.833508015872359,-0.04236931544455779,-0.45375005584844585,-37.19370637355547,0.0,10.225902726088446,-2.933633107106099
206018,P6_shift_3d,P6,0.37753796582913407,0.2081235035166442,0.6401667370769659,0.10382513661202186,-0.4606854327922334,0.10382513661202186,0.8211178107248974,0.10810810810810811,0.4698012860497491,0.23851191919215545,0.4989745674768396,,0.2663910772490253,0.03991906815278378,0.16941446231248988,3652,37,0.08351588170865279,0.06,6,0.08,6,0.908235383242792,0.9060495637889375,0.8243289831058276,,-0.7371935980977125,0.7250927887965808,0.1560620574477859,0.15618279922510026,0.9071315021423881,0.36142848443717496,0.7919604421761509,1.3180264026557709,-0.18289929823219064,95.68927966281127,53.278215449805046,0.431459476672593,0.12968199223510152,-0.11020086043014041,-87.32944195086989,0.0,8.951781392064918,-3.1143876689961107
206018,P7_var_compress_0.80,P7,0.2110745575862059,0.7601983489009918,0.09443648104731187,1.0,-0.08743168053036858,1.0,0.1161585746619861,1.0,0.07353709917422145,0.9676797177118177,0.25109226854429734,,0.46940231402739396,0.4491939803188376,-0.549123791314786,3652,37,0.08351588170865279,0.36,6,0.15,6,0.18952844812945474,0.19511474186397673,0.5306993082437208,0.0,0.9276346496107802,0.28323150799536445,0.7866004058806972,0.7760074060409577,0.8411193184296579,1.3701595501217407,0.16163846368360793,0.26900808610378196,0.6966902942594045,2699.8158214177615,93.88046280547881,-17.848558566944828,90.56830100142629,-61.260818461293084,-19.758394063868987,2171054912249.7073,23590.532242591835,19.363534065244675
206018,P7_var_compress_0.90,P7,0.15525029223479117,0.6864992051275242,0.06879809272490703,1.0,-0.04366472550067444,1.0,0.06674611151247904,1.0,0.06607269024018567,0.9397534075204336,0.2552489734818584,,0.3875409523217493,0.36909179540918247,-0.531248912892733,3652,37,0.08351588170865279,0.58,6,0.16,6,0.279540165606834,0.28747607790695107,0.8442400694866488,0.0,0.9673577477809125,0.5975253306321637,0.8679443481799797,0.866511377396648,0.9226438131065607,0.1656924274330185,0.10855990070251793,0.18067166966375062,0.808155481278253,1424.9069908224415,77.50819046434975,-9.997411885760096,89.68094216630627,-44.27589611727911,-11.84701862215788,1131251930641.373,12360.732186258283,9.215395828722157
206018,P8_mult_noise_0.10,P8,0.03960563142007241,0.028068924171509732,0.0406420246504247,0.0,-0.004721981296568462,0.0,0.047197904321299826,0.0,0.040329592078916794,0.023458652508658816,,0.10981481181286244,0.036177379742647765,-0.0008220353769681437,0.011536707248562678,3652,37,0.08351588170865279,0.12,5,0.09,6,0.995938907318765,0.9959794244588426,0.9901161072529276,,0.9885952334886239,0.9978961418560311,0.9866224661759687,0.9900573443282308,0.9840304806277874,-0.4466414496128604,0.06416860212609184,0.10679310142221798,0.9162248737817666,7.923452085697091,7.235475948529532,-0.325029395699961,0.0971617750398494,0.1191571171497001,-0.6436985218747645,0.0,8.07808016084985,-0.7468334477480586
206018,P8_mult_noise_0.30,P8,0.11847035960659497,0.08447051875944493,0.1190872109502156,0.0,0.015107984476131403,0.0,0.13608012672148076,0.0,0.11791952838391657,0.06835406201538279,0.028024481178893224,0.09550267465476045,0.10880211950952344,2.699814192315477e-05,0.033999840847150034,3652,37,0.08351588170865279,0.2,6,0.09,6,0.9957201653967961,0.9957988806296498,0.9981587783869715,,0.9140112857813376,0.9806092903989809,0.8869167738973528,0.9250625997030268,0.9432683982877611,4.882267937223138,0.1761976479917085,0.29323832324350513,0.7493037416315563,24.866162033445214,21.760423901904698,5.2694228554800375,0.5521329902018882,2.9941630891726074,2.3701938526014525,0.0,10.64935275870857,-8.241874261438427
208009,P1_peak_damp_0.70,P1,0.0695064770680649,0.05788986694771732,0.10619119108083572,0.05311615981810367,-0.09892266525580526,-0.005577816584646373,0.13910644478047404,0.05855336750954844,0.07107963870452914,0.057298690966005546,,0.07875652169699661,0.06093967134505497,-0.006142975199111831,0.011616610120347579,3652,37,0.0,0.06,5,0.06,6,0.9702959035773356,0.9630704029230291,0.5505984882205194,0.992846398985178,0.9105590237096293,0.9825429108097208,0.7543472224277736,0.8119743073121014,0.9107710207995897,-7.460218176769694,0.33042631140782014,0.2990668425124569,0.8463808616532467,12.165840370490189,12.187934269010986,-22.83688162987616,-5.7257569652728595,2.8426246701178792,-24.89246257438659,-3.81835143732869,1.6353994352338128,-3.094061640573513
208009,P1_peak_damp_0.85,P1,0.06151036473572844,0.06121140039569972,0.07136628940478747,0.06114298666619731,-0.04655082133867674,0.0037364309230639423,0.06874742661802366,0.05605317805712794,0.06138299257123115,0.06317091252743487,,0.010907320013674619,0.0607343354970396,-0.0017192003091103434,0.00029896434002871924,3652,37,0.0,0.06,6,0.26,5,0.9899921406091579,0.9877930171826164,0.8533041076361387,0.9964899924490623,0.9621488497802765,0.9830926965284844,0.8964607162644644,0.919980636735021,0.9616234483226253,-2.7027547228510107,0.2149541812987476,0.19455372065248078,0.8739458058459738,12.24570720618875,12.146867099407935,-9.949713346299866,-2.1032171141584404,2.1114851715054574,-11.041571858680143,-3.144202875953125,-0.34780690621961036,-5.421363748597684
208009,P2_peak_infl_1.15,P2,0.06226747341743052,0.05865021893105948,0.07158804447712183,0.05978301109769113,0.045086566575007696,0.0057760069230127905,0.07203312806982018,0.052497468689800535,0.06316392862173571,0.05799577143264421,,,0.05994199673288602,0.004017368478897753,0.003617254486371041,3652,37,0.0,0.06,5,0.54,5,0.9902427167952491,0.9886770275691741,0.875633318918093,0.9941617861642538,0.9426864224296346,0.9833228726590807,0.8208665382866146,0.8789218206493363,0.9359235453308061,5.722679075934903,0.2645057490949988,0.2394025429488279,0.8625638486472239,12.222209167293526,11.988399346577209,15.015512864478664,2.5813720558526425,1.4138199402076816,14.58539464976769,1.5178389255136544,0.5642139396087159,-9.922712212359269
208009,P2_peak_infl_1.30,P2,0.06891264771149666,0.05929608366693448,0.09439012856553004,0.05518653072848572,0.08544661670697401,0.0016237291892443727,0.11055540527681142,0.057873719643544104,0.07101629152926374,0.058559544358668565,,0.014660491803369714,0.062223682822292195,0.00520856710719992,0.009616564044562181,3652,37,0.0,0.08,6,0.08,6,0.971400265300938,0.9657359941768192,0.5697157194499447,0.9978096854759538,0.8971899345898938,0.9820072630695581,0.7162553692755528,0.8177366382444413,0.8911818627348616,9.773574522515034,0.35426167727749636,0.3206400870292207,0.8317199499926751,12.749460050260042,12.444736564458452,26.021546487704978,-8.496572748643496,2.7419854822742455,25.70026456100195,-0.7143312107635512,-5.032408888667281,-11.888451269618653
208009,P3_base_infl_0.10,P3,0.06522672800909095,0.187031073258182,0.053759853785191394,0.41801826432152656,0.003892083947681782,0.41801826432152656,0.058663518244117904,0.6283945975634022,0.05750663657758267,0.23725798127549333,,,0.10448758675184881,0.07665882050795622,-0.12180434524909105,3652,37,0.0,0.57,6,0.06,6,0.6806216333848581,0.6905909304656636,0.9969406668668117,0.0,0.9738447208292117,0.9388942736534746,0.9446590326024638,0.9421658032605816,0.9430874731540742,4.9611824167479,0.17868415253055375,0.16172593846006364,0.8648988016785245,29.381291053210212,20.897517350369746,2.2035882589472697,63.858473655188746,-9.686085225060909,1.8007195632010622,73.20670973560222,45.35304363303631,-5.856017880532277
208009,P3_base_infl_0.25,P3,0.08580438613942175,0.3182928900075902,0.06176885849762414,0.6363360867162091,-0.00619183006381142,0.6363360867162091,0.06145927946801101,0.8101432322390775,0.05894273854479597,0.41867559128172965,0.21174573154837756,,0.17233862620328358,0.15209601738372008,-0.23248850386816844,3652,37,0.0,0.31,6,0.06,6,0.4243607723480936,0.43411012279626926,0.9984495501529409,0.0,0.9630725099996089,0.8177614578357395,0.8902057439458908,0.8801147818497667,0.8810699076469397,10.244619289130632,0.21231528028635924,0.19216526741425224,0.8119046790457582,63.46017929145263,34.46772524065669,1.9424168234788646,77.49825981540681,-23.869438154042943,1.7415119264103218,190.47169282331018,116.26118351249953,-3.248301131855405
208009,P4_base_depl_0.50,P4,0.15259115939924803,0.31743024761003347,0.06135798515805659,0.33263083921037323,-0.00017187323283165019,-0.33263083921037323,0.06660250265967034,0.3274788185017489,0.06010147639283023,0.3296595373353127,0.02878911438123346,,0.250312240086541,-0.23302790087327724,-0.16483908821078544,3652,37,0.0,0.12,6,0.06,6,0.3063167327386943,0.3162621195551944,0.9988434541411919,0.0,0.9564587618175984,0.7555283720007807,0.8596419544388765,0.7517882818155057,0.8386412766398065,-11.646498212989814,0.23054555019143488,0.2086653737024944,0.7778070660032828,38.259141471966615,50.06244801730817,4.839220534702607,-1.5323054723505305,51.90604040360302,4.819574454829666,-50.99384838639675,-50.39045860815527,-15.004116411086482
208009,P4_base_depl_0.75,P4,0.08878638949476646,0.13935986718554189,0.059620219358147875,0.14179254129911323,0.0064214418196114125,-0.13999808777784845,0.05534051439633761,0.14996097444083978,0.06004658837467689,0.14498205221505467,0.01357324067269181,,0.11893470008283408,-0.10025082712139873,-0.05057347769077543,3652,37,0.0,0.26,6,0.12,6,0.42522817885738945,0.43314143664038035,0.9952722220792026,0.24274212828895578,0.9763924790567985,0.9433312691514559,0.9402696141140285,0.902755096486483,0.9228989876304629,-5.543304156140151,0.16975850761273276,0.15364739159257315,0.8490131297594754,20.840906104262142,23.78694001656677,2.374976672399199,3.838727980134508,21.699482282476183,-0.6557077078794118,-24.875665575252594,-26.555694845287405,-10.929440921401168
208009,P5_compensating,P5,0.09606534463972553,0.3077511261498247,0.11773533840769242,0.6155896111280067,-0.11207211112701929,0.6155896111280067,0.17094914099713576,0.7947514500780084,0.07498961821469227,0.40770004256969494,0.3970247339385634,,0.16867007921571187,0.13867581257899164,-0.21168578151009915,3652,37,0.0,0.06,6,0.06,6,0.42576253094400923,0.42727350064918057,0.4820169807203686,0.0,0.8978082340769652,0.8283247719892464,0.7261411577220258,0.726141157722026,0.9088105852674223,2.5420457276483855e-15,0.35319480637957207,0.3196744686756119,0.7758382573298125,61.04637545421723,33.73401584314231,-26.46935217139487,76.99944799803784,-24.028960540944905,-29.520104938778,172.00837362591045,110.47838333053318,0.8704641499180455
208009,P6_shift_1d,P6,0.1876642108407186,0.1034545741895284,0.37857059564575796,0.1129975271399139,-0.13059305506910063,0.046624703474014935,0.5605417661106531,0.11805179311185815,0.22245087678692244,0.10195667071298835,0.8628679325605824,,0.12577078580256915,0.004941807466780089,0.0842096366511902,3652,37,0.0,0.06,6,0.08,6,0.9710569931300895,0.9706581578187367,0.9780374579730367,0.9247864610981622,0.08482474002144436,0.8409844033980488,0.5447790864120772,0.5448097048622579,0.9346119235477396,0.5899748685642604,1.056959854946709,0.9566479289574382,0.5335612282820604,26.8880495910355,25.154157160513872,0.2819783524987076,-0.14298415879690962,1.712838219489691,-51.324372204224005,0.8522971102473336,-2.7247628762895544,-6.799520042680846
208009,P6_shift_3d,P6,0.2843360002899629,0.17410234222816423,0.538851978689459,0.2227754845490205,-0.4034548533603036,0.1348207656027753,0.7843586730057734,0.2986617551965834,0.3477538871395964,0.17711284683564937,0.9010367392730115,,0.19797985854050082,0.011079986354709019,0.11023365806179869,3652,37,0.0,0.06,6,0.08,6,0.9410653575764135,0.9377501085526518,0.780264250802065,0.8939070756663469,-0.5374763526617694,0.624444899832833,0.2608030693068276,0.26126510718883056,0.8504735169626692,0.9275966091615199,1.369968492810228,1.2399501411999474,0.3027778176392796,50.88755701199289,39.59597170810029,1.7186689836101603,3.199982047036133,1.4128600093560792,-85.2254783318198,-2.585097626553623,-1.1253184047719436,-7.431087296366226
208009,P7_var_compress_0.80,P7,0.0942189160733631,0.357440280188121,0.1025833890719989,0.7130969647910789,-0.09836342288817825,0.7130969647910789,0.10404970852445629,0.8590396607981801,0.07797156745188626,0.49339149847253916,0.5224302798109884,,0.18665738908978455,0.14794121104855396,-0.26322136411475794,3652,37,0.0,0.66,6,0.06,6,0.45456283411142573,0.45844522388654935,0.4431651425124965,0.0,0.943236288289251,0.7489316507478729,0.8175011191897933,0.8104958656448833,0.9099774986287449,0.8670978575744089,0.2632338584307614,0.23825136245308018,0.7850433551363833,81.67286047686501,37.33147781795692,-16.109334910513372,81.77643651061902,-28.436974664781292,-17.568039631744465,260.7467606012011,160.58868480314553,-0.4172716793222678
208009,P7_var_compress_0.90,P7,0.07316535546410012,0.25347181631262905,0.07324485330410553,0.5663309588296681,-0.03768270624916302,0.5663309588296681,0.06324256204805184,0.7656329265781485,0.06535246190527755,0.34226171791627014,0.5195450618256258,,0.13132734993419903,0.09560547162901009,-0.18030646084852892,3652,37,0.0,0.62,6,0.06,6,0.6169178939345715,0.6266399744981714,0.902521439544912,0.0,0.9709166497900271,0.8841483280609472,0.9420938439832014,0.9296135455126592,0.9536532622127578,1.407219042843205,0.1884206827879259,0.1705384127109576,0.8462478963427813,44.90553719551693,26.26546998683981,-4.508789581996557,77.1487460891415,-14.917471271426313,-6.444525551865009,132.738576883881,80.0340757484359,-4.790601161568478
208009,P8_mult_noise_0.10,P8,0.04001731181515931,0.040079922910079654,0.04297140562427549,0.04305006417433675,-0.0011365894687960167,-0.00082636984432004,0.0455851778776122,0.046329223649191474,0.03951816393868605,0.04044438292693558,0.017126888822104207,0.036688134402317184,0.039592249069132515,-0.0005364293622933933,-6.26110949203465e-05,3652,37,0.0,0.14,6,0.38,6,0.997491411040536,0.9974887029951028,0.9986002462252808,0.9992377622931015,0.9838440069513041,0.9927784035801872,0.9639051873997296,0.9683289618744925,0.9873311108559772,0.4433908134124261,0.14043429733030763,0.12710622741902106,0.9172387702494604,7.950990998643513,7.918449813826506,1.6994698801651218,4.958927150635063,1.4048943052672231,0.6558756965764103,-0.6481725974230035,-1.800200412530573,-4.103248413101442
208009,P8_mult_noise_0.30,P8,0.1143482949532718,0.1151150232516919,0.10679521327696431,0.11458920649046088,-0.00938025306153152,-0.003022227999093662,0.12629091035951576,0.09550598201902755,0.11528678783937656,0.11627690270351985,,0.021792275890598234,0.11479194159713087,-0.00516491652962663,-0.0007667282984201024,3652,37,0.0,0.06,6,0.12,6,0.9967772472302042,0.9967789705027394,0.9970299046027404,0.9987645258885822,0.8907716513584039,0.9367460172727333,0.8726954619105407,0.8992032745870733,0.9478287258133924,2.7276646390002983,0.36515230017303607,0.3304971234997306,0.7658469264524443,23.710728933528415,22.958388319426184,4.654835406710384,1.8233614430580098,5.850351094474749,3.4844489528310296,-5.3108180411981945,-5.583202681387612,-17.71169983183372
212209,P1_peak_damp_0.70,P1,0.06628761577313344,0.05900408058935768,0.08855148148887335,0.06185518165847959,-0.07324586902067055,0.004536888347637016,0.14553232082514247,0.06199081072131475,0.06587651153827846,0.05816801249255779,,0.02519228272267772,0.06059018273834418,-0.005613116835878837,0.007283535183775759,3652,37,0.0,0.06,6,0.09,6,0.982377784402852,0.9769545677467341,0.7505742250889604,0.9989754340948863,0.9245451942883937,0.988767386188531,0.8172758736172046,0.8628608015496635,0.9347501539771357,-5.657398618875774,0.9183624990653649,0.2746903815418485,0.8606550786592352,12.099955745192752,12.118036547668833,-19.52304772028441,-20.838691866541332,0.42475617908348967,-25.316975943336434,0.24014530904949458,0.8565079805096077,-2.0154319451259255
212209,P1_peak_damp_0.85,P1,0.060951608590273335,0.060068510610680956,0.0633882054437691,0.06081348209504502,-0.03227896575652488,-0.0034215663759768456,0.0702916002042643,0.05705766540899942,0.06062966944361709,0.06129213478361266,,0.10388930605371859,0.0601853813316789,-0.0023476053631191203,0.0008830979795923788,3652,37,0.0,0.43,6,0.19,6,0.9926035287844838,0.99195397291833,0.948424142239418,0.9955890766698682,0.9657222289853121,0.9890291911976644,0.9456790668095919,0.9580935029167862,0.9777821594696582,-1.4543027897330247,0.6189805110379775,0.18514256942877255,0.8768857190763099,12.106759759050417,12.037076266335795,-5.1274258409096465,-13.919709319650563,-0.020755270380170807,-8.234159273760884,-1.7705855832933728,0.8593400351411361,-4.11721471002237
212209,P2_peak_infl_1.15,P2,0.062134091359638786,0.05907718473440319,0.06751330634056246,0.05814750946155493,0.03792488718589951,0.009581939716761094,0.06787948423400007,0.05615416816451078,0.06427310223752919,0.059291848109546075,,0.0223990819960206,0.06017294268484726,0.002554691253349435,0.0030569066252355975,3652,37,0.0,0.07,6,0.32,6,0.9902937415788375,0.9887227355801947,0.8995830583056652,0.9966686452246292,0.9434415076070151,0.9890067934272939,0.8389657479183584,0.8871080369044141,0.9452038660764849,4.691897194374336,0.7950960590580197,0.2378202943253266,0.8650755913222201,12.230289491361953,12.03458853696949,15.785890575299081,-11.242898313363824,0.36153389606667924,15.05418765549256,0.9129343662038449,1.4914488658232583,-5.461953163352963
212209,P2_peak_infl_1.30,P2,0.062727782876541,0.05822925812486451,0.0777798848750854,0.06053126106078048,0.06476055053828497,0.0018090960184145165,0.09525793084802409,0.06777514153276472,0.06393323772877221,0.0578028922508718,,0.023432098567509208,0.058982137065736635,0.002697623702455228,0.004498524751676496,3652,37,0.0,0.08,6,0.18,6,0.9831418481915428,0.9777931816392939,0.7450640367753141,0.9998740000662858,0.9300218814728833,0.9893329495471526,0.7912688354047761,0.8604441519277406,0.9217597633900628,6.739931273188411,0.8844062833457403,0.2645337757775303,0.856821763937387,12.004640729479627,11.79642741314735,22.475934179704097,-15.294613685517511,-1.1045157266374017,22.171625946141223,-0.7858274625426624,-0.40487720635887764,-5.7536572846579705
212209,P3_base_infl_0.10,P3,0.07258468400108312,0.19967290059815673,0.07174324585149558,0.38403701424325526,-0.010432503625395287,0.38403701424325526,0.06822762390905904,0.47019034772926516,0.06539270463277684,0.26529468271339585,0.014643055287061894,,0.11663969622948513,0.08797992448194776,-0.12708821659707362,3652,37,0.0,0.68,6,0.06,6,0.6248812018557236,0.6347528469080227,0.9891163716760808,0.0,0.9689427631604379,0.9564322447781545,0.9628783840186347,0.9538695490786829,0.9560253271611653,3.34898128426171,0.5891855615515263,0.1762306353604904,0.8558296542396898,29.785025653426516,23.32793924589704,2.877367405018491,26.682908147738225,-10.662200635724982,-0.4772020756425349,82.99190991733276,64.99018792829152,-3.356134650040712
212209,P3_base_infl_0.25,P3,0.08906215518287351,0.346292672216506,0.06318074869241716,0.6177842706659467,-0.01040525582562393,0.6177842706659467,0.06057138956635783,0.6887172554531755,0.059065459140196605,0.469027581786647,0.24149320556195095,,0.19030146984666912,0.1705672192228131,-0.2572305170336325,3652,37,0.0,0.66,6,0.06,6,0.44044824413797806,0.45031485899968393,0.9938629094371564,0.0,0.9680749382230643,0.8636779220523589,0.917408868331674,0.8738219958610214,0.914638705005653,6.75018308446659,0.5973605824307368,0.1786758567264633,0.8323802078325051,63.82584285662399,38.06029396933381,-1.655019852488579,43.78137032486139,-20.818751140940975,-5.339867469878922,209.82704279268867,163.9782825376866,-0.9520529213610922
212209,P4_base_depl_0.50,P4,0.15231917408917103,0.3161232876384443,0.062150682026070915,0.32904623867480265,1.8199825298163305e-05,-0.32904623867480265,0.06920191648946104,0.3262701669641394,0.058270706763207364,0.3280244159147382,0.06748034686628313,,0.24969114828318714,-0.23213301315447446,-0.16380411354927324,3652,37,0.0,0.3,6,0.25,6,0.30558295808522634,0.31541541494326425,0.9915747081864481,0.0,0.9468720779355799,0.8447259842935411,0.8537840868692681,0.7777480211771776,0.8946107907567011,-6.81775843688797,0.7706054987907726,0.23049495019288402,0.8111942725795642,38.17020783270459,49.93822965663742,10.31760866645758,-11.902982127970942,30.81836499642416,11.408608121023452,-50.03286849755844,-48.724049233305664,-9.142277316998294
212209,P4_base_depl_0.75,P4,0.08867165638718574,0.1396424709430917,0.0623725605447886,0.14180137937831777,-0.003126526414761109,-0.14085413171907984,0.06600089652958432,0.14858364582203182,0.06018530928110457,0.14444798542068446,0.015876506035302447,,0.11850620111639158,-0.09979277141283037,-0.05097081455590596,3652,37,0.0,0.3,6,0.17,6,0.4179097619165102,0.4278329925417447,0.9937744003456608,0.14879880015488764,0.964370027834808,0.9635728505212389,0.9035498791904575,0.8755569400517931,0.9506540438083035,-2.5871706756317248,0.6310713006566044,0.18875903200957583,0.8545352471243602,20.75693999017969,23.70124022327833,6.62033505956561,-25.5379240612475,10.784263266880025,5.1511577077204,-27.21344492779729,-24.742589431805143,-6.122253291507149
212209,P5_compensating,P5,0.09341187023045339,0.3317969021724488,0.0944222975198041,0.5997035047562327,-0.08397707350752022,0.5997035047562327,0.12150201534756722,0.6908900928510064,0.06771033808305878,0.45135761199145347,0.40808735488222764,,0.18268515667627366,0.15330538110508016,-0.2383850319419954,3652,37,0.0,0.71,6,0.06,6,0.44181051720381476,0.4467591100259595,0.6814223498411401,0.0,0.9351316699471949,0.8754056301024483,0.8220927683706403,0.8220927683706402,0.9374353238772337,9.745199809627785e-15,0.8515046961186317,0.25469261876388394,0.8181497100699275,59.551475355572094,36.537031335254774,-17.70640421890177,43.85885288731261,-19.106100771987844,-21.78292118872439,199.5991053148405,149.62937070203762,-0.6972968209546668
212209,P6_shift_1d,P6,0.12560584752632878,0.08621488321485651,0.18020439032188543,0.08146102940344856,-0.06263638422649431,0.010008960267339828,0.4250616831776261,0.06106131862190123,0.12177643922206108,0.07755462036071195,0.8574491169206668,,0.1011655066436546,0.0017876406550548815,0.039390964311472265,3652,37,0.0,0.06,6,0.43,6,0.9898216008342711,0.9897332285315912,0.9974071186591018,0.9988897194914195,0.44762046228783736,0.9294718895989513,0.7292383779868999,0.729774237697576,0.9635228459191855,0.7346169832010456,2.4847887936134314,0.7432224012448512,0.7091569839460912,21.659211996994156,20.23310132873099,3.636522808439793,-11.419058510654256,-1.6839504444073603,-31.883085463145925,-3.651859917473981,0.817942945241974,-4.432429626700711
212209,P6_shift_3d,P6,0.19150288494784623,0.13603277565478558,0.25549704050002325,0.1338891635850039,-0.1487252604774711,0.07256784214276274,0.5881357448040989,0.09275554866889467,0.1822713722310078,0.12011455271953449,0.7582163638756688,,0.15821150030454847,0.01129531385150682,0.05547010929306065,3652,37,0.0,0.06,6,0.08,6,0.9711409957173542,0.9709751368453878,0.9787443964224101,0.9265662265310958,0.08254071517580441,0.7978601192654057,0.5480454055987267,0.5483267990011442,0.9045009998408686,1.7246365478558818,3.20231528781302,0.957840949648842,0.5702259553212787,43.34259700664611,31.642300060909744,1.7435207265675736,-16.054706254375667,-0.3831449678310747,-60.11960595451104,-1.8680884654764487,0.7262912395002462,-3.7376257444088985
212209,P7_var_compress_0.80,P7,0.12142088496377909,0.46579883909076375,0.09532020678720982,0.7642928973767937,-0.0911508413025274,0.7642928973767937,0.10601566219880722,0.828187781358957,0.08511269352832726,0.6310466808164269,0.46511311452967163,,0.25980487026089216,0.21967509329850277,-0.3443779541269847,3652,37,0.0,0.62,6,0.06,6,0.3338759220868711,0.3364561087735193,0.45813943381133304,0.0,0.9281423529578916,0.7043560291893749,0.7865157018852709,0.7816953711502344,0.8901217520228815,0.6182152808881488,0.8962046330499857,0.2680627669821163,0.7577133930033982,117.36777511664305,51.960974052178464,-17.190089554594998,52.257708851276874,-36.585626576109355,-19.88323875656525,418.19364465374747,317.042912474456,1.4422261513406953
212209,P7_var_compress_0.90,P7,0.08449574870338353,0.33939706181985624,0.06462644292396041,0.6270968489895363,-0.03758774941822596,0.6270968489895363,0.06575151989753103,0.7157904373629652,0.0631685034160686,0.4701102574938587,0.44050631125664447,,0.18092214312903454,0.15132262970682833,-0.2549013131164727,3652,37,0.0,0.71,6,0.06,6,0.49952504663721187,0.5083781084765859,0.8763624649771458,0.0,0.9656447127084821,0.8679957137462905,0.922168638324029,0.9077121503019389,0.9441413884996813,1.6475894969671951,0.6196800018096403,0.18535179333234944,0.839646734529454,61.5536744797174,36.1844286258069,-5.202716598737216,49.17613299979436,-20.107302880870293,-7.199430602978945,217.2409553240304,160.4772608686919,-1.3234233211659174
212209,P8_mult_noise_0.10,P8,0.0404649913264509,0.040659567029765926,0.03830482334024201,0.03909874226364431,-0.0004315107139061352,0.0022187940421248592,0.03401055563176931,0.03621163807372865,0.040265199323316216,0.04126545354708238,0.07066219985797648,0.02193464344477303,0.04079694834707094,0.00017119644835633416,-0.00019457570331502666,3652,37,0.0,0.13,6,0.08,6,0.9958741750839148,0.9959110780630084,0.991177237173764,0.9985803864266355,0.9847316132876428,0.9949343854635483,0.9819459746066974,0.979463786674838,0.9881847664511976,0.2790450369233404,0.41311148031943284,0.12356531354857295,0.919296186402115,8.199297066103451,8.159389669414182,-0.4713690059076827,-10.347076169305225,-0.13642645033606907,-1.5051859732806503,0.8713935467307563,1.0493817653689124,-2.769168047061788
212209,P8_mult_noise_0.30,P8,0.12095815975506198,0.12087080084498521,0.12625997938131245,0.11382792595382167,-0.010508840398417398,-0.014436225595127156,0.12215257153954295,0.10895985879679225,0.12119428858294597,0.1203177080105654,0.13776064235865107,0.11445529935779883,0.12113367092585449,-0.0010321738664548013,8.735891007677354e-05,3652,37,0.0,0.28,6,0.1,6,0.9957203687982172,0.9958064057405446,0.9994716589362174,0.9981658687196202,0.878153719909168,0.9551533059286333,0.8907667039868659,0.919681863461503,0.9442706660290234,3.888670659647216,1.1670160422329965,0.34906486516238205,0.7495519087400888,25.260693458288724,24.22673418517088,11.254967148467918,-50.32720981669519,-2.499897039488963,-1.7901613914991243,-9.392165551551034,-3.4128132610575053,-12.64459389398762
210011,P1_peak_damp_0.70,P1,0.07412909008691568,0.05705800997710637,0.12520703935897545,0.046598222260187644,-0.12280664946951392,0.0038945815144480027,0.1511544180461164,0.0,0.07578054437501887,0.05824786772641878,,0.10850893423649541,0.06262797345788115,-0.008709488098557344,0.01707108010980931,3652,37,0.011226725082146768,0.06,6,0.39,6,0.9559873149792983,0.9480580708904646,0.34440982713953305,0.9831182897825853,0.9242683677825315,0.9895483280897651,0.7318099599166596,0.827155893706192,0.8347385166990162,-15.225739670391297,1.4903003297620083,0.2751938084649952,0.8070190732658686,12.549158850570427,12.525594691576202,-24.808586436824868,0.09395136387834434,0.563241220953513,-24.861354526220794,-0.47690010441254244,-4.335082881803493,4.903486689864061
210011,P1_peak_damp_0.85,P1,0.06520589534704341,0.056741946661710604,0.07653170585023339,0.04680311656940937,-0.05307811225057494,-0.0036374330920621845,0.08065390877907057,0.0,0.06762997671010702,0.05685621574380735,,0.02324063972258593,0.060988434059072436,-0.004386753540354328,0.008463948685332803,3652,37,0.011226725082146768,0.06,6,0.21,6,0.9860979955514684,0.9838452019257589,0.8248115687213147,0.9956300013616055,0.9687250399675816,0.9905768313226624,0.873757767464632,0.9200504282123493,0.923815304307041,-6.912871128207268,0.9577088941060409,0.1768472788380369,0.86210790612767,12.361104229247756,12.19768681181446,-11.571695405158412,0.12491362354042856,1.0609948025086344,-12.321432586485354,-3.7822704821162105,-3.8484968298668,0.03445813012148128
210011,P2_peak_infl_1.15,P2,0.06310239736901413,0.057268715423456185,0.07125893441610795,0.048666891173030684,0.04437140536870498,0.0056540014874354345,0.08178532462434138,0.0,0.06496616709440711,0.05823558176760443,,0.44775084580915053,0.0604708442630358,0.0043233814636536435,0.005833681945557945,3652,37,0.011226725082146768,0.07,6,0.14,6,0.9838991509042379,0.9816899196168919,0.8364796254000257,0.9919639553696757,0.9577421081033367,0.9909345804555357,0.8100323777355143,0.8856303959120886,0.9004086918061076,9.49408575638433,1.1132406414222176,0.20556724422111444,0.8501739552475693,12.455289257042192,12.094168852607128,14.63027874512125,0.06417834523719217,0.16980443999258982,16.088771606388537,-3.5600580375939095,-0.9622860975825458,-6.384245811015252
210011,P2_peak_infl_1.30,P2,0.07195428993912657,0.05670271558991909,0.11171366743110546,0.05002167565110302,0.10262051889049126,-0.005703937541479023,0.13612078066111866,0.0,0.07532315377755269,0.058052596679484376,,0.02686643393937082,0.06217749641293533,0.007798952727923887,0.015251574349207486,3652,37,0.011226725082146768,0.06,6,0.37,6,0.9718129730852105,0.9662951127645912,0.6123015204333964,0.9992297216256775,0.7439445884570546,0.989913121347292,0.4966521185972691,0.7078178662259623,0.7753165367900076,21.573176754548765,2.7403252875530977,0.5060191810029985,0.745115160053395,12.998093396135355,12.435499282587053,36.611721007043684,0.07949550372064511,0.6747058498079117,37.77245026191526,-1.0744181749000907,-3.7732382657835997,-10.53793683802814
210011,P3_base_infl_0.10,P3,0.0692519484701111,0.2775397331436503,0.06320625793955988,0.7482884667711115,0.000489851604655103,0.7482884667711115,0.05927060895060228,1.0,0.06038459389491945,0.35633025293677756,0.014908654612071871,,0.13205624759564427,0.10440439853511489,-0.20828778467353923,3652,37,0.011226725082146768,0.62,6,0.06,6,0.6380058439666062,0.6481190883150124,0.9990884658750578,0.0,0.9733118622238643,0.9536898943125076,0.9440420227291332,0.9635798301333223,0.9537621416621107,3.272267164520056,0.884696429403994,0.16336504453565234,0.8669912880591034,99.97324366852041,26.411249519128845,2.639616359272946,86.55027922865514,-9.907209684864407,3.772717418771818,135.78922745871586,56.61912490647551,-2.0876260709589882
210011,P3_base_infl_0.25,P3,0.08908148729288566,0.39527349977733184,0.059717560218245556,0.8665116614015999,-0.0010399031543620024,0.8665116614015999,0.06467935904118875,1.0,0.05950766543394988,0.5290293111091724,0.01000787470141201,,0.19984675243873498,0.17926281431920146,-0.30619201248444616,3652,37,0.011226725082146768,0.7,6,0.06,6,0.44321807983371075,0.4532146705504021,0.9977870081169673,0.0,0.9801795225895772,0.8630729304062486,0.9495246701788752,0.94309469303338,0.93694915678564,4.713565280917569,0.7624163382862958,0.14078521730076218,0.8495117551474197,249.32026505784054,39.96935048774699,0.4578714920159957,90.56971656549769,-21.884193855899486,0.3726897510253248,358.910199147778,147.2843657054516,1.8308125998896085
210011,P4_base_depl_0.50,P4,0.15331390216761645,0.2980941583191452,0.06266970788938123,0.2540065001845916,0.005698831616187705,-0.2540065001845916,0.05118784734316173,0.0,0.06301057110096421,0.3138658411432753,0.08609375220897104,0.01,0.2473401172672096,-0.22821639425943177,-0.14478025615152876,3652,37,0.011226725082146768,0.3,6,0.06,6,0.3062993247434661,0.3162139307573093,0.9959999116974927,0.0,0.9740353049249059,0.8783490685718504,0.9136143608389785,0.8848718978048079,0.935732759063625,-2.6977613872497517,0.8726231942793542,0.16113564185211837,0.8363263876815858,38.29705519862953,49.46802345344182,4.708503030595153,6.572529875352409,38.25600114340606,5.131836322119798,-50.38379097449005,-51.66542199943774,-11.196796004406984
210011,P4_base_depl_0.75,P4,0.08867382697961075,0.13499852363135553,0.0588160321634382,0.11795336749758073,0.005150735389103759,-0.11776636734763266,0.05901065615373184,0.0,0.06033020346459432,0.14203044220933508,0.20848252125609368,0.01,0.11891143412976048,-0.09970683528888981,-0.04632469665174478,3652,37,0.011226725082146768,0.3,6,0.07,6,0.4200762730443111,0.4300455701251165,0.9985949497660773,0.12288724013167698,0.9831990238804142,0.9703395717437205,0.9744144263946568,0.9619971267225788,0.9618691476648451,-1.409988046868198,0.7019438869849207,0.12961857937651444,0.8669799026631316,21.030374459595382,23.782286825952077,1.5035994382394022,2.904057490850256,16.64831554249481,0.43798413657920804,-24.953214665774293,-29.58798757472767,-6.905644463495516
210011,P5_compensating,P5,0.1852425659550418,0.6337477402036924,0.13188175724221576,0.9600688346809597,-0.12943781399853574,0.9600688346809597,0.15770171664629143,1.0,0.08432819417126013,0.7991030994191122,0.34944034280083214,,0.3839424651593339,0.3493307853211352,-0.4485051742486506,3652,37,0.011226725082146768,0.31,6,0.06,6,0.25773496897219034,0.2577349689721903,0.31135468002904354,0.0,0.9097145323596727,0.3862714543825986,0.7255180195853923,0.7255180195853923,0.8187318739427336,1.6315709899951245e-14,1.6272117249229086,0.300475402720967,0.636980188744303,999.7590404254634,76.78849303186671,-26.617729238398223,94.31429583643921,-60.77337273853095,-27.555134564230606,1404.991351714066,640.5715142792864,22.102317500558133
210011,P6_shift_1d,P6,0.23505999844624495,0.13509039251717156,0.4518689353157011,0.2370615436845302,-0.18013045803815006,0.11390269778507553,0.5435820745060351,0.16216216216216217,0.2963590216776967,0.13417640260151886,0.49034035518687885,,0.1562385109797427,0.015348034364329823,0.09996960592907339,3652,37,0.011226725082146768,0.06,6,0.06,6,0.9301530984513198,0.9314220791793114,0.975203394557113,0.8846157734800546,-0.02088031935753576,0.8541611171990586,0.5221811628999096,0.5257203086967835,0.9357252432275336,2.474976211883471,5.471703486075376,1.0103862228660563,0.26895165868315984,34.59453170229288,31.247702195948523,4.424458026086782,0.14074700518650984,2.8096507429783157,-37.30701998666949,-4.430127428149826,-0.7630836627973884,-4.0293663943991325
210011,P6_shift_3d,P6,0.40958928150886903,0.24950880181558077,0.6846013836214253,0.4348202273475398,-0.5073628206842483,0.2770628128000538,0.8580321299759673,0.35135135135135137,0.5269460541665144,0.24877605585642856,0.5872398133113865,,0.2844642987305517,0.03829986331078835,0.16008047969328826,3652,37,0.011226725082146768,0.06,6,0.06,6,0.8501410934265262,0.8480082766392141,0.7157472855277427,0.7608891811432091,-0.7869311441514557,0.5506321712777467,0.1395113170662291,0.14002375105840847,0.8291355306903553,1.3584330593406813,7.239174544321921,1.3367614387584104,-0.1930515393304082,90.85231350604532,56.89285974611023,2.079368759760282,0.0530383881622358,1.7664172174778876,-91.87907441155623,0.949544606798604,-2.4862927526460687,-3.8821667212047433
210011,P7_var_compress_0.80,P7,0.1548328777644661,0.5856928373104634,0.10435347774518416,0.9531609261524083,-0.09477527792105246,0.9531609261524083,0.12305121575189432,1.0,0.07629696723941037,0.7632269561852464,0.2995181897865225,,0.33720781104937386,0.3125808063689286,-0.4308599595459973,3652,37,0.011226725082146768,0.68,6,0.06,6,0.22557530844961712,0.22905347758532776,0.5134049775735127,0.0,0.9481912603431387,0.5150308660929335,0.8681463734453536,0.8587472445752795,0.8612078646400843,1.107886943219829,1.2326411237143324,0.22761533264888226,0.7172320640847545,860.5459057869067,67.44156220987469,-17.786841757325746,93.55461148439164,-46.574455808509875,-18.769913494168335,1164.7736426925198,519.7411026900693,16.661188241992438
210011,P7_var_compress_0.90,P7,0.10671083243156773,0.4711833988229324,0.06426070034370522,0.9133673736457196,-0.04286562885347639,0.9133673736457196,0.07064947620989304,1.0,0.06390080901792382,0.6361862196047994,0.3000927001563652,,0.24763332712603878,0.22612502999273654,-0.3644725663913647,3652,37,0.011226725082146768,0.69,6,0.06,6,0.3609268367729493,0.36848059089856355,0.8238925488379948,0.0,0.9702121961830071,0.7593293693969401,0.8695106485557297,0.8714867754822072,0.9303079394339628,-0.2270963152796186,0.9346615593460541,0.17259143610559832,0.8212097906805742,460.90347428991237,49.52666542520776,-10.604281839109719,93.72682418264259,-29.82913363102965,-12.395101398937557,595.9657425586727,257.1564182893083,7.131974704560523
210011,P8_mult_noise_0.10,P8,0.04003895220465938,0.03784919051962246,0.04137359749945364,0.030201621123159095,-0.0015955281489315601,0.0010445680167606149,0.038609513034239915,0.0,0.04050983260490265,0.03881080487706472,0.02976608221621347,0.05532281069825159,0.039710809366746584,-0.001766805035022589,0.0021897616850369214,3652,37,0.011226725082146768,0.36,6,0.07,6,0.9941009869857063,0.994105494246554,0.9988845826938502,0.9905523769274517,0.9936369463122475,0.996061791784331,0.9779914788614753,0.9856389236915838,0.984941659858483,0.8952957724442876,0.43198426979737226,0.07976875132376383,0.9236833956298748,8.038988650215183,7.942161873349312,1.6216054575498808,0.08502588796213126,0.37803465960186144,1.2944291357160218,-1.4882107368451467,-1.4883107362271049,-2.0508956164504735
210011,P8_mult_noise_0.30,P8,0.11845523124824163,0.11397840410890069,0.11494899351760136,0.09502537461818637,0.005880538272343467,-0.008997697964134613,0.11609024722046274,0.0,0.11665319339823829,0.11663157654014056,0.5438405109904983,0.06744048513626728,0.11855505228371331,-0.0009848295342132361,0.004476827139340944,3652,37,0.011226725082146768,0.2,6,0.25,6,0.9932397000322801,0.9935634338895132,0.9943862908065917,0.9928657234026474,0.8964234959329244,0.9645458706904568,0.8701488704174206,0.913018729737162,0.9187136512320664,7.079303220603779,1.742873085277165,0.32183303756307496,0.749936183846001,25.031460986695365,23.711010456742756,10.310208012346708,0.37637565105583,3.739799930942443,11.169612840420484,-5.194711600489698,-8.152801939848096,-10.11631703870399
216004,P1_peak_damp_0.70,P1,0.07969381097821542,0.021556192204553345,0.15313120567861171,0.0,-0.1517503612512441,0.0,0.19423406555985162,0.0,0.0889913818351026,0.0,,0.29277012618656695,0.048352494522084094,-0.008108522213383533,0.05813761877366207,3652,37,0.2836801752464403,0.06,6,0.24,6,0.9357913129280115,0.9241760485789009,0.23815871945568,,0.8706802978805714,0.9959142963241692,0.5835624135069244,0.726469139219418,0.7438817597177882,-24.78680597560422,0.47394402567007377,0.35961048666498663,0.7303721147514459,13.253569513370058,9.670498904416837,-32.20870703492086,-0.2093976897437821,0.49289563897649924,-33.279407489057895,0.0,0.0,8.149360331505973
216004,P1_peak_damp_0.85,P1,0.06233528459703309,0.021396215527940517,0.08614040528405859,0.0,-0.07516274311839258,0.0,0.0988974058563658,0.0,0.06443856256199057,0.0,,0.2953946537459364,0.04387159356955568,-0.007121813164000857,0.040939069069092573,3652,37,0.2836801752464403,0.06,6,0.29,6,0.971475270521283,0.9654056426973459,0.6876622021285647,,0.964351685431798,0.9970675316438302,0.8253796431831854,0.884345700235112,0.8827730285861696,-11.306437276080628,0.24883656984880403,0.1888076125801129,0.849730639108584,12.140515717129132,8.774318713911127,-14.13495777861704,-0.21866492024138215,-0.2511940822845754,-15.054656346926267,0.0,0.0,1.9464554979575144
216004,P2_peak_infl_1.15,P2,0.06041333584612172,0.02140703868707446,0.07693523843921514,0.0,0.05995816254758266,0.0,0.059465896407121896,0.0,0.06429096103802596,0.0,,0.2955316067748083,0.043771877847249244,0.00411147268625522,0.03900629715904726,3652,37,0.2836801752464403,0.06,6,0.29,6,0.9760968884048427,0.9708777122358303,0.7260126604466949,,0.9697953759290354,0.9970840494584823,0.8374878148209024,0.8903688541235625,0.8881538448611681,10.892757437533007,0.2290505941961994,0.17379477572978014,0.8546704361236027,12.528465301013764,8.75437556944986,12.878451070699642,-0.02421938594464634,-1.3778840893414304,11.057616866268553,0.0,0.0,-3.8665345844570616
216004,P2_peak_infl_1.30,P2,0.07009275372990587,0.02146868410210152,0.11490239968321665,0.0,0.1060367385050029,0.0,0.12741384786795504,0.0,0.07616896671536535,0.0,,0.9283471087472566,0.04614690014090101,0.006853459831631275,0.04862406962780434,3652,37,0.2836801752464403,0.06,6,0.29,6,0.9551373712426169,0.9492863220275551,0.5252334269132655,,0.8594036170419962,0.9966151123642679,0.5913766374348854,0.7502005823410665,0.7592487103295662,23.75286593390714,0.4941761474184909,0.37496184200262805,0.7385825780440269,13.366064333934672,9.2293800281802,29.728519070549112,0.44713601701436534,0.5821573044027115,30.858318086041233,0.0,0.0,-6.67673131182692
216004,P3_base_infl_0.10,P3,0.11415974754169973,0.6966063471329972,0.053927945315723515,1.0,0.0001550002371147347,1.0,0.04798522347818892,1.0,0.05747772905611565,1.0,0.01840914155782958,,0.35802553105085655,0.33007838566899245,-0.5824465995912974,3652,37,0.2836801752464403,0.47,6,0.25,6,0.5567101120854621,0.5667899911300478,0.999865634837723,0.0,0.9858784287629236,0.9919976421325541,0.9865298118864794,0.9824004857436163,0.9776877157492571,0.5100207672434801,0.15661603177417513,0.11883421745051526,0.8924717369100865,46.47578782875376,71.60510621017131,0.009680502566961019,-92.3776675962145,-15.397521303340914,-1.6812069947115302,56012389230.73073,61160792863.03589,-0.795721334083969
216004,P3_base_infl_0.25,P3,0.1322083506093477,0.7291981141036072,0.06494272824312892,1.0,0.006153752521308614,1.0,0.062221975397979426,1.0,0.06011975177229102,1.0,0.18109313147899672,,0.3916265968922825,0.36923620491270115,-0.5969897634942596,3652,37,0.2836801752464403,0.49,6,0.25,6,0.4517256699478464,0.46184878270540625,0.9994129841694566,0.0,0.9787316276461575,0.9726936723881918,0.9406991034029821,0.9627160786007999,0.9572492724896479,3.279420527224087,0.1922037394353733,0.14583680041005573,0.8711364304208538,103.92705506917474,78.3253193784565,3.73150676719222,-116.21454000844925,-28.509706751574644,4.586876748263587,141597987812.82767,151942061679.9715,-2.149195089069254
216004,P4_base_depl_0.50,P4,0.13870882165236126,0.10514056418006296,0.06461990286020047,0.0,0.003387287310336289,0.0,0.0646481208944036,0.0,0.06347347348564686,0.0,0.30222239857750816,0.01,0.15624300447269515,-0.1369734046207908,0.0335682574722983,3652,37,0.2836801752464403,0.3,6,0.24,6,0.42094506639705387,0.42839456626141775,0.9973018884260982,,0.976348370740362,0.9783162012373646,0.959197711795272,0.9715517695020529,0.969796097433287,1.421644699622861,0.20268669293249825,0.15379086208106788,0.8632593342942525,33.92997610094962,31.24860089453904,3.051267929181177,13.968192231819506,11.79864146235472,2.225158836403071,0.0,0.0,-3.8559299094358046
216004,P4_base_depl_0.75,P4,0.0843930360183949,0.04849172982360122,0.06566955737649728,0.0,-0.003787402994397487,0.0,0.05934383789715747,0.0,0.060499042398554005,0.0,0.11706353680734158,0.01,0.07989624023259005,-0.06173712609223771,0.03590130619479368,3652,37,0.2836801752464403,0.31,6,0.24,6,0.519627628265961,0.5255922837889043,0.9930925813464014,,0.9791726778538835,0.9935134204522192,0.9832799080123505,0.9865602361368222,0.974462977983862,-0.5447064534642615,0.19020039853126344,0.14431674243176543,0.8735054268609086,19.76144293188358,15.97924804651803,0.056889058773669024,5.97513004912409,6.847534207737523,-1.001954985124382,0.0,0.0,-1.3201420792507044
216004,P5_compensating,P5,0.33134966825555456,0.91311390425698,0.14574715154572931,1.0,-0.14397313882798085,1.0,0.18644437938905345,1.0,0.08559835862391847,1.0,0.3198717971231666,,0.6493131685356347,0.6164313237541387,-0.5817642360014255,3652,37,0.2836801752464403,0.06,6,0.5,6,0.25839963374296704,0.25926467588418045,0.2746424020378793,0.0,0.8899061417063142,-0.4663597709314904,0.6850510725600042,0.6850510725600043,0.5482320559763736,-2.3681927313146456e-15,0.43729675169800086,0.3318039455667846,0.5175839591798516,4622.9703812731395,129.86263370712697,-29.561099102997836,-159.67820634856184,-91.04814376081238,-31.46425204303862,6290346178180.625,6797593285299.1,36.49447232321553
216004,P6_shift_1d,P6,0.2722958200522327,0.11886572561197063,0.5302526698888772,0.03278688524590164,-0.17945022204215932,0.03278688524590164,0.5859005844450748,0.02702702702702703,0.2946340189080253,0.06292749658002736,0.32958142568546495,,0.1866795017878929,0.037316705769071694,0.15343009444026207,3652,37,0.2836801752464403,0.06,6,0.28,6,0.9033526939915899,0.9030150496906365,0.9730479488016675,,0.07962592366073418,0.8682004902653155,0.5468194336837227,0.5471155005297156,0.949699322004866,1.5401971844106412,1.264377893964385,0.9593612856162509,0.10880227917346152,77.5443528749422,37.33590035757853,2.3014586059181252,1.8854523445986742,0.13007308979693677,-51.07849402818978,0.0,0.0,-1.504675946468978
216004,P6_shift_3d,P6,0.45839160145781,0.22646368277280227,0.7760725282369265,0.1092896174863388,-0.5250583641338712,0.1092896174863388,0.9024702995491755,0.13513513513513514,0.5074770449566112,0.1436388508891929,0.41081775814505467,,0.32959626159523603,0.07132197475902757,0.23192791868500773,3652,37,0.2836801752464403,0.08,6,0.28,6,0.8449223738316393,0.7890834597600573,0.7952683911482019,,-0.8118206121084832,0.5991534623171475,0.14499804907176017,0.1462682629355535,0.8606035081658482,2.1161607279476558,1.773994640259858,1.34603885980624,-0.4444384719257426,410.57728972971796,65.91925231904725,3.2431132211241662,6.970247145528682,1.9383529618315296,-92.65623886825456,0.0,0.0,-3.1000978208782928
216004,P7_var_compress_0.80,P7,0.3131522495173515,0.8992375414092915,0.10312054800735351,1.0,-0.0964715799690074,1.0,0.11384792282517832,1.0,0.07959590600612614,1.0,0.22974400356329636,,0.6294262279020676,0.6098629344513361,-0.5860852918919399,3652,37,0.2836801752464403,0.29,6,0.47,6,0.1638213986757318,0.1665578397063327,0.48463876843633036,0.0,0.9417932217453926,-0.05742973854063904,0.7957880227904791,0.7958471277413405,0.783004946704686,-0.007433896299681692,0.317966587694162,0.2412608096119372,0.6716041501784775,3017.0471280116494,125.88524558041354,-19.76539291105995,-55.34353537326384,-81.62257069867542,-19.97085544450251,4076775821547.3633,4351678945798.8853,26.721803988120296
216004,P7_var_compress_0.90,P7,0.25644495227159975,0.8683513896194986,0.0691772630995243,1.0,-0.046690054905471554,1.0,0.06507275528748716,1.0,0.06550514871946891,1.0,0.2198356500715787,,0.5735600089179419,0.5586105731028195,-0.6119064373478988,3652,37,0.2836801752464403,0.32,6,0.48,6,0.21806089401249454,0.22732032710252098,0.8440031464929211,0.0,0.9799885592756575,0.3689217746163488,0.9500040480834333,0.9291399695646673,0.8722759436329407,2.5025428234459315,0.18643776316517185,0.14146179952320137,0.8064715668510926,1440.5076181070542,114.7120017835884,-5.809761393942235,-76.30825630935345,-71.59957470142062,-5.458937295767165,2101709218941.8755,2251926815102.8315,12.805432296622493
216004,P8_mult_noise_0.10,P8,0.03831369781968543,0.014505300217914675,0.04224444343661316,0.0,-0.00015505938598296784,0.0,0.043427532043832005,0.0,0.04019276774392912,0.0,0.014574192848751206,0.29171261239100954,0.02861664572145215,0.0005043929625528155,0.023808397601770757,3652,37,0.2836801752464403,0.07,6,0.24,6,0.9958863705314152,0.9957212851964224,0.9993974874440383,,0.9845436957466899,0.9988251944703207,0.9649950772300947,0.9757198137811434,0.9735013095330495,1.196943528287423,0.16385041073419043,0.12432338578606268,0.9094672289740557,8.04316249916676,5.723329144290417,2.141040119471914,0.32873133082983885,-0.15757688912355097,0.5601006455776254,0.0,0.0,-1.0183180739748436
216004,P8_mult_noise_0.30,P8,0.11359929963139255,0.04279200409331234,0.11824838901153989,0.0,0.01600173223513398,0.0,0.1393637202723552,0.0,0.1188419667194634,0.0,,0.29714038808392035,0.0850787468273372,0.004190209058952383,0.07080729553808021,3652,37,0.2836801752464403,0.07,6,0.29,6,0.9960370370974966,0.9957286530677688,0.9877838549911999,,0.7858069302425886,0.9894243778458357,0.6802407819989726,0.8002589402781457,0.8668422253097474,12.349810176824947,0.6099544623028397,0.4628099715406004,0.707433683697686,25.13052514923409,17.01574936546743,16.159662648605764,0.5986863665557913,0.7657061266532005,19.74592454784026,0.0,0.0,-8.641187117619953
208007,P1_peak_damp_0.70,P1,0.07140220648278332,0.05969103828588935,0.10746392125026291,0.05614982641156737,-0.10056349918020077,0.006327028394863914,0.15199919474869245,0.05353682319177007,0.07422055460774743,0.060583350813512404,,0.015107344384240497,0.06235696864201028,-0.00641304245597475,0.011711168196893974,3652,37,0.0,0.06,6,0.33,4,0.965226943657556,0.9590719179072755,0.5072807406740493,0.986434916814191,0.9133571819979559,0.9811419572605937,0.7319936608627835,0.8012998655230797,0.8914539592526066,-9.191421495270252,0.66591746214139,0.2943515211478345,0.8335812831313919,12.451159812714483,12.471393728402044,-24.487927588771164,-6.485389335179257,0.8893080215491436,-26.70859451588924,-3.670682904084521,-1.1255782903530323,-2.157121959345396
208007,P1_peak_damp_0.85,P1,0.06332604967067917,0.06015502600423565,0.07155090388612427,0.056157102028685235,-0.04142013591057112,-0.0003518978089040246,0.0774321046926898,0.057790594461705126,0.06321186960525714,0.06230586776150981,,0.017900793848302052,0.06108604504165851,-0.0029702759235465627,0.0031710236664435273,3652,37,0.0,0.07,6,0.06,6,0.9906824670004873,0.9893653478419441,0.9002846659789749,0.997905692314287,0.9728000185576074,0.9827992910473313,0.9016096405870935,0.9279656980290623,0.9606649490904706,-3.0492082573422343,0.37311131765387723,0.16492416876368532,0.8733365398517274,12.277495701008583,12.21720900833169,-9.088301941945062,-2.5273180508223265,2.089029285493369,-9.853045362738102,-3.59725868268228,-0.6318314563870134,-5.414683078566682
208007,P2_peak_infl_1.15,P2,0.06250294744969319,0.05959826776451639,0.07749372378127035,0.060876322981637254,0.055975868954490866,0.006296651504821459,0.09413730637328914,0.06654873241073135,0.06262707495337305,0.061363829447305236,,0.3904109985674746,0.0596489729540517,0.0028091776258641,0.0029046796851767975,3652,37,0.0,0.06,5,0.15,5,0.9885557532773366,0.9852590874800055,0.8472574263315374,0.9933018491644005,0.897403421640102,0.983420945480977,0.734779052385718,0.8212930435503507,0.9095452523147421,8.06557847805791,0.7246370869348053,0.3203070064171216,0.8460011559555939,12.149959173973114,11.929794590810298,21.106751414712846,-4.4785287456419125,-0.031013554545183272,22.267849670432916,-0.6141100754163833,0.9600196469920301,-9.298774836336838
208007,P2_peak_infl_1.30,P2,0.06783053227527011,0.05936321792889553,0.095982309982532,0.05986114086092357,0.08604655311877699,0.006250850238327199,0.10464369935844701,0.0635192295493332,0.07002288221892156,0.058975977529570456,,0.25358238920778886,0.06146030126357823,0.004299063747939838,0.008467314346374578,3652,37,0.0,0.06,6,0.08,6,0.9710245294514117,0.9646129611323326,0.5452153927208887,0.9916881420115569,0.8551575463761244,0.9821949405202778,0.6657107790811165,0.7858918306730744,0.875439291130859,11.255512693374557,0.8609978271998199,0.3805817305440128,0.8211467375524912,12.578989107824917,12.292060252715629,28.494548328624802,-3.500450448890467,0.25584132893801226,27.063411419233596,-0.9262717628753223,-0.9689551128097317,-10.420731689475984
208007,P3_base_infl_0.10,P3,0.06747083054549127,0.16824602511588005,0.056720218793415954,0.32228316221321623,0.0012091909653244755,0.32228316221321623,0.04516376261257423,0.472318403381553,0.06112541162730625,0.21064456839670223,0.03883964683904633,,0.10243678662256782,0.07460347170709028,-0.10077519457038878,3652,37,0.0,0.62,6,0.06,6,0.6434367728843686,0.6534633718963754,0.9985831086371016,0.0,0.9794760556582586,0.9468662646121562,0.9500402750751828,0.9230328445888286,0.9522686604484546,3.7491806735065714,0.324104105987735,0.1432618034988441,0.8650289739329868,25.11719223678981,20.48735732451357,-0.713574087918411,43.916757115958355,-11.941185484296286,-2.25037923011997,56.19640963891243,45.50763435138623,-5.48677895068721
208007,P3_base_infl_0.25,P3,0.08696698187947394,0.2986397584828224,0.059616800410547496,0.5332108772637533,0.011490952975282865,0.5332108772637533,0.05350054283120509,0.6889787658215458,0.05927593269749763,0.38539172751298,,,0.17037118071754123,0.15141274203076624,-0.2116727766033485,3652,37,0.0,0.68,6,0.06,6,0.4303704030047152,0.4403387868162058,0.98191556976405,0.0,0.9761880960980714,0.8410207576581654,0.8901464895228215,0.8720204130678294,0.8801493344931279,10.58913160385716,0.34910106965544246,0.1543110621502182,0.8182811157794698,51.589960408385835,34.074236143508315,3.25170514600275,59.394324464321194,-24.873779845148096,2.068360433066038,135.05101549288145,109.78220687827915,-4.016486181623423
208007,P4_base_depl_0.50,P4,0.1517693907269999,0.31883191797376875,0.05922344484590948,0.3355804640418421,-0.0005735474317358354,-0.3355804640418421,0.06752373278501055,0.3330261586789781,0.057909477463273774,0.3320452720586114,0.04893127429084752,,0.25042041305454,-0.23209730683407984,-0.16706252724676884,3652,37,0.0,0.21,6,0.19,6,0.30417695906157755,0.3141146693932038,0.9878132122048683,0.0,0.9570777019772514,0.7509520854111218,0.8583588111716871,0.7624934766237779,0.861043663014513,-9.147633790081168,0.4687006995769836,0.20717697271354413,0.7850043971392371,38.2883529145354,50.084082610907984,6.782913273377949,-11.40553181847748,42.313233102481256,8.694330905248329,-50.84530098783911,-50.625010472814864,-14.459187245064067
208007,P4_base_depl_0.75,P4,0.0872072433841069,0.1387967188530203,0.056683018910604135,0.14571661637581224,-0.0020981667076126246,-0.14569242086565082,0.06106844480637192,0.14388150989682674,0.05910746562022572,0.1419426465566908,0.012671032926179382,,0.11782365166224515,-0.09794467686621021,-0.051589475468913404,3652,37,0.0,0.3,6,0.06,6,0.40374486872922705,0.4128670385000688,0.9997591973971469,0.0433831114185302,0.9823478307359406,0.9435945294426665,0.9453014412756047,0.9366578228996458,0.9276459877043184,-5.127482714489112,0.30057521089673617,0.13286146643801355,0.8542297216567728,20.708519176144826,23.564730332449045,-0.7594528810625603,-11.107699868485572,18.394181142664003,-1.008910054215893,-26.234225920480565,-24.201113822241794,-9.324615448004659
208007,P5_compensating,P5,0.10943679825470905,0.339903647858965,0.11984431670545376,0.5866534053884924,-0.11403853955464255,0.5866534053884924,0.18658792790436357,0.7424980897478898,0.07491786528576144,0.4377509016248632,0.3790418894028553,,0.19778904002981024,0.16867701918088931,-0.23046684960425595,3652,37,0.0,0.06,6,0.06,6,0.3477034083351417,0.3497568050989465,0.4934003181965568,0.0,0.8891894697100139,0.7857957137376699,0.6936729979763272,0.6936729979763272,0.8876257088448289,3.901976776693575e-15,0.7530861065645268,0.332882156761197,0.7387201972319175,63.86283068927838,39.55780800596206,-28.611313091101035,58.287303687428604,-29.712177424732495,-32.05955744957366,169.9432252857593,138.44103003129925,2.4539992000520265
208007,P6_shift_1d,P6,0.15284549052648996,0.08834629616230784,0.30014088748971646,0.09287952854590237,-0.09750913288115039,0.022971276088306774,0.4525266876104081,0.10494357310405959,0.1762914553178142,0.08009152855995481,0.8879257516908182,,0.10691180565643184,0.002367677378660664,0.06449919436418212,3652,37,0.0,0.06,6,0.28,6,0.9848000656054513,0.9862238445382916,0.9936826096655853,0.9622309670317668,0.4483932316551732,0.8998633727021884,0.7343885534144992,0.7376665048683752,0.9550391735451927,1.5063815540022003,1.6802306866732508,0.7427023416852991,0.6045874340977953,21.809977381742186,21.38236113128637,3.4873972163797533,2.42701857200783,0.6089350758776849,-14.74433632109497,-2.775101002483651,1.1560910366474262,-7.332863662977369
208007,P6_shift_3d,P6,0.24770689579791938,0.14404200434934145,0.5000588080151477,0.17277902210321466,-0.2644487858804719,0.0788140377133827,0.7251462905913921,0.20928239731263662,0.28739961253424406,0.1305508132878303,0.8355777777845887,,0.17138643724698813,0.00898453842127868,0.10366489144857793,3652,37,0.0,0.06,6,0.06,6,0.9559509340698915,0.9564098802020564,0.9498547915621014,0.885479268880841,-0.4499959587901914,0.7235096891734432,0.3037129919066215,0.30432853695724893,0.893176803452082,1.1534559232666006,2.7241907555064717,1.2041577798570215,0.32569038919608695,39.55306657274651,34.27728744939776,2.9523244864656295,-13.018411629483529,0.9854675287291522,-61.608893263344164,-1.7496383106090219,-0.3952774394428799,-7.522364150002914
208007,P7_var_compress_0.80,P7,0.096762182334252,0.3615028773578663,0.0936515624334459,0.6370493766881847,-0.08447383523393215,0.6370493766881847,0.103198076059738,0.7788308293717516,0.07099863179339544,0.48268821429930636,0.4766571854013906,,0.19779643040602918,0.16437299221616208,-0.2647406950236143,3652,37,0.0,0.64,6,0.06,6,0.42537258153133806,0.42963486810131946,0.5395677991568401,0.0,0.9514929882926804,0.7511904560733639,0.8256799920632153,0.8124934078694033,0.9053446969043046,1.6306696401372083,0.4982604078777564,0.22024307414154862,0.7812388165467616,70.09110874184337,39.55928608120588,-16.74331214010644,69.40485312733414,-33.500296106196984,-17.57292516561371,208.01848870661988,166.34759641032215,-0.17352749715789778
208007,P7_var_compress_0.90,P7,0.07539737577098739,0.24482704051201515,0.06639017373378472,0.46858160287177325,-0.04170201463873389,0.46858160287177325,0.07933943141697551,0.6454516429310196,0.06359866986075396,0.3222538146118549,0.47952453353564467,,0.13557802537537175,0.10307674057388637,-0.16942966474102777,3652,37,0.0,0.65,6,0.06,6,0.5795993439351043,0.5887966696581782,0.9081787318446605,0.0,0.9721368239727073,0.8942052824915462,0.9235485577701358,0.9157642606215256,0.9512740021851167,0.8636281936067789,0.37763255610412827,0.16692266481006307,0.844115230843337,38.12364315211018,27.115605075074406,-8.691307419276457,59.235188827081835,-19.38909488171454,-10.239900115629604,101.72487629216528,79.59791110064904,-3.7093976416782968
208007,P8_mult_noise_0.10,P8,0.04033596076485016,0.040786853795732235,0.04072742050743396,0.03979183303741998,9.033360452630535e-05,0.0016448201474868495,0.041065601826236066,0.04376309292302777,0.03978277197534825,0.04116988720288101,0.01514570564082902,0.025915064795630584,0.04061747705278241,-0.00023005738583933516,-0.0004508930308820755,3652,37,0.0,0.28,6,0.09,6,0.99580992053281,0.9957701634477425,0.997915927954755,0.9968792227941716,0.9913368408318335,0.992382508911311,0.9662348862134909,0.9736943793120673,0.9866194482212594,0.7588538546666999,0.21056794842153023,0.09307609342987337,0.9211908146575376,8.160970388122271,8.123495410556478,1.7521861654236848,-3.7582926077901275,-0.24933479246639745,2.3480675755722156,-1.200864519907825,0.166778924300194,-4.5266044819366025
208007,P8_mult_noise_0.30,P8,0.12258644355194057,0.11611037016649398,0.12033883031408155,0.11746880515602358,-0.020229321870516462,0.00469481599433263,0.14191878771984595,0.12542505260084946,0.1283304342690536,0.11373417559351717,0.970316069240626,0.042541516930484996,0.1188430030140377,-0.0002912676213421474,0.00647607338544659,3652,37,0.0,0.19,6,0.19,6,0.9970232039233256,0.9969736356374047,0.993570554653644,0.9972713282244257,0.866356777925583,0.9321405232065915,0.901612669964371,0.92194446912711,0.9471848616737547,3.120886797059655,0.8270420432507212,0.3655724580359099,0.7385451769253315,24.82289929528013,23.768600602807528,3.482627844906908,-24.231329062749936,1.4158212214841899,2.4906074020437536,-4.5512334721924725,-2.2051554371304385,-16.72671079007868
216002,P1_peak_damp_0.70,P1,0.07580513202518434,0.06117566932365322,0.12525069769442443,0.05890795941314325,-0.1202752347508962,0.0028605906336310488,0.15952832687561366,0.05234332136175135,0.07916217151632848,0.060139011792505664,,0.21649558369869523,0.06464549194265269,-0.009419450012088684,0.01462946270153112,3652,37,0.0,0.06,6,0.26,6,0.9590698931026672,0.95227577838977,0.43720540403375246,0.9957822604790529,0.9158913336406123,0.990729418157428,0.7058808678398127,0.804617664555789,0.8449270302678814,-14.314866687649095,0.6800980695309226,0.2900149416140275,0.8080599634190546,12.799737007728684,12.929098388530521,-25.687494779195323,-3.5372828699947996,2.2003453542228604,-27.250466996959116,6.83020993358335,-1.935129656828473,1.8099062205937917
216002,P1_peak_damp_0.85,P1,0.0659145726264751,0.06060758482499891,0.08063052863175331,0.05849229451888188,-0.058718660053234145,0.0057765047064223,0.0876269817775679,0.04624602790690095,0.06911594743285332,0.062416551201799716,,0.940275865468332,0.06208413377568618,-0.0035950129080969816,0.00530698780147619,3652,37,0.0,0.06,6,0.33,6,0.9846604958031717,0.9809728654253352,0.8150080051426555,0.9984431199762597,0.9659329789128369,0.9916645405105002,0.8558019634025437,0.9069778157049203,0.9251384903345188,-6.877576223129408,0.4328308907128613,0.1845725361129415,0.8603961343120036,12.498449517529759,12.416826755137231,-12.502592026091754,-1.8516699699402013,2.625464282387373,-13.745627048313924,2.1449303496560432,2.179719838022427,-1.0487612302586544
216002,P2_peak_infl_1.15,P2,0.06239555313998703,0.058373016845012816,0.07380574471996729,0.056141466356143546,0.045723063532429116,0.008184659165106441,0.08582316181789136,0.0673078505693759,0.06278590699669628,0.05738036718255088,,,0.05974230188306369,0.004848614408844955,0.004022536294974212,3652,37,0.0,0.06,5,0.06,6,0.9910352719402311,0.9889080195245402,0.9050231910994606,0.9864054443611732,0.9502508954390713,0.9922740330591961,0.8354976169188529,0.9001678647769723,0.9131845801724263,8.147714377195623,0.5230507182760707,0.22304507293578296,0.8521194009858364,12.201496085810025,11.94846037661275,15.916122868966832,-6.281370782283444,1.7002219751611507,15.612358386748541,1.4746173915661354,0.7579784832125066,-6.358173747220455
216002,P2_peak_infl_1.30,P2,0.0707378356710209,0.061221411298229715,0.09830163067902248,0.06752471390474614,0.0876578154362319,-0.010008958575878864,0.12678063210990395,0.06450599323314733,0.07334203039881157,0.061348422062718,,0.012994242563072146,0.06330570796030349,0.005570255378700325,0.00951642437279119,3652,37,0.0,0.08,4,0.06,5,0.9685272206493031,0.9642179570843855,0.5764174532512021,0.9751358781417621,0.8922327409126086,0.9913640640341391,0.6733194340311296,0.8070036586456433,0.8382320043077848,15.523299661746094,0.7698295674327024,0.32827923950105553,0.7971940874561432,12.9824734146436,12.66114159206074,27.60993481389716,-3.6154708224553875,1.0005907791481021,29.547482595737105,-2.041056414662196,-2.242687257925634,-8.28928149531365
216002,P3_base_infl_0.10,P3,0.07111552466934129,0.3133548897041608,0.06460211295575694,0.8363716707521978,-0.0037847984072352163,0.8363716707521978,0.07627556056642618,0.9687986202796116,0.06252120292563985,0.42628421505453024,0.10620156117563338,,0.1448554916573255,0.11490879245946695,-0.24223936503481952,3652,37,0.0,0.67,6,0.06,6,0.668068000713223,0.6777476162293001,0.9950981326700369,0.0,0.9554731935198579,0.9529713270389513,0.9460168323717105,0.9631446018959301,0.9642772049036489,2.534630908276269,0.4948367464453103,0.2110137589830152,0.8546932723816463,155.6048467926751,28.971098331465093,2.2854904850173163,74.34049976861459,-6.122833960618977,1.5039987530965258,327.5649335898886,91.72399146724035,-2.85408801573091
216002,P3_base_infl_0.25,P3,0.08687736177503477,0.42526278287957187,0.05759535428183237,0.9226235731688466,0.008958329764315676,0.9226235731688466,0.06753519062101344,0.9878643228076956,0.058596044371966166,0.5959775332568077,,,0.20816792952462237,0.18887046406092026,-0.33838542110453707,3652,37,0.0,0.53,6,0.06,6,0.4550605028062485,0.46472740762775855,0.9913534736077645,0.0,0.9659137316692804,0.8647768712902423,0.9227333502348447,0.9325196474693254,0.927773449813829,6.281656619507765,0.43295314421421216,0.18462466880327663,0.8478799279663316,385.6692670628778,41.63358590492447,4.533744991184803,83.20029874274854,-17.463804889401302,3.646136161302338,796.520441942662,232.91261258827996,-0.643899999064438
216002,P4_base_depl_0.50,P4,0.15162547285045666,0.3202789521920152,0.05983094460044959,0.3375034848614542,-0.0023305878398325788,-0.3375034848614542,0.05243941385939849,0.342814983829617,0.05801292306055554,0.33524486187359775,0.01707110694316736,,0.25112777085849797,-0.23320782447538926,-0.16865347934155853,3652,37,0.0,0.3,6,0.23,6,0.30479308470694333,0.31478967542363473,0.9973630631825371,0.0,0.9833192924948851,0.896056033368065,0.9434581455984662,0.905731025256219,0.9267119882887479,-4.800543492525559,0.30287149568577826,0.1291538133587812,0.8446884925286287,38.35282667542299,50.22555417169971,1.812466099829524,-3.7176871089222874,37.460546445388744,0.7280780520475106,-50.13815439061629,-51.75452727932789,-8.807827326253406
216002,P4_base_depl_0.75,P4,0.08632656897018469,0.13868430565087728,0.056912645734285144,0.1376040967376432,0.005139324060986644,-0.1356039887091571,0.060561452356907054,0.15021950321197713,0.05796346147665325,0.14341225229619575,0.3020714904172615,,0.11710610467473881,-0.09818293100354492,-0.05235773668069259,3652,37,0.0,0.24,6,0.06,6,0.40632291995373565,0.4142464088118323,0.9978606598644898,0.19826833322853543,0.9784022853428825,0.9759408507217342,0.9611468023355879,0.9534234343508934,0.9676804340688019,-0.7730386842361674,0.3446315777297126,0.14696160946695402,0.8685679020498582,20.537273079402425,23.421220934947755,4.009252003829078,-2.7002815757436234,16.189314976509703,3.712451002366175,-22.625552553473497,-25.87298911063754,-6.393611779802334
216002,P5_compensating,P5,0.17619671956441965,0.6381319037961035,0.13413995685159047,0.9787899262116355,-0.13175271444757494,0.9787899262116355,0.16645034233279982,0.9968338407905503,0.08081954402372195,0.8263126135362341,0.35224518278041755,,0.3768999944187492,0.3451362332131312,-0.4619351842316839,3652,37,0.0,0.3,6,0.06,6,0.2638877801033903,0.2653987498085615,0.3280609556071112,0.0,0.8933500650884401,0.44671541741113086,0.7019750819112893,0.7019750819112893,0.8388460479348627,1.1859070497482205e-14,0.7658283971305163,0.3265730162024412,0.6562551999674537,1529.0940863774986,75.37999888374979,-27.954672796792515,86.44250642645778,-52.75677654068826,-29.161140828810787,3025.6054141511054,946.2890509294587,13.163766777672729
216002,P6_shift_1d,P6,0.17922280633738508,0.09167889080001473,0.32216788598192037,0.10480468838474646,-0.08427681872691982,0.033178956826118385,0.5005328174360557,0.09675059533070379,0.22340933885510242,0.09206623339925082,0.38591098513649663,,0.11690150231415386,0.012009461417988275,0.08754391553737034,3652,37,0.0,0.06,6,0.11,6,0.9511816793144342,0.9514194396316021,0.97499340769802,0.9303642527588604,0.1934475477538986,0.9123088478015353,0.6210485424746687,0.6253757709636244,0.9546246679423133,2.139324185129777,2.106044176284659,0.8980826533488449,0.45478056931267885,23.897839468395798,23.380300462830732,4.405940162467357,-3.3653172360630212,1.747574303806369,-31.117571549332418,-0.7628213630937635,4.313385961759431,-4.227367752926936
216002,P6_shift_3d,P6,0.32799660795069635,0.16847007546120382,0.5329390408359022,0.20203200474279379,-0.35727226194117867,0.12070423729246389,0.800333483585606,0.15060114960668322,0.4226585938686094,0.17062318462807502,0.4576682262580874,,0.21756186900421096,0.035047957027940724,0.15952653248949253,3652,37,0.0,0.06,6,0.12,6,0.8621506083104186,0.8597548434475831,0.8731509598784507,0.7042278956652724,-0.5745775569854317,0.6870591963100257,0.2516252064992035,0.2529332115293902,0.8775759287016883,2.292360191199469,2.9426133246667137,1.2548217231883705,0.057854419462371354,54.42739701417,43.512373800842205,4.918590754896707,-1.0378069195229953,1.7118634760410418,-84.9169490016865,-5.120898010406414,-0.206526360916458,-4.559375727849388
216002,P7_var_compress_0.80,P7,0.15030572947564816,0.6060732649932032,0.10333947070231794,0.976363498002955,-0.09947695270920837,0.976363498002955,0.11236750030626479,0.9966634989462498,0.0767686870582016,0.8123378542072397,0.3303364739667722,,0.3414960515194384,0.31462276231147945,-0.4557675355175551,3652,37,0.0,0.7,6,0.06,6,0.254555515484707,0.2571357021713552,0.41354551926450667,0.0,0.9519017581296831,0.5199986308366373,0.8137888830228166,0.8070627869665433,0.8703106753775106,0.8346481247343022,0.5142991063352668,0.21931311376731852,0.728970724866991,1405.482225683206,68.29921030388765,-18.29088232312912,89.044291039218,-43.74159768408119,-19.303365026732795,2790.984267918786,848.1238392815123,9.155533487365174
216002,P7_var_compress_0.90,P7,0.10744958631407814,0.5037410201949736,0.07432861251251131,0.9560250453076358,-0.04592683085626871,0.9560250453076358,0.06415696944164125,0.9930679480833446,0.06771525370195307,0.7022532279772149,0.3389320483203054,,0.25934514301524186,0.23503034280362262,-0.39629143388089544,3652,37,0.0,0.7,6,0.06,6,0.3952487578048344,0.4038385681752604,0.8443918719738017,0.0,0.9792999913107221,0.7492745314522641,0.9483750007291771,0.9329082666217066,0.9333022982678691,1.758009807973923,0.33739328331359775,0.1438749758967065,0.8242633231876921,692.7222001110727,51.86902860304833,-4.491494087894433,87.54655740035939,-27.54596742228292,-3.6962268419616238,1437.8569032775217,424.25189174951555,2.3110172450219055
216002,P8_mult_noise_0.10,P8,0.03999104788304725,0.039226493355077705,0.037979670056464084,0.03574831451161707,-0.004035898944431908,0.0008847886300256407,0.04160793076408403,0.044250197695372154,0.03972091709573532,0.03894857212662488,0.02030110834274341,0.016760018480738183,0.039791836232984434,-0.0011128277792733243,0.0007645545279695437,3652,37,0.0,0.11,6,0.06,6,0.9968038358165018,0.9968930394869223,0.9946991896738009,0.9988677569343629,0.9914874549094983,0.996614761510898,0.9740486056362102,0.9800185125224121,0.9866046790297144,0.618676009341221,0.21636194723056323,0.09226345479387672,0.922946324512787,7.981729357031707,7.95836724659687,1.8118799347912187,-4.1717906569870395,0.48399399773264834,1.581415314181878,-0.5989367847749498,-1.8888734704696217,-2.147401554858552
216002,P8_mult_noise_0.30,P8,0.11903370184377414,0.11827872059425783,0.11940834719749623,0.11675683354604102,0.007477611849997341,-0.012008954875564842,0.12199479532623525,0.11257159124293771,0.11704051547216195,0.11607738370098489,0.017774331706064746,0.06454255970360485,0.11904175768247419,-0.0018907951834172517,0.0007549812495163122,3652,37,0.0,0.23,6,0.15,6,0.9967207928977838,0.9967939323796235,0.9993231368038756,0.9970643713997898,0.8733312373031757,0.9689023331161225,0.8355952990519757,0.8886582012426189,0.9310457083431865,5.900223043949738,0.8346145140740846,0.35590555305702143,0.746109620565589,24.926040900618045,23.80835153649489,10.137255010290886,-3.4467450514706637,5.854328955187417,5.19140721117547,-0.9453529762680716,-1.5590300666563703,-12.004745153554982
215002,P1_peak_damp_0.70,P1,0.07290805746815901,0.059072684898950144,0.11874886293372532,0.057587425333396614,-0.11589880466743499,0.003093332554357403,0.15096499272652414,0.04750833900879725,0.07460309536741315,0.06037210984881049,,0.017633367531912563,0.06273770637792925,-0.00659534096360798,0.013835372569208866,3652,37,0.0002738225629791895,0.06,6,0.1,6,0.9652385550827453,0.9567747927961644,0.42929082590652623,0.9988472403727192,0.9094080513073148,0.9882790922429603,0.7063421620525023,0.79796463634105,0.8559501317400022,-12.824394079612334,0.2666091204669961,0.3009849642302505,0.8150689323396926,12.488297765213376,12.547541275585855,-25.493314896393912,0.11230941124539848,-1.9278827474739764,-26.4564145242831,3.608740440388722,0.8820786708348867,-0.03860729051499487
215002,P1_peak_damp_0.85,P1,0.06391826788640992,0.05966246102739661,0.08097634461160542,0.058471997769470874,-0.0623502785270591,-0.0038682721345588856,0.08251997279167214,0.05744242650367182,0.06461615458112135,0.0585371541533196,,0.06990223181935001,0.06072712124607823,-0.004520904727014724,0.004255806859013306,3652,37,0.0002738225629791895,0.06,5,0.23,5,0.9874753298202686,0.9841500356300688,0.8045744499634763,0.99897137223578,0.9521023420979824,0.9893173942594753,0.8348813225565667,0.8864211737684295,0.9251636585761631,-6.510704371667624,0.19385961246182842,0.21885533555757233,0.8597689138594515,12.161640984282435,12.145424249215669,-13.051809083905882,0.17883859917286202,-0.24465174899363779,-14.200118409579567,1.6939008498392434,0.3478896131325836,-2.290396983453577
215002,P2_peak_infl_1.15,P2,0.06102835184111746,0.06109127272565521,0.06807691654649647,0.06229635004245286,0.05017912997686624,0.0015961251630182,0.07297468048032288,0.07463844285154775,0.05995986632527588,0.06309788752302048,,0.040020633519905036,0.060129120995848405,0.0029731645571857844,-6.292088453774963e-05,3652,37,0.0002738225629791895,0.06,6,0.33,6,0.9847383960791681,0.9816568022262586,0.7784846005235045,0.9974454037194448,0.9345903941824197,0.989830027323677,0.7853922177865424,0.8659428455549711,0.9086259119495036,8.485062120280704,0.2265431668735313,0.2557530172208731,0.8529755560276692,12.206384676487241,12.025824199169687,16.07231487149896,0.14774946527307986,-0.7318763666219378,16.824300634591253,-1.9499102357379652,-1.4882838959296785,-7.562587160365938
215002,P2_peak_infl_1.30,P2,0.06803801970196861,0.05894110536626188,0.1028665089389716,0.06110845690488874,0.093894464817024,0.009551931455428379,0.10550546900552754,0.05843072599845538,0.06862843203232442,0.057915186511694444,,,0.06113860941699075,0.009101515877683654,0.00909691433570673,3652,37,0.0002738225629791895,0.06,6,0.29,6,0.9709631891241941,0.9632955059982997,0.5336103257740568,0.991326186883124,0.9424430735429783,0.9890115600993628,0.7527684152777663,0.8506576240858355,0.8573557800114406,13.523026628534812,0.21250981762213783,0.23991024666950278,0.8176773157872077,12.656748225367556,12.227721883398187,23.228719625843127,0.08142259860369107,-0.049818071931897495,21.448827631633755,6.520627663501644,0.3533185147974421,-8.106327490779195
215002,P3_base_infl_0.10,P3,0.0673950752951325,0.2627932773381276,0.06067073176201228,0.7622983170501012,-0.00808475939506772,0.7622983170501012,0.05743869707479956,0.9766095313678381,0.06120929852157368,0.3305043471404219,0.10430262179727574,,0.1239264524260131,0.09546887735624185,-0.19539820204299507,3652,37,0.0002738225629791895,0.54,6,0.06,6,0.6697554969041809,0.6795242364706898,0.993254541346164,0.0,0.9679283020840671,0.9443088105093813,0.9690627283581869,0.9550326909858349,0.9663355150590913,2.160643020345765,0.158632138019533,0.17908572783986146,0.867765373556172,192.1776098216234,24.785290485202637,-0.6778392064149336,84.59180671338274,-9.113255511162793,-1.0759537202281932,121.17130515646595,50.57124302878163,-3.7017702389860574
215002,P3_base_infl_0.25,P3,0.08456554011029976,0.37009113554692896,0.06233604958279413,0.8747626190143823,-0.011924243658284813,0.8747626190143823,0.05431172701581541,0.9899622674458873,0.05966270382822353,0.4883185906196575,0.3121283408092351,,0.18456677531628743,0.16405153552411644,-0.2855255954366292,3652,37,0.0002738225629791895,0.3,6,0.06,6,0.4347452161072789,0.44450414023283386,0.9751505367507669,0.0,0.974521710093824,0.8477142456812566,0.9500184716186474,0.9249632703688228,0.9363614617732009,4.61899525347328,0.14138890751585811,0.15961920281149125,0.8436896514281067,434.61041284126657,36.91335506325753,-1.03653226020264,89.67894819478046,-20.889307865465398,-1.5414976897974972,306.49942217160225,131.64002266169936,-2.436753579166348
215002,P4_base_depl_0.50,P4,0.15110438109692603,0.31650561581737313,0.061449362744841717,0.33076027623570564,0.006831001878418798,-0.33076027623570564,0.06300062347447678,0.3151233036167632,0.0589823713058093,0.33033330549233914,0.01147299293514026,,0.24886549919461784,-0.23077594380531194,-0.1654012347204471,3652,37,0.0002738225629791895,0.12,6,0.1,6,0.3038418603317547,0.3138104255609733,0.9863125827735757,0.0,0.9729953164966113,0.8562951385948849,0.9222618373809324,0.8722446973072799,0.9111165272751486,-5.442141360606645,0.14556258086827387,0.16433101808054584,0.8239223033722138,38.07668178626768,49.77309983892364,2.6747140644329854,7.514878974950129,36.4034347519003,2.8599820050934293,-51.23320013769385,-49.615281977675544,-10.81390726252244
215002,P4_base_depl_0.75,P4,0.0878116897396528,0.13832884892174202,0.05660293226948098,0.13516100310352205,-0.0038991466137478044,-0.13368812482723036,0.05682011215633805,0.12307481256798633,0.05868043653108859,0.14284865679957662,0.16122268813279933,,0.11849638201265092,-0.09943656662414846,-0.050517159182089225,3652,37,0.0002738225629791895,0.15,6,0.15,6,0.4228486898669845,0.4294498754560363,0.9987570500374101,0.23054112740964944,0.9845003849606261,0.9655172732559101,0.9662936342427222,0.9495042888683004,0.9492184388954529,-3.2576599908854216,0.11027845098983705,0.12449744993120909,0.8684806944802741,20.746152239049525,23.699276402530202,-0.17076558399141825,3.2097935024848416,15.838464262176947,-0.3344343062678059,-24.44718043738075,-23.63816378950938,-7.166286722714186
215002,P5_compensating,P5,0.14923103735450377,0.5380591654554889,0.1250722050743087,0.9474287048060763,-0.11998458678585343,0.9474287048060763,0.16587461151580776,0.9964085261359695,0.07988287795787326,0.6944367354316039,0.35715298761550657,,0.30848621894860817,0.2776464439248721,-0.38882812810098516,3652,37,0.0002738225629791895,0.31,6,0.06,6,0.27961854192607943,0.2822889456792729,0.45949739934993783,0.0,0.8997339059531028,0.5536474673404101,0.7131377486702679,0.7131377486702677,0.8553139696377586,1.6161164888778718e-14,0.2804834558756844,0.3166482181331473,0.6822879769110135,1216.2513983220817,61.69724378972153,-26.72439527009526,92.93539681312345,-47.57206243241502,-28.492293358598197,874.7150012526455,364.80158675527775,6.073448882342081
215002,P6_shift_1d,P6,0.14055126902135218,0.09734921743056037,0.29246918795815763,0.15841575066728927,-0.056441911212541475,0.03542293170922648,0.44784311884377787,0.22179897283397704,0.15908901047335933,0.10207707253082636,0.1953784459566113,,0.09964468042052298,0.004082766046620431,0.04320205159079181,3652,37,0.0002738225629791895,0.06,6,0.06,6,0.9818968724216525,0.9820260154777403,0.9664921299724917,0.9701945618029502,0.30689961768900054,0.9383102358658109,0.6694706727374906,0.6724695253146147,0.9667872630729202,1.7246312841313485,0.7374426824164133,0.8325265054705463,0.54117620329842,20.420412911437097,19.928936084104627,2.690924867534674,0.17469380037746954,-1.299590174868221,-20.54484087890803,-2.5281662282616932,3.9027751739181165,-5.749083944451272
215002,P6_shift_3d,P6,0.25133840822193504,0.15951592719463023,0.5273203254172667,0.2831333674780119,-0.21520297587028972,0.11386750698934076,0.7029739513686268,0.3122343677020096,0.3009971562674853,0.1742387394639409,0.48192086895698966,,0.17027733703243023,0.016914291603269526,0.09182248102730481,3652,37,0.0002738225629791895,0.07,6,0.06,6,0.9412290309186915,0.9398696960108528,0.9631080223093331,0.856866735294599,-0.14507724845494563,0.7997427500716545,0.43939549389918875,0.43969208417432626,0.9286419054908939,0.9746992679594234,0.9478674160459906,1.0700828231753585,0.24234995878202104,39.61575188836394,34.055467406486,1.123713587972975,0.09094940158793327,-2.177950461222157,-60.06543931595731,3.4062085508201236,2.229862479304365,-5.6329337265542225
215002,P7_var_compress_0.80,P7,0.12842901474936416,0.5144044287621519,0.09933492385862168,0.9467519567248796,-0.0919997114328289,0.9467519567248796,0.10572187847850452,0.9966287687651045,0.074204500757098,0.6807147524153414,0.3571632249290806,,0.2820742446997676,0.25437463122306003,-0.3859754140127877,3652,37,0.0002738225629791895,0.44,6,0.06,6,0.3021521069299383,0.305853390479376,0.4719478639891406,0.0,0.9410188893886553,0.5891889615875892,0.7855861688257103,0.7786157413595226,0.8778228390416654,0.896263221009641,0.2151229151050607,0.24286026972591604,0.7403697370254939,1272.7344749312776,56.4148489399536,-17.98415950986385,92.8634170346942,-40.98400602596488,-19.54996132795943,840.0740768483015,343.52979061429244,4.219763640307604
215002,P7_var_compress_0.90,P7,0.09016672769104339,0.4056544594673554,0.06401035295459043,0.9044294292774099,-0.0382554384739963,0.9044294292774099,0.05503029967018944,0.9929568655327499,0.06408395068267354,0.5461693949358516,0.3596867321792944,,0.20350323194015985,0.17843220542999957,-0.315487731776312,3652,37,0.0002738225629791895,0.55,6,0.06,6,0.44319288924393463,0.4523336424020246,0.9021538680531421,0.0,0.978317422040335,0.79425527527612,0.9237242533402987,0.9085017858990809,0.9394891708507433,1.718196113395275,0.13043245228115283,0.14725005249460874,0.8390979397771026,593.0913247761714,40.70064638803198,-6.301172384386073,90.23257898454182,-25.91405258024361,-6.495422821577821,428.70324608762377,173.78506945550853,-1.5802962023283176
215002,P8_mult_noise_0.10,P8,0.039986385100940054,0.04013643280165097,0.04169120147175833,0.042800135911095834,0.0018589170639966856,-0.0012560742903734593,0.038311467314485426,0.04569021549099812,0.03976697670019996,0.04080653204730678,0.022254433385564043,0.06662922863590015,0.03976590662486785,0.0001673808338011727,-0.00015004770071091328,3652,37,0.0002738225629791895,0.07,6,0.06,6,0.9967044774580279,0.9968026338180812,0.9988215884196988,0.9945854312067317,0.9903418634247887,0.9955925650390636,0.9818274827905239,0.987433967671668,0.9866317886869084,0.6574782243055799,0.08705162299380492,0.09827581887326738,0.9198812582321143,8.005347200680383,7.953181324973563,1.1490986904769267,0.024520971293209858,-0.9540349757348666,1.3097115562798667,2.441109750238415,0.8519324025116997,-2.7537268205080063
215002,P8_mult_noise_0.30,P8,0.12192760041827154,0.12129822660287827,0.12005909228395434,0.1272743389196829,0.008708628790969276,0.023310704106328285,0.12795898757493462,0.12566546710072446,0.12293477271943877,0.1228098927197502,,0.4097448991814899,0.1211114968340517,0.004384877978305166,0.0006293738153932693,3652,37,0.0002738225629791895,0.17,6,0.35,6,0.9962488753601723,0.9963846715780436,0.9975883566719632,0.9937769909937249,0.8714888649520216,0.9574784160639963,0.8121978276012014,0.8748191399586396,0.9216190361463817,6.683895499116,0.3175415651117231,0.3584844976396865,0.739008352731011,25.625538353217447,24.22229936681035,8.962450039601467,0.47781786220686173,1.124885337683887,8.350693883460691,-10.417566879203157,-5.451782793782266,-15.432425563721072
215004,P1_peak_damp_0.70,P1,0.0817732596792848,0.055363370796404715,0.15323201707668366,0.049393018561917905,-0.15179632559152806,0.0018070017866027128,0.17475111978648428,0.0,0.08744654108012297,0.054645845212771396,,0.0725568433232223,0.0642211630049873,-0.009488406832863082,0.02640988888288008,3652,37,0.011500547645125958,0.06,6,0.15,6,0.9540936324830959,0.9445056410537443,0.2695353582404503,0.9949813197436637,0.8991425580453279,0.9882996734156716,0.6442986034198208,0.7676083680722118,0.7892571055721949,-19.81662834525765,1.1771283290476409,0.31758060701918184,0.7648409369334327,12.829764178799474,12.844232600997463,-28.97408119281939,0.11882825150433961,1.5181501365364818,-29.736147773265092,1.9258347501504387,-4.393523142969959,4.9701027498854105
215004,P1_peak_damp_0.85,P1,0.06347635969811488,0.05693842092733769,0.07982920576435923,0.04817922289443346,-0.06697410807301964,-0.0008342045125877817,0.08395617591246549,0.0,0.0641638317651637,0.058306204406831916,,0.05663888854791397,0.060361888578774114,-0.004065636683681727,0.006537938770777192,3652,37,0.011500547645125958,0.06,6,0.15,6,0.9839729859680424,0.9801995519979964,0.7485151542934145,0.9968762143444098,0.9713133199645695,0.990501464735388,0.8545733270521405,0.9070852608998579,0.9065175220943559,-8.640122355281653,0.6277836227482523,0.16937142626615181,0.8623556320512091,12.2552202946035,12.072377715754799,-12.453470692460241,0.09747849056349538,0.11982648325854926,-12.331757538627885,1.8410556121297932,-4.7009687831049245,0.4653425566905598
215004,P2_peak_infl_1.15,P2,0.06355009200683515,0.0554626925679498,0.07697885795826531,0.04583046530951931,0.0597461451418007,-0.0006486328785723751,0.08966801052799725,0.0,0.0652760571962933,0.057465882526935186,,0.024567402019021807,0.059369666796408295,0.0051627978264728305,0.008087399438885347,3652,37,0.011500547645125958,0.06,5,0.12,6,0.9850651589907051,0.9835745581198797,0.8080287967947649,0.9970386541442613,0.9178313871187808,0.99062462794579,0.7259936663905834,0.8367265725468235,0.8650196892999008,12.932754052707317,1.0624850183326306,0.2866506809362559,0.8213744109671901,12.27241009544888,11.873933359281649,19.2459941688131,0.010308246520837918,0.1473382631553343,21.105456641000654,1.904011280634246,-3.0364695094676195,-7.181195010657902
215004,P2_peak_infl_1.30,P2,0.0731044035517144,0.05484172738963288,0.1206687235779743,0.04452713962069212,0.11745972521500218,-0.0035589135206057316,0.1314872951619257,0.0,0.0772941232586959,0.05562009142527197,,0.021380411012680733,0.06148445087948241,0.008101257672557217,0.018262676162081513,3652,37,0.011500547645125958,0.06,6,0.91,2,0.9575699303138947,0.9494990140816745,0.3803892702730849,0.9904926237818976,0.8858330889178421,0.9896573288830026,0.6178046517074047,0.7668289164578985,0.7739227381009095,22.08650587375853,1.2523910709773924,0.33788594389550736,0.7513605360304759,12.867976894063371,12.296890175896497,30.772976620102437,0.17744962699455222,1.0450667611845337,30.532872333978695,-3.999376381774361,-5.736786207769305,-8.082657581652038
215004,P3_base_infl_0.10,P3,0.06696771330268361,0.2784724389977664,0.05714239782737796,0.7905226011239882,0.004979426522444623,0.7905226011239882,0.046457955437660785,1.0,0.05970464327534447,0.3599206600911699,0.029239180092089156,,0.12954095760315656,0.10144115740136835,-0.2115047256950828,3652,37,0.011500547645125958,0.6,6,0.06,6,0.6807656661588308,0.6907685166435887,0.9965949044389278,0.0,0.9848492056279105,0.955765608940619,0.9785100267019234,0.9670082288755466,0.9701772689791364,1.7540599483684405,0.45623388655792835,0.12308856312464414,0.8853617068615539,201.56580982235147,25.90819152063133,-0.49142084271114544,84.25422535378672,-9.75524985965764,-1.1557251862519613,203.30041526181404,51.97936797449306,-1.3133299097226443
215004,P3_base_infl_0.25,P3,0.08473746365156677,0.38335691543493416,0.06263765692429084,0.8925776507671498,-0.00230258100965159,0.8925776507671498,0.0629005662833482,1.0,0.05902590334749754,0.5155344711660319,0.028455448007243964,,0.18927313735609244,0.16847279146795804,-0.2986194517833674,3652,37,0.011500547645125958,0.69,6,0.06,6,0.4646181536836735,0.4742076075682074,0.9969932528855232,0.0,0.9587672499410711,0.8750361906441858,0.8892554168891554,0.9316152093078718,0.9300519131839146,5.662477564127752,0.7526463986587695,0.2030584892559996,0.8463780798100662,459.897736165878,37.85462747121853,4.228603199958992,90.17921898707496,-22.73898361294543,4.607393086272654,489.69923499402654,133.91597553431404,-1.2968569232038236
215004,P4_base_depl_0.50,P4,0.15146605985883127,0.29993598319108977,0.06080526914875221,0.26024501356602403,-0.003871731606212255,-0.26024501356602403,0.054515258791421425,0.0,0.059427493404600525,0.31930285479710885,0.01794224220596831,0.01,0.24710275523935857,-0.22926525277540236,-0.1484699233322585,3652,37,0.011500547645125958,0.26,6,0.06,6,0.3053261918520779,0.3153227825687692,0.9971681728048031,0.0,0.9876340301327182,0.8752321344316016,0.9567437096308665,0.9286090004642448,0.9390765024416202,-3.7815352203100905,0.4121771662732256,0.11120238247124833,0.8540104255675277,38.178028778567366,49.42055104787164,1.3869986811930965,6.977976165203587,42.92475169762731,2.068402531057791,-50.19167259832771,-52.18945568587267,-9.772418531140435
215004,P4_base_depl_0.75,P4,0.08820094307646721,0.12957625643540174,0.05947796325509535,0.11171313632017886,0.0038616584377765243,-0.11098898728786212,0.05507009466264981,0.0,0.060237999740320666,0.13272614139209368,0.011360372238325258,0.01,0.11664385788121663,-0.09705330892426349,-0.04137531335893453,3652,37,0.011500547645125958,0.3,6,0.21,6,0.4266445361601376,0.4351833999939133,0.9986952829080128,0.13107161506622708,0.970336179967908,0.9704651690090644,0.9558130972932299,0.9496508234270137,0.9658570535456182,-0.6190585330077198,0.6383860319965365,0.17223187867549966,0.8679421160340655,20.719766527813636,23.32877157624332,2.010353040250393,2.8858581845832676,16.162435693888945,1.0449042226279297,-23.643349189342953,-25.66473129633423,-6.1950860816173225
215004,P5_compensating,P5,0.2089441554385517,0.6672522349120955,0.1453310018889365,0.9777233497636679,-0.1435517304519241,0.9777233497636679,0.17935177221849324,1.0,0.0876247131427198,0.8269001144860395,0.33161467996349464,,0.41795992923771125,0.38466766328532453,-0.4583080794735438,3652,37,0.011500547645125958,0.06,6,0.06,6,0.2697138135795194,0.27121539720878396,0.33691887765230194,0.0,0.9051264493946278,0.22833646396542295,0.7065354839662727,0.7065354839662727,0.746505934264003,-3.365745815045723e-14,1.1416747979614896,0.3080155038392908,0.5840036013511509,2521.7566366599144,83.59198584754225,-28.43083664290083,95.32587748885643,-65.92780332855024,-29.83796259536861,2674.0221462706945,782.9828912752173,21.07944667962591
215004,P6_shift_1d,P6,0.20513514432074012,0.10769857548275291,0.4352790960169563,0.16132235389016336,-0.14059121752253834,0.08380295080156014,0.45878854158907073,0.10810810810810811,0.2655456836759409,0.11082518133623327,0.33879361556070614,,0.13119078647614166,0.015466456246275927,0.09743656883798721,3652,37,0.011500547645125958,0.07,6,0.06,6,0.9351557876755081,0.9358392392270456,0.9840227591449351,0.7986781785033521,0.21120697492030005,0.8638465291204824,0.6143866595729104,0.6148431986509484,0.9476591212648762,0.8715274840936275,3.2919358841644843,0.8881402057556566,0.34102928735043836,31.442933968190673,26.238157295228337,1.271202038019846,0.05217052423837862,1.496658482516785,-34.566490560942874,2.444976016713303,-2.1575310343399163,-3.0027745490172304
215004,P6_shift_3d,P6,0.35777528575176426,0.20023431232980182,0.6648794196110853,0.328644529587732,-0.45906277038233007,0.2454167734661005,0.6813300478863796,0.2972972972972973,0.47256244146036797,0.21073184442188767,0.47379453403859745,,0.23721843924241218,0.04013515680164858,0.15754097342196244,3652,37,0.011500547645125958,0.07,6,0.06,6,0.8549272597622078,0.8538288244056434,0.7618888426502716,0.6470523145297159,-0.6551752947742151,0.5591329795761011,0.20713638606594853,0.20766947355793242,0.8393616205339194,1.0527350327092015,4.7686103261368915,1.2865361614716528,-0.10136067818908079,79.75305702686858,47.443687848482455,1.069947416327427,0.14920894311876454,-0.18587599234920166,-77.15226011333617,-2.2925298936018983,-5.560858971442598,-2.8484334374962996
215004,P7_var_compress_0.80,P7,0.16472317534955136,0.5975927774272513,0.09518730999594438,0.969796629568638,-0.08723751651414542,0.969796629568638,0.09926411673699637,1.0,0.07307468012057661,0.7716028841156576,0.24619647048613405,,0.35145629771164205,0.3320018268768143,-0.43286960207769987,3652,37,0.011500547645125958,0.39,6,0.06,6,0.2008161900596623,0.20507847662964385,0.5732918300318103,0.0,0.9474409458590914,0.46427309130106775,0.8222362375881996,0.8094901499994889,0.8565676271720859,1.5822527653799114,0.8497547632709798,0.22925761522991678,0.7217129791644563,2007.5700358430197,70.2912595423285,-17.219163277056634,94.870995995175,-48.99477353402049,-17.357394638599423,1925.9358419732175,558.8848539653221,14.729767304697535
215004,P7_var_compress_0.90,P7,0.11625615202113102,0.4859989322433388,0.07568235601998428,0.943047862992132,-0.04511546271337201,0.943047862992132,0.08784944839988575,1.0,0.06494333600283789,0.6514979973170063,0.2512360477525222,,0.25983658978750385,0.2419422686552972,-0.36974278022220775,3652,37,0.011500547645125958,0.64,6,0.06,6,0.30505348971015495,0.3145628788324381,0.8902940947813752,0.0,0.9630074808074696,0.7271123017895598,0.9005350772084748,0.8925217478816482,0.9261404477996539,0.9097974395738513,0.7128970064917252,0.19233439420064855,0.8023947932313596,1155.326461248864,51.96731795750077,-8.06545430558124,92.96764592200279,-31.94256199728606,-9.732833094858194,1027.4591237865736,280.2096917197634,6.114779457381882
215004,P8_mult_noise_0.10,P8,0.039996109909844244,0.03580032607134854,0.04172012138485207,0.02799760964253834,-0.0007941529948337925,0.005802678766501674,0.040501366674363846,0.0,0.0402919702697589,0.034700095069120904,0.022835791966038462,0.030283504781934853,0.03878841718469767,-0.00011803385490859652,0.004195783838495705,3652,37,0.011500547645125958,0.17,6,0.11,6,0.9955668179678772,0.9956357837393734,0.9983091585073748,0.9861780974700585,0.9900610778337685,0.9960125746085821,0.9893636614759358,0.986630690739932,0.9831906713482543,0.3186554731333979,0.36952130412356554,0.09969414308890712,0.9196305282383129,7.878135930376505,7.757683436939515,0.5940106056896144,0.01643525688627168,0.8656593016189159,0.5135183496548159,3.8330734742479735,-0.3182744994571455,-1.5056599902164272
215004,P8_mult_noise_0.30,P8,0.1137666598499066,0.1083669176984903,0.10417188330142677,0.08188356910004314,0.011309246046560702,0.0011807184404415893,0.08458165828768527,0.0,0.11241620440860295,0.11051454588003665,0.1933444974782727,0.09015246994603862,0.11505882967115048,0.0005450329236165141,0.005399742151416295,3652,37,0.011500547645125958,0.38,6,0.09,6,0.9968024938143294,0.9967790735828099,0.998624994660298,0.9997234693626167,0.9147710984463531,0.9640552695018918,0.8415086767959418,0.9008373404888816,0.9160234980449161,7.204424826398855,1.0820897488654022,0.2919398937343901,0.7753891401096293,24.46922272498786,23.011765934230127,10.904273522331057,0.35803703136492726,2.270354447384155,8.074813022609954,-3.097865568135117,-10.21863757414064,-10.175340930825154
215207,P1_peak_damp_0.70,P1,0.0801527968517183,0.05867870648424309,0.14476755623006676,0.05711264235938921,-0.14263229775974134,-0.0010858492998924742,0.1887698349630242,0.04620612719708001,0.08388717363964993,0.05761428566005411,,0.05629103757897563,0.06444259021066367,-0.010343424660129058,0.021474090367475218,3652,37,0.002738225629791895,0.06,6,0.39,6,0.9603319476657951,0.9511969898070086,0.3684471702429322,0.996771043457013,0.8768604435705378,0.9883272560193991,0.6241218692126203,0.7461694448861056,0.7974664262000887,-18.626635029038138,0.4049898785604182,0.35091246263058573,0.7697270059788074,12.759390339738669,12.888518042132732,-30.813134669478217,0.168895402555727,1.577408035297084,-32.28505311646263,2.068187363043423,-1.5170055755738439,2.9251939339523316
215207,P1_peak_damp_0.85,P1,0.06365986294398335,0.058343497463272456,0.07920830191207384,0.057273437210099545,-0.059106711322687355,0.005086052907822432,0.09322914202400458,0.045785234627259155,0.06428233755310528,0.057392382551295536,,0.01882888763320662,0.06029938119867562,-0.004117864612800609,0.005316365480710891,3652,37,0.002738225629791895,0.06,6,0.39,5,0.9836414870752259,0.9800740691987526,0.7798520009694763,0.9879790440857393,0.9690531725862037,0.9904519936313729,0.9251933302487367,0.9200700804738476,0.9218297080754458,-6.711117528178931,0.20302683460047694,0.17591710381255213,0.8597563898109808,12.139475988836466,12.059876239735095,-10.942293392696106,0.07536924182470758,1.3236490241151257,-11.486212593914246,6.299269134682936,-1.111860008668544,-2.3484935881067055
215207,P2_peak_infl_1.15,P2,0.06437847303190326,0.05884237363815881,0.07595400222343418,0.05962877112924517,0.05009443848926015,-0.0038780422695403453,0.09457790324809882,0.050405950582436555,0.06551291079649155,0.057499286497949165,,0.014376578139686564,0.06057036417307069,0.004125989162665619,0.005536099393744456,3652,37,0.002738225629791895,0.08,6,0.2,6,0.9870465518375976,0.9855246982473068,0.8588067453055205,0.9902014345055269,0.8336872762958831,0.9902730076056236,0.6311537540904626,0.7690433061400881,0.8619665876178011,12.990310320595375,0.4706608937185623,0.4078145702450034,0.8135499101620391,12.405899838689983,12.11407283461413,22.66478797926619,-0.0022366483374170396,1.4689086307877504,24.64249721622503,4.8054089640384525,4.412157371421781,-8.39300344495315
215207,P2_peak_infl_1.30,P2,0.07188905749694115,0.059720802768719286,0.10906839795960077,0.058054771063126925,0.1013379952016013,0.005014145382326468,0.1223292999569096,0.04480426713023404,0.07563323488711313,0.06127048819115056,,0.0883353385673784,0.06295105266838388,0.00557445274718358,0.012168254728221861,3652,37,0.002738225629791895,0.06,6,0.4,6,0.9659719108721808,0.9590220693639216,0.5100054883213,0.9981732743950451,0.8597237376612092,0.9892333965634638,0.6480559557075007,0.7919510401202865,0.814104551183732,17.802630220006023,0.43225245634486514,0.3745347278141117,0.7756152563811749,12.994283012289198,12.590210533676776,27.782520642206784,0.07527888458156658,0.871089558263383,26.90163753974008,0.27155817725894027,0.522248221962884,-9.287973290211594
215207,P3_base_infl_0.10,P3,0.06814292672295597,0.2766659076151814,0.05878941483257994,0.7115893930029137,0.005649223875294203,0.7115893930029137,0.054744973381938955,0.9807176256397694,0.05939659199374833,0.3634049794541864,0.03317415338679106,,0.13209836740754782,0.10510684617033017,-0.20852298089222543,3652,37,0.002738225629791895,0.68,6,0.06,6,0.6526390971987804,0.6625160222877386,0.99532132208019,0.0,0.9839451178331028,0.9489704087028312,0.948859952523698,0.9372584943517343,0.9687461896736316,1.2791729413945607,0.1462341948713997,0.12670786150392244,0.8742202096354822,130.79160943802194,26.41967348150958,-3.0294377972028625,83.32456388430887,-9.268947593557227,-4.181080148407043,183.05369073236315,76.65128021959752,-2.6511464465723145
215207,P3_base_infl_0.25,P3,0.08868954700859091,0.40062770999586944,0.059483141032978665,0.8479599590915269,0.006737258695602692,0.8479599590915269,0.06593872086043988,0.9921408424880453,0.060019269130372414,0.5438817463736463,0.09032496959167821,,0.2021370305636806,0.18135430024157437,-0.3119381629872785,3652,37,0.002738225629791895,0.71,6,0.06,6,0.44726024748939863,0.4571371725783567,0.9915383040801234,0.0,0.9667981580270719,0.8494737497560125,0.9217068261626673,0.9345030281379391,0.9227858522747172,6.191782378757093,0.210293798758424,0.18221372608266392,0.8390106497436364,319.7645763485708,40.42740611273615,3.0204882821505366,89.20511104956495,-22.73148026477655,2.6184857806010133,445.39826378230134,198.59468915341955,-1.5250861026153
215207,P4_base_depl_0.50,P4,0.15194387252259678,0.3126752225391764,0.05955456036986942,0.3136127219114452,0.015447932550506012,-0.3136127219114452,0.05824270677854842,0.24347662026817324,0.061242195206012345,0.32503245412131326,0.3033933840004168,,0.24914822043636536,-0.2299465930873418,-0.16073135001657962,3652,37,0.002738225629791895,0.26,6,0.2,5,0.3069483429808614,0.3166704235444612,0.9878282304363747,0.0,0.9815401537021163,0.8733138168169183,0.9268641975770441,0.898166241548439,0.9349631960121206,-2.769534387577248,0.15680482330811982,0.13586701696101117,0.8376678725151505,38.23369344527129,49.82964408727312,3.9232693413691733,7.73975459578362,39.85174027492791,4.466999999578031,-49.021447903157316,-49.572463956287656,-11.259653168583213
215207,P4_base_depl_0.75,P4,0.08897508366030629,0.13579963938885783,0.060477918453592655,0.1282448556414651,-0.007247017037778355,-0.126003740659922,0.06403326531265938,0.10527474186067347,0.06117931961025992,0.13936272875370845,0.013131925947114962,,0.11813866550036187,-0.09891568821824404,-0.04682455572855154,3652,37,0.002738225629791895,0.3,6,0.09,6,0.446256881018131,0.4533903298703107,0.998944567471329,0.2811235552713885,0.9752606908535759,0.9698005520534062,0.9407668218789562,0.9612695669238407,0.9477056425997316,-3.4935758803165644,0.18152613501966391,0.1572873457924195,0.8656880214781922,20.75987203728798,23.627733100072323,-1.4031760585397222,3.2319271145356745,17.189585102027493,-1.7191679187743885,-20.566912411565113,-26.867041670911398,-7.095823207542519
215207,P5_compensating,P5,0.1815668613009751,0.6290176265995808,0.13681404797815766,0.9547460278655242,-0.1328368215222903,0.9547460278655242,0.17264927313232414,0.9979526016638255,0.08375742690226529,0.800347799856853,0.3428722623548341,,0.3778133379266811,0.34536812973593106,-0.4474507652986057,3652,37,0.002738225629791895,0.31,6,0.06,6,0.26917699970335074,0.27125010156194557,0.37118939673918644,0.0,0.9020861693009803,0.37151060339819486,0.7122517512085226,0.7122517512085225,0.8153943363211253,-5.6021889918485715e-15,0.3611331849155731,0.31291185771558705,0.6262278113751925,1257.5938825685437,75.56266758533621,-27.656205899562725,93.70369491854954,-59.383318315376414,-29.18315953922182,1692.7243735635175,763.5532114514342,12.132936417742973
215207,P6_shift_1d,P6,0.15832052643729808,0.09386845602122262,0.31788176466519574,0.13340146351623536,-0.05733796133999119,0.027000528432072044,0.46641340581623547,0.17957571408626447,0.1915841879130851,0.09574542558996442,0.4291336109125555,,0.10679352097046674,0.006345502319697924,0.06445207041607545,3652,37,0.002738225629791895,0.06,6,0.06,6,0.9627369585762335,0.963797088083968,0.942866177997199,0.9165825626432011,0.2607262968539448,0.9212286142853047,0.6427599599780358,0.6442464742179175,0.9588177297429785,1.6306935773011617,0.9923114581604253,0.8598102715983656,0.46551133732508343,21.29357059879205,21.358704194093352,2.796880171077457,0.12851200078115763,1.1192697149827422,-15.053562405959909,1.150960958076799,0.7002132590262804,-4.644560574483989
215207,P6_shift_3d,P6,0.29227944381901666,0.1723038689070411,0.5817325113743619,0.30803377740804533,-0.20779164145161574,0.11010995624200615,0.689521622605884,0.5185275946687303,0.3751288150195859,0.1716803918282659,0.43431340880143976,,0.1904310663848288,0.02435010374163592,0.11997557491197555,3652,37,0.002738225629791895,0.06,6,0.06,6,0.9001681813908884,0.9013679353885476,0.9746393384777916,0.8260754075415317,-0.5069647828941917,0.7360071533209029,0.29837148586663587,0.3007605878354863,0.8969354056554314,2.500147653457532,1.4167620942071315,1.227584939176997,0.07419232208290039,44.35141421069086,38.08621327696592,3.7730793236940023,0.03602609423350912,0.6096979159644794,-66.83111121397609,1.9004172271279964,2.6964326892209924,-5.23204550698631
215207,P7_var_compress_0.80,P7,0.14655447567343002,0.5768747169343525,0.09715755806878554,0.9432125278788633,-0.08579051355899384,0.9432125278788633,0.12045020846925136,0.9975097859374297,0.07258777477293196,0.7603592685641724,0.2877252429825322,,0.3269807167316048,0.30493631612341515,-0.4303202412609225,3652,37,0.002738225629791895,0.66,6,0.06,6,0.24271586864380887,0.24619403777951948,0.6425392637653272,0.0,0.9338524670138825,0.5176496976165447,0.7777338723995704,0.7718259839772678,0.8668198706411213,0.7663964811461101,0.29682617993840965,0.257191626975136,0.7207976222424408,1015.6148893578508,65.39614334632097,-19.175135145089037,92.9215303756681,-46.4109284513857,-20.53333022589054,1330.6900243811924,596.76819455281,8.767918986581456
215207,P7_var_compress_0.90,P7,0.10297416986043953,0.4644010005522352,0.07336944429276666,0.8949874084675034,-0.044781057744496984,0.8949874084675034,0.07953178120257473,0.9950117253350441,0.061909155365312094,0.6343486764674839,0.2853271409912958,,0.24105229787090046,0.22086506324656166,-0.3614268306917957,3652,37,0.002738225629791895,0.71,6,0.06,6,0.37588936430327413,0.3838252766033912,0.8591680055977047,0.0,0.9666376968736359,0.7583926635337603,0.8645042355573547,0.8647023265779551,0.9307529994461555,-0.022948786498902904,0.21080135062015398,0.18265350565035463,0.8157398389827257,523.776289246642,48.210459574180156,-10.656567971708759,92.9756114612439,-27.4903544646955,-12.184599034914063,689.9689840499304,303.0930185663046,3.0664266402130806
215207,P8_mult_noise_0.10,P8,0.03995676737441089,0.038790890028386635,0.042123563698460445,0.038930548397933966,0.0037060334667792356,-0.0008813501366694362,0.04278340390117522,0.0358610256938931,0.04086110362796142,0.0379131120628759,0.09303581987722223,0.07948432531026513,0.039293691356676055,-0.001188722575032543,0.0011658773460242536,3652,37,0.002738225629791895,0.06,5,0.12,6,0.9958843378168183,0.9958300311355839,0.9970879948590925,0.9991169290617865,0.9927607201304743,0.9959949528027289,0.9744522700957127,0.9833598621662604,0.9824998264605262,1.0405146028091687,0.09819583341591687,0.08508395776834587,0.9198246739058313,7.898575293012098,7.858738271335184,1.922970784022777,0.06109600346362201,1.8371070700085121,1.607176750222895,6.125177595404126,0.6396352207287157,-2.7262569562402525
215207,P8_mult_noise_0.30,P8,0.11958909818176332,0.11784757723247294,0.12175124542577963,0.11843009668888602,0.00724577445229415,0.015100650395807816,0.11312662265090145,0.09050322264183024,0.12051909938025811,0.11640425275955953,0.06530749919430254,0.033489326596610504,0.11918994128993186,0.0028027427540105454,0.0017415209492903788,3652,37,0.002738225629791895,0.3,4,0.1,4,0.9962007746278286,0.995927146797955,0.9935041126814204,0.996614256633435,0.9183976713378533,0.9625350479002047,0.878689803135583,0.9215179593117964,0.9229919847676842,6.3582177986878765,0.32968307574524947,0.285661213086668,0.7487573308777343,25.092985738114056,23.837988257986364,10.301425295453399,0.21770441686544986,1.0045103097369823,7.5927649863638536,3.0315252063636837,0.6331735010120104,-13.429620360358339
218001,P1_peak_damp_0.70,P1,0.07051703565018999,0.05226537010280417,0.11210042260697171,0.039579851757685046,-0.10251103536226985,0.0018957601367969425,0.14674585690313355,0.0,0.07413299250231485,0.05183250850118403,,0.02929123921507734,0.05932195186171385,-0.0062921214380512415,0.018251665547385817,3652,37,0.016703176341730557,0.06,6,0.06,6,0.9720248466856941,0.9640595304563142,0.5241947458640992,0.9988101004461261,0.9291604074564298,0.9915218213925425,0.745275365719061,0.8213614360975446,0.883764070105496,-10.17132370968332,0.5990258226574026,0.26615708245990793,0.8309574959992568,12.007652948884667,11.864390372342768,-23.732308341058502,0.10809815840146661,-0.8871110850586285,-24.454833221244176,3.284502516095169,-0.5829057069529182,-0.6124057835146643
218001,P1_peak_damp_0.85,P1,0.06191468889092637,0.056111600240691485,0.07394779136346437,0.044726319641667886,-0.05113419588714628,0.0040176563574049525,0.07489200074975293,0.0,0.061792033315206885,0.05673332700045013,,0.03369109169280762,0.059699799829793586,-0.0007052993119743731,0.005803088650234885,3652,37,0.016703176341730557,0.06,5,0.06,4,0.9892243839864535,0.9861824547492845,0.8765982845762871,0.9938391707734319,0.9564159610196331,0.9918339559496834,0.8372118548801549,0.8769829589738133,0.9423491845545884,-4.781197210626913,0.46986300744268944,0.20876790696935876,0.8686363151169392,12.259195077106602,11.939959965958726,-12.616852938900335,0.05092888660560008,0.19337146612046058,-13.633411020546072,2.895955777217107,-2.065880976856292,-2.6459422711571348
218001,P2_peak_infl_1.15,P2,0.06223570820929463,0.05493371107444738,0.06847109360976858,0.043553617303471535,0.04018077174247314,0.005669581700418314,0.08672657795209143,0.0,0.06249226774404631,0.055120422732379694,,0.7187830398539247,0.05929893596049417,0.0033881176324098367,0.007301997134847249,3652,37,0.016703176341730557,0.11,6,0.08,2,0.9903270015139657,0.9898730461579062,0.9246504824020313,0.9957428004030786,0.9508127681660077,0.9918388347028476,0.8185470505717988,0.8847834133509522,0.9242423034517058,6.958607349007031,0.49915302564849073,0.2217819465916744,0.8550498337540098,12.304425097544488,11.859787192098855,14.010885567147891,0.03684704204977636,-0.10556149705541816,15.466721447876218,-6.881352729855893,3.4651597523805706,-8.138170412835429
218001,P2_peak_infl_1.30,P2,0.06728129102062122,0.05390658833802037,0.0915164805243347,0.03754999387065402,0.08140786127565558,0.003560789189379919,0.1312978183851794,0.0,0.06815582445704794,0.05420336676339024,,0.023851039065925207,0.060094747327413565,0.005222755053004673,0.013374702682600853,3652,37,0.016703176341730557,0.06,6,0.08,5,0.9795887642900273,0.974278581877255,0.6874255738956225,0.9986317219585586,0.7802739951777102,0.9915058929064152,0.5734719794830261,0.7307886913997709,0.84790463378512,14.14430745690952,1.054989765596371,0.46874940514339825,0.7985221623386254,12.5355965811458,12.018949465482736,30.976008049193723,0.07574921197640473,0.7818099755740235,33.5099138721781,3.1506697466467544,-1.3230386352886236,-10.88594878337033
218001,P3_base_infl_0.10,P3,0.07187069015894802,0.34339798721578074,0.0617562709590129,0.8758518961187856,-0.00878371979266387,0.8758518961187856,0.06796311510572747,1.0,0.060385988064775624,0.479406064459913,0.19817744308649415,,0.15753906161244882,0.12899758625085808,-0.2715272970568327,3652,37,0.016703176341730557,0.71,6,0.06,6,0.6423980670571342,0.6523869691586605,0.9994380792281412,0.0,0.9742753135930142,0.9281097185367063,0.9681442840361341,0.9723632817558057,0.9650352811297495,2.3785904630007018,0.3609795187510801,0.1603891717261044,0.8613938115107937,193.8654606724577,31.507812322489805,-1.6527189718205861,87.39092048010374,-8.301992875621833,-2.3099118416708913,358.26466235821124,143.94856430315878,-4.439460989782327
218001,P3_base_infl_0.25,P3,0.09203135227812413,0.4561841332186725,0.06293306223020385,0.941847230695498,0.002683822650422892,0.941847230695498,0.06229652125455977,1.0,0.061881399584931496,0.6483216440629443,0.03349784773943756,,0.22472633421434032,0.2036735930417728,-0.36415278094054837,3652,37,0.016703176341730557,0.7,6,0.06,6,0.43910246663114594,0.4490811497878579,0.9990134548349208,0.0,0.9382630138955715,0.8065767356715834,0.8636844246152064,0.9148579622192582,0.9084670114866303,7.4470359020252515,0.559216824510637,0.2484692860383924,0.8257252206937102,404.2832557514577,44.945266842868,3.7765978031189786,91.29803373265702,-22.584429907908387,4.062037826342458,878.7651418431869,356.8536177914768,-4.214301940582608
218001,P4_base_depl_0.50,P4,0.14996835250676838,0.2896235765830439,0.0536860222418655,0.22776301656719666,-0.0008988669622837095,-0.22776301656719666,0.04451298735666474,0.0,0.05782453058176678,0.3043087399134385,0.06645838280587954,0.01,0.24358682370608406,-0.22585236183753626,-0.1396552240762755,3652,37,0.016703176341730557,0.3,6,0.06,6,0.30595335576122246,0.3159533557612224,0.998568044535384,0.0,0.9830179065792094,0.8903803215292644,0.9272424110944237,0.9018532473996553,0.8987256396779345,-7.161559345149457,0.29329396706335376,0.13031536141526284,0.8312533643890707,37.90517831497774,48.71736474121685,-0.34362692094926983,6.928629195065034,33.87362756663625,-1.7430639049535512,-51.93736210351801,-49.31146948610106,-10.669689612366449
218001,P4_base_depl_0.75,P4,0.08742625440559769,0.12655632627875094,0.06042415894441435,0.09938392893552063,-0.009660150005021457,-0.09738906001462191,0.069823484499342,0.0,0.05904480918369603,0.1322414768818881,0.1076943791991045,0.01,0.1145300882528799,-0.09479542650683649,-0.03913007187315325,3652,37,0.016703176341730557,0.3,6,0.06,6,0.4346237605872012,0.4425465186620623,0.9973517703043797,0.23008284915534588,0.9695145108579957,0.9744225838477538,0.9536138578125029,0.9555331813007604,0.9433853746637331,-3.8089015447640393,0.3929652079353645,0.17460094255760575,0.8563086982476593,20.458553667341796,22.9060176505759,-2.4934771504718785,2.892134233689593,15.645172390094778,-3.1950424062745157,-24.063130554687685,-23.813293715415366,-7.38181302951117
218001,P5_compensating,P5,0.13742716135240543,0.5639860476943146,0.11482344398186685,0.9708903261548761,-0.104943665379948,0.9708903261548761,0.17330758181897457,1.0,0.07543619608294358,0.7766953610203751,0.3572622559569028,,0.3069563775081369,0.2780764747176546,-0.4265588863419092,3652,37,0.016703176341730557,0.71,6,0.06,6,0.3044572321697038,0.3060554830395158,0.5053968345615227,0.0,0.8988673027155073,0.5960724410886438,0.7116597419358051,0.7116597419358051,0.8782263829007058,-1.67031804557836e-14,0.7157367421216103,0.3180136746815971,0.7146923279545054,891.5919404097132,61.39127550162738,-27.27350927123197,93.08445043796488,-36.89656922349745,-28.848031372426934,1878.0270546825882,754.3225339214235,4.761704552516033
218001,P6_shift_1d,P6,0.16021818547912653,0.09928099413615525,0.3499139306535818,0.15605350673397822,-0.06801424974323346,0.01854073086639228,0.5574185478327582,0.13513513513513514,0.177180192043418,0.10448497043274178,0.4638453819349569,,0.1092291216156777,0.0065731874491833835,0.06093719134297128,3652,37,0.016703176341730557,0.06,6,0.06,6,0.9738339021629605,0.9749347793471815,0.9729069245821755,0.9410752094642222,-0.10792650516840308,0.932409651887035,0.44725194969485604,0.44720803755874294,0.9686555744411698,0.977787698337548,2.368988721450878,1.0525808782076573,0.4774870481450375,24.758297567564664,21.845824323135552,1.7071052906460833,0.00508114823091444,-0.9126096576504461,-35.58252453937714,-2.344302195870744,1.6130490217790667,-5.95766723673341
218001,P6_shift_3d,P6,0.264622582742413,0.17624330451572645,0.5511372600424298,0.3192644057495599,-0.28553898483472717,0.09733782636953617,0.82246702267594,0.24324324324324326,0.30461362307357764,0.1916505543275032,0.5081147912467782,,0.18401045928385693,0.019657844479222947,0.08837927822668656,3652,37,0.016703176341730557,0.06,6,0.06,6,0.9213496126067255,0.919801249557535,0.9221262228141738,0.8917367282115091,-0.7294428223571194,0.7993519971567576,0.1865709835315339,0.18840666742731493,0.9150309144692651,2.9192079653868124,2.9597881092673552,1.3150828195810023,0.18053192369020576,45.689831332904184,36.80209185677137,6.42562447749627,0.10922431958198998,-0.3632614161139647,-87.35493855346928,1.1715655195599453,3.551131933296633,-6.844617705985412
218001,P7_var_compress_0.80,P7,0.1297568070283044,0.5696510186744588,0.09755932969312643,0.9748297932811941,-0.09214235567049013,0.9748297932811941,0.11599526299529828,1.0,0.0806204546922184,0.7979233690839197,0.40301766651985393,,0.30420716416330146,0.27124678545483716,-0.4398942116461544,3652,37,0.016703176341730557,0.71,6,0.06,6,0.3042761204046889,0.3086714478596658,0.49298572793466616,0.0,0.9594762468543013,0.5546083407023632,0.8659846907814286,0.8535746966637252,0.8835613302458509,1.466246121185625,0.4530669132976644,0.2013051244894146,0.7483203284054021,971.2997661624607,60.84143283266028,-17.19279526197899,93.55594756833513,-38.79758299193585,-17.7865877996426,2186.9159462722064,876.4378409475944,2.722030037227587
218001,P7_var_compress_0.90,P7,0.09196468843684412,0.47159788462615687,0.07430368918217362,0.9524051717271927,-0.04710829334920893,0.9524051717271927,0.07767741955068783,1.0,0.0647835630971676,0.6854109925516202,0.3983971065623083,,0.22928469996969963,0.20200315516749628,-0.37963319618931274,3652,37,0.016703176341730557,0.66,6,0.06,6,0.48194343472726286,0.4892539110448699,0.8842017694710439,0.0,0.9754055053241257,0.76830762605995,0.9014858993678627,0.8963432090792895,0.9420276697626124,0.5763174992302268,0.35296079496941735,0.15682632009925582,0.8279370532408558,536.7390748479867,45.856939993939925,-10.062584553740425,92.2819794386221,-22.642815946791266,-9.925676304500525,1109.6576807560298,432.0038573659973,-0.9843573593925241
218001,P8_mult_noise_0.10,P8,0.039894879465008165,0.036351466206263415,0.03959275641337395,0.027577794003284063,0.004343961428312316,-3.208028605569416e-05,0.044858599193282014,0.0,0.0402321666881029,0.03656917078139661,0.7069925068146565,0.06451928011449888,0.03904772356028761,0.00043493512144543656,0.00354341325874475,3652,37,0.016703176341730557,0.1,5,0.06,6,0.9948375637899483,0.9951446970208564,0.9974177662131776,0.9978606610008833,0.9868920272778217,0.9965337270595817,0.9817918100784092,0.9855723835272233,0.9812400825547264,1.2826719717603214,0.2576767780236204,0.11449005512348358,0.9161501833210025,7.9849427687499865,7.809544712057527,2.7934043714569317,0.008418753922609754,0.12175219487396102,3.54986287294341,4.852559915341076,3.1692929329748547,-3.8063204085826965
218001,P8_mult_noise_0.30,P8,0.11964103988880581,0.109977667722497,0.12471747330195129,0.0811647007462806,0.006871885790373844,0.015823658060354306,0.14377864442470273,0.0,0.12001423511918057,0.1122945888131035,,0.2882505836294213,0.11713018489472453,0.002267885729751642,0.009663372166308817,3652,37,0.016703176341730557,0.41,6,0.06,6,0.9961828116816891,0.9963665712260561,0.9979966619372466,0.991677587416134,0.8521440156334472,0.9679937312381525,0.7751184431577378,0.8434661458171521,0.9249548799276854,6.641279180685461,0.8654200854368402,0.38452046027039033,0.7321296131875747,24.939597311932932,23.426036978944897,11.318224612327453,0.31175814226543636,0.9350736663610283,9.066086165033257,-2.8063734031334895,5.3771802809454865,-15.64818835995684
219001,P1_peak_damp_0.70,P1,0.07178955119886145,0.05888986606630474,0.11263999233400389,0.056897240129793594,-0.10666298659043226,-0.004387467844172367,0.15226562658818268,0.05448776047014412,0.0731027008032272,0.05906009800044511,,0.0269708363248415,0.06227966810157748,-0.006679473466879119,0.01289968513255671,3652,37,0.0,0.06,6,0.18,6,0.9700439007371783,0.9639264970213326,0.5149578614553445,0.9997016316195049,0.9580170643137917,0.9819335693651253,0.8804441767869917,0.9095590006380285,0.8951281858886345,-8.783780661348583,0.49817519332259935,0.20489737842688036,0.8370012082924345,12.40703802765098,12.455933620315491,-19.32054633138159,-14.34589158897246,1.2266415266972963,-20.387639904974932,-4.133422519038776,3.4128305967859864,-3.9121353404333923
219001,P1_peak_damp_0.85,P1,0.06137489709635414,0.06031159236902666,0.07215470525455818,0.062255312357962216,-0.04510128079356225,0.0021581831396651078,0.08526095332463861,0.05956676103544829,0.06140766156688941,0.060492539408591096,,0.06282035536351506,0.060031166808732356,-0.001237984052900659,0.001063304727327477,3652,37,0.0,0.06,6,0.26,6,0.9896761329099959,0.9872391994316895,0.870212591454786,0.9968317766171186,0.9689610328910578,0.9833823196997514,0.8426800250618046,0.8825760193642938,0.9412315835796827,-4.777688910535254,0.42835054769589753,0.17617879301704334,0.8671385750714075,12.126702594999099,12.006233361746473,-13.384317785584917,-8.458168358538305,1.9521293612056492,-15.469825647704463,-5.019312165685747,1.7617970474976092,-4.310140168873058
219001,P2_peak_infl_1.15,P2,0.060288013821396425,0.05886640279302558,0.06619853602925611,0.057438795080514936,0.045544587044020375,-0.00027907735778039746,0.07218874653004373,0.06997053266495368,0.059399929883420834,0.05800478897848212,,0.05496083063205162,0.05929428033534162,0.003662703646141941,0.0014216110283708436,3652,37,0.0,0.06,6,0.33,6,0.9897650050352341,0.9873089624666452,0.8917949044898219,0.993705327547584,0.9763441629958834,0.9835060520472543,0.8825146530935128,0.9283857137312014,0.9355103259562418,5.798429095370757,0.37395113501805255,0.15380454155881282,0.8692101942212617,12.113968233006734,11.858856067068334,11.78384995507729,-6.922106203290309,1.9446523016784838,10.189468485061893,-2.754942453307482,1.6368265052482054,-8.281237112769185
219001,P2_peak_infl_1.30,P2,0.06831187523815865,0.06233551750518886,0.09567351376048013,0.06603233402992997,0.08470198517331615,0.0015563933102781017,0.10996466546882368,0.06835602796550888,0.06892893908309022,0.062254040226627574,,0.03848659191548169,0.06312831627136259,0.007035380286756982,0.005976357732969791,3652,37,0.0,0.06,6,0.17,6,0.9787965105780394,0.9731059526034888,0.6700141413581748,0.9997800291302393,0.8245416945891564,0.9817905810455957,0.6122992607232625,0.7492217243126709,0.8670775142127288,12.245701727399423,1.0184334649748634,0.4188774348312924,0.8172466772513767,12.987687921369654,12.62566325427251,26.81382531136512,-2.6993944621328394,1.06262314548041,27.163985217096034,-3.7705049810668885,3.166148274775871,-11.738291325316348
219001,P3_base_infl_0.10,P3,0.06607573471490694,0.1760766379505314,0.058208560884321955,0.3693469907664439,0.01840007623468595,0.3693469907664439,0.05929483955215513,0.5920771700339755,0.05724644114692467,0.21913886207503044,,,0.10195799296954228,0.07671027785866137,-0.11000090323562448,3652,37,0.0,0.71,6,0.06,6,0.6650513099829319,0.6749062363916982,0.981920076464086,0.0,0.9757386843999569,0.9460510259964088,0.9271317651574299,0.9321429931939302,0.9320697537077615,6.229402537311972,0.3787065964126593,0.15576044298872244,0.862290820516563,26.349280821963777,20.3915985939085,5.020091716083952,48.21892724008345,-11.63606728800973,4.811975422482384,56.079029420555486,49.84466091796237,-6.03931365727645
219001,P3_base_infl_0.25,P3,0.0854010082693177,0.30348388685552236,0.05899984764727334,0.5770820539959902,-0.003974220101541105,0.5770820539959902,0.06094786856506698,0.7620066313590972,0.0578306218842652,0.39404446362794554,0.3083038575042903,,0.16810488994113992,0.14780193543919304,-0.21808287858620468,3652,37,0.0,0.3,6,0.06,6,0.4386141808388034,0.44903032679071025,0.9977386877829819,0.0,0.9833903609257963,0.8412745677856859,0.8996551549600866,0.9112252822388063,0.898545472971992,8.415884356083213,0.31334718237603154,0.12887838870114585,0.828730349733919,54.21891253742652,33.62097798822805,0.631883224462426,60.755558091384984,-24.485145109987347,-0.03716467378834814,149.3698815378522,120.82157572097296,-3.7958230772087997
219001,P4_base_depl_0.50,P4,0.15225328885088354,0.3187229854207003,0.06384708690455669,0.33670495871192335,0.002684503438291591,-0.33670495871192335,0.060461049738878,0.33981232523490185,0.06022502897337364,0.33023088100755543,0.014131421446390381,,0.2504930425811478,-0.23160746888528969,-0.16646969656981678,3652,37,0.0,0.3,6,0.06,6,0.30691669792277665,0.31678765429641603,0.9991906535465567,0.0,0.9801873894389213,0.7584827574287472,0.9004437949718973,0.8618605603643428,0.8619015613920941,-9.842368665834584,0.34222879468895256,0.1407572753397804,0.7958814533894465,38.28618895705417,50.09860851622952,1.0925176684132587,-7.1379010112237555,48.81997627691683,-0.3339014460666606,-52.040358585312,-48.45571187908001,-13.803541047066005
219001,P4_base_depl_0.75,P4,0.08921453605817857,0.14045039768803025,0.06561759073183344,0.14107827511416807,-0.0016480773791116663,-0.1406907261260027,0.07042139630441926,0.14916189261653498,0.06075414128577402,0.14340802618779652,0.039440991203447046,,0.11915750000210557,-0.09945131833658932,-0.05123586162985168,3652,37,0.0,0.26,6,0.07,6,0.41698380432735155,0.42612988279787495,0.9941232538759198,0.14008149022774063,0.982132794992658,0.9441869344467848,0.9583490284869768,0.9322069301324087,0.9374137823184725,-3.7023362655920113,0.3249929996932327,0.13366826477269017,0.8492618354800804,20.914071120607574,23.831500000421112,4.079547711579735,-6.247046600840427,21.75494849979462,4.549774046663197,-25.991114677781365,-24.946457259451197,-10.51616760598582
219001,P5_compensating,P5,0.11237678481626526,0.37536231306988693,0.11596290603727251,0.673091466779999,-0.11018242242923053,0.673091466779999,0.14045868529819078,0.8297165740454557,0.07394552009948831,0.4876800296137506,0.38686731563170557,,0.21303066126207723,0.18208541612350554,-0.26298552825362165,3652,37,0.0,0.06,6,0.06,6,0.33830418589766936,0.34135005278288333,0.4860347337137435,0.0,0.894999764306674,0.7380627024255473,0.6977378787723929,0.6977378787723927,0.8840325333942193,7.45443916374272e-15,0.7878450907089183,0.3240373986028864,0.7349902414257958,79.35296105301825,42.60613225241545,-24.868079566596524,67.52665950645978,-34.582793027581914,-26.27197295141226,225.37332712003285,178.8650783228686,1.9117261577094675
219001,P6_shift_1d,P6,0.15440297170905734,0.08202235659799066,0.33902888360753675,0.08473967404046961,-0.07812992475091654,0.01362749681081063,0.5477679600512442,0.08943193267412061,0.17010523346421322,0.07597788665538328,0.5966857988588145,,0.10205896482105131,0.005630517276666674,0.07238061511106668,3652,37,0.0,0.06,6,0.44,6,0.9761101249493417,0.9759235345282883,0.9578762665609151,0.9988522139762596,-0.14748839198825192,0.8903527265757898,0.38606281259584674,0.38503691017685815,0.9551337478681704,0.9965494643704941,2.6044729224833922,1.0712088461118363,0.47172034532466445,21.33090878378402,20.4117929642102,1.5924122215200158,-4.849660934582697,0.3624779101872608,-34.49424719646026,-5.20775503238082,0.906275942075709,-7.047752036466294
219001,P6_shift_3d,P6,0.24985591501729842,0.12164409998584452,0.5555081404283883,0.12287700204234013,-0.2789382297190651,0.04502972369837998,0.7907908283479684,0.12920107873011585,0.2918866436439832,0.11510309806910095,0.6884345107317776,,0.1581178029402968,0.010912615574596418,0.1282118150314539,3652,37,0.0,0.06,6,0.12,6,0.9426155089732571,0.941702202829146,0.9483947365292197,0.9450297046205683,-0.7713363597055327,0.6876391487317021,0.1316086607567103,0.13182398586754918,0.8943370832742578,1.4611844860649963,3.2359083662608885,1.3309156095356056,0.21434216967333597,38.26193546925102,31.62356058805933,3.4152445526050745,-5.232963337251396,1.3767988442627723,-88.0881029583447,-4.806704764192543,-0.6980509179151787,-7.973484462338089
219001,P7_var_compress_0.80,P7,0.10319992528100125,0.38542018117398863,0.09795146477695311,0.7101613483332814,-0.08880223407386952,0.7101613483332814,0.09981239284352487,0.8619342770046136,0.07772675393112752,0.5198096904675643,0.4356919150278718,,0.20870630691363973,0.17531995001855658,-0.2822202558929874,3652,37,0.0,0.63,6,0.06,6,0.40718781809855314,0.4106080960782515,0.5916736321733573,0.0,0.9764530211911381,0.713717171071391,0.9462585746612089,0.9252539597763254,0.8977111722564937,2.5064330896706646,0.3730897284800315,0.15345024864385834,0.7763870175411822,85.21951984185567,41.74126138272796,-13.445487995138318,73.08435216749774,-34.06845006493347,-12.481193179219936,263.30649667830016,205.2992666261603,-1.3641281930720555
219001,P7_var_compress_0.90,P7,0.07619347562211609,0.26811378759890686,0.06888714612706914,0.5504008310976268,-0.037313999858103214,0.5504008310976268,0.0805652281656532,0.7508422129570331,0.06272254660820867,0.35906236293472843,0.41477198999608156,,0.14227655192384994,0.11188382970608962,-0.19192031197679077,3652,37,0.0,0.6,6,0.06,6,0.5697073253608061,0.5791982703709805,0.8938570239979047,0.0,0.9708639441242026,0.8757658570941873,0.8907357482459238,0.8798089229952696,0.9485563730543098,1.252566247241512,0.415012403643525,0.1706928700203889,0.8394050044606881,44.964960632402416,28.455310384769966,-7.320921500357834,64.41406146245197,-19.227989866060632,-9.05951910294178,126.06165699135728,100.38744563242297,-3.642455251772062
219001,P8_mult_noise_0.10,P8,0.03892917674906134,0.04045362102201961,0.03871035057509652,0.040558741613891065,-0.0012427756429524701,-0.0020602921658270587,0.03717341045998983,0.04554951609831248,0.037583877756133095,0.04061004936850616,0.020033293221213857,0.013433298690095847,0.03976826554190009,-0.0005689613387060501,-0.0015244442729582738,3652,37,0.0,0.14,6,0.06,6,0.9959876467583225,0.9959760704379704,0.9978732226403053,0.9991210694484828,0.9945833023390656,0.9928746126473742,0.9748686090761524,0.9807850055843952,0.9859414008695984,0.6086484255117294,0.17894229127811592,0.07359821778368325,0.9243551009815536,7.978177679997714,7.953653108380028,1.4121589529041112,-8.852107727891163,1.2916422976409803,1.4064885076669194,-2.8109008871853747,-0.03560807780033694,-4.407698164952452
219001,P8_mult_noise_0.30,P8,0.11674588000032464,0.11701459566392461,0.11330041688296373,0.1255766252989218,-0.00011769861766565923,0.0021346753183782434,0.11365287747140568,0.13331449964103614,0.11746007336308412,0.1148083791767463,0.036355254718275685,0.04441953797921139,0.11695187249437107,0.0026592817765821878,-0.00026871566359996935,3652,37,0.0,0.17,6,0.06,6,0.9964713346745051,0.9964815239966786,0.9993050099291754,0.9995231697963071,0.9380534263630367,0.936347600451807,0.8710334152910726,0.85393661003395,0.9469194931092528,2.0553431913440443,0.6051378823177649,0.248890686119355,0.7665194109525614,24.562977380862076,23.39037449887422,-1.8194135062396473,-32.834076024779215,5.585988088590983,-6.341976552723843,-6.87624583297258,-1.4576790507626558,-14.761467173495816
221207,P1_peak_damp_0.70,P1,0.0708284130911187,0.05850620784761871,0.10905322664059106,0.055850998640667976,-0.10042354794132909,-0.0006894511555938053,0.13922704271426928,0.05321539256068493,0.07374078822773318,0.05914421653856049,,0.06938494058324851,0.06159474017090538,-0.006668513517264685,0.012322205243499994,3652,37,0.0,0.06,6,0.31,6,0.9754224692952447,0.9688861264073951,0.6200223081781886,0.9992667506808985,0.9087919963590019,0.9624638164312699,0.7245712946643179,0.7815887853816311,0.9069405995637515,-7.546422817536013,0.5897512173731111,0.30200662847195614,0.843001590296083,12.239628541959782,12.31894803418107,-24.22600361841238,-49.70037076663581,1.6089068491649339,-26.405051006108952,-3.809999365816421,-0.22289834974425846,-5.388703236490378
221207,P1_peak_damp_0.85,P1,0.06284725610372716,0.06174692284465597,0.0715805269151064,0.061909812911442166,-0.041876763498156555,-0.003251756187841087,0.07134328414304077,0.07703372713710359,0.06439357335064351,0.06274105060211477,,0.027072776432395695,0.06139297660915072,-0.0028676069857051455,0.0011003332590711831,3652,37,0.0,0.06,5,0.23,6,0.9934887817359678,0.9919299647348674,0.9264245550663042,0.9968775749038926,0.9775120873079329,0.9639543172909504,0.9175212290058825,0.9386140777664551,0.9604710856465162,-2.3935570782441045,0.2928376710783098,0.1499597035608803,0.8760373630234074,12.337939091907533,12.278595321830164,-8.830919614693759,-25.355984029243942,2.2816319977396877,-9.427354378996265,-5.17430455419002,-1.2303483134568272,-7.49882044300496
221207,P2_peak_infl_1.15,P2,0.06125780437124512,0.05898310651750241,0.07354985518846485,0.06295204073321585,0.04392342940019805,0.0028179798756111413,0.07433712924336003,0.06558541350516468,0.061123997194801334,0.058935484394622935,,0.06224764377911595,0.05930727037937774,0.002551087423748059,0.0022746978537427076,3652,37,0.0,0.07,6,0.48,6,0.9908153268412819,0.989204496905701,0.9026205612458653,0.9959867194717059,0.9166887220577401,0.9658316539773764,0.7835314968667911,0.8430853253672579,0.9340939757634495,5.464210821111774,0.5636431965173511,0.2886369310089406,0.863366899356934,12.068583824306772,11.861454075875544,14.932497986617282,-44.33930295801032,4.8244167699116955,15.470824808767002,-3.4877272553294603,-0.5175180604271953,-9.50521724602784
221207,P2_peak_infl_1.30,P2,0.06798805104217492,0.05884551495765807,0.09206732837457691,0.0601085240632502,0.07687792477466936,-0.00042548458732961204,0.10797590170996894,0.06265325206633292,0.07065465002134817,0.057659016593600065,,0.03945934294907131,0.061325373750121044,0.005513641578585561,0.009142536084516852,3652,37,0.0,0.07,6,0.23,6,0.980565093170578,0.9758734727108009,0.6951540885519304,0.9983283573102544,0.8864365061801398,0.9632425534739212,0.7156519853163001,0.8121000508976138,0.8971612252964144,9.032271511458356,0.6580694711382052,0.3369918304942425,0.8351220760255911,12.589498519445211,12.265074750024212,25.10621094166215,-18.89341515487088,2.1815130216733043,24.828873406778314,-4.004089219314195,-0.8449969715645794,-10.83967548645181
221207,P3_base_infl_0.10,P3,0.06276812446001817,0.09793143226921315,0.06210216833264567,0.13614123132271522,-0.009857285139489812,0.13380069158802632,0.05821637467592471,0.15276562634129098,0.056444947189657695,0.11218520358814663,0.3254375726618592,,0.0769415385049708,0.04691529458676528,-0.03516330780919498,3652,37,0.0,0.07,6,0.06,6,0.7694888770872,0.7779472044628345,0.9943063576069896,0.23296076749000827,0.9611739738907451,0.9421529755105892,0.9394971837797933,0.9111606007021015,0.9452546183753928,3.788927672889377,0.38478119773574393,0.1970432087367004,0.8629644532257045,17.072128129392556,15.38830770099415,-2.543908203205248,-3.3728065287518287,-10.161073583270444,-4.314984707794861,20.172272741189907,21.31062501977026,-6.437859639286479
221207,P3_base_infl_0.25,P3,0.08131169361302833,0.1839204819152837,0.0545671109457168,0.26953539969020923,0.00010986887498608775,0.26953539969020923,0.06020483385057805,0.31226521939668056,0.061850171105055106,0.21893012479816681,0.012508499036740148,,0.12621300281643807,0.10607569475725873,-0.10260878830225538,3652,37,0.0,0.3,6,0.06,6,0.44577682907474214,0.455767451076115,0.9955824936185358,0.0,0.9671525369450893,0.8517483395057576,0.8717354008418416,0.8726655807755461,0.8668035844755617,11.493263452039773,0.35391851859264334,0.1812386908331405,0.811700209864076,30.965637514253192,25.242600563287613,3.365886537878373,-7.751578839596256,-25.445059018937904,3.9309954261496785,54.8852952363196,54.570015728846776,-5.823129938070188
221207,P4_base_depl_0.50,P4,0.15022987066114493,0.3202269204260163,0.05885815717978499,0.332343412200898,0.002072911115234503,-0.332343412200898,0.057130028936362445,0.33188673208617264,0.05869753517897551,0.33677671838198536,0.02767105759622686,,0.2501239613966086,-0.23128757370646746,-0.16999704976487137,3652,37,0.0,0.3,6,0.06,6,0.30672874598377836,0.316655340545446,0.9976345580444228,0.0,0.9669746011805148,0.46752787411924923,0.8495633520944778,0.7758740914298391,0.8017906328711243,-14.954820213599461,0.3548758179163914,0.18172891574948982,0.7652531774464526,38.230950042035,50.02479227932169,-0.28724704834322556,-10.53468314492167,67.86160813648334,-1.484828366980918,-52.43482407550648,-50.976252237345264,-13.656218372263895
221207,P4_base_depl_0.75,P4,0.08778186616997331,0.13834553225375518,0.06018633594739183,0.14140190108262063,0.00013279439916416726,-0.13874335308738364,0.054588559791739835,0.14920007175711683,0.057361369954054796,0.14013783932029156,0.035230589481968,,0.11810561362776834,-0.09870403463973415,-0.050563666083781864,3652,37,0.0,0.3,6,0.18,6,0.444209755154721,0.45115024791109276,0.9986299137697255,0.20067989345662868,0.9656408203944324,0.8794227307218431,0.9241183728031633,0.8947366526723762,0.9023667846739843,-7.378466444851659,0.36197098854566884,0.18536229283640082,0.8411345604234552,20.690919049383343,23.621122725553708,-0.8180563814636607,-29.726507091363523,29.723564271248442,-3.683043506662837,-26.034388351149055,-24.46178362700833,-10.302113311820683
221207,P5_compensating,P5,0.08892213364389666,0.15980199699436293,0.11849307742022498,0.23031587508826024,-0.11000518609175701,0.23031587508826024,0.17994055501292247,0.2549512122342099,0.07423904714778753,0.1916185841520751,0.39955795943910677,,0.11512946787634237,0.08398783027761343,-0.07087986335046627,3652,37,0.0,0.06,6,0.08,6,0.48900686342798694,0.4920552873260401,0.5226351234624586,0.0,0.8733202216682832,0.8767878200113242,0.6896162739173836,0.6896162739173836,0.9062971536790186,1.286456804058294e-15,0.6950339492400445,0.355921028223561,0.7816910806945369,27.243105303420457,23.02589357526847,-27.228243227603333,12.34654616498041,-22.609271620134187,-31.1335212591001,44.515828365876736,43.790331658276855,-2.514008706321754
221207,P6_shift_1d,P6,0.13651546017712923,0.07470711311674648,0.26875344816459795,0.07011609209935055,-0.08745419848782023,0.006066981926021329,0.417244185473463,0.07380245626610393,0.1514189665257579,0.06685097571952932,0.8325194549726069,0.016314499726284723,0.09449390125836592,0.0014111391354869741,0.061808347060382754,3652,37,0.0,0.06,6,0.2,6,0.9886626846131022,0.9886686614057001,0.9765933081111594,0.9943422879788116,0.3303376061178678,0.8293842155359805,0.6793109690992691,0.6811056285258869,0.9322682295831095,1.0916629258825699,1.5980130681517355,0.8183290254427813,0.669843537548833,19.138435738768116,18.898780251673145,2.496435935513729,-48.318848869530235,2.9682597932067942,-20.230602295323337,-3.530513991954588,-0.4959606788250633,-8.38275773401291
221207,P6_shift_3d,P6,0.2160911272848157,0.09889686267083383,0.4539872769190175,0.08327168263853375,-0.20885230817682146,0.02963065463139913,0.6936903840468938,0.07173378474397814,0.25369979582542845,0.08930570026226002,0.8585383533290637,,0.13660721530575196,0.00516572435002324,0.11719426461398186,3652,37,0.0,0.06,6,0.38,6,0.9687863917841787,0.9688850536902565,0.9944358116959757,0.9421150324294183,-0.3913696229616994,0.6055817249941786,0.3500048013838699,0.35160938636020833,0.8585987719609557,1.5093254269134757,2.3034226325644127,1.1795633187589802,0.4629132497153102,29.89779624721939,27.321443061150397,4.479998946338352,-28.99965652321422,3.6777673133451847,-54.22432616214892,-4.126073730298488,-0.5838211611299972,-8.235527413014191
221207,P7_var_compress_0.80,P7,0.08129136706764246,0.18345875893096034,0.08659331728449704,0.28866298340103724,-0.07651220244201468,0.28866298340103724,0.10362998326365985,0.3306558413325617,0.07133864385568241,0.23424714731447838,0.48787659577437487,,0.11982206335493807,0.08462961594136684,-0.10216739186331787,3652,37,0.0,0.6,6,0.06,6,0.511561654123365,0.5168427521579934,0.6400209200013808,0.0,0.9522963217856704,0.8585644133599242,0.8769939269094102,0.8604185346741755,0.9104253613635522,1.9633419848118272,0.4265091026792374,0.21841171720933303,0.8098652556500087,29.099895573344963,23.964412670987628,-14.349166088304075,-4.065874376479795,-26.211801220994648,-14.887505270978231,60.6185903248665,55.135884326120376,-3.905546881559235
221207,P7_var_compress_0.90,P7,0.06560961718660593,0.11222244973377661,0.06740477747763096,0.17635837874412388,-0.049597248102029416,0.17574246098069468,0.07466003169550972,0.19728244802375672,0.06014177263446078,0.1341691576888939,0.5124127081334869,,0.08224213428454244,0.04558487068779939,-0.04661283254717068,3652,37,0.0,0.26,6,0.06,6,0.7260882126235392,0.7323054607167676,0.7863501589877412,0.09561392726446138,0.9693230792384412,0.9336033739332823,0.8753454130800141,0.8741223253788585,0.9474002461078165,0.14021897534660824,0.3420253163896951,0.17514828221127032,0.8571940445037695,18.344396574903577,16.448426856908483,-11.118133588298209,9.116268484282534,-11.296681937254315,-12.124757654274598,27.94158321468243,27.400661557877225,-5.174583890775846
221207,P8_mult_noise_0.10,P8,0.039026537957155466,0.03889965960601547,0.03888535075255644,0.040807076041882676,-0.000934863864803588,0.0017790954313487528,0.034984027534063274,0.04039283710142794,0.03950478664638933,0.03920823805473906,0.0842791941695582,0.014178027870970623,0.03888029877325891,0.0005155447351645271,0.00012687835113999596,3652,37,0.0,0.1,6,,0,0.9965840460581532,0.9966660307610016,0.9984359092107986,0.9851567977665663,0.9917962297116252,0.9852357354191009,0.9883046126349406,0.9915942091152824,0.9869499541293875,0.39942335657900163,0.17687201221973287,0.09057466692389671,0.9245591122604404,7.8199551457450225,7.776059754651783,0.11631691556950731,-11.293259630371885,0.4614213762023203,-0.7787125635916419,-0.8765561338278512,0.9751786864441727,-4.526474760429473
221207,P8_mult_noise_0.30,P8,0.11967000195231836,0.11609093592957748,0.12442733764571916,0.11217550235842415,-0.018135879333751163,0.011950583189873602,0.11932347576494555,0.12115467189744766,0.12155427291822718,0.1146384174959704,0.1499847064137807,0.16158252130224024,0.11789662245369065,-0.0021109766441411667,0.0035790660227408844,3652,37,0.0,0.25,6,0.4,6,0.9968100273096588,0.9970623032744773,0.9978506742234817,0.9926272412294447,0.7853017412093439,0.862731968618706,0.8445430047168945,0.8744216651553828,0.9066783642576574,3.8660311643355256,0.9048292516804219,0.4633554346186694,0.7461205591182583,24.492390525553258,23.579324490738067,5.513266020577809,-57.780115800034615,8.74005395927546,3.435165767764336,-13.66545098492614,-6.362617975568231,-19.021845173200678
