basin,model,dataset,regime,A_up,A_lo,E5_up,E5_lo,B5_up,B5_lo,E1_up,E1_lo,E20_up,E20_lo,alpha_star_up,alpha_star_lo,delta_bar,beta_bar,Delta_asym,n,m1,zero_frac,cp1_up,ncp_up,cp1_lo,ncp_lo,H_mean_up,H_mean_lo,H5_up,H5_lo,NSE,lnNSE,KGE,KGEp,KGEnp,PBIAS,RMSE,RSR,VE,MAPE,SMAPE,BiasFHV,BiasFLV,BiasFMS,PeakBias,Q95Bias,Q90Bias,BFIBias
102101A,gru[nse],camels_aus,pub,0.33286314101790676,0.5844778902063784,0.4366355095930237,0.8043388669973106,-0.42601842026121073,0.6474117653904349,0.6272515238917594,0.7027027027027027,0.28875223780940984,0.7534792455383285,0.251593173412995,,0.42150011488697536,0.17559184287538826,-0.25161474918847165,3652,37,0.025191675794085433,0.06,6,0.09,6,0.788067767855444,0.7891173584477653,0.44328976165770373,0.46654905289319837,0.33015436955401267,0.7318496270865011,0.23846911909298463,0.3290783096461446,0.6312331595904461,-23.359015496986174,7.437617698647657,0.8184409755419063,0.3107783075643692,4364.626820249166,84.3000229773952,-65.0697092490231,-11.240935064966788,-9.906477268348631,-77.9467209058091,597.7680810861871,374.89099267509545,30.991784768503923
104001A,gru[nse],camels_aus,pub,0.3388249458483678,0.4291901415371641,0.1951756079934793,0.2786885245901639,-0.10614313986855205,0.2786885245901639,0.2378551697364369,0.1891891891891892,0.2597716741910105,0.2585499316005472,0.09693176556534501,0.46313203850687334,0.431569271471908,0.05009015759521231,-0.09036519568879631,3652,37,0.23877327491785322,0.11,6,0.24,6,0.6592706220706293,0.6632528900707487,0.979527176775159,0.0,0.6086098649315067,0.8425425935729647,0.5796855538109671,0.5004767292900656,0.743900872150759,16.93917680141913,3.1048251306890498,0.6256118086069774,0.41779613154204,11240.197559131506,86.31385429438167,-19.055118449984544,99.99999999999993,96.70385913999313,-31.233272788664646,0.0,0.0,21.666500002487364
105101A,gru[nse],camels_aus,pub,0.40484657412424013,0.8168629936014835,0.242338458355861,0.9617486338797814,-0.15670070213615195,0.9617486338797814,0.3246705651508581,0.972972972972973,0.2942424906461836,0.957709221965193,0.14565994911764735,,0.607289766348251,0.5280184727417513,-0.4120164194772434,3652,37,0.1486856516976999,0.17,6,0.23,6,0.3736546622766608,0.3809937602288742,0.9113867421921362,0.0,0.5493113237955856,0.4093291990746829,0.6237531309174473,0.5701716663662338,0.7200907757260413,11.127561879150386,2.3200859944769507,0.6713335059450067,0.30708812887278436,19785.28295646184,121.45795326965,-25.560702962010815,-176.42293110738478,-46.17143779888341,-46.864420161424555,1931965351104.7363,3857105970382.6904,26.667835233106334
105102A,gru[nse],camels_aus,pub,0.5633836634130995,0.36328083259861077,0.3187586730370194,0.0546448087431694,-0.243616192254284,0.0546448087431694,0.4755294961638925,0.08108108108108109,0.45079925671333476,0.058823529411764705,0.11143138612000478,0.28539442664413717,0.5477967158931264,-0.08730072959066006,0.20010283081448876,3652,37,0.2677984665936473,0.1,6,0.27,6,0.7964432849278194,0.7899963353563553,0.79305891826303,,0.4669569619760373,0.6383122280680866,0.39365183092143796,0.43200013711369745,0.6286957494583447,-8.629551361541816,3.256759129954968,0.7300979646759487,0.1907467414885553,976.0081739308157,109.55934317862521,-51.78816859642555,99.99999999999983,125.59508112291765,-66.37176180650997,0.0,0.0,57.365773804875545
105105A,gru[nse],camels_aus,pub,0.5252188945633696,0.8284062116890889,0.22430544779605707,0.9398907103825137,0.12394174399406377,0.9398907103825137,0.18457990886461226,0.9459459459459459,0.4327714219663144,0.9333555059037799,0.021368288775714173,,0.6884218638298729,0.6035674161142633,-0.30318731712571934,3652,37,0.13499452354874042,0.06,6,0.18,6,0.36463459285704386,0.3745014938391796,0.7101123946971916,0.0,0.2169177496244764,0.07528809472551545,-0.31111442887344554,-0.3978360204934872,-0.3045045545696543,127.17195763739826,4.199717190296459,0.8849193468195412,-0.49066355841405773,1786.6317511720113,137.6843727659749,12.73647598082183,-100.27395101258388,-7.836425579897477,-21.198377769420777,2322493791580.2017,7102346420288.086,37.04414218005974
107001B,gru[nse],camels_aus,pub,0.3554402205272907,0.6552248705836012,0.1928579806633514,0.8469945355191257,0.11305328681760747,0.8469945355191257,0.2092240422073008,0.9459459459459459,0.27703652600210166,0.7950923866209019,,,0.4940060658462428,0.1608918668166317,-0.29978465005631055,3652,37,0.0627053669222344,0.08,6,0.07,6,0.7875683120950043,0.7953274911421058,0.7326056595844873,0.02770275860618751,0.49334033717354486,0.5037435937233412,0.3131297033510505,0.4121225263448389,0.39397629384646304,56.31073842479949,2.634815406691359,0.7118002970120588,0.26334132172610025,631.4001885416893,98.80121316924878,47.480484486247576,20.5473537212551,15.53957504039007,32.4104145126034,0.0,-99.99999997766437,6.649442885135807
108002A,gru[nse],camels_aus,pub,0.3541220024555164,0.4954232589613367,0.20061835925792612,0.5022354022582869,-0.050348306779517356,-0.4370895689014428,0.23920697437508856,0.4954587173579437,0.28677281526704584,0.4938796342221827,,,0.4436149309760582,-0.3197194649301585,-0.14130125650582032,3652,37,0.0,0.06,6,0.09,6,0.7121929537953168,0.7144520667986813,0.987213490909024,0.7168513250949813,0.6515227891473732,-0.1391336520861075,0.7516080186489601,0.7836395375968156,0.7369356535521249,-7.730681506951206,4.69228867661694,0.5903195836600941,0.45954808100207556,68.05931697567597,88.72298619521163,-13.230194371554434,-514.9623837864121,80.58607917310222,-38.59235039913619,-98.54024780577153,-81.85987953739671,-6.342561879366204
108003A,gru[nse],camels_aus,pub,0.2560823774367826,0.2773357723214314,0.20012308399591897,0.254781319130097,-0.08164034266661059,0.1964796188127377,0.29938532136346496,0.3367149456498906,0.2161646930830058,0.24125322858437506,,0.15174229528822747,0.2782097344265286,-0.14439758711369818,-0.021253394884648835,3652,37,0.0,0.06,6,0.16,6,0.8189971562671867,0.8221555494773635,0.977964795298741,0.8104944346627398,0.6199850176498827,0.5822829092671068,0.7161898994445699,0.7547299645449905,0.796504865142694,-8.543476561188722,7.075073808968781,0.6164535524677568,0.5341879740496798,53.672382559948126,55.64194688530566,-26.301799157207675,-523.6534808015718,40.0971260790255,-48.51494990469174,-26.24250736701472,-32.82048425477578,-12.296062826884992
112002A,gru[nse],camels_aus,pub,0.25433692187404877,0.2447713921755936,0.20140407319936338,0.23334966353733755,-0.08778737056509688,0.112090806578399,0.28096927043339365,0.2563981265280841,0.24453377412686783,0.22262783829312668,,0.20293917545067713,0.2566838749981069,-0.08652944818734655,0.009565529698455172,3652,37,0.0,0.06,6,0.18,6,0.8702342085447059,0.8740366694869729,0.9823328878794012,0.7532390466699135,0.5676656764568302,0.5751851952075977,0.7354455982649482,0.7459348829468575,0.8017778101976951,-2.9443314529925835,7.523265496152724,0.6575213483554506,0.4886415107354335,57.66721982933859,51.336774999621326,-28.365416391918416,-1047.526334596739,15.04987366639483,-46.33967753832951,-4.987606609969875,-12.744224156967773,-27.181755194944483
112102A,gru[nse],camels_aus,pub,0.2532071874782662,0.23253630009894447,0.21084925705633925,0.23102635910212158,-0.03858014749336376,0.027514988153602052,0.1809246985569286,0.2500489262981018,0.2639515899387732,0.21065215511231422,,0.05776225307050738,0.24851078480644448,-0.08015291189932738,0.02067088737932174,3652,37,0.0,0.06,6,0.06,6,0.9071928322875507,0.9077055151159734,0.9965507111583911,0.9182603239852632,0.5184203503893179,0.5437029641356845,0.7511423569866915,0.748073142178407,0.8070973605560015,2.2497124851617505,6.949180319541658,0.6939594005492555,0.4813953332596884,53.711568474938446,49.70215696128892,-13.047961015996071,-997.7005044399833,18.379596784755503,-35.31453116819688,-33.73466889603923,-26.607962641488914,-28.664795552470377
113004A,gru[nse],camels_aus,pub,0.5104330076627598,0.7750462199266756,0.2494787651709805,0.8302254233428824,-0.22885339397951374,-0.8302254233428824,0.22718627467898408,0.9400351902846401,0.3790728234773862,0.7994321998689029,,,0.6668276848631955,-0.6615084490800897,-0.26461321226391576,3652,37,0.0,0.06,6,0.62,6,0.1221838966823411,0.12833643559290447,0.5990785575308315,0.0,0.6203293266601299,-2.730781092537163,0.3435414441378739,0.1453254911720261,0.36446908354975094,-57.18438522530162,5.296087644155065,0.6161742232030403,0.3960059310708929,77.00756305814768,133.36553697263943,-27.075366078082638,-872.4457880443142,89.0735876500897,-38.825693882966554,-98.8535007589197,-94.8563535540911,-30.457081841855153
116006B,gru[nse],camels_aus,pub,0.5149751839980554,0.8013114210378144,0.26336399574464253,0.8416738116074879,-0.25216865117978743,-0.5069709575933706,0.31208667854000155,0.9943225706435405,0.35535671864522306,0.8108949421473848,,,0.6866767298104222,-0.6325309768781152,-0.28633623703975897,3652,37,0.0,0.12,6,0.17,6,0.44711816450496167,0.4436527407579574,0.442283745385987,0.9338912972739386,0.7420988102203991,-0.7631669283699913,0.3832600554366177,0.5321570519635986,0.44429991912656097,-45.602811879029886,2.2186729438492088,0.5078397284376251,0.49977359982848213,83.2208677021249,137.3353459620845,-41.048566395425276,99.99999999999996,508.38002231244667,-45.09491008683298,-99.99999999597354,-99.9999999975076,-11.902918982853127
116010A,gru[nse],camels_aus,pub,0.5583736197465218,0.7892465126274661,0.26965500803791165,0.7076152739267083,-0.24407035253740383,-0.6952267081839215,0.25730045215289066,0.8260389830844442,0.41292083333633844,0.8148196162235193,,,0.7106140606800151,-0.7041532622530869,-0.23087289288094437,3652,37,0.0,0.07,6,0.06,6,0.10814995144221863,0.1067448841651028,0.4709359336943006,0.1608310306899801,0.7214532783197658,-2.1813382396382863,0.358353651838344,0.3765804545946434,0.38216462081579716,-52.10846848220469,3.180221541489176,0.5277752567904583,0.43008199412533843,80.21595720735863,142.12281213600315,-35.26108044940055,-14.99321690929939,115.99221252834107,-40.75987413260246,-99.99999999922348,-99.999999999495,-18.66623293034915
116011A,gru[nse],camels_aus,pub,0.457051025144682,0.838123572788759,0.14380672192774477,0.9116515665595301,-0.05052409727092177,-0.901320425399149,0.20741659738242144,0.9888705987291452,0.2660037069852385,0.8971280219795866,,,0.676128228335546,-0.6539544461705223,-0.38107254764407705,3652,37,0.0,0.06,6,0.7,6,0.2831491768017998,0.29129456843033474,0.985122501148186,0.12174760359399195,0.6720649652784229,-1.729938502280966,0.46903486092715274,0.5793137094591788,0.5223811791685047,-38.44305168522541,3.6183412984540513,0.5726561225740777,0.482547602306303,77.07594128629492,135.2256456671092,-23.530172238196062,53.08123141739043,140.7589219615627,-34.13448061753378,-99.99999999914058,-99.99999999944231,-20.78476209415746
116012A,gru[nse],camels_aus,pub,0.4687305526425786,0.6485725123916604,0.37793440106954035,0.82757160218856,-0.3688973351379718,-0.3235630456874307,0.4749919870471932,0.9688000614544308,0.4065180529444999,0.7039982819677507,,,0.5532729712842787,-0.4900840474824599,-0.17984195974908174,3652,37,0.0,0.13,6,0.06,6,0.5100994299402847,0.5027565802656112,0.46811429422059064,0.9827864219405503,0.5449710556187145,-0.01717953067039435,0.20596136254130015,0.44650010990498146,0.40420411914145427,-52.819881191572506,5.090197401671633,0.6745583328232522,0.4220333311363561,75.45978175797303,110.65459425685565,-56.935211508606805,-34.79890243714862,45.74774500514358,-63.61510821708429,-99.99999999659521,-99.99999999824334,5.7140504769508285
116013A,gru[nse],camels_aus,pub,0.47957269419601684,0.784823620959874,0.19942252690328663,0.8381800661045374,-0.1736606862011543,-0.8197949453737233,0.21487244344623685,0.8550879747816986,0.314764459675524,0.8492710934525164,,,0.6577551043741742,-0.6314814386730382,-0.3052509267638572,3652,37,0.0,0.1,6,0.2,6,0.3216653967443085,0.3246872928244891,0.6710425205238524,0.2788387104594138,0.7735428970615633,-1.5501123914334274,0.5124911541783708,0.5467268203350406,0.5089049473512426,-39.43757254873813,2.6056539609528557,0.4758750917398773,0.5055601602478235,81.42393188002589,131.55102087483485,-24.67668126996595,52.70352211156565,162.01277712377458,-32.260607081177355,-99.99999999905823,-99.9999999993159,-16.854228670829762
116014A,gru[nse],camels_aus,pub,0.384985495823433,0.5711977876054024,0.24598928180189192,0.3825136612021858,-0.16784066344894105,0.3825136612021858,0.235292694753731,0.40540540540540543,0.28957889671968223,0.5890808349994933,,0.31513802299813654,0.5109589191816902,-0.17667162071046427,-0.1862122917819694,3652,37,0.13499452354874042,0.11,6,0.14,6,0.7767020100262352,0.7834523536742511,0.8087579943076559,0.0,0.7099849527285174,0.5312318079529432,0.7364288397075816,0.7912133112141531,0.66864456587879,-13.28571986594433,1.9078401272343204,0.5385304515730587,0.49582173882058844,578.145442814126,102.19178383633786,-13.48570917826709,99.74941868523815,202.27746570103633,-27.121910273194715,0.0,0.0,-5.355153336178625
116015A,gru[nse],camels_aus,pub,0.45979952387533746,0.732311656844957,0.2306422305018965,0.8181162509705598,-0.17769758965892676,-0.7754426868193652,0.2550186892541399,0.9815250104833484,0.3260188116177709,0.8068395633698432,,,0.6094513714546685,-0.5477280077446004,-0.27251213296961957,3652,37,0.0,0.3,6,0.2,6,0.4885959796898768,0.4924543986599669,0.7654727122260463,0.36590320620981676,0.5861936799306062,-1.624224447625275,0.42874760290899117,0.5838198283827317,0.5173825720425971,-35.90548069321677,4.564246329739175,0.6432777938568948,0.42848288889830854,82.07549590929796,121.89027429093365,-30.839834187094496,-60.28795429257916,162.11353550466168,-42.97245047811949,-99.99999999928671,-99.99999999945689,-11.615548281480214
121001A,gru[nse],camels_aus,pub,0.6352942080726784,0.30960459343388586,0.3289479440451482,0.0273224043715847,-0.18337456173329972,0.0273224043715847,0.22262528364429554,0.02702702702702703,0.6052596194254938,0.03146374829001368,,0.3227833734279761,0.5508927181564685,-0.45144797750726123,0.3256896146387926,3652,37,0.31051478641840086,0.06,6,0.27,6,0.572822983349128,0.5788457931354711,0.8734262356001873,,0.6708719093424995,0.35283176947922257,0.7603693927024644,0.7691921330505198,0.5726697888088558,-13.764725875442268,2.0487871495187298,0.5736968630361338,0.3976692558342414,1320.1528737100687,110.17854363129366,3.753297782343401,-0.0,-13.700847353685184,-5.106988925919722,0.0,0.0,-31.3040717226588
122004A,gru[nse],camels_aus,pub,0.4506960656867258,0.568899610680597,0.30876849670720774,0.5355191256830601,-0.21593505865987628,0.5355191256830601,0.4975697485135897,0.4864864864864865,0.40717332848690924,0.5266757865937073,0.14189533160741327,,0.5287753898661401,0.14473348404274045,-0.1182035449938712,3652,37,0.2319277108433735,0.49,6,0.08,6,0.701783364939128,0.707188295840411,0.8515998726571817,0.0,0.3774389271719514,0.6385386621301397,0.25839467870987076,0.34880453516897525,0.5621638861547114,-23.003021354788192,13.920203402837807,0.7890253942859181,0.24140191927026233,575.1138202590278,105.75507797322791,-58.56696740977787,-10.932362784944038,-5.965400304145071,-71.80669498408272,0.0,0.0,51.270162186770264
126003A,gru[nse],camels_aus,pub,0.5118431035753903,0.5572393725896737,0.28538569099072564,0.24043715846994534,0.024787936802361264,0.24043715846994534,0.34645176495310614,0.3783783783783784,0.3318558020540126,0.3472420333006303,0.04599040589968931,0.23142073009475644,0.6114964232571974,-0.28323248282170144,-0.0453962690142834,3652,37,0.16757940854326397,0.17,6,0.17,6,0.6539148840156129,0.64959189881746,0.8661230359942953,0.0,0.5001051627480448,0.32995525312203844,0.47293295191227624,0.46651997610521656,0.5780168010363322,1.3800795196567803,7.449003392422596,0.7070324159838466,0.22977842494630207,614.3555013592686,122.2992846514395,-34.62196561101169,99.99999999999997,324.62148559950083,-56.30095428291515,0.0,0.0,17.757899349345408
136202D,gru[nse],camels_aus,pub,0.5299962479800469,0.7814601798102162,0.30052757112381595,0.8142076502732241,-0.20398133220670284,0.8142076502732241,0.22718395409003134,0.8108108108108109,0.4482931381498822,0.8387838820713435,0.8453044477212419,,0.6739553544938182,0.12408988605310134,-0.25146393183016935,3652,37,0.16073384446878422,0.13,6,0.16,6,0.7316062797726957,0.7407743625039893,0.9098150803764742,0.0,0.7624209833744638,-0.11560680170622417,0.6203945050695685,0.7232690844146423,0.19878906923146433,-15.814369447566824,1.5491428528952182,0.48742077984584953,0.4598000518357622,2886.038394910047,134.79107089876365,-25.7306370594198,29.939141941939006,-22.588942431108503,-28.712253041546226,0.0,0.0,0.44029665096821075
136203A,gru[nse],camels_aus,pub,0.5639786946503746,0.560712552006419,0.3106412424298396,0.5628415300546448,-0.11526140045521079,0.5628415300546448,0.25873126231750493,0.7027027027027027,0.5265342378605681,0.5458276333789329,0.6988178039455546,,0.5801508318570371,0.1547523152489241,0.0032661426439556385,3652,37,0.5739320920043811,0.07,6,0.58,5,0.38066289150292243,0.3905650324662484,0.9829863889275334,0.0,0.7780406886357788,-0.12897830298140844,0.5902265207091257,0.6889176009582806,0.2419544475764268,-15.119097398959129,1.0024811047783084,0.47112557918693104,0.40086406755118753,716.621563780951,116.03016637140742,-27.573700146563947,-0.0,-0.32016918330132743,-35.26698635647855,0.0,0.0,-3.6934288768925443
136208A,gru[nse],camels_aus,pub,0.5779703940044842,0.6284048332744614,0.2843908849703907,0.6284153005464481,-0.05279455131743831,0.6284153005464481,0.23807997386654886,0.6486486486486487,0.4795881417507504,0.6183310533515732,0.6363789495334622,,0.6368389003402893,0.20791784104990035,-0.05043443926997715,3652,37,0.5276560788608982,0.09,6,0.2,6,0.46299453873330926,0.47317270978033954,0.9955304616361147,0.0,0.7891700964700905,0.003210006655399056,0.6304884615966846,0.7253374319698584,0.27932257867206234,-14.137814163812346,1.0380798657762533,0.45916217563069095,0.44857680245105247,8093.616612119788,127.36778006805791,-26.624071145800382,-0.0,5.012206519669215,-33.763973146759064,0.0,0.0,14.259806072039757
137101A,gru[nse],camels_aus,pub,0.6011270017870491,0.8074079069262524,0.44086234779384,0.73224043715847,-0.3880921149016426,0.73224043715847,0.4797473743029599,0.7297297297297297,0.4544039627866399,0.7510259917920656,0.6469202725754499,,0.7400541748535923,0.21392091398713967,-0.20628090513920327,3652,37,0.20153340635268346,0.15,6,0.2,6,0.7227174006252823,0.7269097664747542,0.5835682962550126,0.0,0.5106469096379453,0.0347157216550148,0.2183817655565996,0.4444185581062591,0.19511813000674127,-47.22771221089774,3.083471425981458,0.6995377690747332,0.30330753808291067,6369.6342216947905,148.01083497071826,-58.03136249970633,43.920046356125084,-47.259738166011644,-62.5509748725314,0.0,0.0,9.849664132612451
137201A,gru[nse],camels_aus,pub,0.5589943321320581,0.6593126568411648,0.37042337015571275,0.5792349726775956,-0.3312679902297678,0.5792349726775956,0.4324676898977719,0.5675675675675675,0.47575495445938076,0.5690834473324213,0.8768070069550409,,0.6468642712032794,0.07258448940982058,-0.10031832470910673,3652,37,0.2634173055859803,0.06,6,0.27,6,0.7100611754478288,0.7158844826405922,0.6299358514050427,0.0,0.5528689668258246,0.3034141920691996,0.22649143464898414,0.4579843058154136,0.24300757460533817,-47.70097115580123,3.0874341232207905,0.6686785723904839,0.3539498811532289,4469.432871627233,129.37285424065593,-55.616629687759925,99.99999999999984,133.80169420685948,-60.46998956370491,0.0,0.0,3.7212818024988192
138004B,gru[nse],camels_aus,pub,0.5065095775704183,0.7242614037505687,0.4212395305980296,0.7103825136612022,-0.38706735951680554,0.7103825136612022,0.4509466102117427,0.7027027027027027,0.3862789822734107,0.6880984952120383,0.9405405344012944,,0.6359989326059494,0.043127540608725375,-0.21775182618015043,3652,37,0.2469879518072289,0.23,6,0.1,6,0.6796983787060964,0.6832443689342358,0.4910267658994142,0.0,0.4515492028131114,0.4163704182237482,0.1930890396328121,0.41816548157749844,0.27072508784779703,-49.3098077563013,3.6881260986424333,0.7405746398486034,0.36529143923140295,2976.8840419921653,127.1997865211899,-55.34480370063025,34.3135336940936,-39.00226677150354,-58.866146740491395,0.0,0.0,-0.2749531332786766
138009A,gru[nse],camels_aus,pub,0.47785083301680503,0.645869977488186,0.21378833495565153,0.2185792349726776,0.00011338256929736205,0.2185792349726776,0.1979347923785038,0.3783783783783784,0.3249163966076228,0.66307592158169,0.019761715838679715,0.09601788082362833,0.6229515970127112,-0.41828247324087386,-0.16801914447138094,3652,37,0.07612267250821468,0.09,6,0.08,6,0.7167018767939116,0.7096333356260394,0.9972331930503293,0.0,0.5560865707393183,0.21145956447736503,0.5645465491270106,0.5982305207447387,0.6174058824919701,-6.158820117309708,4.478826056013317,0.6662682862486266,0.3980658660454146,581.4079492154441,124.59031940254222,-8.697236313717754,99.99999999999999,354.7386752183868,-26.773163968591717,0.0,-99.99999993455069,-19.58651276444454
138010A,gru[nse],camels_aus,pub,0.6703456479786652,0.5387483145335262,0.4195397652074284,0.48633879781420764,-0.310257779682231,0.48633879781420764,0.35137544618413696,0.43243243243243246,0.683337570989643,0.478796169630643,0.9494402152926943,,0.6328682008417873,0.022990501229993753,0.13159733344513902,3652,37,0.4950711938663746,0.06,6,0.45,6,0.3218238940529382,0.33058840661202177,0.8027505923337553,0.0,0.6772710579403346,-0.2576611770218713,0.41699166731852544,0.6003586138456369,0.0704887203340877,-34.479416743198534,1.9129736382195672,0.568092371062722,0.36184214530530956,5397.170600395453,126.57364016835741,-39.6229884114987,-0.0,-1.8298670381190656,-44.32862550799106,0.0,0.0,-7.925996099854939
138113A,gru[nse],camels_aus,pub,0.5088578172951578,0.561249695677317,0.27963970213143374,0.453551912568306,-0.2093694716163756,0.453551912568306,0.2740262004211287,0.5405405405405406,0.39772428638243634,0.399452804377565,,0.3842026228849174,0.5832619998709013,-0.23239040524871665,-0.052391878382159196,3652,37,0.21905805038335158,0.06,6,0.18,6,0.6607069802329781,0.6681620020531003,0.757013858432216,0.0,0.5016703029501973,0.31596636346345874,0.29426429638471197,0.4543674987551338,0.4250174762429102,-33.383769264478296,5.420267908338572,0.7059247106099932,0.38610932772176354,206.36420154394278,116.65239997418033,-43.594984905932215,99.99999999999996,272.0686668138045,-49.10526147783165,0.0,0.0,-10.775033190948918
143009A,gru[nse],camels_aus,pub,0.4142742634826182,0.7308014789779546,0.19370860904368456,0.7923497267759563,-0.04268755266792196,0.7923497267759563,0.15395349701861338,0.6756756756756757,0.3190300975698907,0.7674418604651163,0.5905868507429848,,0.5884723864414871,0.32107825939952533,-0.31652721549533636,3652,37,0.24096385542168675,0.13,6,0.23,6,0.48092390470994917,0.4905991058344321,0.9867080766510575,0.0,0.8583568009063175,0.0790559926727108,0.7303035557813513,0.7548281012615643,0.4176559666900188,-3.3069814609267403,0.8736765260157032,0.3763551502154348,0.5402593212810385,17767.647527052337,117.69447728829738,-14.87505865894216,-467.5563468147275,-65.697236107632,-20.06803179306279,0.0,6824731826.782227,-4.299186816797773
143110A,gru[nse],camels_aus,pub,0.5395047583734476,0.6959079000207765,0.3834111094625147,0.726775956284153,-0.11002273013628724,0.726775956284153,0.398686623395117,0.8378378378378378,0.42623201723637,0.7031463748290013,0.6776478695801267,,0.6335551398007371,0.2121850434835201,-0.15640314164732894,3652,37,0.4397590361445783,0.08,6,0.44,6,0.5444398795312897,0.5543691110842558,0.9692424152630881,0.0,0.6043275528481112,0.04605052735077897,0.4874256784177833,0.5673684287906848,0.3140453265805705,-14.425095699757321,2.8465741994814397,0.6290249972392901,0.2508400180362894,1808.8838625518101,126.71102796014739,-32.28737291977444,-2.7967222178279412e+16,-60.194044732509454,-48.33929436990023,0.0,0.0,25.58139544458371
143303A,gru[nse],camels_aus,pub,0.21269432608067948,0.4964485966271009,0.179008427350636,0.8999339018579456,0.0049574108457922945,0.8999339018579456,0.21375196427657062,0.9451774451117743,0.18475937077600035,0.663968734458105,0.03670064708451229,,0.312426563224478,0.15697825269859492,-0.28375427054642144,3652,37,0.0,0.43,6,0.07,6,0.6439595850903137,0.6542192009112199,0.9966010585694836,0.0,0.5632678921622583,0.6550104244765063,0.5349522245534317,0.5546567094922779,0.744710700865912,-3.696684340390786,6.383367067417857,0.660857100921025,0.5288950924308737,237.02292450005592,62.485312644895586,-22.709085120248382,43.18102324326963,-27.197125809583618,-41.95386487533192,617.0275469428059,245.15888645981732,-0.7601339161801615
145010A,gru[nse],camels_aus,pub,0.44774252309885115,0.5553064418555008,0.3871371484768667,0.5947484263278563,-0.33766579410656405,-0.34724332625036425,0.3972505327440731,0.5700223063106913,0.3861888014925619,0.5843885147192159,,,0.5065375091631686,-0.4698198102522157,-0.10756391875664967,3652,37,0.0,0.18,6,0.15,6,0.4033481345319972,0.40030467032832556,0.7356392821974668,0.8685329917769252,0.6613172889742218,-0.43398236022680625,0.3653070250653646,0.49587563089940745,0.4597257298389694,-46.96360655221872,1.8501939519899513,0.5819645272916368,0.4468840420218332,65.3442759161439,101.30750183263369,-38.900009165023796,-122.82855750918681,35.00494095450304,-47.14047724266597,-99.99999999697995,-99.99999999785415,-17.16231694826567
145011A,gru[nse],camels_aus,pub,0.3884521412500802,0.7526164499092597,0.2263793094497727,0.9566089284583872,-0.06400533538892637,0.9238220432124855,0.2969513150027773,0.918918918918919,0.31721319347719984,0.8742739999292244,,0.6175180074350287,0.5612854383014136,-0.046306618229946424,-0.3641643086591795,3652,37,0.03888280394304491,0.07,6,0.06,6,0.9366640552047069,0.945883235818508,0.9731388326401426,0.3007328342072464,0.7210342362441067,0.3189204846396545,0.5051650679376452,0.6211624530287485,0.5594020850783153,-19.34420088993877,1.8393683762235795,0.52817209672217,0.46965345584259044,525.5121177723274,112.25708766028275,-36.381561082526346,65.47046159496395,-6.104279263730406,-44.0586650568335,-99.99999984143997,-99.99999996168187,13.749750328407343
145018A,gru[nse],camels_aus,pub,0.28112657442169087,0.6683623954775355,0.2146430078063011,0.8961748633879781,-0.07525288232099739,0.8961748633879781,0.22800109352410097,0.972972972972973,0.22169207607082717,0.8776249836186413,0.5476348171586253,,0.44786353825340214,0.22127268591796725,-0.38723582105584464,3652,37,0.13910186199342825,0.4,6,0.12,6,0.7395743617389635,0.7488850088992529,0.989710497074293,0.0,0.8470046473155182,0.5439750123415609,0.8316406303317527,0.8301806547776734,0.7651304153153209,0.19312899942252149,0.9762245656623674,0.39114620371989023,0.5475008589957935,871.9668543246593,89.57270765068047,-13.057972680581848,-80.58602870694907,-31.427498406031344,-19.251809246142578,6824731826.782227,1326918601989.746,4.276343598960909
145101D,gru[nse],camels_aus,pub,0.46981326086737596,0.6825262768731558,0.23827474821032757,0.6033784899433077,-0.07747178719889425,-0.019572329728823498,0.19301750458765982,0.2702702702702703,0.3716137837761965,0.7796414216243417,,0.04898025339841072,0.6015044854325765,-0.5120950311612125,-0.21271301600577985,3652,37,0.03176341730558598,0.06,6,0.06,6,0.5088943173739492,0.5192752760240894,0.9858851793042431,0.8504863416816709,0.7894179685476473,-0.09804899705243852,0.6493271434047471,0.7346796715403068,0.6149498883009735,-24.458099333952863,1.5076975684797265,0.4588921784606408,0.504243411377127,116.84082144960202,120.30089708651542,-11.962533992232437,98.03307108191348,131.36546305432555,-19.3571276643472,-99.99999996582973,-99.99999999160018,-24.57209696662596
145107A,gru[nse],camels_aus,pub,0.3345925755697793,0.5095157675414153,0.18123049408496114,0.6522572795556612,-0.015865497685753776,-0.5265824721266759,0.1246512494656134,0.6752239641593571,0.28319273671799644,0.5626851219792741,0.012912159373398608,,0.42244518792388536,-0.35152781065881006,-0.17492319197163597,3652,37,0.0,0.07,6,0.06,6,0.5837635467182113,0.5844964112750276,0.9946239725828437,0.5936179428218347,0.7562921024085143,-0.2048031109312185,0.8434826948409144,0.8392067073235424,0.7420704887300383,-8.553096769365418,1.745625858150849,0.49366780084535156,0.5464856301496885,59.7083112938469,84.48903758477721,7.851267597346855,-201.74590189068414,37.95814890746704,-3.592689172437854,-99.99999999847556,-99.99999999883813,-15.486909700690742
146010A,gru[nse],camels_aus,pub,0.29691524551013454,0.5070062187415575,0.1732069066211771,0.7273746377136148,-0.03928939217394674,0.11773322582744239,0.1874509498167152,0.2702702702702703,0.24807242287477038,0.6025192024895303,,0.08446881429156752,0.3957011960399696,-0.21405297546498644,-0.21009097323142295,3652,37,0.011500547645125958,0.06,6,0.06,6,0.8524498188845397,0.8526019241323555,0.9933479578762789,0.9684027932137717,0.5347361745189411,0.4484179838542163,0.4237471512229398,0.5146231901425528,0.6858801589548703,-17.74242709260143,4.858120470522686,0.6821025036466726,0.541340770763689,120.09532699879448,79.140239207994,-28.551248989550057,45.62125010527503,22.90773570170857,-36.781097876299796,-99.99999998724944,-99.99999999636434,4.416250188583196
146012A,gru[nse],camels_aus,pub,0.197078388824789,0.5237783710760673,0.17054293853296493,0.8956731855836582,0.0143558407065162,0.8956731855836582,0.23016788300571633,0.9592256252281625,0.16302958542707977,0.6924229327274277,0.03467050001758695,,0.32059864732216187,0.2557389769048935,-0.3266999822512783,3652,37,0.0,0.51,6,0.06,6,0.5861579310266709,0.5960400412754542,0.9747228168171376,0.0,0.6222481444992878,0.5715513738543235,0.5829032734925388,0.5355814785368169,0.7629204342725342,9.218618653586827,5.762913221066312,0.6146152092982342,0.5188979953377402,268.08211759063846,64.11972946443234,-21.273848488443363,73.67952350196859,-24.665857468134366,-40.62308264217927,573.8736505209214,341.26514508641293,4.15716387288598
146014A,gru[nse],camels_aus,pub,0.3630526631478531,0.5390867132934025,0.25932503448183025,0.6564082205152144,-0.16736063574453386,-0.49225126416308795,0.3059505492891658,0.8502858143892678,0.31278062988551025,0.5775460391804927,,,0.44832263091210284,-0.3785180404951962,-0.1760340501455494,3652,37,0.0,0.07,6,0.11,6,0.6198171894716756,0.6199479200369794,0.8882706896388202,0.8395547012887967,0.23512106460246196,-0.04129731436404738,0.06899617763049926,0.19705124158631326,0.5046330281049769,-39.05763773312419,12.755517928756468,0.8745735734616832,0.41823398629484543,62.54981693017305,89.66452618242046,-49.21370042991881,-333.6879345872798,51.25215681552174,-61.497865881591615,-99.99999999856855,-93.22436087976796,-6.955867590983882
146095A,gru[nse],camels_aus,pub,0.2557068463959071,0.6419592064762554,0.19157840850635532,0.9712944921234121,0.023235075096749304,0.9712944921234121,0.21171258572723048,1.0,0.2063116259007957,0.8132582409003996,0.04330673827180658,,0.41694341928924067,0.38777907686708935,-0.3862523600803483,3652,37,0.011774370208105149,0.56,6,0.06,6,0.3625064991794788,0.37249285882106453,0.9106991186999851,0.0,0.5731808803953086,0.3718234881916094,0.5042795578804389,0.43873814541309697,0.6899157664998681,14.997025023191375,6.639189000370602,0.6533139517909375,0.41056468010643277,818.5210027546855,83.38868385784811,-26.921259366024522,81.54057395280682,-33.93934858781675,-43.33784151925107,1826.996094396886,823.0514298102686,18.932748315041657
204034,gru[nse],camels_aus,pub,0.27377406988393954,0.5752813465133636,0.31836433967188027,0.8866124293580441,-0.256805035504048,0.8210386588662408,0.3546095535390821,0.9828845621144958,0.2183684903949276,0.7025271330885308,0.23409072247884471,,0.3924620533636376,0.32404442592584776,-0.30150727662942406,3652,37,0.002190580503833516,0.06,6,0.06,6,0.3998047219309455,0.4030127181069789,0.6928339374664482,0.18424806055393242,0.8136619377713742,0.5611677839282292,0.7460004207933433,0.8112622458265886,0.7498909406367407,-9.39853898987141,0.9181599155035866,0.4316689266424278,0.4638422192894832,470.25024341194916,78.49241067272757,-32.98381222071329,-17.08407509258043,-37.98277926341732,-37.11457912937968,869.8648939966687,378.35943777820285,15.162341882539735
206014,gru[nse],camels_aus,pub,0.33497582227408496,0.6327228822118973,0.35737906522719926,0.8840760875656178,-0.23805857841662026,0.7310706230847438,0.40807696813106337,0.7837837837837838,0.29207165404989666,0.799908842140308,0.3476119209630651,,0.4521977306455237,0.24159378154756506,-0.29774705993781236,3652,37,0.029025191675794086,0.08,6,0.12,6,0.6300960952075302,0.6392529098421925,0.8775351536899523,0.48620113100734264,0.4395631819966095,0.3149376651573368,0.6239363637001065,0.6334184133172093,0.7244777481329812,-2.3545856773259697,0.8129877778677949,0.7486232817668647,0.316919817052137,483.11552007653063,90.43954612910471,-18.723264418294715,-4.6423187033000115,-35.38705908661735,-31.761701030677255,-99.99999985716326,376.7583146055131,10.33048417172184
206018,gru[nse],camels_aus,pub,0.3808103968942474,0.5703554529516714,0.19737602988654654,0.16939890710382513,0.020860034518402234,0.16939890710382513,0.2859479707688389,0.16216216216216217,0.2849719359550443,0.6122773511694077,0.04230646260711036,0.11401110063778314,0.5199904354753465,0.09651616614095626,-0.18954505605742406,3652,37,0.08351588170865279,0.06,6,0.09,6,0.7550093691691645,0.7513885633145339,0.9206606444625892,0.0,0.711598073975094,0.4867507369370059,0.6065370209720107,0.5321363665432984,0.5726555466451102,36.77584228435451,0.32268475819915937,0.5370306565038033,0.29558620114454415,959.9341060901382,103.99808709506928,3.1441767590004006,75.96528220801476,13.90652405521034,-12.029901504750425,0.0,-99.9999989965884,15.11612125703374
208007,gru[nse],camels_aus,pub,0.2050939239881998,0.3722848227395015,0.1654598825563342,0.5621530752399121,-0.03613409686352382,0.5512241134912783,0.18408058687113962,0.6974869830433846,0.18479635241165268,0.44964383937926294,0.07598080732836626,,0.2702782288227615,0.23460388011268285,-0.16719089875130166,3652,37,0.0,0.16,6,0.06,6,0.42669619186583846,0.4353462739970557,0.9690888348680786,0.043383111418530275,0.8069614118817625,0.6318130241230315,0.6809915529615642,0.5712933078059856,0.6862478884489611,28.336307908500242,0.9939766612311071,0.43936156877705806,0.5032656016861448,94.28540646503835,54.055645764552374,-10.344347758873036,-522.0222118866267,-14.594572288305327,-20.906525350489474,133.6802222434374,124.09897708012656,4.639151740108607
208009,gru[nse],camels_aus,pub,0.352176529762905,0.2912046602636458,0.33084650730828885,0.336771301422074,-0.2726679621095203,0.2273281578721538,0.34780632340197093,0.584003561334965,0.3574481780389478,0.23416254464124583,,0.16741704589883435,0.3231702222913797,-0.27390200455988034,0.0609718694992592,3652,37,0.0,0.11,6,0.06,6,0.396896901707757,0.39731918834698626,0.5625325751694336,0.8098873281543563,0.5129689522340424,0.4722587792212434,0.4808223047245377,0.3748364771839723,0.5573958912294812,-41.44549263856131,0.771053792775183,0.6978760977178954,0.49085640249493734,52.044280826511354,64.63404445827591,-20.89672453604618,-162.47624947456214,-0.7913573846097411,-28.54169983734655,-6.504454787919573,-23.12996598590713,-14.981549184636053
210006,gru[nse],camels_aus,pub,0.47239069229706865,0.7909183473914727,0.4791361093429438,0.9698494022443892,0.29229865346345224,0.926133555249854,0.3612550883652098,0.9459459459459459,0.40527124011514704,0.9494130989175568,,,0.609999730046481,0.3859003659260374,-0.31852765509440406,3652,37,0.019715224534501644,0.33,6,0.21,6,0.6128287135953917,0.6188626568201329,0.6863052953745161,0.21226763074810764,-1.0826941552317595,-0.3711238390415861,-0.9309987141577489,-0.6307705820523044,-0.6742960782321388,160.1321897019825,0.7463635246458091,1.4431542381990081,-0.8532803817052157,11051.300731409787,121.99994600929618,131.4221200050527,-23.546747556831097,-37.031502650269985,74.7710263372071,-99.99999792225066,1768.2412094936271,-16.039754896717216
210011,gru[nse],camels_aus,pub,0.2646247787715444,0.44496737607318754,0.33435681484961055,0.838964891321197,-0.30449565996684885,0.7443134498299634,0.4005237424748837,0.8918918918918919,0.2699261352509091,0.5487762104114497,0.7157068973175582,,0.31153775772479375,0.11356043702889015,-0.18034259730164315,3652,37,0.011226725082146768,0.06,6,0.06,6,0.7829195439210992,0.7862996099619758,0.6637154669248608,0.34494491309240405,0.6780450131508917,0.7245179886053161,0.4454398743928252,0.5970226675100299,0.6643353921105011,-26.5791445298316,3.072788852005629,0.5674107743505655,0.49689270254927687,293.3113328911455,62.30755154495892,-46.664091473111455,-9.324010466715356,-16.72556076707858,-53.011648406209105,228.19703415213328,114.02394745894154,28.155626944480534
211008,gru[nse],camels_aus,pub,0.5650536377796118,0.8110466180344699,0.28690265604377685,0.7595628415300546,0.06834606060006855,0.7595628415300546,0.287174858021832,0.6756756756756757,0.47812036151641646,0.825315903291202,0.03374652044640556,,0.7195188866306457,0.4832591612498343,-0.24599298025485805,3652,37,0.11829134720700986,0.06,6,0.12,6,0.49787014766986637,0.5089561866430055,0.9566634226697179,0.0,0.4419497840657297,-0.13542213849204354,0.3639253532276624,0.24827896896290746,0.33160798833632776,55.74118504470046,2.592800165108738,0.7470275871306697,-0.14504728094446762,2832.156117547858,143.903777326129,4.871474193446239,-57.840055085551924,-52.36950925315941,-31.73232777470311,0.0,0.0,35.73732727799941
212209,gru[nse],camels_aus,pub,0.6918464504526731,0.8612895788306688,0.6573358034099005,0.9972666069272446,-0.6204936889718172,-0.9918044313241215,0.26900965102402596,1.0,0.7557522482347462,0.9705913825381283,,,0.7549631286100078,-0.7115265308878473,-0.1694431283779957,3652,37,0.0,0.08,6,0.16,6,0.3837939231744125,0.3909253906607974,0.5333912743254318,0.06948743606115985,0.40567702282816964,-2.687046665543868,0.2862877168017346,-0.4129204219274676,0.15280877332792353,-63.31602893335891,2.577400742223297,0.7709234574014663,0.2235220390540661,85.83849504228034,150.9926257220016,-9.350729902510285,99.99999999999994,474.5259154970871,-20.777606319408168,-99.99999999864323,-99.9999999990055,-35.14069142860479
212260,gru[nse],camels_aus,pub,0.19899689152410338,0.42783388632940783,0.21548105623937971,0.8764134918633235,-0.1309764677195419,0.7889817978742523,0.16983753532681453,0.8296799864377895,0.2160139684076669,0.589276359281654,0.8258868115710096,,0.2636780712260055,0.10395948183379732,-0.22883699480530445,3652,37,0.004928806133625411,0.18,6,0.06,6,0.7833206450789635,0.7881816871337192,0.7654211404363996,0.2449095332086535,0.7272419914100097,0.687391926563268,0.8575011896914617,0.8589248739713801,0.873423817903857,0.2895703385924047,0.4991351743931749,0.5222623943861844,0.5825214161785311,334.44734477746863,52.73561424520117,4.520520020143439,-10.974298280460749,-19.80174506243476,-1.9463629159048066,613.6528141368412,225.55667537456858,-6.458678665606009
215002,gru[nse],camels_aus,pub,0.45649154047245866,0.861248284923418,0.25047457280962454,0.9893553773538699,-0.18227240132909603,-0.9450708521543268,0.1878225035987123,0.9717408818656823,0.34691809665656675,0.9672348023009312,,,0.6653097332544211,-0.6019268432341287,-0.4047567444509593,3652,37,0.0002738225629791895,0.09,6,0.24,6,0.4504237861423227,0.456835628453201,0.6087742101251672,0.16205206888332288,0.6793227061527305,-1.050601753644461,0.7265524418942635,0.6143130242833714,0.6576130031998757,-22.15241898809384,0.5016078295327757,0.5662837573578017,0.4342129585540485,126.8349877631971,133.0619466508842,2.767942628815947,99.99999999999999,544.9969567433698,-18.592260351714874,-99.99999998156046,-99.99999999225116,-24.754596004164615
215004,gru[nse],camels_aus,pub,0.5856031724976533,0.7883975648069299,0.5574081700169484,0.7672683603894997,-0.5496156626400218,-0.708141475676074,0.6230813603763035,0.02702702702702703,0.5192677124739565,0.8683817760259795,,0.010644504539496984,0.6972039573362252,-0.6796405514394398,-0.20279439230927665,3652,37,0.011500547645125958,0.15,6,0.12,6,0.20327227330871483,0.20175047033641832,0.2053299954391979,0.2888217590048362,0.4402459977425499,-0.7144928478963295,0.041486619528383506,0.29613831112485933,0.27949559873776175,-68.11041992686822,2.773118564786288,0.7481670951448279,0.2983970841828504,83.6571970364391,139.44079146724522,-66.94418365146866,99.99999999999999,629.7011549646865,-72.04263872581684,-99.99999998698134,-99.99999999618719,-9.691179474308447
215207,gru[nse],camels_aus,pub,0.3298721279516847,0.7234314009879054,0.2990100577141127,0.9493867408790431,-0.25506455325464894,-0.7336733684105746,0.35011083142180704,0.8338479950234559,0.28870886019240793,0.8900765278281033,,,0.4981929519729086,-0.38395803274708873,-0.3935592730362207,3652,37,0.002738225629791895,0.49,6,0.17,6,0.739874166551572,0.7408782084832702,0.5780010010386006,0.5146573033009284,0.5478004560196912,0.1339443046239973,0.4740761297819862,0.5979161488533664,0.6446286819371462,-31.033464647352574,0.7760870469987097,0.6724578380689072,0.5028772987329679,95.03466285153367,99.63859039458178,-31.030365783305992,99.94067085104712,229.15229686334743,-40.110904458857476,-99.99999997039995,-99.99999998698128,-4.541119097477921
216002,gru[nse],camels_aus,pub,0.3192861482839848,0.6447751364119401,0.37407355854789726,0.9829728009493524,-0.28959436824830254,-0.7984479640779701,0.20908483457635882,0.9993355159107377,0.29003367808887326,0.8156636954249252,,,0.44216433529032234,-0.211829451513878,-0.32548898812795524,3652,37,0.0,0.06,6,0.07,6,0.9123320063483463,0.9179429877731293,0.8267960280451133,0.5496622718371731,0.6562805289531282,0.4029997926701413,0.788964153884169,0.7801827684894321,0.7621917708717609,-10.630795152509434,1.3748434076264302,0.5862759342211412,0.4749876668711406,135.08761675091054,88.43286705806443,-2.5302426830625233,35.918653936017535,14.651810945275288,-10.1963475664474,-99.99999997861563,-99.99999999360729,-8.1442789135973
216004,gru[nse],camels_aus,pub,0.4793181239921145,0.3217357927335787,0.2897410723441017,0.06557377049180328,0.10890389131944445,0.06557377049180328,0.25012788481656195,0.08108108108108109,0.36072844284048333,0.047879616963064295,0.7191869637368106,0.30145699408043874,0.4776775994855721,0.010933449511774544,0.15758233125853577,3652,37,0.2836801752464403,0.14,6,0.29,6,0.9135015475375463,0.9088597246182506,0.8957872499902594,,-1.0567020118095232,0.5139425457381286,-0.292252137797969,0.03950452448178021,0.07828309997324323,89.68229215978558,1.8900808890229777,1.4341206406050795,-0.18460973450703166,1497.506179856776,95.53551989711443,66.24598167745854,99.99999999999966,127.24618157675941,21.025686672381457,0.0,0.0,4.056018728708069
218001,gru[nse],camels_aus,pub,0.767719935641112,0.9065526221861608,0.3394032625380001,0.6666666666666666,-0.31118980748718156,-0.6666666666666666,0.2495413061838051,0.0,0.6506043430634102,0.9165526675786594,,0.01,0.90341606320828,-0.8995612807496683,-0.13883268654504888,3652,37,0.016703176341730557,0.06,6,0.06,6,0.06919209838078384,0.07514577488215665,0.5251446019102352,0.0,0.7848389041696023,-2.919882692143152,0.30675837237005565,-0.08932849258877851,0.17093187885989036,-62.51282446633225,1.0439732994386417,0.46385460634815046,0.3347883737638072,94.09406462391708,180.68321264165604,-29.196912279778836,99.99999999999999,-99.99999999995121,-33.1144812568782,-99.99999998262625,-99.99999999329832,-45.728447227765294
219001,gru[nse],camels_aus,pub,0.8227044238556218,0.9964492547512928,0.4032745103710221,1.0,-0.3779503229655101,-1.0,0.3887772385162902,1.0,0.7395712299791235,1.0,,,0.9460144005306957,-0.9438589356926728,-0.17374483089567094,3652,37,0.0,0.06,6,0.7,6,0.0489830323759043,0.053603695652259704,0.4339029328805896,0.0,0.640077927524427,-8.691028346917088,0.12864783281521885,-0.184482122138385,0.0029028018928261012,-72.62809230494922,1.4586461259875696,0.5999350568816371,0.2470104768064566,95.85010695787147,189.20288010613922,-44.11462507373323,99.99999999999997,-99.99999999993247,-50.77730572344199,-99.99999999760422,-99.99999999823368,-49.355176005724786
221207,gru[nse],camels_aus,pub,0.40779807120877865,0.7170844281051143,0.28260144128080505,0.8704838022998165,-0.18830505489192792,-0.8704838022998165,0.2374727723575315,0.969378886245299,0.33449037495196404,0.8016678808347873,,,0.5594822673807568,-0.5467782758881594,-0.30928635689633566,3652,37,0.0,0.41,6,0.06,6,0.2069587766982955,0.21554858706872143,0.8458104933609458,0.0,0.773228742525141,-4.54927385200633,0.5556084999831052,0.24105044954716437,0.504380084359888,-42.73044886084514,0.9299216855049022,0.47620505822057274,0.464425075548236,67.60392893537424,111.89645347615122,-8.65242282819278,-538.8145191759653,109.38420610574536,-13.906026465639714,-99.99999999949927,-99.99999999955696,-25.00965507891776
221210,gru[nse],camels_aus,pub,0.3802377283834371,0.563623102170641,0.22748869802691926,0.07103825136612021,0.14584877873594837,0.07103825136612021,0.19291187082103387,0.08108108108108109,0.28146110534134106,0.5871111724930028,,0.09823106264720896,0.5244736165770458,0.13358881827914618,-0.18338537378720393,3652,37,0.08461117196056955,0.4,6,0.09,6,0.8463793014810128,0.845752457237645,0.8737799924102759,,0.5783652633397868,0.4531429350986895,0.1558318707910865,0.23655197173336073,0.2380928616811273,73.4715620571739,1.1421092853991386,0.6493340716920784,0.1364542855928469,4171.738660420774,104.89472331540928,54.60201504545032,66.47549308578769,-15.04510336178758,38.0779634713455,0.0,-99.99999949161159,-12.047756449444776
222206,gru[nse],camels_aus,pub,0.2914130713415524,0.4665254534270599,0.26303722079555397,0.703107846869176,-0.10952568293896109,-0.30615371387467727,0.22974005898720848,0.8463976811137668,0.26136248764541004,0.541127504521703,,,0.3596090932427862,-0.14317413002832513,-0.1751123820855075,3652,37,0.0008214676889375684,0.63,6,0.06,6,0.9460526770299744,0.9467570900216373,0.9412401032819695,0.9778256850812992,0.7263698707074067,0.3497861273658128,0.836985701585716,0.8280513063497912,0.7983433099734947,-1.1174797936959397,0.4743166383529609,0.5230966729894134,0.47515356830694944,75.01951100387544,71.92181864855712,9.014747461800518,26.978045099710222,2.156244541153202,-5.9570786592696265,-99.99999999124287,-71.25698741302264,-12.477044687828727
222213,gru[nse],camels_aus,pub,0.19521728097188248,0.4249952137379336,0.19862468931520788,0.806547263782311,-0.1385714536450154,0.806547263782311,0.2931316054380955,0.9664858379553662,0.19542239304751938,0.5509300028092495,0.4609525726507813,,0.26596807417321056,0.1625242546390894,-0.2297779327660511,3652,37,0.0013691128148959474,0.07,6,0.07,6,0.7056515311733108,0.7132595719710081,0.8975128800620362,0.00978627966100225,0.1818664674145234,0.6129611317922028,0.21866967266313997,0.20917510648815052,0.8501818628321007,3.0492027925297203,1.0727488939754835,0.9045073424718434,0.5145849119006707,266.30534020544826,53.19361483464215,-29.841344465100434,-9.997366288273092,-23.083818857003862,-55.9591455306048,333.4515953900533,171.3047963602385,7.665089101562654
223202,gru[nse],camels_aus,pub,0.20099865388501229,0.48898645977953764,0.18201360852828383,0.8620396865492633,-0.036470528289801706,0.7006352890678741,0.20846563248633965,0.8618926827586179,0.18342025830821632,0.6457174172328501,0.1697685047105432,,0.3073653423430131,0.17596052488438996,-0.28798780589452533,3652,37,0.006845564074479737,0.41,6,0.06,6,0.7931938448388223,0.7985511154130505,0.9609445973063695,0.4374877881744827,0.7702166017888545,0.610690838692062,0.6777268157281833,0.7529656264279817,0.7280516971928628,23.419448666869158,0.2952599198948475,0.47935727616376644,0.507270798824117,581.6897241790134,61.47306846860262,22.815588787613557,-7.164176114926281,-24.650231592458365,9.911545007440647,264.7079319811756,136.71613821445166,-8.923756853723335
224206,gru[nse],camels_aus,pub,0.27306079713518766,0.5501667512019234,0.3443559298164917,0.9205530588085328,-0.30037098326143385,0.9205530588085328,0.408648105267516,0.9992747037430358,0.2745360585189617,0.7179146477323793,0.5545415066411639,,0.36056529401042536,0.22837356086003532,-0.2771059540667357,3652,37,0.008488499452354874,0.66,6,0.06,6,0.5718079769662922,0.5784737605462413,0.730661665859732,0.0,0.4360076539635297,0.5010436616620357,0.5336973760140828,0.5102947827576567,0.8070735657533893,5.165806496374344,0.9579055800595754,0.7509942383510478,0.4061653069477281,433.74592672607076,72.11305880208488,-24.13548986165248,86.76034594820057,-38.84783238815326,-54.6281825755763,836.5806547517034,469.9166223174058,10.695819411785758
224213A,gru[nse],camels_aus,pub,0.2246018782834338,0.26098265603774257,0.2164093483595715,0.34263604889552246,-0.00034215385435049946,0.2913899673970076,0.2145237269117481,0.46161377187635505,0.23333284110708122,0.28149473062003455,0.050252003729514605,,0.2332951002246303,0.15450028916043887,-0.03638077775430876,3652,37,0.0,0.1,6,0.1,6,0.7375972786579145,0.7449474996304378,0.981902499528027,0.39413616933098744,0.4373173100956026,0.7423079112312976,0.567600431681468,0.5551588847362856,0.6384878224758419,34.816971073750075,0.7596649884419453,0.7501217833821369,0.4206546647719126,67.67502510223021,46.65902004492612,16.899535762722714,-365.490085652937,-1.163583877860646,-16.451843995446936,51.33821565255269,59.682914442957376,4.642111573269846
224214A,gru[nse],camels_aus,pub,0.38262829933755643,0.5869837802710224,0.33555931850855253,0.8784218522504437,0.022802123612003865,-0.8232405189352997,0.34266710956373,0.9502585660362591,0.39796293754272893,0.7047296171394863,0.041613296425137225,,0.4542369094461062,-0.15925627457121208,-0.20435548093346595,3652,37,0.0,0.07,6,0.07,6,0.8676692062732893,0.8741574850709045,0.9906189665375644,0.3362766453485456,-0.10754468050996757,-1.4756192683263696,0.18346204540497912,0.34572914143917466,0.3636960718688409,58.619085583979825,1.207228856502817,1.052399487129278,-0.07040665937915547,104.70043071009829,90.84738188922104,57.558345644509565,-246.9784764251115,102.45527596885209,23.870946514423853,-99.99999999605356,-99.9999999969466,-23.89829749269905
225020A,gru[nse],camels_aus,pub,0.2897022576546068,0.2706326734634256,0.28055732742879647,0.33463869427747384,-0.26524142896390346,-0.3335460129551849,0.34372513627720597,0.3347967490908505,0.3244135802694555,0.2878656432229642,,,0.2695954435799949,-0.22502669026881233,0.019069584191181155,3652,37,0.0,0.09,6,0.07,6,0.5787014364445064,0.5813145634390036,0.37229915771550226,0.13539597440267906,0.30508295641108496,-0.3523264446159595,0.4975199880904593,0.5222371908209256,0.5694935232526003,-30.780790021668185,2.2500535068506955,0.8336168445928351,0.5658305770688448,42.11463592375093,53.91908871599897,-24.911115806701762,-126.69507434547364,34.63102372306836,-47.67808408382164,-60.03621734579425,-54.29684768169496,-4.919989301238036
225110A,gru[nse],camels_aus,pub,0.2934606243341726,0.6291948914943982,0.14147836708858932,0.8697578362344638,-0.06521489526816503,0.8697578362344638,0.1817928082796287,0.9604530314332835,0.1948500918394438,0.7294050104614351,0.0905846777538529,,0.453997041973543,0.4379869406130621,-0.33573426716022564,3652,37,0.0,0.13,6,0.06,6,0.15255812408634295,0.15990593760847072,0.9362403530627444,0.0,0.5968187980419868,0.22875815742126748,0.3238607520275094,0.17901632303480863,0.3450709398380435,62.81589257657154,0.9635528026636508,0.634965512416236,0.19545432608474322,318.4857892633857,90.79940839470879,-21.62067470916573,83.59127017330586,-34.392645302056856,-34.1655576165531,693.2573587969765,451.2739714384474,12.60744241802183
225219,gru[nse],camels_aus,pub,0.3294984058346245,0.4500340223580118,0.46395415997912265,0.7866183302132284,-0.45334922133092176,0.7866183302132284,0.554544880142426,0.8665666253426747,0.36759665405178277,0.5864087484000485,0.9214053993547673,,0.3364507695982165,0.058428089209504895,-0.12053561652338735,3652,37,0.0,0.06,6,0.06,6,0.6122545075385905,0.612035287345411,0.3137535434255575,0.0,0.3172921288505297,0.6119573492935151,0.2689535784319763,0.395347312934183,0.6409093835979978,-29.14733053880152,1.3156127648712455,0.826261381857745,0.44422753195929654,131.06763144903468,67.29015391964319,-51.91279643511077,52.48548002382159,-35.68133277502045,-72.24493455406426,398.4168521127945,220.13409034178807,17.379664236118657
226220,gru[nse],camels_aus,pub,0.34338886464833523,0.2744772518314943,0.4248869743663857,0.33014556537993195,0.4209834071020985,0.32987151369873935,0.44551080647175123,0.37765110543164704,0.38131448345088875,0.2781408202188689,,,0.29439002400483155,0.26347038365421827,0.06891161281684094,3652,37,0.0,0.06,6,0.09,6,0.4456639117068002,0.4476196832294772,0.1372969647346854,0.08953722896981595,-4.9625127433188725,-0.2771428558541711,-1.118701969009571,-0.1593437571820464,-0.1113700030065734,110.00651177837771,0.9974280774885308,2.441825698799747,-0.13789488036058795,98.5076572441124,58.87800480096641,189.0760683226267,-8.432168343914945,62.67492569498203,156.1143372537957,39.185987724424955,36.29909321980601,-5.342686390549117
226222,gru[nse],camels_aus,pub,0.3038558425086862,0.1745476476998109,0.4252159226106936,0.08611067946783332,0.03636206104168689,-0.014829580791374985,0.4099771589061197,0.057065706192438746,0.32764648009971425,0.10643194951425004,0.014163030865755395,0.01763534325330062,0.24243711887745353,0.0971756400072129,0.1293081948088753,3652,37,0.0,0.07,6,0.2,6,0.8572688431853763,0.8571490604566899,0.9241115505418183,0.951275365279723,-4.618366092313691,-0.6274567259196675,-0.8288945329652331,0.030177417889377445,0.3202068465672566,60.297927027726146,1.3456399003650417,2.37030928199543,0.17112837896470035,70.43534046903672,48.48742377549064,145.4385110812954,15.535297727069079,99.35815685978226,38.046213203219075,-26.61902502980884,-26.38571550033661,-7.127337495419608
226407,gru[nse],camels_aus,pub,0.1457485953834337,0.228362884665682,0.14189147732264504,0.4135235224540926,0.01200337974706505,0.4094824576714506,0.18425297886859754,0.47152722231278965,0.14078928097892346,0.27007485756845745,,,0.1687363177298089,0.055689081954024916,-0.08261428928224829,3652,37,0.0,0.65,6,0.06,6,0.8613688336027542,0.8713096985133145,0.9929054229492907,0.18302476681016963,0.7233349220175622,0.8209915002270778,0.7832236855663696,0.8436498111104134,0.8604219787151727,10.020214914857005,0.7461905354859685,0.5259896177515653,0.6726326415889896,41.96947484007769,33.74726354596182,16.15803103444188,-244.45088941760454,0.7898787765794272,11.896820427544885,73.47039237795707,48.55209332750715,-6.986770763080559
227225A,gru[nse],camels_aus,pub,0.2897988839863099,0.38597984938587193,0.29926504730885084,0.3567153644753288,0.244169639565066,-0.29579972300968593,0.3006117893811498,0.19422087127939303,0.2646998817585239,0.45146342160333935,0.3510236274506486,,0.3334715396580925,-0.19702001801489916,-0.09618096539956206,3652,37,0.0,0.1,6,0.06,6,0.7371497035084026,0.7361870804600854,0.7279195394072889,0.5677964745992575,0.43379342116182773,-0.8142547880432482,0.3890545880528201,0.6352771175005815,0.6441630759174066,22.35933939128542,1.489333596423361,0.752466995181963,0.34281325102585436,58.155605499283084,66.69430793161847,88.16816742137188,-841.5268787279457,80.19849579315914,64.64506634558894,-82.57421643037527,-72.31527017338908,-35.63654384357116
227226,gru[nse],camels_aus,pub,0.17808966702607332,0.4682502154594015,0.17676876800620872,0.8393760224290786,-0.008494427736596102,0.8393760224290786,0.21983233300710778,0.9021646292254198,0.1605036688861161,0.6201037127996422,0.42132689806608337,,0.2819695568861178,0.201353674116818,-0.29016054843332817,3652,37,0.0,0.53,6,0.06,6,0.6173535423193763,0.627093491557744,0.9987698687776885,0.0,0.7025304312841226,0.6448826328749779,0.7809640699380334,0.7300536242060439,0.8407110103539077,10.173630278424291,0.8843510840484753,0.5454077087059527,0.6004576922718572,150.609160741601,56.39391137722362,-1.9972274457024977,-281.9280294863405,-31.964986146065677,-15.350276269610807,501.8520762872113,291.5942868209389,9.317335221438078
227227,gru[nse],camels_aus,pub,0.39898170384133147,0.703516633106933,0.6127256883663763,1.0,-0.6126168436802772,1.0,0.8796672201255493,1.0,0.43515750698473515,0.9648842370270388,0.7915693007806702,,0.4795444083702917,0.19962749832570661,-0.30453492926560155,3652,37,0.09529025191675794,0.06,6,0.18,6,0.43941893611523575,0.4394189361152357,0.08709844388603416,0.0,0.2182831387162969,0.46725105626204155,0.021479378217566958,0.23187142412200046,0.3923388505957235,-53.80275105048316,2.6501554493238837,0.8841475336637564,0.3165991835624118,2941.354284521085,95.9088816740581,-72.81330607185177,-92.35153009741477,-57.914526301210806,-90.70807933347493,8128190040588.379,124756.90015470533,36.72193644924156
229650A,gru[nse],camels_aus,pub,0.2292933972590682,0.4762671479836225,0.14841203500718983,0.7133643390601578,-0.09413412737931215,0.7133643390601578,0.1775350086308868,0.8910311766762212,0.15933395017786636,0.5452412799525249,0.12308593714608349,,0.3402269318147425,0.3218047118047359,-0.24697375072455433,3652,37,0.0,0.11,6,0.06,6,0.140893911747422,0.14864358442068926,0.8518220720004258,0.0,0.37622940189228316,0.25697521111269606,0.4146251324627167,0.3263989205833495,0.4290875673678016,54.95397735712879,0.6399748587629863,0.7897914902730446,0.32038764011428045,150.59854280795966,68.04538636294848,12.860942685515846,63.05293305376127,-31.348788920792803,-23.693861180081143,232.26768967452165,185.4776146999841,0.5920397028437916
229661A,gru[nse],camels_aus,pub,0.19911627711803528,0.40930379542659817,0.11608622030302744,0.5958475571432407,-0.07830992260731179,0.5917881983101017,0.1421351670370548,0.7032852809533917,0.11866352209895112,0.43813810140537607,0.15777186390727332,,0.3013006213407546,0.2775227789458503,-0.2101875183085629,3652,37,0.0,0.21,6,0.06,6,0.30885981174893484,0.3164135658745491,0.8999209002465065,0.03998650861088419,0.6643414549767008,0.52046218020311,0.5924543877987649,0.48648558467291503,0.593327878037555,38.211359363425714,0.47250584461711514,0.5793604620815085,0.47545827871972834,105.61520321575142,60.260124268150776,-3.5906535392286894,-35.22574738828313,-26.967357831055004,-20.24440745645353,147.23459387648793,125.90650670815124,1.12870885800943
230210,gru[nse],camels_aus,pub,0.5951803478929717,0.3503491343226293,0.5034097927941277,0.30601092896174864,0.46872310817147345,0.30601092896174864,0.32276398109307747,0.2972972972972973,0.6399493125897946,0.3036935704514364,,,0.4743900149910069,0.23189605465163796,0.24483121357034238,3652,37,0.6429353778751369,0.13,6,0.46,6,0.2591763902043048,0.2616600474910765,0.37064705137244297,0.0,0.576136021479565,-0.23409446369216003,-0.7275332923936071,-0.7973382115021717,-0.7881062078106129,170.62614535028123,0.687139399472908,0.6510483688025298,-0.9004534076167927,10494.296137868881,94.87800299820137,79.87299141767502,-0.0,30.108045240056825,35.46700520877714,0.0,0.0,13.99725690994188
231213,gru[nse],camels_aus,pub,0.4071279046636368,0.7446512508553289,0.3010524809414178,0.7759562841530054,0.19515420725450056,0.7759562841530054,0.34409653522908723,0.7297297297297297,0.30870320797546347,0.8180574555403557,0.017118572246881406,,0.5839289236230047,0.41977091237832204,-0.3375233461916921,3652,37,0.291894852135816,0.46,6,0.29,6,0.5328134872859488,0.5404238197496606,0.4935637751064629,0.0,0.275907973392163,0.19319485134651804,0.15148613724415028,0.14279451928002573,0.18345266825104445,76.8044400860244,0.7770949041547587,0.8509359709213361,-0.060659740744993584,803.5049169793091,116.78578472460089,23.480742088739884,-4713.357544275323,-61.96624164299571,-1.0981249725646607,0.0,0.0,-3.971280079163525
235205,gru[nse],camels_aus,pub,0.19066366726343398,0.28382556739179093,0.15817077559936113,0.3465583744778152,0.12712715707949662,0.33436624176561114,0.14312938937872743,0.5390606461464529,0.16313751663787124,0.2920675371216619,,,0.23578970774670288,0.12496133151850879,-0.09316190012835696,3652,37,0.0,0.39,6,0.07,6,0.8984853663792246,0.8989255855815419,0.6591356822258259,0.5760377541705354,0.4940380685034239,0.6265054935217225,0.43917340935557525,0.5890757017162325,0.5764968154421459,39.79368025353111,2.11019748144737,0.7113100108226905,0.4720040518756691,75.24785821257274,47.15794154934067,45.19686724229867,25.551443708203106,2.1768148633452897,31.210145899807035,14.381884847641356,5.442786968101063,-18.081849072872973
236213,gru[nse],camels_aus,pub,0.7051978902996737,0.6620948202167322,0.4991689593597161,0.6229508196721312,0.42670270479888206,0.6229508196721312,0.41038739955794146,0.6756756756756757,0.7224460795337536,0.6511627906976745,,,0.694600396715571,0.6806961241930465,0.043103070082941564,3652,37,0.6861993428258488,0.06,6,0.39,6,0.0649328876145413,0.07091954207747513,0.3855611707571942,0.0,-0.7175865673945276,-1.9682249117136745,-2.189938955872952,-2.112644628862661,-2.0875443487854395,305.6726110962937,0.8210571930925715,1.3105672693129977,-2.2928210156364157,13108.571336319786,138.9200793431142,145.2386619212595,-1.40659200736903e+17,-59.18054807847452,92.40702273450005,0.0,0.0,32.38661113800422
238208,gru[nse],camels_aus,pub,0.4806449423115983,0.8047333508106106,0.2788269310294804,0.9197579473123163,-0.054080803379908046,-0.9197579473123163,0.3522784635304976,0.9846634351297602,0.360455115840166,0.8597573027613652,,,0.6558037334081039,-0.5967447306552923,-0.32408840849901227,3652,37,0.0,0.06,6,0.11,6,0.41276987301825685,0.4227431753918012,0.9887921346442436,0.0,0.7148403494362146,-5.427751525501141,0.7086046040755185,0.7241290137361144,0.5678932555398519,-20.89703794706278,0.48323640474272656,0.5340034181199456,0.3434003974174079,79.84441554676832,131.1607466816207,11.738270672948385,99.99999999999983,765.768410766929,-11.467714268247969,-99.99999999730164,-99.999999997659,-30.937740865588662
302214,gru[nse],camels_aus,pub,0.44545571175029425,0.7463295472800499,0.23256857866651554,0.9100397749934827,-0.015912629421701123,-0.7364807322266306,0.20250524208720042,0.8918918918918919,0.360459869677981,0.8359320651989999,0.018756866248799114,,0.5984880485399497,-0.44237127394246967,-0.3008738355297556,3652,37,0.001095290251916758,0.09,6,0.06,6,0.7748223883036832,0.781931484908992,0.9931938243033475,0.666531943472623,0.762014945654194,-0.2981061733183543,0.8455719235738604,0.8487613440414552,0.65747652128895,-0.6190756857157533,1.4671922245139135,0.48783711866339763,0.42185133172300027,106.65185720105012,119.69760970799001,4.801954313118637,99.99999999999999,469.35905317772324,-13.188636343147921,-99.99999999056504,-99.99999999412844,-28.974007678558984
304497,gru[nse],camels_aus,pub,0.27048962793326703,0.7358487221897417,0.24954297856011895,0.9809760883747871,-0.24610959463187276,0.9809760883747871,0.3242260263877342,0.9912125185134718,0.16475108736045993,0.9175932686627275,0.3275664221362242,,0.47814956782079443,0.42261899444568607,-0.4653590942564747,3652,37,0.0,0.06,6,0.22,6,0.18556867471376606,0.18627512126037676,0.20311465327080427,0.0,0.04992537567329003,-0.432735443691423,0.11378869725356666,-0.015163570463860632,0.19186982460745317,65.67392321524471,3.3492802062447624,0.9747177152010269,0.02920452830844167,1350.618614104921,95.62991356415881,-29.984723015958377,79.62586294231639,-71.2286299547583,-49.12671102193927,4871.073084826735,2221.467258671552,14.30469444403841
304499,gru[nse],camels_aus,pub,0.43009776219236195,0.21033593608363135,0.5544808850669847,0.21261964412924225,-0.5460093653165947,0.11879014366791406,0.5013881918282532,0.2846803157168457,0.5329664096073562,0.16261061573359617,,0.2392436826287788,0.3049136046534637,-0.2531725556898939,0.2197618261087306,3652,37,0.0,0.1,6,0.07,6,0.46337720949047295,0.4603711024425992,0.16235148881441452,0.9265104619995362,0.17479167456187827,0.21023791397872926,0.14598032602796296,0.3585929657181094,0.39159223001278787,-54.4344646815214,2.292846699705505,0.908409778369939,0.41614012836824676,45.8966997372488,60.98272093069264,-53.062373512629804,-58.67651558883673,-44.403947316816456,-61.678615484261464,-11.912493300909883,-12.849125324616027,23.43530166747808
305202,gru[nse],camels_aus,pub,0.3560035120827921,0.7570559525360233,0.31372211459986665,0.9484117245950173,-0.2886609925614674,0.9434541237559575,0.46825494106295973,0.972972972972973,0.2180897190092392,0.8601773895467352,0.2777538179199186,,0.5480080679057407,0.46450521115257815,-0.40105244045323124,3652,37,0.029299014238773274,0.07,6,0.33,6,0.3507753251660271,0.35600522355492464,0.5901964850810396,0.06562319759059085,0.5489699083565005,-0.00854251685378471,0.4260011461670671,0.37561933781545165,0.5891146961975628,13.026458903206002,1.6873358854459526,0.6715877393487015,0.17764536977984802,1270.2874616340114,109.60161358114844,-48.850642929334256,-34.79100289624291,-63.113784808513415,-62.066263197362964,1434.5526407938014,1090.6452766799937,57.68791670282705
307473,gru[nse],camels_aus,pub,0.32100466234120567,0.3379954865570492,0.40001561714450784,0.4138303193232103,-0.40001561714450784,0.40188191397236334,0.43644444312796216,0.41269228788547074,0.35355814123064744,0.3700964573441154,0.9200023485282759,,0.31229652095424715,0.03107915274119728,-0.016990824215843525,3652,37,0.0,0.07,6,0.06,6,0.6361144347372263,0.6330685678520122,0.009786279661002243,0.31040725561624216,0.44793278099493117,0.5031771263553877,0.4056375624280306,0.5159559848632695,0.5967727723767163,-22.03577360683038,4.87606451174225,0.7430122603329429,0.4399772061887406,86.42691641060054,62.459304190849494,-48.30635084143796,-58.63444992055113,-33.12298204716398,-59.25710902224378,76.09379743471828,65.71978024983531,57.12831779141367
308145,gru[nse],camels_aus,pub,0.2518516909386916,0.32008266682172615,0.28190564699880655,0.3338870248272251,-0.2679295467283683,0.3292930929717783,0.33765768621317793,0.332907309780192,0.2124197852720992,0.32793511283184756,0.45667489780140547,,0.28652295646267983,0.16911412735347067,-0.06823097588303456,3652,37,0.0,0.07,6,0.34,6,0.5690626293084664,0.5708719172249951,0.41644693957384094,0.2221612128737372,0.43071773517163503,0.4866872337193323,0.5681347660416154,0.5041029476122179,0.7024639981935739,15.618547880672743,4.361679303314347,0.7545079620708882,0.40594797388358206,91.19035544438138,57.30459129253611,-24.912390622526008,-54.91513108688917,-24.76077805209721,-46.08955648903691,77.08973596629556,74.49283425886165,32.706905270020236
308799,gru[nse],camels_aus,pub,0.2509828257225418,0.3741273008416726,0.2706316314424574,0.4033931566474454,-0.2621845319828633,0.4033931566474454,0.3314617442472213,0.45477119039423786,0.2026482205138886,0.39617035253772853,0.42545750475017485,,0.3109063020078889,0.21252014675843006,-0.12314447511913079,3652,37,0.0,0.06,6,0.42,6,0.4361521027678421,0.43873228945449044,0.402234957532473,0.019527942170252936,0.557418615704177,0.4842539965139222,0.57389075456434,0.5048514220292801,0.7156374639622303,14.774286270269316,4.396358920834399,0.6652679041527728,0.4208945983483653,113.7687424328766,62.181260401577795,-31.426238011565633,49.056466129180514,-38.26448572159838,-46.85827441840244,102.44511283150692,112.58366045548692,40.17237388418682
312061,gru[nse],camels_aus,pub,0.12369132476456021,0.2885639898348517,0.09870831286338469,0.46456051875379484,-0.06187138612343367,0.46456051875379484,0.09703295274559384,0.5952379008048692,0.10553371532153472,0.3789915687015625,0.633814384743572,,0.18549345156890998,0.10862211433292711,-0.1648726650702915,3652,37,0.0,0.66,6,0.09,6,0.6477063056054395,0.6550541191275673,0.860496860349981,0.0,0.8633997448762322,0.8247189933402875,0.9133144785102164,0.8927877281882989,0.9193884673119448,4.79446592913317,1.3745456332282922,0.36959471739158806,0.7419719889370662,52.1907963098436,37.098690313782015,-4.102484021916987,38.962217010488125,-17.786078695460834,-8.472294571699313,141.02533257543834,109.1369125497289,9.000152117377345
314207,gru[nse],camels_aus,pub,0.1892002245815946,0.26220933697119314,0.18397419911323748,0.4164181345199741,-0.15341570373792154,0.4164181345199741,0.20563392748756357,0.4641235244568571,0.19944620195508533,0.31634624090788205,0.9149719892688329,,0.2067819968049442,0.032789878796324945,-0.07300911238959853,3652,37,0.0,0.11,6,0.06,6,0.687539537381547,0.6947212731443648,0.674684625525247,0.0,0.7425189906748999,0.7972518098264926,0.775257170523577,0.8222959501319104,0.8485906414091728,-11.094941910822243,1.6227016035634674,0.5074258658416025,0.6555211707379489,49.224530112485596,41.356399360988846,-13.696673504516763,22.890664119362135,-22.2198731062108,-28.88516824570476,98.01948319627432,78.22235063807109,14.913891664265597
314213,gru[nse],camels_aus,pub,0.22428887719229873,0.5963286989409493,0.27687195074672843,0.8619508033006135,-0.2631616218060258,0.8619508033006135,0.30940342193658754,0.9071763110143725,0.19789678518618847,0.7905083550532156,0.5420200662982189,,0.3695420988903436,0.27750994742005064,-0.3720398217486506,3652,37,0.0,0.48,6,0.13,6,0.34949474758025545,0.3529729167159662,0.42520664727283164,0.0,0.6991118484754889,0.44020443318520075,0.587696862725716,0.598904219098132,0.7884851016334056,-1.9011120267365635,1.3173148611208039,0.5485327260287312,0.5177506034331287,258.6035838525358,73.9084197780687,-36.40113297415354,38.122258556942725,-56.982476667105416,-44.04192401500414,863.304994268886,698.4220168216312,23.143786923481965
315450,gru[nse],camels_aus,pub,0.24742226166541775,0.5082699158461278,0.24355649094342197,0.7828670522285587,-0.22297835235467836,0.7828670522285587,0.26218039477588434,0.8497564687085006,0.1989251525710387,0.6137753454942211,0.4286227980175705,,0.3527343015782646,0.2560031150749656,-0.26084765418071004,3652,37,0.0,0.06,6,0.06,6,0.4584279485796566,0.4619061177153672,0.5567843981768386,0.0,0.5996369098206604,0.5037174305401295,0.6425678416243077,0.5631176022373259,0.731515708581145,16.71426734445683,3.127408852604836,0.6327425149137204,0.4388423143432322,158.028665193623,70.54686031565285,-21.74900976182837,56.10842570417328,-31.376721406050873,-40.39388972818264,474.68236952439025,253.39719912904312,40.28715796798375
318076,gru[nse],camels_aus,pub,0.30773175080097287,0.6670034479019511,0.2831997307704648,0.999834612842154,-0.17907294340983446,-0.999834612842154,0.26744026627141027,1.0,0.2839671399475406,0.8579086670742648,,,0.44763039062137217,-0.3775099582914247,-0.3592716971009782,3652,37,0.0,0.54,6,0.08,6,0.5974961140266859,0.606714878890155,0.9591689455973664,0.0,0.6193779636779554,-1.0106621354468883,0.7275816460360043,0.6815773512922607,0.7631923831916034,-18.666773571626138,1.2087019409073059,0.6169457320721529,0.5146653596142572,58.42156107155344,89.52607812427438,-7.6016057863648,-370.8918337462907,69.60638473668998,-30.78644288954202,-99.999999999199,-99.99999999935851,7.320124523279746
401009,gru[nse],camels_aus,pub,0.25463180127166773,0.5037173123744036,0.3076435696425948,0.546448087431694,-0.24399012237482764,0.546448087431694,0.3769039545223597,0.6216216216216216,0.2095493283429262,0.6732480841073769,0.4750902858452251,,0.3581082323944556,0.12596569592631238,-0.2490855111027359,3652,37,0.08680175246440307,0.06,6,0.09,6,0.801561066739444,0.8092318634385276,0.6881093867632975,0.0,0.5399373028740329,0.6383626091237681,0.6369061561909708,0.6469004227230909,0.8435643578521235,-1.9426669499740303,0.3789082033132846,0.6782792176721671,0.47989858456516254,658.5222726713763,71.62164647889114,-22.358209654460076,-18.81310400083852,-21.16952613988645,-49.45531328753736,0.0,783.7130042767415,4.426239589916239
401012,gru[nse],camels_aus,pub,0.2597345003274011,0.17365120648481006,0.3455844217700908,0.1081837113662916,-0.3353791847307736,0.029347860349729898,0.30442390861111246,0.16540601820582088,0.2910355180642724,0.14813130706969285,,0.09141477816432149,0.21502035513555612,-0.18280990438384237,0.08608329384259103,3652,37,0.0,0.06,6,0.11,6,0.6193624502479164,0.6113854742999609,0.26508578129858024,0.9837505894956816,0.6159040539715639,0.6472166332404912,0.44383876381464804,0.616305073361918,0.6270820085554752,-35.85249046740491,0.6391766054612162,0.6197547466768092,0.6019812997999965,34.67954377767005,43.004071027111166,-40.18988200239939,11.715001948668501,-9.37685985443903,-45.166481783469635,-17.23212020069918,-31.78409474982329,-4.8973309256018975
401015,gru[nse],camels_aus,pub,0.4903674504389487,0.4772519638423122,0.38403599206711675,0.46994535519125685,-0.2792692869310117,0.46994535519125685,0.49753267152970976,0.4864864864864865,0.3988068163680459,0.4487004103967168,0.15910772276568155,,0.5037344437174579,0.3781648229303607,0.013115486596636472,3652,37,0.6478641840087623,0.15,6,0.16,6,0.25465135415505336,0.26006414223891344,0.7989916532969114,0.0,0.4803310191730923,-0.0373926875053765,0.37405882993717876,0.4627513072461511,0.5333661238915488,-18.706918834352972,0.34654422273758245,0.7208806980540592,0.15858116144122714,1890.979356950763,100.74688874349154,-52.40046376112362,-0.0,15.323990294519255,-63.21473475874497,0.0,0.0,48.06965332274325
401203,gru[nse],camels_aus,pub,0.18772216093028535,0.21338456587403148,0.1496588037205504,0.24243802178480384,0.04485878789194963,0.19767742136611685,0.14117744886480246,0.3347614453608503,0.17805339464134762,0.2161365073147804,,,0.2016336739937493,0.1389867404581702,-0.025662404943746137,3652,37,0.0,0.07,6,0.06,6,0.7666505420340666,0.7756624249818111,0.9495717543776949,0.6579023371980088,0.3816109589620671,0.6995366727790685,0.47319162217153565,0.5629841416475212,0.5908542492837963,39.962075576446125,0.625754653508195,0.7863771620780532,0.4824196950087343,57.190676628295975,40.32673479875004,28.902173405170515,-6.103857459510074,6.18761814956191,5.543888102152032,7.38763612425476,16.12803871510671,-3.264644841302623
401208,gru[nse],camels_aus,pub,0.25949652192621786,0.4737912081859257,0.17225405304186225,0.7146347606404426,0.09104278506213491,0.7127294898116695,0.18782272098181924,0.91279217351648,0.23463403373399677,0.567834597232077,0.017817853596579957,,0.34582948382695067,0.33556694982100077,-0.21429468625970782,3652,37,0.0,0.06,6,0.06,6,0.18485770660893142,0.1948440662505172,0.7394174836995385,0.055137512919457454,0.6573371494469191,0.3187998572498352,0.3080193687219305,0.2044722138632067,0.30444664808521205,68.08120929069219,0.5351201185510887,0.5853741116184425,0.22853627489735995,161.61458219769509,69.16589676539016,14.04405642263141,-334.47286557658464,-9.343613840452079,-4.328475018705947,326.906046648929,210.22514022355753,4.41189293568756
401210,gru[nse],camels_aus,pub,0.163279000482106,0.13366945510964753,0.27000534478417826,0.13238692700232005,-0.20113230460772677,0.09163791047942788,0.3068716054496627,0.13421171365548404,0.18318524002856337,0.1443902345705193,0.9458903957759207,,0.13763976813442358,0.0049972240360762485,0.029609545372458468,3652,37,0.0,0.06,6,0.07,6,0.87213108245109,0.8719002184821973,0.6314286581978908,0.7254470255360792,0.6133963896374961,0.8508181201139774,0.7686343131827404,0.7832619473706157,0.8792220475556881,-6.663564845604194,0.7996945191779581,0.6217745655480803,0.6745935687172504,29.54137562504688,27.52795362688471,-5.38740378474099,-30.47898999367404,-13.450747733796293,-20.555459517498548,29.337287961533217,12.354501022380022,-5.781378519740469
401212,gru[nse],camels_aus,pub,0.1949715569999528,0.18245065072403818,0.2494232390763039,0.13445882000907525,-0.19676761908047075,-0.12094414726325389,0.20678711185984588,0.1012582816698769,0.19478067464713097,0.17907002929807742,,,0.1900707813058353,-0.06032004796617664,0.012520906275914623,3652,37,0.0,0.06,6,0.06,6,0.902214330238165,0.9050835111545688,0.5875509860401162,0.6350261644611591,0.6919834865136936,0.7407298991016927,0.7676875416752134,0.8051792708554761,0.8448393269118485,-9.872034056960624,0.8244447788079275,0.5549923544395061,0.6306344846168649,37.69590562820132,38.01415626116706,-7.196988723546831,-43.763234222817815,3.0730285112693667,-21.36030392140395,-24.834873893243092,-25.082420808506424,-7.218492576063525
401216,gru[nse],camels_aus,pub,0.3239931257617244,0.3935997803933086,0.1949677234512589,0.4453342528016567,0.1642966052427429,0.4453342528016567,0.1651283688998654,0.5066075355708666,0.2679771408399919,0.36989494091318087,,,0.37315488556311693,0.37017200228539215,-0.06960665463158422,3652,37,0.0,0.07,6,0.06,6,0.08680912504441389,0.09371341089971807,0.44344979558897907,0.0,-0.8254996532019068,0.059090327388624964,-0.22066646382353872,-0.1395060750535695,-0.09414463652951421,108.92249327994952,2.21288508833567,1.3511105259015292,-0.11760489601969715,136.75148478815464,74.63097711262338,41.17782306549974,27.45349717785805,-0.11735856615406835,9.56174551057682,104.37170653669794,89.12615188862729,0.15895371413300102
401217,gru[nse],camels_aus,pub,0.17690237792892816,0.21258773362272745,0.19403498187583965,0.22783628020340513,-0.062239109114433776,0.13201072117548124,0.1974121069000683,0.34308946070364066,0.16238415669709694,0.21568230525430604,0.17466123847296544,,0.19214270791676272,0.10922061792113727,-0.0356853556937993,3652,37,0.0,0.06,6,0.08,6,0.8313209424802603,0.8335812603637051,0.8552366959605331,0.5817242105528846,0.4906860725634995,0.7925094393885783,0.6387086335469869,0.7252677784202426,0.7690431404119569,21.135837147168747,0.6465830310170404,0.7136623343266062,0.5587856098650059,52.63282134641712,38.428541583352434,29.8838546468093,-477.6473395796837,-8.444886689576917,12.406124305216755,18.859292790887373,20.42521839727774,-8.625765542447095
402204,gru[nse],camels_aus,pub,0.24943739020352237,0.6125782403742943,0.1820468791603868,0.9967797457793713,0.07393664552051434,0.9967797457793713,0.21279095459764005,1.0,0.194357596111503,0.7912039355016652,0.028126110871732828,,0.39568928864954644,0.38048430740513695,-0.3631408501707719,3652,37,0.04079956188389924,0.58,6,0.06,6,0.20168961458384418,0.21139186497982063,0.7380892894254527,0.06056917145389037,0.5803385933784566,0.4132785083747714,0.4264249318168237,0.3016621001141363,0.4576658988816654,52.399694605368865,0.5843975570054245,0.6478127867073507,0.31377513949350355,1042.2389710252571,79.13785772990923,4.304672593766732,-32.90104023959559,-21.686952325640213,-19.700245984208316,3776.9170661314233,609.3468093387793,6.454203231070112
402206,gru[nse],camels_aus,pub,0.24568238805432696,0.6045104760455567,0.21632389523282475,0.8530301101610152,-0.1379626430318377,0.8530301101610152,0.253759061606901,0.9183330700872357,0.15618733627294784,0.7471474596381421,0.23975701825583717,,0.4028472202463713,0.364322708732996,-0.3588280879912298,3652,37,0.0,0.08,6,0.06,6,0.20453651863491928,0.2126492998795106,0.7264366790982717,0.0,0.15875856968100077,0.2651854287549593,0.40200228894295187,0.5142090332629541,0.5307285176139682,41.9781818374238,0.6968247829291416,0.9171921447106922,0.33254768416371994,248.19815795755815,80.56944404927421,28.47427516392313,54.16020405558347,-43.226559985706125,19.698668316118187,789.8755112648311,588.3042065147325,-3.0339951771623515
402213,gru[nse],camels_aus,pub,0.32888897497461383,0.7399377608684042,0.17140256269526524,0.9836065573770492,-0.0010048524034206295,0.9836065573770492,0.2621186704958466,0.972972972972973,0.22303354738024328,0.9122074734423199,0.05053521459319879,,0.5188337073940494,0.5041415744055083,-0.4110487858937904,3652,37,0.08680175246440307,0.13,6,0.13,6,0.1681865508276789,0.17750766650384567,0.9375217910756163,0.0,0.5454590302362061,0.169035716274476,0.2873711427272385,0.15143379543759805,0.3095589529832361,66.07347838657131,0.6697305072249424,0.6741965364519413,0.10835685684891005,1325.9794375309748,103.76674147880998,-2.217689419776863,-70.66774135028223,-33.99306732444206,-26.151670556615517,6051041781902.314,8305.411857001665,16.07195544032768
402217,gru[nse],camels_aus,pub,0.36326181015398473,0.7086651049457586,0.3070901748422974,0.8740082690130009,0.23491846009066644,0.8717939659656486,0.20929830518635287,0.9729221471849775,0.3085036387339678,0.8178222618256911,,,0.5223017553511431,0.3951701466792457,-0.3454032947917739,3652,37,0.0002738225629791895,0.47,6,0.14,6,0.44822023553329177,0.4549940082494138,0.6234473976712622,0.06272933691301216,-1.2245831823202478,-0.027843208952855747,-0.2284120402504255,-0.031166297468730564,-0.01323685300707278,92.25745729065498,0.975160886221256,1.491503664869868,-0.24757847411055112,660.4783216831175,104.46035107022867,116.61557941191543,-20.97209293965496,-45.05712857669875,14.427418660505088,1128.8937556223832,897.512877667015,-3.761820009010899
403209A,gru[nse],camels_aus,pub,0.32647818444390964,0.42336617301985874,0.5030500562518458,0.8074228407812734,-0.48016692303534914,0.7855649172840056,0.5511241331485166,0.9746267654985334,0.3834958749144223,0.5488538786217877,0.9730998640102123,,0.31414622153904664,0.024585315643449596,-0.0968879885759491,3652,37,0.0,0.06,6,0.06,6,0.511051879985488,0.5125628496906592,0.2511347662968146,0.0912129507509859,0.3931506600561664,0.6678109698112462,0.3261765894288394,0.4882841925372863,0.5854925785126246,-36.86474663692665,0.7910715232134831,0.779005352962246,0.4477446945445769,252.51052992666462,62.82924430780925,-44.076865246384905,-73.55901204965943,-36.96287856871238,-63.0890569979048,298.91071992499286,166.43616208615708,2.1827838147932073
403213A,gru[nse],camels_aus,pub,0.3081498937853195,0.7949838934793504,0.1359045959785045,1.0,0.0525393321785483,1.0,0.14052174359016908,1.0,0.15313408106126722,0.9542191721312595,0.010712448464465027,,0.5485359190182275,0.5405070284828334,-0.4868339996940309,3652,37,0.06133625410733844,0.19,6,0.13,6,0.154524022546617,0.1644386285604602,0.91443857600367,0.00978627966100225,0.672245259417669,0.005991845584619848,0.2091759432758401,0.09722375216509094,0.19137178455515402,78.35699676177636,0.6783425775894518,0.5724986817297756,0.13044751429096446,3459.595969430076,109.70718380364539,15.057015382851997,-66.5189018580904,-51.351654745649356,0.42494531897411625,18078941106796.266,11097.407280619105,3.373328962647025
403214,gru[nse],camels_aus,pub,0.26970738844551373,0.6499032742559476,0.2115990932697601,0.8914349641851365,-0.16958967420214457,0.8914349641851365,0.28305499212918234,0.9076097954544504,0.15838480961712542,0.7884181914648067,0.19621359694717874,,0.4429338147178637,0.4101877454181223,-0.3801958858104339,3652,37,0.0,0.06,6,0.07,6,0.19658952312155062,0.20274206203211406,0.6715434723455489,0.0,0.6246393913673063,0.20073602491456544,0.5469160525398662,0.4288938855744693,0.5404609949056611,39.94558756612633,0.41030407228537713,0.6126668006614148,0.3087273335381213,315.60615199868573,88.58676294357268,-14.651836139843253,-508.432533690638,-43.32810720519976,-22.27524442733106,1149.2838557223938,660.3758275436556,7.080121225998358
403217,gru[nse],camels_aus,pub,0.40840993079000304,0.8279715061401438,0.42852023323403415,0.9821654928164214,-0.40622795733013595,0.9821654928164214,0.5349119801230799,0.9986711804284001,0.24998322012409419,0.949421300617476,0.2912243994649034,,0.6103863345658321,0.5349725278535717,-0.41956157535014077,3652,37,0.00547645125958379,0.06,6,0.53,6,0.20771295317616414,0.21119112231187476,0.3490223933727869,0.0,0.27778896078172355,-0.354671556654921,0.2435906744996219,0.13303678130259744,0.39110106274701484,43.766782723973535,1.486060177456944,0.8498300060707885,-0.12990656459896965,1828.3333303107959,122.07726691316643,-34.43120471322415,88.91536669684926,-63.44434147663523,-68.84336557338774,5592.524511881315,3498.0492366035132,19.01758829655547
403221,gru[nse],camels_aus,pub,0.44422579541167745,0.4391507277540581,0.44236590054272495,0.16393442622950818,-0.43495257600996784,0.16393442622950818,0.46195655722386986,0.13513513513513514,0.3996261019168617,0.39343978507166394,,0.16572213834000202,0.4738503677994394,-0.38652638889467184,0.0050750676576193365,3652,37,0.13608981380065718,0.37,6,0.14,6,0.4947891013530749,0.48966041110783665,0.19831467199725814,0.0,0.4448141011831366,0.5095627342830547,0.17338875813166144,0.4097463291348221,0.44738226339419884,-53.3139637223063,0.7202131212024947,0.745107977958137,0.4074883382027943,90.9912972081982,94.77007355988789,-56.97102237596682,99.39517743477181,161.25499361705235,-63.32334839913254,0.0,0.0,-2.0604033472544363
403222,gru[nse],camels_aus,pub,0.2847194946342071,0.5551750302500491,0.43278986049562806,0.9443264751387638,-0.3863554442542114,0.9443264751387638,0.5110115182192762,0.994885785216391,0.2847239225253916,0.7143961770431743,0.5864297111863617,,0.3645588597564081,0.22699802691082918,-0.270455535615842,3652,37,0.002190580503833516,0.06,6,0.06,6,0.4122759405421553,0.4168966038185107,0.4560174705362178,0.0,0.40879956590288147,0.5042443813034265,0.5633149290899586,0.5908372241787719,0.7753043078506257,-6.45428766399504,1.0020105454084067,0.7688955937558224,0.4262804840884391,2444.4702224853772,72.91177195128175,-21.407626647333558,87.42705639025762,-46.91188325812288,-52.20830834006337,817.6870495345738,420.1752800791749,7.000956144360453
403226,gru[nse],camels_aus,pub,0.2886478462273409,0.7891947236405785,0.1918090306876279,0.994535519125683,-0.1354034212856084,0.994535519125683,0.20882069424493946,1.0,0.14721902104088572,0.9686151114219249,0.2569858778450811,,0.5271494991276892,0.48791837767383345,-0.5005468774132376,3652,37,0.1196604600219058,0.23,6,0.17,6,0.20354519791569112,0.2099606085015183,0.7011296415430175,0.0,0.7541646836613228,0.10776867329128781,0.5984679299957452,0.4867861637257185,0.5562281275122275,37.778946609666406,0.5422149131606941,0.49581782575728056,0.3227886183311859,3438.0896508957408,105.42989982553776,-5.101118588650514,-113.3567049653084,-55.329181384800954,-17.256142321848838,13381558656692.506,16721922159194.947,2.000438331844149
403232,gru[nse],camels_aus,pub,0.3311668062111043,0.7636382843518845,0.2729220303395382,0.9994615636388122,-0.2291322295104402,0.9994615636388122,0.3180850575258318,1.0,0.19379278698614347,0.8984980661924816,0.20218004893179853,,0.5353258805831784,0.49601046316549025,-0.43247147814078024,3652,37,0.018893756845564075,0.06,6,0.11,6,0.1388856469261926,0.1444719406607146,0.5383098026328629,0.0,0.2893793514563897,-0.07642094330085625,0.32346255239951327,0.227905942089057,0.33510339739453865,60.82537216860462,1.068734820275648,0.8429831840218465,0.05589106233174268,33541.065679845204,107.06517611663564,1.9633638535541538,84.52196527226081,-58.95572616312845,-16.92721116220454,69282.99767704203,1384.2131196038802,5.5725069884279215
404207,gru[nse],camels_aus,pub,0.3504352769686352,0.7347346713545534,0.16115762158285957,0.7431693989071039,0.03564424518329439,0.7431693989071039,0.261149727896608,0.7027027027027027,0.21908630987169395,0.8446252386839559,0.03603914125579357,,0.5555132070447534,0.5426258787080224,-0.3842993943859182,3652,37,0.11883899233296824,0.11,6,0.12,6,0.14914009220899319,0.15906858656517214,0.8437668349836773,0.0,0.6385114651955806,0.32423088507534936,0.36115935008353395,0.21834146628503737,0.3879643109269404,57.77082373583481,0.7498835833696206,0.6012391660599129,0.1808296234617306,5860.238349607835,111.10264140895066,-11.09804970748722,-105.62919793828877,-43.73663698987878,-30.309293143557316,1690310239791.87,3569257259368.8965,12.760923464995077
405205,gru[nse],camels_aus,pub,0.35259574933468146,0.5873295138052435,0.28846434120047265,0.8294025009821347,-0.2481700844297186,-0.8294025009821347,0.33898957776667693,0.906378065190296,0.2679823930210835,0.6577151720337417,,,0.45831643653415843,-0.435597577689865,-0.234733764470562,3652,37,0.0,0.21,6,0.06,6,0.357655490188547,0.36239872745827,0.6161856781643064,0.0,0.20206299044023812,-2.738096943718942,0.5132291598973798,0.12522075838107072,0.507179447037116,-41.698361150261384,0.7363057438601874,0.8932731998441249,0.4861576388030966,58.79271789656433,91.6632873068319,-7.521713094612549,-974.3378795817996,85.62072391091422,-39.568243366487096,-99.99999999956182,-85.89112583187733,-3.1005224008686687
405209,gru[nse],camels_aus,pub,0.2751213452891003,0.3477057007734401,0.25956474738031055,0.3415559227428901,-0.25772521551362854,-0.2446250959746497,0.2707195695442455,0.1597429356896097,0.23204178285292013,0.3629973973785034,,0.020524361333899642,0.31915867925064717,-0.3070243252968078,-0.07258435548433978,3652,37,0.0,0.07,6,0.1,6,0.32967906854589674,0.3211934475343765,0.14573964909538667,0.8477160352585447,0.6518027007783977,0.3150434046403543,0.48536565457428127,0.5873223562310579,0.5981077840288169,-38.98187696796018,0.7091767881506852,0.5900824512062719,0.593539934462592,45.17755506901378,63.83173585012955,-35.56872925317273,-459.36973627407497,24.40044097634237,-40.86355099639785,-64.38751618394389,-58.27975630141608,-2.2791146624851426
405215,gru[nse],camels_aus,pub,0.2687000036286831,0.2874026292459037,0.3037240990808745,0.30183047115551404,-0.2987570063476216,0.07697705094328912,0.3100560568439403,0.4376490646372665,0.2616433651190575,0.27301605865928386,,0.07561328409181281,0.2752541153812669,-0.24371743755205671,-0.01870262561722058,3652,37,0.0,0.07,6,0.09,6,0.33624278369571015,0.3325467899054842,0.2470054004211703,0.9595015918023556,0.6218927938854113,0.7119006157267362,0.5088596405454473,0.5675083795428689,0.6214732403332375,-37.41878885217564,0.875897599759165,0.6149042251559089,0.5866992793377306,43.57708386185413,55.05082307625337,-24.525724862911463,-395.90834836060117,10.854848634036223,-40.901185519435934,-42.908932342377085,-36.929844806086216,-2.3812580328578257
405217,gru[nse],camels_aus,pub,0.28334417589061417,0.3332341458774675,0.3062972169943952,0.4434121879376524,-0.2569387853744989,-0.06520289997826138,0.2386469543967313,0.6048684549434056,0.2707584906975555,0.38722217016876664,,0.029888159470613865,0.294791399296935,-0.22782858422022192,-0.049889969986853355,3652,37,0.0,0.06,6,0.17,6,0.7048330901291545,0.7028597879751157,0.5520619968983226,0.9763734118023308,0.6807469081156013,0.5162459268314268,0.602652173554505,0.5697568123771342,0.6495733366963716,-32.482312706557224,0.5405265615885346,0.5650248595277898,0.5701829616026048,46.17329053658688,58.9582798593871,-13.93969033884517,-100.40232271222239,-5.871298641242507,-19.434228098252493,-74.02960314157593,-44.860346549591945,-7.590411147650397
405218,gru[nse],camels_aus,pub,0.3755507006872599,0.3630222968096765,0.4236580861670913,0.2842960123634848,-0.4212520010044166,-0.24657185510079402,0.47117267685592507,0.3302723412737846,0.3629163390594343,0.3574772807643669,,,0.3742069195508751,-0.3708576905603995,0.01252840387758336,3652,37,0.0,0.06,6,0.06,6,0.09928083021937013,0.09220996006046654,0.03364144890927954,0.5161096785742026,0.5042364850278626,0.4566714667304914,0.2656531803385842,0.45842697030529633,0.47206118735952085,-52.42129513491365,1.4180178335133082,0.7041047613616439,0.4697996658709873,51.94998088372175,74.841383910175,-51.335177217318275,-700.9933226982187,7.972600098629583,-60.330777412677584,-68.30492280463181,-59.455366326739636,0.7433310180946979
405219,gru[nse],camels_aus,pub,0.32518968799205655,0.3319991587429291,0.3090566318660186,0.25065739247327257,-0.30768407582560264,-0.10167587512130484,0.2747141374133466,0.32236973509805744,0.315409087497464,0.3519910513226561,,0.017958724957289035,0.33379130379994626,-0.3155150313985709,-0.0068094707508725705,3652,37,0.0,0.17,6,0.06,6,0.347038330881214,0.33793407594162195,0.10094783247690176,0.8569854813014903,0.6822555158329202,0.4933887174694631,0.39186349872640924,0.5306857359427333,0.5387831951772155,-45.45754233719485,0.965918280729001,0.5636882863490066,0.5308125114200131,47.731960831903386,66.75826075998926,-40.884630325838764,-604.092109261949,-3.6353538783443877,-41.00825904879984,-76.90709374527165,-60.54791868028864,-4.0337259961401815
405226,gru[nse],camels_aus,pub,0.4445943109161369,0.5880556052240272,0.38478354999488545,0.5737704918032787,-0.3210667518609233,0.5737704918032787,0.5216103816527824,0.5945945945945946,0.31155527884321893,0.5554035567715458,0.7396044366586749,,0.540655423581886,0.14504969868275178,-0.14346129430789034,3652,37,0.36856516976998904,0.06,6,0.37,6,0.5901954200217316,0.5936400593925804,0.6468403801740363,0.0,0.37030262787925483,0.32011739210143253,0.3605025044343009,0.4744163859875602,0.5339406451527604,-25.671061154746113,0.3203147815705421,0.7935347327752864,0.26678407622174416,1225.149463490309,108.13108471637716,-46.239595654140864,-0.0,0.8258939479013598,-63.07514166154473,0.0,0.0,8.37626297724726
405227,gru[nse],camels_aus,pub,0.3633276990637663,0.41842290458373926,0.32334171975416404,0.31488594102189427,-0.32334171975416404,-0.27579605929642437,0.3424136141626518,0.19146818935516846,0.326469470825433,0.46127777852271973,,,0.401367663689957,-0.3987192948872738,-0.05509520551997299,3652,37,0.0,0.21,6,0.06,6,0.08896344225601269,0.0814096881303984,0.03467894647882614,0.5716907067794983,0.6174088108560851,0.12794465022754975,0.3082259557574841,0.4787477009003269,0.4839324034470337,-51.061471544835676,0.9489482419167323,0.6185395615026695,0.4882673312416588,54.68907941706266,80.27353273799132,-47.45981743379228,-550.6782371577671,5.887754426691829,-50.443263886759645,-83.93552571122414,-72.32343431466624,-4.436253530764039
405238,gru[nse],camels_aus,pub,0.49005742488783244,0.7149833004677967,0.3484526944206032,0.7377049180327869,0.06425792408233395,0.7377049180327869,0.34043464612577956,0.7027027027027027,0.4114612921089224,0.7551299589603283,0.07998265042912531,,0.6161823875318992,0.378718049530944,-0.22492587557996424,3652,37,0.3893756845564075,0.08,6,0.15,6,0.5308290941743935,0.5401059494652216,0.9734123767505374,0.0,-0.005120578365949813,-0.020538971114195892,-0.24934525127157903,-0.00834027441089824,-0.07999709889526341,99.35991263556474,0.8953145601010516,1.002557020007316,-0.35697806857081305,2316.69759906019,123.23647750637979,108.26997351500815,-4.545013460595103e+17,-81.34517593239377,71.84910026026607,0.0,0.0,-35.875312452782666
405245,gru[nse],camels_aus,pub,0.4785136547365104,0.580632497003347,0.473276205581134,0.10382513661202186,-0.41247217779659795,0.10382513661202186,0.7386484459955066,0.08108108108108109,0.37421266991851154,0.5890268964461268,0.20631899097023088,0.09591446114200332,0.5723832403535247,-0.035987640035081064,-0.10211884226683654,3652,37,0.08433734939759036,0.06,6,0.09,6,0.8432005352718128,0.8369890282432209,0.689521876344996,,0.22676481475226462,0.6037650150806362,0.08973411222699657,0.1807082126609182,0.5097697327534125,-30.83575257248693,0.8932635263882659,0.8793379243770482,0.10083698896073034,322.9596919902868,114.47664807070504,-69.30496427968663,99.99999999999999,221.47269123599173,-85.17190259235016,0.0,-99.999999581222,84.91092990629888
405248,gru[nse],camels_aus,pub,0.5687932110814551,0.4537263028853656,0.35758550513982745,0.453551912568306,0.12130304816070306,0.453551912568306,0.27207017182703847,0.35135135135135137,0.5951237479153474,0.42270861833105333,0.01943900305847919,,0.5247858004740041,0.2865187589115773,0.1150669081960895,3652,37,0.6596385542168675,0.07,6,0.46,6,0.329548042033534,0.3397210751714439,0.8506447013825873,0.0,0.47195531310172956,-0.4729730317526428,0.32627749161154673,0.35197580968287967,0.16330335062178847,59.0340839317677,0.3954133013542634,0.7266668334926745,-0.007668187207635624,1110.1612657970654,104.95716009480087,27.299130689520553,-0.0,28.95178987057598,6.4854174642450095,0.0,0.0,13.350931684060022
405251,gru[nse],camels_aus,pub,0.4508500376914377,0.5091659849399185,0.4676594459266112,0.4371584699453552,0.4532021205384295,0.4371584699453552,0.34799611625958393,0.3783783783783784,0.48719459228201156,0.6144866048114335,,,0.4665946013017287,0.28043342904901797,-0.05831594724848077,3652,37,0.062157721796276016,0.16,6,0.06,6,0.6278156799107861,0.6300926911515267,0.1893934816956621,0.17854366698754964,0.022025508252935033,0.24037979567458378,-0.877034312164696,-0.8333957067354301,-0.7864152507339917,177.5463488726682,1.0008276704356087,0.9889259283419892,-0.8456993800072636,297.72621000864905,93.31892026034573,147.82648245177347,7.097210973890067,37.309037460466676,85.04316462251884,0.0,-67.25238762171497,-12.299060397515701
405263,gru[nse],camels_aus,pub,0.34316189191159774,0.3324891800338812,0.2041503883329431,0.19985354812088413,-0.19065171772438014,-0.03207535666338336,0.265552918829071,0.3195127912062857,0.24055472903101363,0.26633939836793724,,0.027823564922325926,0.37434278831986767,-0.269773024952191,0.010672711877716512,3652,37,0.0,0.1,6,0.13,6,0.6323848152175422,0.6265280908076457,0.4137280400542879,0.854029499153109,0.5266257547633504,-0.5974228593104873,0.6021583478552981,0.6469410853455324,0.5798884326105731,-23.464860576196617,1.061516666467198,0.6880219801987795,0.4182387104147849,66.15656136552923,74.86855766397336,-19.5948721657814,-485.46053745355,102.11161007006126,-39.403754813332334,-70.38667835420414,-62.351417454249344,-5.47760367329026
405264,gru[nse],camels_aus,pub,0.37921781524231296,0.42505185682028346,0.2891593185353046,0.2886642134703822,-0.288796949516138,-0.19216354382947665,0.3065932068098062,0.20108389817206215,0.3259784648943105,0.444461073684408,,0.027834099868235825,0.42144640929082394,-0.4163424222249019,-0.0458340415779705,3652,37,0.0,0.07,6,0.06,6,0.0684463714503595,0.05932505394998725,0.09821933766664825,0.6140672463015763,0.6002990676843151,0.006620922347404523,0.3540355872538513,0.39789574960316876,0.469722405192995,-51.988607861195725,0.879281678720451,0.6322190540593385,0.47897130527650245,57.08577039111308,84.28928185816483,-37.591977941135994,-490.68716122277243,4.080134052339648,-43.18297411162545,-78.02143014222659,-66.7467211591398,-5.491041170312532
405274,gru[nse],camels_aus,pub,0.3502375776942364,0.5679841530360805,0.3114449814156026,0.3879781420765027,-0.23728687368489307,0.3879781420765027,0.4762351798641598,0.2702702702702703,0.26194854847132576,0.6772969319578245,0.17364138591990097,,0.4730698534406782,0.19855793570220065,-0.2177465753418441,3652,37,0.08680175246440307,0.06,6,0.09,6,0.7078251055275976,0.7141597381844775,0.8424639749170006,0.0,0.5582861588043335,0.6124078817472898,0.5508390335225951,0.5667553728677199,0.7627029793394683,-2.9714136993472158,0.7442237295419272,0.6646155589479278,0.3336867977181708,3014.362013178302,94.61397068813561,-33.558508857018225,10.251358568165823,-19.74365849281809,-49.12715003192262,0.0,-99.99999870449544,25.229106430661048
406208,gru[nse],camels_aus,pub,0.4402622439697448,0.6680433193464697,0.23419948491935882,0.6284153005464481,0.16990201276973538,0.6284153005464481,0.19190957170956963,0.6486486486486487,0.28655622257928487,0.679890560875513,,,0.5880245840062652,0.49672828697271004,-0.22778107537672487,3652,37,0.42634173055859803,0.25,6,0.2,6,0.3661346060516154,0.3744333619852637,0.7414125913530113,0.0,0.6647430739957155,0.04047287237742003,0.052608363236711586,0.11090561528554355,0.10530438411095544,85.39572541211406,0.6143975159885424,0.5790137528628181,0.0005862560180922571,1895.1198544777717,117.60491680125324,48.00204762551926,-4.3900060018879194e+17,-80.16607905331348,32.95327146060586,0.0,0.0,-8.365986880368775
406213,gru[nse],camels_aus,pub,0.46256055620045267,0.3800266539791928,0.27561182748891183,0.24043715846994534,-0.12079408325222717,0.24043715846994534,0.21533167440229298,0.21621621621621623,0.3782629670187732,0.2243502051983584,,0.5465448013917388,0.47630488500012036,-0.0932510364973571,0.08253390222125989,3652,37,0.33953997809419495,0.06,6,0.16,6,0.6518493410370733,0.6548928066907043,0.9526571004508353,0.0,0.5219516120092906,0.4694386133319074,0.5165266988043957,0.669698868864463,0.6474243284590007,12.959656399932413,0.7102469801933892,0.691410433816781,0.3885423767603061,952.1621302678305,95.26097700002413,22.830724825284626,-0.0,0.08517369488702149,24.049923858908805,0.0,0.0,-28.910315314698767
406214,gru[nse],camels_aus,pub,0.5660772545583866,0.35838566405216926,0.3789900875984891,0.32786885245901637,-0.029825969135883836,0.32786885245901637,0.3176842340149183,0.35135135135135137,0.5392796123180502,0.25991792065663477,,0.8231015251541139,0.49096450665178504,-0.03016201108711487,0.20769159050621738,3652,37,0.5117743702081051,0.08,6,0.06,6,0.47294282587493863,0.47733735188478205,0.9984390463241279,0.0,0.7247953018176363,0.1748339272299254,0.655479024541148,0.6643606791573378,0.39246772109803396,29.380530441274985,0.446247206288806,0.5245995598381338,0.2075130642423496,537.9842168766412,98.19290133035707,22.622237276642657,-0.0,3.7569439333886154,8.202755415960372,0.0,0.0,-17.0964207337319
406224,gru[nse],camels_aus,pub,0.4815581456305139,0.37970094187819425,0.5704086482719296,0.43169398907103823,0.24243772872304933,0.43169398907103823,0.48820674968547517,0.32432432432432434,0.5873962916196414,0.3912448700410397,0.02579875588018985,,0.407006212807765,0.3596351139234235,0.10185720375231966,3652,37,0.8940306681270537,0.06,6,0.09,6,0.09253127012695204,0.10264320072699588,0.8014564878942325,0.0,0.28396801753313183,-2.056669802166296,0.1161044067630369,0.22963640864367474,0.16018412225787027,-35.46587346461868,0.5743470026353206,0.8461867302592662,-0.05386057508240061,4114.826830962825,81.40124256155299,-61.146087282356106,-0.0,985176335931561.5,-71.7755982863402,0.0,0.0,159.92209419233004
407214,gru[nse],camels_aus,pub,0.4908796608769035,0.8845653231764498,0.2630878390945804,0.9753946674957925,0.1472805436139471,-0.14155687731328287,0.27336659049862816,0.9970833587533037,0.3000032589048726,0.9463679693149852,0.011277580117156913,0.8028851209729785,0.7110004751332952,0.042979592547062455,-0.39368566229954627,3652,37,0.0,0.1,6,0.38,6,0.8509979358399627,0.8509411670045408,0.8441991012933265,0.9827533840129246,0.6912096361333584,0.21152605944396963,0.45020900456246515,0.3186580697578347,0.47641432532853445,39.106680461497696,0.5181734563102295,0.5556890892096422,0.09757545685189895,1169.223290730211,142.20009502665945,-4.7137857845549185,99.99999999999999,224.81896960006284,-23.632614802392816,-99.99999966402368,-99.99999978499895,25.420589022759472
407215,gru[nse],camels_aus,pub,0.368561461492718,0.32367447877703975,0.2414067709335675,0.22404371584699453,-0.019566056664907832,0.22404371584699453,0.22459663899643525,0.13513513513513514,0.2794135546083153,0.17373461012311903,0.01794431878690537,0.6389276663784029,0.3927870097816921,-0.06130011535026064,0.04488698271567826,3652,37,0.3138006571741512,0.26,6,0.06,6,0.7830581783867427,0.7773103133626716,0.9974602569549218,0.0,0.8362533200178592,0.5645053889145853,0.8817970574573304,0.8905419362271842,0.7462001763520151,7.464552703905168,0.3960268999617355,0.4046562491574061,0.498899124716347,840.9643010636487,78.55740195633844,13.110750846048063,-0.0,-0.46575808343341596,3.6581615791828246,0.0,0.0,-15.503161410510655
407220,gru[nse],camels_aus,pub,0.5402965079436929,0.4134793830939969,0.538482827362206,0.39344262295081966,-0.20063969788673985,0.39344262295081966,0.8512418105188752,0.35135135135135137,0.6521577903709872,0.38850889192886456,0.19647031443327348,,0.4686473114554035,0.3295894320012336,0.12681712484969598,3652,37,0.7806681270536692,0.06,6,0.25,6,0.2092425500275766,0.21682921962274979,0.9783742240326964,0.0,0.16663606251046736,-0.6644593370456868,-0.10415728643068989,0.120435030436857,-0.02760849490559325,-66.50465895124698,1.6245433590937453,0.912887691608082,0.02014681989414946,3272.0323325557238,93.72946229108072,-79.32342913886822,-0.0,31.59853932213614,-86.35608441487928,0.0,0.0,-19.334782010580497
407230,gru[nse],camels_aus,pub,0.49372673381411214,0.6820059305584129,0.2831852827063072,0.6830601092896175,-0.013012069781190521,0.6830601092896175,0.3297412055297775,0.6216216216216216,0.3613136168790228,0.6716826265389877,0.060271826150765075,,0.620377577790525,0.47885986500684313,-0.18827919674430071,3652,37,0.5769441401971522,0.12,6,0.39,6,0.35811653335541066,0.3672791031207934,0.9795348352366584,0.0,0.6797421906803282,-0.20350109107128644,0.6184976693634459,0.5209286733638778,0.5070850178921951,20.839202200177386,0.6313722113515496,0.5659132524686729,0.13250393802760096,1123.9143543532323,124.07551555810501,-7.4994994188863835,-2.279949440989983e+17,-78.21123398131697,-25.370264481608988,0.0,0.0,36.78528305031903
407253,gru[nse],camels_aus,pub,0.5206800310397229,0.47016556014794814,0.6004741513002945,0.34972677595628415,-0.5769607004614612,0.34972677595628415,0.6253520554361882,0.35135135135135137,0.5211376167319431,0.3447332421340629,,0.5058471387696788,0.5094770451154976,-0.1774041138603569,0.0505144708917748,3652,37,0.2502738225629792,0.13,6,0.25,6,0.6454157093441435,0.648362502090578,0.43219902642066266,0.0,0.28823545634056347,0.2409693378371095,-0.016330203854416858,0.22994885239575835,0.24796114645067246,-61.92825532876934,0.5359534814621847,0.8436613915899177,0.22867872217199692,521.4361634077629,101.8954090230995,-70.4440294513182,99.99999999999991,193.84902240757557,-77.1928539301637,0.0,0.0,36.921860132599534
408200,gru[nse],camels_aus,pub,0.8320286792401047,0.46043924422562443,0.8144236663667599,0.3770491803278688,-0.33968619180521026,0.3770491803278688,0.40461948599360165,0.2702702702702703,0.8944054209752533,0.36662106703146374,0.023804733734220325,,0.6646364700467154,0.3904635766734545,0.3715894350144803,3652,37,0.4882256297918949,0.14,6,0.1,6,0.3923732292773336,0.40407441339971734,0.9213296921247238,0.0,-1.22093790028921,-4.998424190344557,-2.241265131529683,-2.0103340321058125,-2.0603133904786173,297.7299167492675,0.1931428385088348,1.490281148068783,-2.1201150760597214,242345.56232209926,132.92729400934314,153.66492413676485,-0.0,129.5313415859966,107.44858305074973,0.0,0.0,70.54998384652947
408202,gru[nse],camels_aus,pub,0.5122749982241604,0.3252235212888606,0.4728015266041702,0.2896174863387978,-0.14713984717267634,0.2896174863387978,0.8228936802541538,0.24324324324324326,0.4889494130225481,0.2558139534883721,0.07138929201433351,,0.43306289570617634,0.2978144552383312,0.18705147693529983,3652,37,0.5197152245345017,0.08,6,0.06,6,0.31252889899646447,0.32022078069422905,0.8662531992665855,0.0,0.31528087623860834,0.26087362485084,0.21649555706999546,0.37625298768998006,0.39450441309435,-38.165249668972294,0.8750133861357564,0.8274775669233528,-0.004843263306713919,1245.919465517664,86.61257914123526,-65.26870975421294,-0.0,13.44103331126928,-80.11671664780366,0.0,0.0,2.1269726348186078
410057,gru[nse],camels_aus,pub,0.16720933717699982,0.40576845290908703,0.13852482360631557,0.5996000344217994,-0.04032010430705425,0.5996000344217994,0.17685214313875663,0.6952662974534266,0.12012606824662776,0.49462759844186316,0.189595846718201,,0.26959861123906503,0.2352877028302837,-0.2385591157320872,3652,37,0.0,0.4,6,0.06,6,0.4789452134582033,0.4873847047030083,0.9122966714623193,0.0,0.6760331767926608,0.577249711271976,0.64854092438915,0.5407732528851703,0.7040258138128579,26.190884010333747,0.883762809122043,0.5691808352424906,0.5458016090542044,95.66327125538405,53.91972224781297,-1.0829349280725977,45.30451297112091,-35.04428525830116,-21.278284015021164,199.41422061790317,144.23257859523576,0.18151696902591857
410061,gru[nse],camels_aus,pub,0.26105098137641847,0.3372705074404817,0.3944426176900103,0.6479709728981854,-0.3420613394221705,0.5072040284527487,0.3608848162122177,0.8961507061904594,0.2726265229765252,0.36604274520129704,,0.5464162871314423,0.26449667435211516,-0.07344424544833503,-0.07621952606406324,3652,37,0.002190580503833516,0.07,6,0.06,6,0.7834886253344894,0.7866145067013055,0.5876032633695114,0.45592310296751054,0.5405231969754595,0.5603429322990381,0.40259579371434984,0.5373708265318811,0.6653900532316226,-25.686539565143516,0.9705556755290463,0.6778471826485234,0.541391243295007,75.70296771647652,52.89933487042304,-39.54549131484732,0.39073850326725196,1.0466880320137222,-52.43706190463949,40.44199406540583,8.533535889812068,2.156311521005603
410705,gru[nse],camels_aus,pub,0.46605015082593004,0.754344386179967,0.31140971745535284,0.6065573770491803,0.031221032956224522,0.6065573770491803,0.29140148969488705,0.7837837837837838,0.3534925300137821,0.8068459761166978,0.04052143586920782,,0.6347782396988246,0.19918033824448986,-0.288294235354037,3652,37,0.08625410733844469,0.28,6,0.09,6,0.8129598404611567,0.8244497033506226,0.9499342350382731,0.0,0.6700658563763786,0.06181172325459916,0.4930363873434226,0.3710203987840911,0.4005927135863767,46.493366617222954,0.5340244237380573,0.5743989411755748,0.04141347639464987,2638.568085013209,126.95564793976504,9.259001858350805,43.53389417479713,-40.11007689967903,-11.18093331761654,0.0,-99.99999884192246,-0.087367133370198
410730,gru[nse],camels_aus,pub,0.5483629868818041,0.7386249570220093,0.3875503067638369,0.856025432947459,0.3833857434607501,0.856025432947459,0.21630027645194588,0.9104220359145746,0.48741171258186333,0.7684264052960257,,,0.6526040751249187,0.6523953908192054,-0.19026197014020518,3652,37,0.0,0.06,6,0.06,6,0.003652620090042681,0.0062328067766908345,0.07305240180085362,0.0,-3.641091315703009,-1.4656506490715127,-2.0330132904927987,-1.9266886827906688,-1.880572088659287,287.49076130433644,2.5675346427540098,2.154319223258941,-1.8844413053575542,509.8770696483447,130.5208150249837,87.78710251449886,67.78901627344152,-29.768058547512993,46.30525764488811,689.5312951255478,484.23039453464605,5.092359870863511
410731,gru[nse],camels_aus,pub,0.560154012398183,0.811466765199363,0.3665681374418377,0.9867008719132068,0.3356662182615056,0.9867008719132068,0.24480847672616124,1.0,0.4773594149126161,0.8782544465310455,,,0.689303317973632,0.6873959125522496,-0.25131275280118004,3652,37,0.03806133625410734,0.06,6,0.07,6,0.02943408085420382,0.035317286314965834,0.3306203503385115,0.029494468035887567,0.13189261519982698,-0.757906525532021,-1.4403513789644937,-1.4776222869966196,-1.4143225223017928,240.0903339507881,0.717190464851285,0.9317228047011478,-1.4601826945688372,4437.532628379123,137.86066359472608,77.95827530970028,-45.37709455102556,-25.999414195699586,44.508636794012155,36388.41711868567,1210.263011856634,14.576326687989527
410734,gru[nse],camels_aus,pub,0.511695940824629,0.8109586687787235,0.36329235134523274,0.9968981090986673,0.35255833124210784,0.9968981090986673,0.26665727438706494,1.0,0.4449267323704561,0.9209279386322524,,,0.6542247851726571,0.6426030656340271,-0.2992627279540945,3652,37,0.03943044906900329,0.06,6,0.11,6,0.11864325855290947,0.12326392182926486,0.2528787381698671,0.0,-0.28232721563312824,-0.5072462025905449,-1.2023113926652118,-1.163637783622549,-1.1135889866149427,209.98955304659395,0.897112863841518,1.1323988765594606,-1.1599907844284192,3529.952383372151,130.8449570345316,105.14020840456703,21.48040323839903,-26.441662446144914,60.104711706434486,11509.800592055584,2447.8811917137964,5.647472614931891
410761,gru[nse],camels_aus,pub,0.4084284082628407,0.5723771299290732,0.3843486353206199,0.9080585084048267,-0.35213644232250685,0.6657237965847755,0.3359865591236137,0.9949143276446714,0.4002154670466002,0.6760439104255538,,0.7487657407779995,0.45908273245027353,-0.09188461294539225,-0.16394872166623248,3652,37,0.002738225629791895,0.32,6,0.06,6,0.7050435587217718,0.7037383789668212,0.4350802421762957,0.5971949629213806,0.7053758685865674,-0.016295826511823375,0.5621633808092589,0.6427262229477252,0.44568136239955414,-31.69342933747862,0.20113793698664348,0.542792899192162,0.3989264092002768,8446.36171058119,91.81654649005448,-32.74969074833333,20.359731982701327,-33.136993593114404,-39.78769842723098,-99.99999994274884,-47.33764465368838,-12.678223530339189
412028,gru[nse],camels_aus,pub,0.2955112466440122,0.5112470673958074,0.22523313038097414,0.453551912568306,-0.07841862962493637,0.453551912568306,0.2998273742131434,0.5135135135135135,0.2319992253018511,0.5911933097795193,0.11640772845518804,,0.4107106832556608,0.20686720051976198,-0.2157358207517952,3652,37,0.14786418400876233,0.65,6,0.15,6,0.6686425450778001,0.6774142502781302,0.9813280478153056,0.0,0.7560782784514881,0.6608276284359047,0.7431905365940827,0.6640373745168513,0.7706405869994869,14.672047580017988,0.22101114412277628,0.49388432000673177,0.4369930548869294,4673.281754551546,82.14213665113208,-21.14739237038026,-33.250793197618904,-22.56787235665021,-31.83471047628524,0.0,0.0,19.46278616457073
412050,gru[nse],camels_aus,pub,0.43202120163791213,0.7236891294687,0.4753548724547562,0.7378979625105277,-0.4052486986847643,0.016609269411390706,0.3234868093738579,0.2702702702702703,0.3287850006654085,0.8146356088153669,,0.05162069616884162,0.5817181163314553,-0.11771622482038523,-0.2916679278307879,3652,37,0.012869660460021906,0.06,6,0.18,6,0.9392355409912817,0.9353406869533493,0.7357855853357346,0.9769260829856586,0.16293872118285846,-0.2611927167514465,0.611391296966208,0.6289663141489437,0.5281637312716716,3.229718467405288,0.6371245165498514,0.914910530498552,0.20691002594212138,557.5710330370952,116.34362326629106,-6.974464700988372,91.64948871691008,43.807700365539496,-5.187711223531403,-99.99999995116926,-99.99999996811604,0.23839520280095455
412066,gru[nse],camels_aus,pub,0.2764956738558874,0.6060594412419026,0.2594640414647501,0.6174863387978142,-0.19155842590525377,0.6174863387978142,0.4235582306592308,0.5945945945945946,0.2072901847883329,0.7859068053818111,0.25928977562524774,,0.42611398272290585,0.2889837580063427,-0.32956376738601517,3652,37,0.06818181818181818,0.58,6,0.07,6,0.5487740933020714,0.5548327568458487,0.8888897708055215,0.07596788101110671,0.5937320094265317,0.5595056783916494,0.4963859382127209,0.5203690345845171,0.7605046435939826,-4.64091168952182,0.3839891873908507,0.6373915520098052,0.4185873325353897,1154.514127434306,85.22279654458123,-47.84282884935184,-34.42225942887846,-39.162992831212186,-55.98014085781537,0.0,2770.5764579130005,26.793241271563815
415207,gru[nse],camels_aus,pub,0.5736602557219681,0.7905241465724985,0.3241464907629474,0.73224043715847,0.028943956933986412,0.73224043715847,0.3302280688262322,0.6756756756756757,0.40514254115848447,0.7455540355677155,0.03966568728755968,,0.7297037891952937,0.666953857123302,-0.21686389085053037,3652,37,0.27683461117196057,0.06,6,0.28,6,0.2557781954731103,0.26544117237273557,0.9310100774045409,0.0,0.5491229941170781,-0.6299429947972577,0.3322211566844844,0.22664520909984254,0.4404033656657751,37.22753760657638,0.570994440531002,0.6714737566598727,-0.12911255122333554,8940.98857075601,145.9407578390588,-26.732002991790157,-2556.0015405590034,-74.63100354392363,-45.074942776914064,0.0,176703929901.12305,51.45924186019255
415226,gru[nse],camels_aus,pub,0.27684207599380006,0.15458364755111237,0.7560189707864381,0.23497267759562843,-0.060715327140434726,0.23497267759562843,0.5761782811717296,0.1891891891891892,0.3395839225092468,0.1600547195622435,0.029387510513395186,,0.176132488322634,0.13192044655904758,0.1222584284426877,3652,37,0.9449616648411829,0.06,6,0.06,6,0.2769701461033642,0.31071625802351244,0.9927460672852602,0.0,0.4852305861198827,-1.6334916055795539,0.3873527302780516,0.4443957183155274,0.24608921961998032,-12.514161844300547,0.6390746399332651,0.7174743297708409,-0.10249634589754963,29549.609167034374,35.2264976645268,-28.649943650885046,-0.0,0.0,-47.545892575602515,0.0,0.0,24.895996992502898
415237,gru[nse],camels_aus,pub,0.6087581219099218,0.5989602841550808,0.43511698619024497,0.6010928961748634,-0.0867987772941079,0.6010928961748634,0.4805905251449529,0.5945945945945946,0.5877070453642684,0.5759233926128591,0.08085331212231338,,0.6174283573392305,0.5017369686522589,0.009797837754840999,3652,37,0.6804490690032858,0.09,6,0.24,6,0.2444869936881335,0.254616814734469,0.9581485673188735,0.0,0.5019563515184904,-0.9316950152945565,0.3835431333186058,0.38071257095312216,0.42179618482151715,0.725379325924272,0.5479834707583544,0.7057220759488183,-0.07078033212974799,2711.4181570690484,123.48567146784615,-38.09210824540936,-0.0,24.54127635429259,-50.98378945628124,0.0,0.0,91.02256956143847
416003,gru[nse],camels_aus,pub,0.4535796012611234,0.5588040747707813,0.39311922825098683,0.21311475409836064,-0.3474468702517488,0.21311475409836064,0.32438318226289986,0.2702702702702703,0.388806948851851,0.5537357396464813,,0.15440292444542103,0.5461368330027971,-0.24375676630350052,-0.10522447350965791,3652,37,0.10679079956188389,0.28,6,0.11,6,0.8494671048843867,0.8195477881419861,0.6469298855811625,0.0,0.7824375051615013,0.33074363838050114,0.4602885818582806,0.6387149271050736,0.5310115728625129,-32.60084949830634,1.1197162013217,0.4664359493419205,0.45828523699608437,397.6277436389185,109.22736660055938,-35.85047847987105,99.99999999999997,298.5394797352752,-38.20789449503558,0.0,0.0,-7.711083974599901
416008,gru[nse],camels_aus,pub,0.5857062799793823,0.619173470061169,0.7186299650532878,0.5136612021857924,-0.7165910992349543,0.5136612021857924,0.7793007912421597,0.43243243243243246,0.5487484094421599,0.4829001367989056,,0.756629876516008,0.6131781387151942,-0.10787271957440353,-0.03346719008178667,3652,37,0.20153340635268346,0.06,6,0.21,6,0.6922774337742689,0.6935668668643338,0.05316939107953243,0.0,0.28676911494309953,0.3326818298709704,-0.04207692541972197,0.12016222393809628,0.10979407741694114,-72.13571002545243,0.8953936907823251,0.8445299787792618,0.1643560216708856,864.0802680447908,122.63562774303895,-78.30356565779923,99.99999999999994,134.42483982992155,-80.94509571872597,0.0,0.0,-21.84904513227036
418005,gru[nse],camels_aus,pub,0.4852948860581278,0.7106683583361207,0.6214821706827287,0.8524590163934426,-0.6214821706827287,0.8524590163934426,0.7204255915594308,0.8648648648648649,0.4930525707721725,0.8602440992855575,0.8362065120299328,,0.5602425548887653,0.14006748317333098,-0.22537347227799293,3652,37,0.1328039430449069,0.06,6,0.18,6,0.5484859700775577,0.5483535392666409,0.0,0.0,0.2933032678052373,0.1986575645967963,-0.023858976389165454,0.19886762302287808,0.15787408418153293,-61.902535293658005,0.7742277958580607,0.840652563307079,0.19609043970259965,1199.2773750958286,112.04851097775305,-80.26633826365615,-51.20391874122397,-59.932724639447855,-83.50622339089745,0.0,124514102935.79102,18.057777224345486
418014,gru[nse],camels_aus,pub,0.45825551908032164,0.5606851296491073,0.5073038278191379,0.39344262295081966,-0.4997028591545356,0.39344262295081966,0.6109069258896337,0.2972972972972973,0.4308119559318435,0.588478495733112,,0.715053504264791,0.5179137920734912,-0.10010182190330447,-0.10242961056878569,3652,37,0.12979189485213583,0.44,6,0.13,6,0.758507481035573,0.7603229031481932,0.27299296417315233,0.0,0.422832093920267,0.41503833648072974,0.09518958534010125,0.33748840200738217,0.339711308227984,-55.170972706648506,0.5407529252328406,0.7597156744991729,0.294788019270224,965.3497630557995,103.58275841469818,-68.72088290175434,69.34807599319646,-12.8227462187811,-75.2981675616278,0.0,0.0,14.746186666536696
419005,gru[nse],camels_aus,pub,0.6930859607972552,0.7333697218391392,0.7106288592503215,0.8943101869113964,-0.7106288592503215,-0.09115925047498445,0.7872222370101573,0.6465993298296447,0.7189829885452801,0.7914691301791231,,0.033612902195944046,0.6918334237466612,-0.570957341372893,-0.040283761041884025,3652,37,0.007119386637458927,0.43,6,0.07,6,0.46506935463471544,0.45514311903050625,0.0,0.9781547895498279,0.19315083228095742,-0.628122259465282,-0.1829107396728311,0.14437367403168377,0.0613396946807272,-80.53755161344282,0.6722330267170304,0.8982478320146631,0.16287931911248654,283.6142173958085,138.36668474933242,-84.65035060508427,99.99999999999999,403.1280052274925,-87.97055683433767,-99.99999989155118,-99.99999997252445,-13.075819583731452
422202B,gru[nse],camels_aus,pub,0.5949781058729686,0.5286867610270247,0.477469603523825,0.5191256830601093,-0.41682806500341907,0.5191256830601093,0.5509160890566644,0.43243243243243246,0.5513258368726093,0.521203830369357,0.3713766781699616,,0.5686030815955369,0.3139588174212946,0.0662913448459439,3652,37,0.6377327491785323,0.13,6,0.12,6,0.3280696949919876,0.3319375401817748,0.664761084338061,0.0,0.4695637720091884,-0.23341728997411004,0.40752409339449824,0.45787868156960776,0.22922602951201787,-40.49148357447854,0.525344666119415,0.7283105299189431,0.20266826060584353,6875.674530075344,113.72061631910736,-52.16391590614295,-0.0,21.68992647869543,-54.589834308349005,0.0,0.0,12.137746153252928
422306A,gru[nse],camels_aus,pub,0.492007212153933,0.8507283926998244,0.2824759921717819,0.8852459016393442,0.09852706449946244,0.8852459016393442,0.1643228175991169,0.9459459459459459,0.37745105762196207,0.9138166894664843,0.015619796950652326,,0.6883698681468705,0.5713729485038834,-0.35872118054589136,3652,37,0.22535596933187294,0.12,6,0.51,6,0.40644556597947584,0.41611321935916634,0.9409039976749402,0.0,0.7926434446531379,-0.3238836866702868,0.5130989573043598,0.374914325639805,0.3974604059595205,39.04694919572988,2.4108134014209313,0.4553642007743495,0.2343381021682821,2303.184361997264,137.67397362937405,0.8505843769513763,-371.72352114127466,-56.8987009342871,-13.293704119201387,0.0,1690310239791.87,7.809547813956279
422313B,gru[nse],camels_aus,pub,0.4379677803660518,0.8068143352142341,0.2785329459316337,0.7868852459016393,-0.08738893094626032,0.7868852459016393,0.23322852389502446,0.8378378378378378,0.30548643422822475,0.8830161830482675,0.24256125416977872,,0.6413631242135043,0.45723378687892546,-0.3688465548481823,3652,37,0.06325301204819277,0.33,6,0.07,6,0.510761178733629,0.5210524415160226,0.9861867221555656,0.08965180627195161,0.7219125910872095,0.13054053048146141,0.630755816599774,0.5885993855493683,0.6708560377478363,7.379336696613562,2.3912175374093807,0.5273399367701924,0.38344501734073266,2684.842104014801,128.27262484270082,-10.932445030575842,-40.801751261416506,-62.342236813465995,-20.164423816355715,0.0,1146.4327054880214,6.133686672191939
422319B,gru[nse],camels_aus,pub,0.47939830852299786,0.6609699042172755,0.46284087163123483,0.6885245901639344,-0.3238128920032837,0.6885245901639344,0.4876551215855942,0.7567567567567568,0.4357937893466815,0.6976744186046512,0.6361106205780555,,0.5659031153525743,0.24873749707226606,-0.18157159569427767,3652,37,0.3953997809419496,0.13,6,0.4,6,0.5129797691893268,0.5196093167537429,0.8561095935833647,0.0,0.5752723737723142,0.2500440923895627,0.2929949162713419,0.49334141557507905,0.37675112853664594,-39.650996980695155,3.2437508404745863,0.6517113058921762,0.2914341446811487,1303.450346194251,113.18062307051481,-48.259049971504936,-3.728647650232736e+17,-82.19844594875413,-59.76028901539722,0.0,0.0,2.651607119297871
422321B,gru[nse],camels_aus,pub,0.2612359861561341,0.39768899931530954,0.24170196471162003,0.7425323103478929,-0.08608166418424748,0.7425323103478929,0.153252265250727,0.9640018104906768,0.24018641151353579,0.44639796606051013,,0.6220791883415809,0.30343547287483585,-0.06698802043843696,-0.13645301315917546,3652,37,0.004928806133625411,0.29,6,0.06,6,0.6576264189302213,0.6675908418196613,0.995806057489324,0.04765062017473689,0.8804013242964527,0.6617018442136011,0.8755582108580879,0.8518103418972046,0.7835667196637527,-10.477744372341743,1.4432356775525503,0.3458304146594793,0.5950097123941052,119.64678949421301,60.687094574967084,4.0261292241622995,-5.314892691909243,1.049573479160888,-4.507511768205833,244.78403370386198,88.74783715917567,-17.961644848469902
422334A,gru[nse],camels_aus,pub,0.5866498894203129,0.7160884942981288,0.388772873708813,0.6612021857923497,-0.07661310617252874,0.6612021857923497,0.3953298778919807,0.5135135135135135,0.48786231491659726,0.6497948016415869,0.5600374084768543,,0.6846512584247412,0.2252529118441521,-0.1294386048778159,3652,37,0.21987951807228914,0.06,6,0.22,6,0.7103019721246272,0.7184113415327493,0.9721226812063876,0.0,0.8246937025575387,-0.44984367602950814,0.6052654447520673,0.7131993450818095,0.2626717124374449,-16.22452455199819,1.191005461589138,0.4186959486816911,0.36173816046946017,2298.391095888411,136.9302516849483,-31.96978315128156,56.04262250601186,-8.97900743297337,-37.76739367261562,0.0,0.0,44.90380901874641
422394A,gru[nse],camels_aus,pub,0.44977403182073716,0.48063376721335915,0.3762391316119808,0.32786885245901637,-0.3235167452513716,0.32786885245901637,0.28286511117964463,0.2702702702702703,0.43141924985656804,0.43484020064948903,,0.250201086199343,0.49104137226730216,-0.3247096801440977,-0.03085973539262199,3652,37,0.1484118291347207,0.06,6,0.06,6,0.4974653296531514,0.4953724305649417,0.49495799544748503,0.0,0.8381461499470699,0.42544716014878803,0.5469838572553043,0.6195432042726984,0.5712955786539626,-35.505992356846015,1.2850146635593058,0.4023106387518607,0.4829718336025337,293.8500522756315,98.2082744534604,-23.092850221799015,79.61571711221842,46.38308426616144,-23.04122674782989,0.0,0.0,-22.328514704845862
424002,gru[nse],camels_aus,pub,0.6380583602472952,0.4211612166720604,0.462907573062981,0.2786885245901639,-0.33534115942075543,0.2786885245901639,0.6789579028652224,0.2702702702702703,0.532932097721492,0.2913816689466484,0.7141489248351545,,0.5732785219474774,0.07860419313098296,0.21689714357523482,3652,37,0.42059145673603504,0.07,6,0.29,6,0.5765266418924803,0.5735117551527533,0.7672227486121435,0.0,-0.40774307045301006,-0.010298897020679432,0.25166944390054613,0.2377842475700529,0.48592281977403784,12.48946640614218,0.17480950712868862,1.186483489330134,-0.3060873151552679,61793.42140031628,114.65570438949555,-21.870488417526868,-0.0,19.77026905352785,-81.9245682422193,0.0,0.0,24.636611107958846
424201A,gru[nse],camels_aus,pub,0.6446876743427338,0.47861978132269783,0.6073519314656622,0.3825136612021858,-0.5753698172869374,0.3825136612021858,0.7277039644082678,0.35135135135135137,0.5535389805241674,0.4049247606019152,0.568932383589639,,0.5865121127994986,0.1655603906627495,0.16606789302003594,3652,37,0.45947426067908,0.06,6,0.31,6,0.50177568105119,0.5045207057015552,0.3497492734829947,0.0,0.06976556784360133,0.0215191111219607,0.12593885140281924,0.2386848981433939,0.31295865799080236,-37.613570206716155,0.33433687658194144,0.9644866158513546,-0.05714544779171726,71852.60931963102,117.30242255989971,-59.563183272919446,-0.0,17.2393540674253,-82.05201215301466,0.0,0.0,44.036814227056084
604053,gru[nse],camels_aus,pub,0.43518362657059695,0.8166497244110976,0.31238227754303993,0.9357062494863524,-0.28066451112002244,0.670181603383194,0.43305823454936043,0.9414550322484393,0.3010609117288511,0.9024485849290284,,0.9536962625654251,0.6311311753169183,-0.013053459403027837,-0.3814660978405007,3652,37,0.0,0.19,6,0.36,6,0.9045606584607638,0.9060597924729146,0.704783708565963,0.6393891078439996,0.5378684005101322,0.1772024519834583,0.5853344433463219,0.6645184998468355,0.5459840672569846,-17.738132256135106,0.12461158877392264,0.6798026180369326,0.39332743554952165,728.6999955628528,126.22623506338368,-26.38870005809653,-86.91963556304898,-30.814870994914592,-53.00918437237827,-99.99999978701062,-99.99999982892736,-3.6186753548216384
606001,gru[nse],camels_aus,pub,0.4359153801703698,0.796551510690967,0.42033146269462596,0.8469945355191257,-0.42033146269462596,0.8469945355191257,0.4655341349114183,0.9459459459459459,0.30891094208024444,0.8207934336525308,0.43567580501492503,,0.6273883948030359,0.43855763544563053,-0.3606361305205972,3652,37,0.338170865279299,0.29,6,0.52,6,0.2838485550066973,0.2838680027659817,0.0,0.0,0.5675587587951384,0.19522314665951435,0.3522346800276559,0.488890000504277,0.5653719813360998,-27.3431846990058,0.20133553422356387,0.6576026468961798,0.3247101802146455,4997.229470728065,125.47767896060718,-57.87270072218374,-7.570690862022454e+17,-86.797678156701,-62.87471018097298,0.0,342535972595.21484,11.145510899600357
606002,gru[nse],camels_aus,pub,0.39992477806698007,0.6007068741993323,0.18360463869839472,0.5956284153005464,0.00248045688259749,0.5956284153005464,0.20039974833441143,0.6486486486486487,0.2109762420722337,0.5649794801641587,0.04914598620362663,,0.544298581227934,0.44686232196639375,-0.20078209613235226,3652,37,0.5216319824753559,0.16,6,0.53,6,0.3111298490208443,0.320574887723492,0.9697046273449386,0.0,0.636549587295806,-0.06928062655421185,0.3529774691364136,0.28471311576741754,0.28448765260749254,62.39557450377925,0.11496681445879413,0.6028684870717609,0.15287750527222443,1062.4288448443808,108.85971624558684,10.468685656334472,-1.550117169745433e+17,-74.12433448430743,-9.154493977169874,0.0,0.0,8.854441458732277
606185,gru[nse],camels_aus,pub,0.5337266536314084,0.6166367094121727,0.5867544665744833,0.5191256830601093,-0.5867544665744833,0.5191256830601093,0.6055123248954342,0.6216216216216216,0.4283993595351222,0.7008999009430515,,0.9542131291918658,0.5717338847002561,-0.026996103437750732,-0.08291005578076438,3652,37,0.08406352683461117,0.08,6,0.08,6,0.6425997843719954,0.642929810192271,0.0,0.0,0.23187754957136875,-0.2959403442103661,0.2808231934905,0.31382226098803667,0.35566968652944686,-8.901349193534681,0.3784680454059134,0.8764259526215727,-0.16752948970716108,681.1415595007909,114.34677694005133,-46.8452259213051,46.90425895541259,342.16580391263824,-72.71914257020259,0.0,-99.9999995644087,-0.7061395976705847
607155,gru[nse],camels_aus,pub,0.48133745132285266,0.7489415734753525,0.5699864577509136,0.8415300546448088,-0.5666179289276956,0.8415300546448088,0.7037013475066939,0.8108108108108109,0.44078761693996216,0.841313269493844,0.6502934659464802,,0.5969369026789665,0.2934721429890635,-0.26760412215249985,3652,37,0.3436473165388828,0.22,6,0.41,6,0.40220973174350855,0.4022036217816693,0.24691340739117984,0.0,0.23377967868360316,-0.025380143034792413,0.18751027098429207,0.2857923800435709,0.3511058912981905,-26.099488862795152,1.151077721541184,0.8753401175065592,0.015842261700457327,349.363693705987,119.38738053579318,-60.85706047796022,-7.875004364048495e+17,-84.69818108805909,-81.38454059314384,0.0,526368618011.4746,23.21680996297657
608002,gru[nse],camels_aus,pub,0.28081717703695436,0.4797636400428959,0.2633657612953317,0.7744661405688775,0.07912500718795426,-0.34226586811432025,0.20382673662942402,0.45665199565793807,0.2823474281736414,0.5601015767837424,0.7504820659867363,0.02196116033126496,0.3558457062714404,-0.06438190350192273,-0.19894646300594154,3652,37,0.009583789704271631,0.61,6,0.06,6,0.9133579936719118,0.9125017283711838,0.9011697392277191,0.9160966661076465,-0.08606758182589913,0.3489891583619332,0.15202626476388648,0.48589056987048496,0.5125420182755158,46.76753923816174,0.4946803199746176,1.04214566248001,0.26323438721568204,78.33932791409912,71.16914125428814,58.713004099362294,35.121902125558364,37.64072682562864,33.00184005596564,-99.99999999303608,-99.9999999965107,4.305161093803622
610008,gru[nse],camels_aus,pub,0.556100851789387,0.9396767549032394,0.7585471243716948,1.0,-0.6789062450675991,1.0,0.3290944522840025,1.0,0.41608892723718033,1.0,0.4092188570900429,,0.7521298864630149,0.5890901620081382,-0.3835759031138525,3652,37,0.5725629791894852,0.06,6,0.56,6,0.2799514915117365,0.2870829589981215,0.5880654531234747,0.0,-1.5553070198528545,-0.4475952252145605,0.00973055577797488,0.2549017193595071,0.36149840145453227,37.138254237290155,0.7308723101278014,1.5985327709661927,-0.24973142770262147,1636.7145501852142,150.42597729260297,126.33507241533471,-1.2064268529022461e+18,-90.66372658528823,48.88554964633052,5535930395126.343,6271278858184.814,-22.445958719248072
613002,gru[nse],camels_aus,pub,0.383199307744714,0.47982035767669867,0.23903810054516625,0.06557377049180328,0.10961875738543857,0.06557377049180328,0.2186265036068925,0.13513513513513514,0.2600226132116833,0.36371317105507517,0.19554354184172157,0.16671331918867333,0.49931946333340704,-0.35860728795361935,-0.09662104993198467,3652,37,0.1333515881708653,0.24,6,0.09,6,0.6289095007328903,0.6324768553273382,0.9387423101428525,,-1.2680491418694881,0.37697249974726954,-0.1127526600795028,0.22556124239160824,0.67333892818858,21.613681340324668,0.7682736126772829,1.5060043631641604,0.2486381531949413,194.78494382749398,99.86389266668141,132.69039781119065,99.99999999999999,414.03285573273365,41.467516017528865,0.0,0.0,-28.356387653916304
613146,gru[nse],camels_aus,pub,0.2766704137506044,0.47649855839566274,0.20423909421082553,0.16393442622950818,0.09946462981678528,0.16393442622950818,0.1770641820334567,0.10810810810810811,0.1971828883694337,0.5514821309445489,,0.21434163385961513,0.40366833921067,0.09883427884686898,-0.19982814464505833,3652,37,0.07311062431544359,0.3,6,0.07,6,0.8259861303932128,0.8334265390607926,0.9365458995541228,0.1487361244596449,0.1892921162758393,0.7686149217061675,0.2650602151500483,0.5527703960186692,0.5800527309802441,40.49679818094412,0.615247419227651,0.9003931828507814,0.4098629563046797,209.7143116635109,80.73366784213398,70.97493926992905,36.4225113748824,-20.724924531576345,43.776670659258635,0.0,-99.99999997443258,-5.0112049792195945
614044,gru[nse],camels_aus,pub,0.6314027813389851,0.27146219714277403,0.7785282237436791,0.2786885245901639,0.7785282237436791,0.2786885245901639,0.7032253517973274,0.32432432432432434,0.830564397918912,0.22298221614227087,,,0.4202905392004342,0.41378235117354634,0.35994058419621106,3652,37,0.7045454545454546,0.3,6,0.06,6,0.02700741192819959,0.026793568708052138,0.0,0.0,-126.71681516719673,-0.428375130710378,-15.686212823461485,-12.056027102272093,-12.054270486994612,1305.2665308738908,0.8492618760048529,11.301186449536914,-12.053118549700512,7941.741555963917,84.0581078400868,993.316487615678,-0.0,34.94063899682984,623.0941825245791,0.0,0.0,-6.0134828207971855
616002,gru[nse],camels_aus,pub,0.8605944494493295,0.9541087166028792,0.6417940899052506,0.9562841530054644,0.6417940899052506,0.9562841530054644,0.4974057309526098,1.0,0.8136653813260712,0.945280437756498,,,0.9290324321879907,0.9290324321879907,-0.09351426715354971,3652,37,0.7259036144578314,0.06,6,0.17,6,0.0,0.0,0.0,0.0,-21.388186942729554,-5.239251965193917,-9.6005274200365,-8.924096463423675,-8.917569584147145,990.4559847219689,0.12265378425964855,4.731615679947977,-8.904559847219689,36304.494014837386,185.80648643759812,355.7735398137727,-8.82063153505146e+17,-75.93704155388703,236.4126152756523,204658508300.78125,664246082305.9082,22.73564726436502
616013,gru[nse],camels_aus,pub,0.7911933602205683,0.8899074074501827,0.6802128670496415,0.9208389714087875,0.6779199598050817,0.9208389714087875,0.5828972140808901,0.9391685452750952,0.7496615958273635,0.9066778965114044,,,0.8497047952009213,0.8495478534258216,-0.09871404722961441,3652,37,0.0,0.06,6,0.71,6,0.0036304049473141163,0.004495447088527579,0.02385516924827734,0.0,-43.10748332951685,-9.106533917358473,-9.014026193504593,-8.033980469980571,-8.027531032129165,902.0254756503481,0.09418376697996404,6.641346499733081,-8.02304736086405,1429.2823271933462,169.94095904018414,462.6863490877181,-349.15382180413246,-37.843288347113344,319.0731774761138,1594.4702244989342,1478.0551170785643,5.182794019984062
616065,gru[nse],camels_aus,pub,0.5652926762908742,0.33196972651073275,0.5988506256946382,0.3333333333333333,0.5967441221927522,0.3333333333333333,0.540833953462244,0.32432432432432434,0.7081894187553739,0.2913816689466484,,,0.43621408377043036,0.3705251344578396,0.23332294978014145,3652,37,0.7248083242059146,0.15,6,0.31,6,0.12446571068299855,0.12439790776019015,0.06925244935917847,0.0,-36.358307702824874,-1.2006220768054718,-8.943130329699981,-7.357384898164705,-7.356153158342298,834.2912778203458,0.4270546854687423,6.112144280268985,-7.362474392250313,5176.650065564789,87.24281675408605,512.9770615561722,-0.0,48.8521111350999,288.8793718693274,0.0,0.0,-6.534239240649622
804001,gru[nse],camels_aus,pub,0.37236882300174085,0.777261657328751,0.4395005303625298,0.9952475904424778,-0.4104913043249166,0.9843186286938439,0.47666137115229196,1.0,0.3655747451019096,0.9765212456110167,0.6341510900040298,,0.5331722408133353,0.3061131566363608,-0.4048928343270101,3652,37,0.02190580503833516,0.1,6,0.21,6,0.37973679932113213,0.3838474402026192,0.4984932377978136,0.1706212493188028,0.5912927620816434,0.6004742110584884,0.3328112677695364,0.53381760834685,0.5388417390552693,-42.69871078040881,1.7321898601100314,0.6393021491582496,0.40735634143812005,3682.7148917733866,106.63444816266696,-43.89575960124802,-63.48354897513144,-65.93023727378358,-61.05427754609775,11863.829837844381,10029.165799793744,5.226107871753915
809310,gru[nse],camels_aus,pub,0.6420571489845464,0.9773660457883893,0.48153783913222276,1.0,-0.4435830071822537,1.0,0.5388953755038256,1.0,0.3831306564218433,1.0,0.1956276586701049,,0.8451589817931988,0.7710997849573012,-0.3353088968038429,3652,37,0.5739320920043811,0.06,6,0.67,6,0.12357732542984572,0.12745971520496935,0.5415151405135058,0.0,0.5103068982952184,-0.7924083723010069,0.3338810851954289,0.46417984039946414,0.5010182817747673,-27.08225539650648,2.802834322955563,0.6997807525966843,0.12101640608794184,24573.579939838415,169.03179635863967,-54.71164696460691,-2.4052032003021568e+17,-90.3196295013339,-62.196548191137396,5826061964035.034,7051092386245.728,74.93590000634259
912101A,gru[nse],camels_aus,pub,0.3675072124418205,0.39424550624852667,0.2936486013274987,0.5165358371397744,-0.0652202852433591,0.5099024588047064,0.3957663851720729,0.6328912496368712,0.37713816934150374,0.42320836996276334,0.07958647832658884,,0.3683729113398253,0.3260051862703208,-0.02673829380670617,3652,37,0.0,0.06,6,0.06,6,0.32488344127859486,0.33195431143749843,0.9506943263201808,0.1446415858610975,0.5346777467844902,0.19946422743647563,0.45982135998461937,0.449882125475323,0.6040444894392939,2.1911011850292446,0.8562613835683339,0.6821453314474194,0.22317317048324703,143.90380588475148,73.67458226796481,-41.6191654899873,-1676.039583791393,34.85044447748416,-52.13030492495064,88.53627040591661,99.02504085149707,46.92449211484174
912105A,gru[nse],camels_aus,pub,0.3660800310579777,0.3667038306078747,0.5015611173630636,0.6218276632750355,-0.4553006252892145,0.6158749443846128,0.39312196657220966,0.7544142774155688,0.42339612374003033,0.41556653809704736,0.30259751313109823,,0.3280483118164816,0.16811397496210853,-0.0006237995498969973,3652,37,0.0,0.06,6,0.06,6,0.6622557390218422,0.6684959222233541,0.5982162147358168,0.15744413781382605,0.6657034386979703,0.4016186684638422,0.5560816718022226,0.681235847474055,0.48403427470301885,-22.41564213509567,0.582026047675307,0.5781838473202358,0.3267912265874052,124.69496445239241,65.60966236329612,-33.86827971736923,-932.2806228180729,44.777792600981186,-44.78519929235441,34.398091469200594,27.587860145290847,23.904815594202194
915011A,gru[nse],camels_aus,pub,0.6057696379034454,0.791009890566731,0.2508505798562813,0.7486338797814208,-0.0671166106640099,0.7486338797814208,0.2521410013298376,0.5135135135135135,0.43560131165189675,0.7551299589603283,0.07074733309884908,,0.7538099160569897,0.6328539769316849,-0.1852402526632856,3652,37,0.33378970427163196,0.09,6,0.24,6,0.3207394200986795,0.32914196880053964,0.9590693107820323,0.0,0.5170492080755575,-0.1675729800156478,0.5072398789557429,0.547047697873918,0.4693807536956206,40.06087660260851,0.7119961292521484,0.6949466108446334,0.1871523591749613,4267.846957394506,150.76198321139793,13.741525503794216,-5.5795213520446163e+17,-77.77663591127806,-0.48250105985528563,0.0,0.0,20.269074002592834
917107A,gru[nse],camels_aus,pub,0.33541979857738086,0.6461159513922469,0.2680802707138702,0.9968320073845809,-0.10526535748253486,0.9904215687535961,0.2762167409777565,1.0,0.33991174235972094,0.8529010175208854,0.831726175633202,,0.44875217644359067,0.13672503500487942,-0.310696152814866,3652,37,0.046823658269441404,0.11,6,0.06,6,0.6274591371900029,0.6368818923705583,0.9691477311354377,0.08825228238310685,0.4935405216834714,0.4567617404994717,0.7489128430782929,0.7375476280491156,0.560163993769886,-1.9458762010613846,0.8593764072657187,0.7116596646688138,0.41466238800388733,514.4180053755402,89.75043528871811,5.010767202099651,-31.359809043373467,-39.272074586936455,-11.667636205262804,3913.527930378321,745.8508970278156,-3.3977234287176747
919003A,gru[nse],camels_aus,pub,0.31780277188145656,0.6525936526584696,0.33013694214573935,0.9769896565360501,-0.309927360103745,0.8458421155524437,0.3345193009330589,1.0,0.28406875559684824,0.8391644251939262,0.8033245686963056,,0.4427489509695429,0.1329236765612224,-0.334790880777013,3652,37,0.017524644030668127,0.23,6,0.06,6,0.6482189213348023,0.6524812079047837,0.48613526729425016,0.4712211437851558,0.706731038209519,0.6330148163887674,0.4744468078792834,0.6342013555881565,0.535715643678977,-34.31264187698397,1.728145878642241,0.5415431301295226,0.5089910577151501,1923.3159802924818,88.54979019390852,-39.53963023063839,-4.018873023601207,-38.58185672543841,-43.56852059816167,-99.99999995451788,635.6536846019669,10.154224029174253
919201A,gru[nse],camels_aus,pub,0.378323733721074,0.7967395959835866,0.3362889168855356,0.9508196721311475,-0.268415818138445,0.9508196721311475,0.3834636481719164,1.0,0.3113806125706872,0.965405328724688,0.33711402701537313,,0.5671911609037075,0.4109655662298791,-0.4184158622625126,3652,37,0.17113910186199344,0.26,6,0.24,6,0.5217571652143644,0.5273521805472396,0.7405435747369511,0.0,0.5098677399647612,0.5020846835364416,0.42145243991552195,0.5266577337361296,0.6806729423800896,-20.464956828421204,2.945636288582483,0.7000944650797053,0.36845758731934286,5686.901759144792,113.4382321807415,-41.18536338688559,-195.50802097484217,-50.63905300123243,-56.941807771351016,2087527513504.0288,4382276535034.1797,22.73777111610158
919309A,gru[nse],camels_aus,pub,0.37067597541726344,0.8618549020155442,0.32319501648841653,1.0,-0.3130224278835985,1.0,0.26022255266510697,1.0,0.2357586259280695,0.9966377440606994,0.41189944120906236,,0.6116956762845318,0.5021498584460465,-0.4911789265982807,3652,37,0.10898138006571742,0.07,6,0.48,6,0.24547000422454118,0.24894817336025177,0.36567469055511614,0.0,0.7684441519462086,0.4745041937646637,0.5175939250739258,0.6751854189418128,0.6301308182290584,-30.257220466254168,1.1733748744609365,0.4812025021275258,0.521739192618501,16594.11801828039,122.33913525690652,-35.879576916080154,47.03188359193003,-65.94318590592657,-38.176607455484714,4207271337509.1553,4907286167144.775,17.790039757667657
922101B,gru[nse],camels_aus,pub,0.24653673924113895,0.6028120905842456,0.24178864853463458,1.0,-0.20611574390224716,1.0,0.2670264273041504,1.0,0.2603983545015099,0.8751944766673659,0.7820859112858273,,0.3647571681244751,0.18387549233581926,-0.3562753513431066,3652,37,0.09802847754654984,0.09,6,0.12,6,0.5770894659484381,0.5837552495283874,0.7148867999954243,0.0,0.7472044897727121,0.7103994573272423,0.6126626032482868,0.73300361265955,0.7594958304317214,-20.756698409342583,2.813280794339536,0.5027877387400053,0.5898598805914981,682.9417851912026,72.95143362489499,-28.59641033495838,75.52200410119856,-28.5149789097191,-36.15226837137115,7993924617767.334,54030.76911791528,3.012153414971202
925001A,gru[nse],camels_aus,pub,0.27706729674645747,0.43620695645590035,0.20923808077142053,0.5947459387423985,0.029633042942263394,-0.34170151570178225,0.27253717918301235,0.39232122102370204,0.25211076084743633,0.5579454879927505,0.036322963453341156,0.012164603123442934,0.3428964669506497,0.05085329429581315,-0.15913965970944288,3652,37,0.0,0.18,6,0.06,6,0.7943161220831151,0.7942341373802667,0.9416516394634368,0.8345337122512296,-0.03256301747032331,0.7887837107125397,0.15913937680646262,0.36682899683942516,0.3960451534737679,59.80172338263311,2.766044270614018,1.0161510800419016,0.20582732029952455,118.64257475479074,68.5792933901299,50.25177918158265,-844.4452424183218,10.959972081420885,-10.59564291603018,-99.99999999633856,-64.0541400243404,-2.2465234232050624
926002A,gru[nse],camels_aus,pub,0.500980754099671,0.8256757246572161,0.2486312928923567,0.9057184299998853,0.1548759063051376,-0.8980839616835945,0.303243250271209,0.9407648508911468,0.3258825327104957,0.8501531496927832,0.26468278290826364,,0.6915276393654938,-0.5417708804293452,-0.32469497055754504,3652,37,0.0,0.1,6,0.06,6,0.5344279032973265,0.5398212194474595,0.8138970791331394,0.10195119606923238,-2.3085554114918567,-3.9434912289116646,-0.49306774671069364,-0.007452761119553397,0.5387407108561179,26.08916158611596,4.463626879847609,1.8189434877125394,0.0643104291900024,96.01652073613539,138.30552787309873,156.38263792524958,-178.33182672218786,210.65342542268363,106.81789519526113,-99.99999999961344,-99.99999999966161,-29.93126755488004
A0020101,gru[nse],camels_aus,pub,0.6246745751228278,0.9155890812079306,0.36568663502701493,0.9562841530054644,-0.23139864749598246,0.9562841530054644,0.2837222505640514,1.0,0.5101810795838452,0.9411764705882353,0.10438419608097288,,0.7987966317708042,0.688247907022991,-0.29091450608510283,3652,37,0.3828039430449069,0.06,6,0.57,6,0.31061539588366627,0.3189110403166236,0.8538844913156819,0.0,0.12030379335105079,-1.333887547561667,-0.4269657711425465,-0.539865576181773,-0.5213979078571287,137.84471337819795,0.11071691596994178,0.9379212155874017,-1.0284641912037036,130249.96061495651,159.759326354161,-1.497376060585514,-8.250588061408692e+17,-81.8819400257495,-38.1496093428492,20819902420.043945,526368618011.4746,6.286868166939509
A0030501,gru[nse],camels_aus,pub,0.8023955943636863,0.5102810380709666,0.6983355780904034,0.3825136612021858,-0.2681473894744612,0.3825136612021858,0.7345941940630732,0.3783783783783784,0.7991974210936471,0.3146374829001368,,0.4811888740272443,0.6987187213579946,-0.17354489194430425,0.29211455629271976,3652,37,0.3313253012048193,0.09,6,0.09,6,0.5859508029762266,0.5901813544094048,0.9855302936179051,0.0,-2.1226696426510117,-1.0118375551246297,-1.2598885965570936,-1.1902839102184894,-1.1699773784941057,202.31693605143084,0.14220854105852665,1.7671077054472406,-2.1694005652077717,140909.06313247423,139.74374427159893,71.81952452872406,-0.0,19.71978563702431,-59.12471098708134,0.0,0.0,-15.049738143799155
A2390519,gru[nse],camels_aus,pub,0.4373239743516019,0.06740326762841325,0.433110997683895,0.03278688524590164,-0.3745251665650519,0.03278688524590164,0.4257413923141268,0.0,0.7358295370773035,0.036935704514363885,,0.789227622419195,0.22633438227574068,-0.08241351495658233,0.36992070672318866,3652,37,0.7491785323110625,0.08,4,0.58,6,0.7670190609029686,0.7495975741504501,0.7621771408801653,,0.6408123213370049,0.5163285462675453,0.38861304076535386,0.5752731104964421,0.4486667703788253,-35.17968172951613,0.053195959077632256,0.599322683254184,0.2784631448380622,1169.5211669402408,45.26687645514813,-49.698880933099424,-0.0,-99.99999999997883,-56.65355206324725,0.0,0.0,19.385579124344638
A2390523,gru[nse],camels_aus,pub,0.8249168456300767,0.6108872268077709,0.7387354456260622,0.22950819672131148,0.713901863706271,0.22950819672131148,0.7837396544042743,0.24324324324324326,0.7673685387930759,0.3591558577174889,,0.27836050542427326,0.7817714590031511,0.15783980175763385,0.21402961882230587,3652,37,0.16237677984665935,0.17,6,0.17,6,0.7139309622531906,0.6951336913003284,0.24104672345601313,0.0,-620.2823123919171,-2.4210343122940605,-30.69653735339622,-20.478656168134066,-20.48145047715321,2147.4481278358912,0.8144649726527166,24.92553534815084,-20.690001873768853,6354.148463064334,156.35429180063008,2300.8251297711313,99.99999999999997,473.93653532422445,1389.9461381100878,0.0,0.0,-36.043066277210144
A2390531,gru[nse],camels_aus,pub,0.38160210240350534,0.023358538957610496,0.83895738417355,0.00546448087431694,-0.8216714390740604,0.00546448087431694,0.8046349619622097,0.0,0.6499933715287657,0.012311901504787962,,0.9333860098852149,0.1437965921652595,-0.05207132861235875,0.35824356344589486,3652,37,0.8559693318729463,0.09,6,0.53,6,0.7113599941175184,0.6692906765662552,0.3048344891806086,,0.24365712751653168,0.0410945278034176,-0.13074118241795007,0.17274588409650704,0.08544335285199389,-75.78254554697506,0.074973918389012,0.8696797528305855,0.012816471506010063,6203966.42529757,28.759318433051888,-81.31303328807083,-0.0,0.0,-86.32819228321507,0.0,0.0,11.193791824789004
A5030502,gru[nse],camels_aus,pub,0.2784278157676762,0.7311148027110371,0.2327718446732218,1.0,-0.17425418863039582,1.0,0.3333008463798365,1.0,0.17268591962415553,0.9171378315963102,0.15894374522789134,,0.47866834630711386,0.4464216800155681,-0.4526869869433609,3652,37,0.05914567360350493,0.59,6,0.07,6,0.24760210778249966,0.2516308873389108,0.8324707368780757,0.0,0.6825987627172416,0.26831249628146625,0.5745288192969694,0.5002520341480747,0.7234544646593941,15.254663501399053,0.44396632106476386,0.5633837389229107,0.3995522689567427,616.5627805404056,95.73366926142266,-38.38616149352915,30.87811981051548,-47.93387460085188,-49.050938059458154,4994791746139.526,1797.3763719619587,24.259541363307772
A5040517,gru[nse],camels_aus,pub,0.2850527559116336,0.37666437882799,0.22928146369319918,0.5997293979938153,-0.09501880358830316,0.5997293979938153,0.14456364632539914,0.691982716548662,0.2793039492563391,0.3939814772978173,0.10038422863197353,,0.3193368518072417,0.18407449432533457,-0.09161162291635638,3652,37,0.0,0.09,6,0.06,6,0.8853086131347471,0.8952340486888991,0.9353499682394311,0.12157068197459106,-1.5424610458806285,-3.479115271088351,-0.5615051569517675,-0.3657794855806442,-0.5436887075771151,126.88917327427849,0.608967895248451,1.5945096568790758,-0.5185186073342853,197.08081275178395,63.86737036144825,131.8423041828341,-141.4196831649052,123363502618285.02,-5.7679271062803785,-15.021306742307157,-36.82322423043188,-11.722255025210348
A5040523,gru[nse],camels_aus,pub,0.21067221924503932,0.5646284011063282,0.14318224234603114,0.9415019388431193,-0.07959781785385898,0.9415019388431193,0.19360021415787093,0.9995690749540477,0.1499301512170234,0.7301888653476735,0.13541295532091666,,0.35383237302274256,0.3239059786392613,-0.35395618186128885,3652,37,0.0052026286966046,0.67,6,0.06,6,0.3012614642793097,0.3098512746497357,0.9490922042209942,0.0,0.8152336735577118,0.4556838689708965,0.6729242154666238,0.579393871700903,0.7576627782104386,17.453448470767896,0.4804018274046293,0.4298445375275673,0.5430321611511885,3374.1409888402372,70.7664746045485,-21.343452682494192,-19.20111403357217,-27.97252570450509,-31.232425864439104,1016.9348732617998,456.95018411080633,14.284100200354306
A5050517,gru[nse],camels_aus,pub,0.515019384216117,0.6479522519460512,0.5379578788357567,0.5956284153005464,-0.4838059789891642,0.5956284153005464,0.5109159474270428,0.5945945945945946,0.3559185212904662,0.612859097127223,0.2508039108528294,,0.6082575937604515,0.3110503716313259,-0.13293286772993418,3652,37,0.3491237677984666,0.06,6,0.35,6,0.5437627329167145,0.5469840506515351,0.702778518049685,0.0,0.29820195929220095,0.04505199714702024,0.187547024135581,0.2755977635843744,0.4496785459416843,-25.112049600327232,0.4468538975395652,0.8377338722457144,0.10235656675536464,1307.2513297042494,121.65151875209024,-58.397497470227066,-1.899150658677319e+17,-73.66682085078281,-70.79267565983643,0.0,0.0,26.85605149079663
A5130501,gru[nse],camels_aus,pub,0.5128516491400255,0.8307944206593133,0.4899162163228507,0.9234972677595629,0.43353720772001925,0.9234972677595629,0.4378486908862346,0.9459459459459459,0.4490157436314977,0.9425444596443229,,,0.6622397396594478,0.615461406887295,-0.31794277151928785,3652,37,0.2505476451259584,0.08,6,0.19,6,0.26970014650198926,0.2736265535456053,0.46041283483632556,0.0,-8.268599960000374,-0.12178764313041146,-2.871467604596435,-1.9110632655848057,-1.9085762722235051,290.24384154553854,1.2435911015954124,3.0444375441122737,-1.9642216131236339,2139.3061162889376,132.44794793188967,279.77777489269045,-694.1066875233723,-43.46281904877205,172.3742439551973,1100945472717.2852,2457225322723.3887,-22.528002590026283
G0010005,gru[nse],camels_aus,pub,0.8196369481717025,0.8937462147356987,0.7310545077076045,0.9289617486338798,-0.6420931313791144,0.9289617486338798,0.27718835260412694,0.8648648648648649,0.8547539044488522,0.9302325581395349,0.9479723160855789,,0.8573897848296849,0.047688318671672565,-0.07410926656399619,3652,37,0.4252464403066813,0.06,6,0.14,6,0.19569974399701492,0.20414003248983398,0.44966306070146367,0.0,-0.31558734595373594,-0.31620253730811343,0.11234046489328708,-0.8353743121417616,-0.3207606102413574,-63.815753131696006,0.6771660490896149,1.1469905605338415,-0.03789191551695614,2640.1570356440866,171.47795696593698,57.567952926117464,-7.265018425122104e+17,-84.93516190756371,-31.36324610728795,0.0,204658508300.78125,-28.532701652782997
G0050115,gru[nse],camels_aus,pub,0.14840270070344613,0.0852481229110543,0.3717511756704292,0.09836065573770492,0.2163598031362089,0.09836065573770492,0.3930659259390846,0.05405405405405406,0.16283237366304862,0.09028727770177838,0.011871722033326185,,0.094477126272642,0.08669053778037411,0.06315457779239184,3652,37,0.9759036144578314,0.06,5,0.19,4,0.6712291927973653,0.7263081591580687,0.6712291927973653,,0.45134893190233927,-2.2757828055169083,0.13394684181182237,-0.004217402957185312,0.009600074245902812,69.8548991481029,0.157396975640358,0.7407098406917926,-0.6449698569316633,67977.59530358238,18.8954252545284,18.76029714450069,-0.0,0.0,-23.602404099845703,0.0,0.0,75.68462945718302
G0060005,gru[nse],camels_aus,pub,0.3329976221461722,0.14807386414563478,0.5534168450866546,0.14754098360655737,-0.38504719048011493,0.14754098360655737,0.32521986926852475,0.10810810810810811,0.4791989820755827,0.15868673050615595,0.013360030959331885,,0.19832816426540278,0.046055849318632706,0.1849237580005374,3652,37,0.8721248630887185,0.06,6,0.35,6,0.4461540423925843,0.4329825539557578,0.6986108813390223,0.0,-4.885928954193586,-0.21020873887178704,-0.938011657397394,-0.09464151661589848,-0.017969208336572784,79.41257904237004,0.4484804310811133,2.4260933523245938,-0.8318684311911877,142.96182075958177,39.66563285308057,183.25000234151906,-0.0,0.0,60.349650509757915,0.0,0.0,-34.914210024541426
G8110004,gru[nse],camels_aus,pub,0.3780550659732124,0.5531028675540958,0.27543317482100815,0.7374081612589887,-0.07212943523516568,0.4437270018346042,0.18529752674945738,0.9843615993961305,0.3479539203372332,0.5468227704848956,,0.21004748862693923,0.4594303467850236,-0.21640961877234852,-0.17504780158088334,3652,37,0.0,0.47,6,0.06,6,0.8197937220400735,0.8267219769693326,0.9900302921887061,0.8202908539324106,0.6384768091575435,-0.1880176937564142,0.8193168941767741,0.8192371427119243,0.5812330724305579,2.4801752122832235,1.1684544289486734,0.6012679858785569,0.3909416471811389,397.6047075993889,91.88606935700462,9.258433911251114,-44.96856444426182,28.519985240390838,-6.08334089124351,-99.9999999973261,-99.9999999973261,-24.857260101827745
G8110016,gru[nse],camels_aus,pub,0.6167184395319183,0.4786479387704511,0.4044919097107923,0.3551912568306011,-0.3615383086005322,0.3551912568306011,0.4781368248267561,0.3783783783783784,0.534816190875889,0.387140902872777,,0.8144048753367136,0.5920369298547122,-0.07823654671857815,0.1380705007614672,3652,37,0.47343921139101863,0.1,6,0.24,6,0.42188007418851897,0.4243883873833488,0.6022633221956086,0.0,0.45404860622668264,0.4160240438626559,0.1390918224865434,0.3837114815202195,0.16416366463630994,-53.32036691433256,1.7273514142721502,0.7388852372143574,0.3268679632159385,1844.878950503698,118.4073859709424,-61.45346028547756,-0.0,-0.2767545659670319,-67.17213153302258,0.0,0.0,18.938380396174882
G8140001,gru[nse],camels_aus,pub,0.5525773837585319,0.6588607254087457,0.3342920992733427,0.6582946223894681,-0.30524261818433707,-0.010764410957000505,0.3020855557495241,0.5342888650468597,0.47559945548227517,0.6655395917708706,,0.017071167298693304,0.630435253123839,-0.38320618894439706,-0.1062833416502138,3652,37,0.0,0.1,6,0.06,6,0.7482382035712601,0.7426681826053974,0.49539207090535947,0.9574398067390305,0.6631694300156556,-0.1101745415012445,0.42368936770963395,0.47482235717769095,0.24295712723254181,-45.08442281048878,1.2669393468476131,0.5803710623250821,0.42737729189095175,127.41347343456584,126.08705062476776,-26.05174487494059,99.9999999999999,256.49403422625403,-41.29617256155831,-99.99999999167063,-99.99999999244133,-27.721849732371375
G8140040,gru[nse],camels_aus,pub,0.5557585812940443,0.6971260800163667,0.33511729321671885,0.706580852945672,-0.2403509879373634,-0.573843646257392,0.3874234575839141,0.8909312191189506,0.436489593061847,0.6902047409510612,,,0.652744281144536,-0.44392932000780916,-0.14136749872232235,3652,37,0.0,0.13,6,0.43,6,0.8395313034450845,0.842699378028473,0.8919350572839633,0.8358774252878153,0.37775784917420174,-1.6806052188650504,0.6998204612477884,0.6846652909048744,0.46442867828419,-2.5672413816914332,1.0156060974086034,0.7888232697035492,0.2580321271534276,103.26055099591265,130.54885622890723,22.464093363452033,99.99999999999973,583.9620563734177,-33.58651765839889,-99.99999999802377,-99.99999999818894,-22.712707565606472
G8140161,gru[nse],camels_aus,pub,0.6653037029303982,0.7553722017559573,0.6113415612270523,0.8834423913254493,-0.5086767947584483,-0.7499327253369019,0.7256290660271145,0.9010982650419859,0.6231993819414808,0.7827257699672752,,,0.7088353579041693,-0.5743505084946211,-0.09006849882555912,3652,37,0.0,0.14,6,0.06,6,0.6923944197934442,0.6943296866717212,0.6896395043573144,0.7301424189575217,-0.4334908246060827,-1.19173518742766,0.3407504810915779,0.003338095929702245,0.28391382375022534,-28.55746699739791,4.1919531210598455,1.1972847717256252,0.06519499939498252,158.32195738101296,141.76707158083417,29.405249893050495,99.99999999999996,383.55487048656005,-42.657188374661175,-99.99999999720751,-99.99999999785253,-50.52628333419454
G8150018,gru[nse],camels_aus,pub,0.5828811938561029,0.17089765298208517,0.4599305240208377,0.0546448087431694,-0.4254701205716333,0.0546448087431694,0.4164985111860354,0.02702702702702703,0.582183762528656,0.036935704514363885,,0.515910242636645,0.4109059665510273,-0.3523375522548282,0.4119835408740178,3652,37,0.4879518072289157,0.09,6,0.49,6,0.3638600468446332,0.3667601523890418,0.5070330871621165,,0.5373387713965496,0.38977428208140086,0.28268164965323306,0.2747293019684577,0.3395701752670276,-55.90919088595791,4.724692279365342,0.680192052734704,0.35153382631754226,102.78645030214389,82.18119331020546,-37.503597188841326,-0.0,-17.695880141216566,-51.242958597834544,0.0,0.0,-28.857989667819965
G8170002,gru[nse],camels_aus,pub,0.7027651126358399,0.9283553263831485,0.48166376788817217,0.9874305408301329,-0.4062465361194287,-0.9797825739239654,0.3758690530231489,1.0,0.6221767176090288,0.9839782578261828,,,0.8306767884507912,-0.8002145992479633,-0.2255902137473087,3652,37,0.0,0.09,6,0.35,6,0.27658856656898334,0.2826278102830741,0.6656072253438375,0.1279361206862552,0.6196914453476712,-0.5913233304052772,0.4633909656592188,0.371822226365922,0.34527467837937553,-44.389773807671745,3.7901306833166664,0.6166916203843934,0.3202266152548796,90.93435088296951,166.13535769015823,-19.02757675062007,99.99999999999997,291.7052395804176,-39.56549005799232,-99.99999999545986,-99.99999999635702,-30.60704780199913
G8190001,gru[nse],camels_aus,pub,0.8013828362324756,0.41871676995672147,0.5685088608190345,0.13114754098360656,-0.547195086749709,0.13114754098360656,0.640819907265696,0.1891891891891892,0.824750054780497,0.14774281805745554,,0.3329827747377408,0.6681520185375349,-0.5284829348030787,0.38266606627575417,3652,37,0.27656078860898137,0.06,6,0.28,6,0.39275362984744033,0.38955104261445633,0.31208738822897375,,0.38300539554758617,-0.7708100569074625,0.09275215861278974,-0.4664866931655254,-0.10533033099390465,-74.06505352990025,4.726706049820742,0.7854900409632282,0.10245298430644534,141.8752674354085,133.63040370750699,-47.65648902488027,99.99999999999984,78.29563291850297,-66.76915277514992,0.0,0.0,-45.83487847224652
G8200045,gru[nse],camels_aus,pub,0.7718556491195515,0.8807215382135413,0.6130405660212893,0.980893012997026,-0.5806840784274089,-0.9722418984957067,0.735489044172391,1.0,0.7263859031240785,0.9485390080283568,,,0.8290482678393908,-0.7206206297423949,-0.10886588909398975,3652,37,0.0,0.09,6,0.17,6,0.43030313542866133,0.43223730659662274,0.3797069178256921,0.10159123558398694,0.23023414497744732,-2.717614168997055,0.05311610974723269,0.2539589365607702,0.16752521981509805,-56.07285162725787,2.9551275073926884,0.8773630121121773,0.05295128311612751,163.56362320629495,165.8096535678783,-57.91526652343249,99.99999999999991,1546.810815751775,-81.75834319681665,-99.99999999719456,-99.99999999772584,-24.47989385485196
G8210010,gru[nse],camels_aus,pub,0.780821844625323,0.9164071636371073,0.705510189592767,0.9882231245548538,-0.6938839340582362,-0.9789899901992446,0.7893943520931422,1.0,0.6767769439404188,0.94497231676601,,,0.8560609731708713,-0.7628979629099335,-0.13558531901178428,3652,37,0.0,0.16,6,0.28,6,0.3914566505158158,0.39325490104971644,0.16397135060521156,0.2445421799259459,0.11013666979942127,-0.45376037383929635,-0.06455033058571291,-0.17547745897537292,0.09238458566247776,-71.8475475698286,5.396703650666603,0.9433256755758207,0.160655216944663,154.9634273647492,171.21219463417427,-59.52493779378653,99.99999999999994,198.7974453948425,-82.54082345075899,-99.9999999908166,-99.99999999283098,-21.565299414437696
G9030124,gru[nse],camels_aus,pub,0.7985831742179408,0.9937491561146645,0.40910163488034856,0.9994767338739804,0.0474336632760604,-0.2682828289675502,0.2840853218981925,0.9982753241027753,0.6867442890400928,0.9994922038112009,0.03744584589581205,,0.9330284894525911,-0.253937559690593,-0.19516598189672374,3652,37,0.0,0.07,6,0.71,6,0.9223912348131365,0.9226757153924143,0.9722258684884986,0.9438693917604576,0.058357666279409304,-0.20313360258137036,0.09044411159472232,0.039756842267758996,-0.00893456244538915,80.66542090940287,0.9814704636424495,0.9703825708042115,-0.4867166489601178,463908.6028324541,186.60569789051763,32.44242564329289,-0.0,37.18517233621819,-23.475703495101296,-99.99998035363778,-99.99998035363778,13.539565901444028
G9030250,gru[nse],camels_aus,pub,0.673907625496519,0.9030720987985847,0.4077379647773812,0.8914812196521045,-0.3097824321646383,-0.06238987868619339,0.3238942878683589,0.925996824076632,0.5223562947772669,0.9030087269259013,,0.04225345519176324,0.8271398553454632,-0.4512230016216889,-0.2291644733020658,3652,37,0.0,0.09,6,0.38,6,0.7898785595810166,0.7874355593734654,0.8414327094708505,0.9906240826607695,-0.059767720438858696,-0.3743889510663534,0.43508028524222375,0.48892762600410844,0.3563004547853048,31.925618566873485,0.8262291356642776,1.0294502029913144,-0.09293289007021932,354.97060122705597,165.42797106909276,21.349307344260737,99.99999999999999,358.74831974879487,-33.92314793456782,-99.99999997517959,-99.99999998011869,-18.55136992174938
G9070142,gru[nse],camels_aus,pub,0.6333154882204577,0.6284825522070187,0.3621847658238447,0.17486338797814208,-0.16812121705794703,0.17486338797814208,0.28620881955963084,0.24324324324324326,0.5783192024915431,0.5756474178454988,,0.11594888662569436,0.6944674084609824,-0.28019868822912974,0.0048329360134390376,3652,37,0.09830230010952902,0.06,6,0.1,6,0.8814821572970976,0.8778169758702774,0.9472106221957883,0.0,0.615760883294107,0.141190350439379,0.7910791751537488,0.7930053368150511,0.4477365790547827,-0.8355979544696273,1.087320483393113,0.619870241829605,0.2792265397956869,475.81000451713453,138.8934816921965,-7.75471535881544,99.99999999999999,251.29731571274652,-31.96865226064843,0.0,-99.99999535316003,-8.645206980219507
102101A,lstm[nse],camels_aus,pub,0.3796269248639106,0.6041618373220736,0.6746482157898813,0.9965394143469786,-0.6746482157898813,0.9965394143469786,0.8212611718773042,1.0,0.45717297923980676,0.8662925952093912,0.8837270582669228,,0.40493251010892994,0.11081634650278488,-0.22453491245816304,3652,37,0.025191675794085433,0.06,6,0.14,6,0.33005899266245037,0.33005899266245037,0.0,0.0,0.13753315544646072,0.6866860600224459,-0.13724066825580827,0.06638893344708685,0.2792393627590284,-66.27756027033956,8.439518924782531,0.9286909305864569,0.27904147976296245,6846.12824189697,80.9865020217861,-84.41477843104292,90.43599113157386,-49.015146413509505,-91.20407141109652,7000.452664701587,1200.6120833401512,33.93731656084109
104001A,lstm[nse],camels_aus,pub,0.3561913879424927,0.8598696239102768,0.20883082000495817,1.0,-0.10434711477560567,1.0,0.23968874994153805,1.0,0.23692768736120778,0.9986320109439124,0.11436350275973808,,0.6047284910855462,0.5744690065307231,-0.503678235967784,3652,37,0.23877327491785322,0.1,6,0.38,6,0.24442217491121973,0.25400566008043507,0.9674936219217877,0.0,0.695512964534033,0.5530159470298406,0.6393377289698465,0.550740233353527,0.7331324565124109,17.762342234404496,2.7385243717049708,0.5518034391574295,0.42599033930948915,27824.6744181518,120.94569821710921,-12.057258387193047,-904.4774645450775,-57.677089714064884,-24.27657032680982,5287212133407.593,5947262048721.313,19.28683747742207
105101A,lstm[nse],camels_aus,pub,0.42535144630205324,0.8681599119841247,0.34404210790056156,1.0,-0.3151276544704663,1.0,0.3835096157058663,1.0,0.2872115243296398,0.9983997672987174,0.2618474261184335,,0.6438055004887706,0.5683882992637006,-0.44280846568207144,3652,37,0.1486856516976999,0.07,6,0.48,6,0.182926120778434,0.18550630746508218,0.49683372178480817,0.0,0.5521381984057521,0.33399279588617503,0.464289087294702,0.5642886375907515,0.7148077155464725,-18.532412131580422,2.3127983596237907,0.6692247765842565,0.36001653539967426,14939.682735559658,128.7611000977541,-43.96126139129201,88.84054883522353,-59.99823468677667,-54.64860966804061,6937336921691.895,7487374544143.677,26.577752191921906
105102A,lstm[nse],camels_aus,pub,0.5291366932832267,0.9121991535747769,0.4418481291748293,1.0,-0.4155201329187616,1.0,0.6195283741222694,1.0,0.40326118851742326,1.0,0.18379496942829462,,0.7249016742626853,0.6466746686367404,-0.3830624602915502,3652,37,0.2677984665936473,0.06,6,0.52,6,0.20886627487063314,0.2088662748706332,0.5705498667391892,0.0,0.33038947981757716,0.37302634974722326,0.17106009010537038,0.29897816901119434,0.47095886932558806,-34.15360407466021,3.6501913842120377,0.8182973299372441,0.19318415602874217,4199.86395205546,144.98033485253688,-67.953927102356,-75.75300351570803,-61.62035282804431,-78.15831167046092,2757024765014.6484,3252065181732.1777,60.48408995553588
105105A,lstm[nse],camels_aus,pub,0.34086326690385327,0.759630595810403,0.36252386567065925,1.0,-0.27239572580827476,1.0,0.5027769190012894,1.0,0.2715207550479342,0.9827152918054759,0.17846978782181766,,0.5138696432712955,0.4559180537173347,-0.4187673289065498,3652,37,0.13499452354874042,0.06,6,0.17,6,0.3310409463729812,0.3369173925159616,0.8246424114323787,0.0,0.449169890442778,0.439575460765114,0.4797624229823584,0.4890646105722076,0.7773990936304581,-1.9788952614393696,3.522290664079166,0.7421792974458543,0.2916706814415526,1583.8951083337727,102.7739286542591,-38.86152444306159,75.25807185790981,-42.52126423952911,-64.51713961829954,7157349586486.816,9687536954879.762,37.768654924412665
107001B,lstm[nse],camels_aus,pub,0.2932761394170735,0.5886774564557395,0.31844673749241437,1.0,-0.22285022455214096,1.0,0.2903954698140353,1.0,0.27475778277980645,0.7327045574470141,0.894776450424176,,0.3960475244547659,0.09741901919283177,-0.29540131703866607,3652,37,0.0627053669222344,0.11,6,0.09,6,0.7956232927991688,0.8044314681965085,0.8915656584942442,0.0,0.6174771734923956,0.7086235345532378,0.7420401029602206,0.6982937946496436,0.7431071343869875,-16.544891567991073,2.289394881163025,0.6184842977049655,0.5025484028702732,737.2999972016535,79.20950489095321,-0.5384360861458969,-31.413275948075984,-18.886232685539266,-13.628908592752413,1436930894851.6846,392.94432316152745,9.51550631869132
108002A,lstm[nse],camels_aus,pub,0.37386888497211246,0.24143636969716165,0.3977795289271362,0.09624889752485222,-0.38157089574655106,0.05292125810428637,0.5476189658711211,0.19580269157039393,0.374559977567826,0.15300094254854707,,0.08452800512440047,0.3229073292474044,-0.29528824371149415,0.1324325152749508,3652,37,0.0,0.19,6,0.11,6,0.4348375345720531,0.43651963445538633,0.4634756119857285,0.8674549191570131,0.45834056391453504,0.49285358376341215,0.2730598942113197,0.4626129872056719,0.5156289925618853,-46.85945768723133,5.850064956278745,0.7359751599649712,0.46084143603349825,46.64107518716409,64.58146584948092,-50.335907591388796,69.50480883933177,3.1142226990871715,-66.47642156760645,-16.95476898514658,-29.983006447646932,11.796101988478416
108003A,lstm[nse],camels_aus,pub,0.2751910506206586,0.2681903563074291,0.34652726732632194,0.5722585233426862,-0.30000351315102725,0.5722585233426862,0.34695259555799435,0.7462427585132094,0.30603810176454066,0.29713768591578105,,0.6494301559405228,0.23750620050996693,-0.08422282585808279,0.007000694313229472,3652,37,0.0,0.52,6,0.06,6,0.5443854885251325,0.550261934668113,0.6662717470774316,0.0,0.6100397984347445,0.6811056570718343,0.5226600107865425,0.6423418387580118,0.6760880539214387,-29.912262250640183,7.167055347801062,0.6244679347774835,0.55192868106234,52.731826463335295,47.50124010199336,-28.938993778428685,77.15444934479021,-19.048047408850724,-45.98891713972637,137.3008957308079,62.48848931633484,12.467795401431387
112002A,lstm[nse],camels_aus,pub,0.19375141248414465,0.25212333906547596,0.267246867707792,0.49513040618221865,-0.21594373581914206,0.49513040618221865,0.3025265010777019,0.5609070825893074,0.20459197420488143,0.33000668751488965,,0.8667946188781379,0.19169499862229072,-0.020398280994528704,-0.05837192658133131,3652,37,0.0,0.08,6,0.06,6,0.5336213897052311,0.5402871732851804,0.7632616396660021,0.0,0.6923315902208889,0.7692656848869014,0.6298669342706367,0.7338081137825619,0.7770020557638149,-19.42235133379087,6.346554060082049,0.5546786545190928,0.6461511032147702,43.71384789322658,38.3389997244582,-27.3954971115032,85.63931396742827,-18.664651749795077,-40.74978999232243,129.52061758532935,83.29404810146505,-0.7407537672187439
112102A,lstm[nse],camels_aus,pub,0.1606318406695253,0.19667585402872062,0.19713719657064194,0.3913259456427253,-0.14087832318184823,0.3913259456427253,0.17473913932490137,0.5445133546856514,0.18041679553075263,0.24166778685809537,,0.8682742033313589,0.1549085142230539,-0.01980589557736255,-0.036044013359195326,3652,37,0.0,0.33,6,0.06,6,0.563915542400816,0.5731573670733119,0.8053864952946428,0.0,0.7743985021404621,0.8331038687364452,0.740122271872862,0.8085791294655026,0.8222075770681161,-15.169009859346552,4.756313882712839,0.4749752602605087,0.7069304476230234,33.1261367848237,30.98170284461071,-10.286586649353044,76.12624911755177,-17.91032842757254,-24.438698253980032,63.55805062431628,48.61466614932106,-4.128798922592878
113004A,lstm[nse],camels_aus,pub,0.6099709650739729,0.5594906995001055,0.48368189376573795,0.3650854562702442,-0.48368189376573795,-0.3650854562702442,0.36611083449979026,0.26625918734235793,0.5682015463494225,0.47893131148376095,,,0.6224543039631453,-0.6224543039631453,0.05048026557386731,3652,37,0.0,0.06,6,0.07,6,0.0,0.0,0.0,0.0,0.43827937685722984,-1.5121245090412487,0.12595523748187065,-0.06772707595101224,0.2587494815719368,-71.52835521229743,6.441868004814341,0.7494802353249684,0.28471644787702577,75.66258970865029,124.49086079262908,-49.45106191703795,-9.08082140886982,9.40364107106985,-49.22191324041203,-63.61249304555216,-68.21291796908983,-13.90392647306286
116006B,lstm[nse],camels_aus,pub,0.2963358413272322,0.351333966693852,0.34545922105988747,0.6667245058471442,-0.3422236372549236,0.6667245058471442,0.5123689375817685,0.780635936769084,0.28507914420803954,0.4288612351956805,,0.7714808310150874,0.28901432930351356,-0.05363515491761602,-0.0549981253666198,3652,37,0.0,0.06,6,0.06,6,0.518998527119125,0.5191107345635233,0.31407699434025355,0.0,0.5301934890242657,0.7655087463142416,0.26208468307538246,0.4701850862213084,0.5415645842306623,-42.20372400020125,2.9945124986487066,0.6854243291390628,0.48440630931441553,75.66346068468188,57.80286586070268,-58.49398928638677,80.57767535739565,-24.861510802361266,-67.164148180339,214.7653935280995,108.55087806534236,17.06207081972488
116010A,lstm[nse],camels_aus,pub,0.6219971660973038,0.41845183054339596,0.5554013006020875,0.1686658741593511,-0.5513344844353173,0.0950735478886083,0.5920333592190479,0.26022742126289183,0.6156528350540008,0.2890646258401742,,0.0787077835461161,0.5555043665338056,-0.5411724291996955,0.20354533555390786,3652,37,0.0,0.06,6,0.07,6,0.0784595464565408,0.07674440191110611,0.12174760359399195,0.8779260771748261,0.3796775473766989,-0.4040518190457443,-0.0006176954412151492,0.21400038829236134,0.22953722868152182,-72.75042648021352,4.74588378974424,0.7876055184058204,0.2679354905332343,69.85529392485785,111.1008733067609,-66.8080191340626,-32.796999820950454,-27.048156077917067,-72.5948059360094,-41.858864740797074,-58.0225973979223,-5.123505986181571
116011A,lstm[nse],camels_aus,pub,0.472907054241664,0.3547194617696455,0.34916256031590653,0.3647501838876481,-0.3443728606950644,0.3647501838876481,0.46716977645822927,0.6109873020431328,0.43323204775063334,0.19921761391186477,,0.2237957690423817,0.44002969311008555,-0.39243160081478445,0.11818759247201849,3652,37,0.0,0.11,6,0.06,6,0.11312308970058897,0.1170054794757126,0.33519709816602294,0.0,0.40913932147284804,0.1658814652205437,0.0974654159247259,0.35800231609410826,0.36384820824077735,-60.53954844387931,4.85688885472217,0.7686746246150915,0.3846610210787459,63.66215819252857,88.00593862201727,-58.66287476390398,68.27710839865155,-16.329964547266584,-66.80067353725046,16.818848364906547,-15.911416689692961,-4.921314792345064
116012A,lstm[nse],camels_aus,pub,0.46051264277202825,0.38850172860232923,0.5802304823704086,0.7378495515114923,-0.5790418588767514,0.7378495515114923,0.7130605349082443,0.8750329393117587,0.49565824235221556,0.3764340695882574,,0.5013670324550767,0.38866370822009744,-0.23367086401195544,0.07201091416969901,3652,37,0.0,0.07,6,0.06,6,0.21298506983591345,0.2137558460962279,0.13714994912413553,0.0,0.2692536724130613,0.5189413791604929,-0.05638337099726831,0.22798242353623777,0.2602766096513409,-68.43366304900681,6.450575075383932,0.8548370181426039,0.2987833684304787,91.68550731001068,77.73274164401955,-74.8570556043982,54.976506856600494,-35.18438233133039,-82.79927403469665,169.91211537645447,55.68445114172059,18.852865317804778
116013A,lstm[nse],camels_aus,pub,0.518130564333805,0.32507989436778795,0.5014349764519989,0.2449631538861063,-0.4971146196247156,0.24216229500309927,0.5244370778545205,0.5060606689379338,0.5063305518695459,0.1850133892934759,,0.1697218079827168,0.44192367117673786,-0.4090708469246789,0.19305066996601705,3652,37,0.0,0.27,6,0.06,6,0.1604022280849726,0.1616102878023539,0.149316914084466,0.4480094970613373,0.42931322089506296,0.16118993789082714,0.09750426630417985,0.3153635789464514,0.3226307316140302,-64.26262495757169,4.136401355236454,0.755438137179304,0.33922916460463515,61.7526548002721,88.38473423534748,-60.632713988133055,-20.06138364361067,-20.199584897731913,-65.6762122787871,-14.464648781284351,-31.094538667375797,-2.1814087997560927
116014A,lstm[nse],camels_aus,pub,0.3073131963214554,0.7184904203042995,0.4232159606072786,1.0,-0.39073001891040254,1.0,0.4732710251216073,1.0,0.2946982709662768,0.9852500014141107,0.6710886421571906,,0.4576545426226528,0.2798823352427432,-0.4111772239828442,3652,37,0.13499452354874042,0.06,6,0.2,6,0.4365165311837626,0.4414762219043809,0.483818487481368,0.0,0.5028019499264733,0.5364107733632153,0.34464416624115424,0.5212107704791414,0.5453025719354514,-37.13993491942406,2.498022935673435,0.7051227198676318,0.3891877015784252,1846.1569065537142,91.53090852453055,-47.68687453639299,64.13330075453766,-46.25610110683721,-60.747448019812644,5122202634811.401,5782252550125.122,15.498690228279518
116015A,lstm[nse],camels_aus,pub,0.5349502558120687,0.348192825471043,0.4953312227364227,0.2041604152619947,-0.4802430753604254,0.15920363313198566,0.5079879158093188,0.40177794600852745,0.5343491548627112,0.20365608477390204,,0.13318960987172482,0.46618646741418246,-0.43159113708531766,0.18675743034102565,3652,37,0.0,0.36,6,0.13,6,0.256352315834247,0.2601079369693889,0.3123991756899326,0.7567049240388612,0.3870889976756955,-0.050487916265854915,0.08369771209289989,0.29835751251224496,0.31288769980638775,-63.9288596070976,5.554810196444723,0.7828863278435154,0.31918969011766307,63.51661635055642,93.23729348283676,-59.3189333688133,55.31884314615308,-3.054895113099058,-65.61646021937551,-20.30792043493708,-32.750077736581545,-5.0417851265998115
121001A,lstm[nse],camels_aus,pub,0.6650953063392757,0.34865894936753633,0.4759532103215674,0.08743169398907104,-0.4743044544055554,0.08743169398907104,0.3315491439466452,0.10810810810810811,0.6046823167250805,0.07660738714090287,,0.3505148792902929,0.5781829158768533,-0.46366887578065613,0.3164363569717394,3652,37,0.31051478641840086,0.06,6,0.27,6,0.42302658307358226,0.4186331093392452,0.10150137111080604,,0.6639149946460834,0.4416711760269143,0.25014466769538746,0.36617991940453765,0.3168612361779857,-57.55259597469301,2.070326945683186,0.579728389294432,0.4012638360578973,640.6796789321482,115.63658317537066,-47.860626220925624,-0.0,-14.1385268791197,-46.13010294238742,0.0,0.0,-22.45108425503842
122004A,lstm[nse],camels_aus,pub,0.41585764746124815,0.794920447301576,0.5431733096414778,1.0,-0.508125099132024,1.0,0.5951303369556087,1.0,0.4345655600698387,1.0,0.6344662646972862,,0.557386160892502,0.3341711501899614,-0.3790627998403278,3652,37,0.2319277108433735,0.06,6,0.26,6,0.4767894382576462,0.47830040796281736,0.5275237066161678,0.0,0.3739534851955799,0.6447042563159471,0.08872110648563025,0.3299614519278661,0.399361353268186,-55.236834649764255,13.959115523314296,0.7912310122868164,0.28080918136117095,1035.4102960877242,111.47723217850047,-65.27570489337687,-489.6179008872106,-61.75192829118945,-74.39543722039767,3912109136581.421,6277287006378.174,52.58646664544484
126003A,lstm[nse],camels_aus,pub,0.2888823308528273,0.4289716219132151,0.34220735572425004,0.366120218579235,-0.22664545417991616,0.366120218579235,0.4429288448171425,0.2972972972972973,0.2505733558096408,0.4545613952464906,0.6184502977597,,0.35937173208830064,0.11387423387560001,-0.1400892910603878,3652,37,0.16757940854326397,0.06,6,0.17,6,0.7584556965357436,0.7635585975093339,0.8453098604750773,0.0,0.565491792303239,0.7465961809127142,0.3515983079627327,0.5242861325412224,0.6034889867001443,-33.26784480535193,6.944769542744823,0.6591723656956205,0.40005436184271315,680.0411234460137,71.87434641766008,-48.51636540086317,-32.62758876574886,-35.88308722749734,-59.9146500831097,0.0,0.0,21.075937186296024
136202D,lstm[nse],camels_aus,pub,0.38846236475306944,0.8374417323119534,0.3249317174863136,1.0,-0.19864900442195807,1.0,0.27001446072034324,1.0,0.3022845237246881,0.9919836264185932,0.3509656105403579,,0.5993214406704109,0.492115842658037,-0.44897936755888396,3652,37,0.16073384446878422,0.17,6,0.26,6,0.3090870877800991,0.3168457281534416,0.8795953703083459,0.0,0.7509545769332953,0.06087442899938378,0.7535402245716696,0.7950429938926381,0.5066367041772577,-6.377067800798551,1.5860859201600719,0.4990445101057668,0.43080821863038077,2930.4638809913413,119.86428813408226,-17.51924662096662,-219.153830060443,-60.14632494269566,-19.76369863312081,1467182636260.987,1766955852508.545,8.881291006676514
136203A,lstm[nse],camels_aus,pub,0.518860841794309,0.9261654585497847,0.2925028247802886,0.9672131147540983,-0.1524896407408973,0.9672131147540983,0.25717953003604227,0.972972972972973,0.36299417062556,0.9699042407660738,0.3859600284634506,,0.7522740098405115,0.5915988831962455,-0.4073046167554757,3652,37,0.5739320920043811,0.07,6,0.56,6,0.302273526072475,0.31089669633467504,0.9138548952977359,0.0,0.7906929360595835,-0.2180043160786027,0.6727962495012363,0.7426503032300598,0.42592066225363134,-10.07346955422995,0.9734899089668703,0.4575008895515029,0.41573942918459494,1197.5931217842517,150.45480196810232,-24.688781561057567,-9.23397958803124e+17,-87.22211023047065,-30.788947308317002,446856021881.1035,831884145736.6943,-0.34911056363931786
136208A,lstm[nse],camels_aus,pub,0.528456103163899,0.9373652816203749,0.31211419085187264,0.9836065573770492,-0.07821547295517382,0.9836065573770492,0.2585240207717023,1.0,0.325854502845139,0.9794801641586868,0.2515904800307072,,0.7659495347742982,0.6617480072238299,-0.4089091784564759,3652,37,0.5276560788608982,0.06,6,0.61,6,0.3302028333647268,0.3391535681049904,0.9656543199111294,0.0,0.7438801719092558,-0.3612215841539086,0.7048296279824146,0.7118772344432878,0.3785175152461182,-1.055495849040589,1.1441586901545062,0.5060828273027492,0.3295615341124456,13617.38728596084,153.18990695485965,-21.473815620118398,-8.935426006985236e+17,-84.2724618818901,-29.40306293425,336849689483.6426,611865520477.2949,8.869717876748458
137101A,lstm[nse],camels_aus,pub,0.450183008276592,0.8569755016808044,0.4277946593329698,0.994535519125683,-0.3999520060464698,0.994535519125683,0.47131992491098224,0.972972972972973,0.3379353109599426,0.9589603283173734,0.3810231880076406,,0.6471068006834922,0.49592053478184295,-0.40679249340421236,3652,37,0.20153340635268346,0.08,6,0.38,6,0.32627474338760465,0.3299219848563528,0.44878844660851974,0.0,0.5001660189166073,0.4844225339770698,0.2432029609147326,0.449768044620774,0.4104776483812417,-49.43622183742315,3.1163171496264455,0.7069893783384533,0.38109922489939074,4627.238135984463,129.42136013669852,-55.9418158950374,-378.39427268912925,-67.07959609353465,-58.29998849790428,446856021881.1035,776880979537.9639,18.02960153324263
137201A,lstm[nse],camels_aus,pub,0.4103962822494478,0.6867139230984028,0.4182114263938359,0.7704918032786885,-0.392119572723978,0.7704918032786885,0.4716537142242205,0.7567567567567568,0.3318671014491076,0.7400820793433652,0.6338086712031508,,0.5446765810887374,0.24945071821151185,-0.27631764084895505,3652,37,0.2634173055859803,0.06,6,0.09,6,0.5486424986235603,0.5526798299723845,0.41338626672342915,0.0,0.5693647425279824,0.6785711509941137,0.22701567119808552,0.45256762614754475,0.39097378878853073,-52.69929916842347,3.0299473722242474,0.6562280529450243,0.3870100046632726,2853.563876416535,108.93531621774748,-56.96195239246642,-660.065681406004,-54.42329211441379,-60.687160282074316,0.0,0.0,18.692342130858005
138004B,lstm[nse],camels_aus,pub,0.4184608552900802,0.8330463691937557,0.45290469024073554,0.994535519125683,-0.42333253104071333,0.994535519125683,0.47798769310046585,1.0,0.39606429706788665,0.9890560875512996,0.593575915996119,,0.5959137260375656,0.37774466107255533,-0.41458551390367554,3652,37,0.2469879518072289,0.4,6,0.31,6,0.3014242038776647,0.3063188690019676,0.40176778409833436,0.0,0.4111179288069776,0.5993816546524418,0.1723804463019608,0.38691967587757004,0.4160769850755772,-52.408978693394815,3.821651593435712,0.767386520075133,0.3406605050215663,2792.4436578735053,119.18274520751318,-56.4485192959065,-930.1649516917632,-74.14329320768935,-58.68280620917875,996893644332.8857,1271915435791.0156,4.978771716768639
138009A,lstm[nse],camels_aus,pub,0.2608150873751966,0.6024472939513391,0.19521403268799473,0.7923497267759563,-0.10231728117677222,0.7923497267759563,0.21300225582495627,0.8108108108108109,0.20146530421453387,0.7944964206734102,0.9747072320313557,,0.40682741417751933,0.01840944129975402,-0.3416322065761425,3652,37,0.07612267250821468,0.58,6,0.07,6,0.7479499169340865,0.7559305508011598,0.8189896376781307,0.0,0.6859268464895766,0.7016137412912049,0.5907662483838865,0.6876078958728863,0.7481210523437465,-15.738847068546276,3.7673022236122957,0.5604222992622826,0.5502706863114015,538.0419608027337,81.36548283550398,-19.225829246466496,-15.532280982672264,-28.08668966212991,-29.401117285154072,0.0,336.46485372804386,-0.6499634648916582
138010A,lstm[nse],camels_aus,pub,0.48136267503075175,0.9256857394101587,0.37409146827769746,0.994535519125683,-0.21488266516579102,0.994535519125683,0.30270185538463557,1.0,0.35718606213376963,0.9972640218878249,0.4327844587162883,,0.7159105528106494,0.5625859093234592,-0.444323064379407,3652,37,0.4950711938663746,0.13,6,0.57,6,0.30856549322606924,0.31729721382954545,0.8844680430730666,0.0,0.7201306838095722,-0.42869804757055463,0.621740495277248,0.6818980960756491,0.2786152531421482,-9.304153639524781,1.7814255277474327,0.5290267632080893,0.3145788042597173,11378.629497869111,143.18211056212988,-27.363259544566976,-1.055392354538027e+18,-87.1176597107339,-33.44352724921844,1326918601989.746,1656943559646.6064,12.212263842884113
138113A,lstm[nse],camels_aus,pub,0.3112163718398332,0.7415454075721647,0.37445759750172947,0.9562841530054644,-0.35815382035119186,0.9562841530054644,0.3996981932310812,1.0,0.27231915133063733,0.9753761969904241,0.5699534163823307,,0.4850689029296348,0.33821006081510385,-0.4303290357323315,3652,37,0.21905805038335158,0.07,6,0.22,6,0.4347676920165129,0.43626449886962826,0.33507959538086185,0.0,0.591264091434151,0.6753298507061569,0.2558621947009133,0.48132359647442124,0.5057086940991089,-45.45855048941377,4.908895253842949,0.6393245721586563,0.42054966087392665,331.87694668915714,97.01378058592702,-55.31014138080964,-343.96974708489836,-50.66483644155991,-56.759489395341866,1051902770996.0938,1766955852508.545,17.39203980780003
143009A,lstm[nse],camels_aus,pub,0.3627084661393819,0.8343082365957466,0.19329762916224758,0.9890710382513661,-0.10590280993670977,0.9890710382513661,0.16734267480424864,0.972972972972973,0.31562402818463464,0.9972640218878249,0.5212145657960173,,0.585610315410493,0.4245312650450189,-0.4715997704563647,3652,37,0.24096385542168675,0.06,6,0.32,6,0.35934962055012115,0.3688529972498314,0.8823383628073529,0.0,0.8221499017453331,0.25995243229964327,0.8881345215566084,0.8994321052198744,0.6639533325890501,-3.1125207980118987,0.9789936129974683,0.4217227741712166,0.5355472731215307,9018.52412002254,117.12206308209862,-9.45719669378093,-797.2674701892308,-72.61636654867922,-11.329242592123633,1436930894851.6846,1656943559646.6064,-2.6580440518049837
143110A,lstm[nse],camels_aus,pub,0.44330887679832526,0.8799113546562373,0.38662380183699624,0.9781420765027322,-0.2262171137549834,0.9781420765027322,0.46001674708159956,0.972972972972973,0.3277773983586056,0.9781121751025992,0.42785919439635156,,0.6592330457725974,0.5128316518341723,-0.436602477857912,3652,37,0.4397590361445783,0.29,6,0.46,6,0.4496957674112839,0.4570572919025891,0.9488481664685662,0.0,0.6705914431975382,0.2743160806936028,0.4604642151256455,0.6176709243389951,0.48893731707758636,-27.72376733276929,2.597299562575412,0.573941248563354,0.3257628320792285,2148.6571919442413,131.84660915451946,-42.00393126093683,-9.550715994813514e+17,-81.48022126412302,-53.154412415230176,501859188079.834,941890478134.1553,41.65372749285271
143303A,lstm[nse],camels_aus,pub,0.2198009099034033,0.584734226252642,0.20335265809432018,0.9457210599139629,-0.13597757746036696,0.9457210599139629,0.21616437353737855,0.9726478074252335,0.1965422993595682,0.7634496748036351,0.5620979105532137,,0.3627303374821446,0.2256570943001473,-0.36493331634923876,3652,37,0.0,0.46,6,0.06,6,0.5831759948886276,0.590711462460908,0.8186825328891031,0.0,0.7419080385852478,0.4649656164097078,0.6071483777744664,0.6697395791497501,0.719517885283156,-9.674521808544267,4.907151845853036,0.5080275203320704,0.5572520996202918,421.2578394183115,72.5460674964289,-25.812651810253563,-376.47906319822346,-58.134715902678366,-36.70865130444834,643.1179957025362,342.03046859583964,13.33165161084363
145010A,lstm[nse],camels_aus,pub,0.3106297534907043,0.37798417186827943,0.34690124065753486,0.4466753696193698,-0.28646171581409,-0.2603197030210844,0.3726348136462171,0.4767438114939873,0.2979306834002365,0.40893567852339296,,,0.33337704148086006,-0.2743749999945239,-0.06735441837757511,3652,37,0.0,0.06,6,0.15,6,0.6505851594212053,0.6478069888994369,0.7164476521316553,0.8099713751425958,0.7440843655307494,0.5466533826916697,0.519263566136509,0.6305571957387979,0.632259726972153,-34.83645059874927,1.6083077422657994,0.5058810477466521,0.5206022865888903,51.39185634212472,66.67540829617188,-31.8393333415642,-281.05391113624677,12.49233767518248,-40.65237032014215,-69.89335278807073,-59.604924204106474,-5.809312140929456
145011A,lstm[nse],camels_aus,pub,0.3088172090035286,0.6791649076610585,0.23754825019794354,0.9961444303566218,-0.12493339427244844,0.9961444303566218,0.3260523494983418,1.0,0.30544039338122514,0.8665301119978729,0.44799646363283635,,0.454312812631251,0.33915628234802525,-0.3703476986575299,3652,37,0.03888280394304491,0.07,6,0.06,6,0.4018088304021204,0.40992161164671176,0.9669526054880635,0.0,0.7104593239140541,0.4715642032713303,0.4819612754456559,0.6031503449829488,0.6404902094423262,-20.68158583323737,1.8739070876787705,0.5380898401623524,0.46815690606904814,700.9611323749313,90.86256252625039,-39.14040916711796,78.03734677045517,-46.59879595102814,-46.109954132401086,4097.113033738419,1061.8238498951932,22.38334050394149
145018A,lstm[nse],camels_aus,pub,0.2840692328510576,0.7401525260655812,0.23425466838885886,1.0,-0.15844367238515927,1.0,0.22302255734775409,1.0,0.2163802560687796,0.9686653587727366,0.36819047781089215,,0.48203194163386703,0.40638202239725696,-0.4560832932145236,3652,37,0.13910186199342825,0.36,6,0.17,6,0.3415569146980556,0.34949282699817275,0.8784824411100619,0.0,0.8769147807770339,0.48171717914525325,0.9157715990301374,0.9124021977027538,0.8394175950575198,0.5350152838718545,0.8756157489001603,0.35083503135087024,0.546610449250698,985.426021537722,96.40638832677348,-12.32528150073493,71.36416101469324,-46.15788621118617,-12.869836123192673,3062298297882.0806,3637093305587.7686,6.925126348012082
145101D,lstm[nse],camels_aus,pub,0.3291310376918646,0.47508462154493,0.2779596917632401,0.7153609149006287,-0.21449717125498774,0.6102133627477844,0.3137268819111787,0.5945945945945946,0.3044560769163659,0.547982425449068,,0.3005574735874544,0.3878702330065103,-0.2133605711874077,-0.1459535838530654,3652,37,0.03176341730558598,0.47,6,0.06,6,0.6175174132121006,0.6249450678489505,0.8465611899248298,0.43504455860668667,0.7682564053778822,0.6251029159548966,0.516289455966688,0.647356855116781,0.6261258894793658,-34.11274587057955,1.5816393032142604,0.4813975432240153,0.5452732532141689,141.6467909191175,77.57404660130199,-32.26161660065001,10.871537641415264,-1.7253328237771706,-37.99634624863809,-99.99999996582973,-39.36357357980898,-2.346097514429465
145107A,lstm[nse],camels_aus,pub,0.2737794642337225,0.4655969496092347,0.2203255396665722,0.6703895046529258,-0.1363568814782464,-0.39766080316675595,0.1577101779149523,0.7302381884116096,0.2569131494021548,0.5447315982279298,,,0.3527638167709581,-0.24581481974728012,-0.1918174853755122,3652,37,0.0,0.06,6,0.06,6,0.7818531445447513,0.782433962950407,0.7837857356564959,0.8783435486579846,0.7162055001454437,0.26758283743173594,0.7718009997107003,0.6901979976368443,0.7328991976663239,-17.874102559188277,1.8837286890408913,0.5327236618121597,0.5912328050847867,57.36479378191738,70.55276335419148,0.0347388708169661,-278.03051570734976,5.327813223529721,-11.120728928664716,-99.99999999847556,-78.192426255711,-10.63024818250391
146010A,lstm[nse],camels_aus,pub,0.24051248052197183,0.536378108757051,0.24110620904549215,0.8752748125084306,-0.2026922776980499,0.3031382142683107,0.22843340209652344,0.9459459459459459,0.208153708896672,0.6397778720825272,,0.24872075660997855,0.35590958357682057,-0.0671867936419795,-0.2958656282350792,3652,37,0.011500547645125958,0.08,6,0.06,6,0.9553510663278089,0.9543482416759825,0.7169120970557739,0.9121253539507883,0.6296788999903282,0.6047456062366459,0.40551677168230604,0.55376754088172,0.6521046734382114,-27.221574291210814,4.334189198183248,0.608540138371884,0.5680377211299572,299.6472942300774,71.18191671536434,-37.007986076752694,20.730822168779948,-7.183288513776936,-41.234779429837396,-99.99999998724944,-55.75708047052673,14.987353821402792
146012A,lstm[nse],camels_aus,pub,0.22957232524066018,0.6140134585755295,0.17156431167054711,0.8708243407677707,-0.1259170947164153,0.8086115066126507,0.2340435136205236,0.8064106950726001,0.14748135549988461,0.7539581647803875,0.2680209070419003,,0.4018642972768318,0.33814067731802483,-0.3844411333348693,3652,37,0.0,0.45,6,0.07,6,0.38366337280113655,0.38733473715162725,0.7904754341533238,0.18810435182669696,0.7877979636381189,0.3226969139290661,0.6139212139152544,0.570867806960857,0.7260571144165493,7.614590684724995,4.319301801265168,0.4606539225512805,0.49639876551628537,347.3976264602101,80.37285945536654,-28.81465395620423,-161.49625548856824,-57.792240758095424,-36.31554356715549,584.5156631838817,627.5402018319527,23.75293171448501
146014A,lstm[nse],camels_aus,pub,0.32887073315628124,0.439831692356567,0.3626547691411647,0.6915459208090232,-0.32043571109357466,-0.6747612899242708,0.3729415186971227,0.8385251763332001,0.36928589321091315,0.541553121963999,,,0.3489510723659553,-0.2979576833807922,-0.11096095920028576,3652,37,0.0,0.21,6,0.07,6,0.6255279952861401,0.6296361100467255,0.5534701730261025,0.36981517861924584,0.25579585517674974,0.4732023896042242,0.03851861605318563,0.21021427094406375,0.47193268543210387,-48.659590944321984,12.581945202992458,0.8626726753660686,0.42983826989019924,50.06167173889675,69.79021447319103,-55.405340056822816,-405.1700262867634,-5.145225102657437,-64.05390159157005,-99.99999999856855,-72.63355811730237,-1.847400942834197
146095A,lstm[nse],camels_aus,pub,0.30490619627152216,0.7181963654682515,0.198031885740241,0.9372593497773707,-0.13730149484344353,0.7981292800968635,0.27648893748237524,0.918918918918919,0.18131205835522154,0.8391070393399402,0.16544939895441035,,0.5033413615106658,0.43048887675602737,-0.41329016919672934,3652,37,0.011774370208105149,0.47,6,0.06,6,0.39665486032217195,0.39860855310112553,0.8029594224508056,0.4145885992907724,0.7231288497116092,0.06882354930074563,0.5352171750198136,0.4859890014705356,0.6474262099631264,10.153996389894672,5.347268008199357,0.5261854713771474,0.3603137208736642,1174.0842957349087,100.66827230213318,-36.636864474897514,-20.77926859956,-61.96121496951914,-44.369427232550436,1415.1439907706333,1001.351693678619,43.49143890901552
204034,lstm[nse],camels_aus,pub,0.27515612556259467,0.5998941321519851,0.3371366440503389,0.9466040194590436,-0.3010173889069356,0.9466040194590436,0.38079400826358534,0.9913224591180129,0.2319329613370791,0.7686031048273739,0.3069535955076188,,0.3955848519413378,0.316995571518712,-0.3247380065893904,3652,37,0.002190580503833516,0.06,6,0.06,6,0.3970607448810776,0.40100870587962006,0.6132991834810012,0.0,0.7810421938009094,0.5300208428252521,0.6420014262998641,0.7464661368685495,0.6981976410244898,-16.057986759862406,0.9952856851159078,0.4679292747831562,0.45378001814287594,575.2429787920105,79.11697038826749,-40.42818731575065,87.5243002757268,-31.921516225359248,-44.03469278618991,1498.8043629518804,502.339168970919,21.082485054523147
206014,lstm[nse],camels_aus,pub,0.2505217415773205,0.6356689280828497,0.2848966314966169,0.988983692823473,-0.19746195845669207,0.988983692823473,0.34494234131761237,1.0,0.18961472628435727,0.8332874729346554,0.25012146926131096,,0.400331931004208,0.3434563683166581,-0.3851471865055292,3652,37,0.029025191675794086,0.06,6,0.06,6,0.3701602399695205,0.3795154740323724,0.8213520701999146,0.0,0.5473927350542424,0.40399455861634836,0.6365015347629046,0.643840326041177,0.7734630385868984,-1.4052071836640474,0.7306029940934351,0.6727609270355687,0.41848528198966317,537.652513523073,80.0663862008416,-21.755669845875275,64.72561757250546,-29.635948409143438,-31.59105061711587,4021.489771207662,1064.1646410973694,18.91475889556786
206018,lstm[nse],camels_aus,pub,0.3748276453089666,0.794705724898711,0.19514664428620848,1.0,-0.02036664150611335,1.0,0.2915872545654695,1.0,0.2681318578042692,0.9613599285657924,0.059241989462747724,,0.5750881993429113,0.5536961187165781,-0.41987807958974444,3652,37,0.08351588170865279,0.07,6,0.16,6,0.17785219352826737,0.1878237436015228,0.9772052354943199,0.0,0.6997661548097396,0.11876424562034582,0.5451144193351276,0.44377887749876466,0.5087364816048812,42.811500915387214,0.32923742646393217,0.547935986398284,0.22773030306584285,3016.131889248877,115.01763986858258,-0.5680271701400676,-95.31927564893638,-37.386539328874115,-12.798752747473388,1643753051757.8125,20546.735505438,28.138882292337914
208007,lstm[nse],camels_aus,pub,0.1873827289994306,0.25629370714303,0.21137467728832546,0.3695422708169193,-0.1412114183464185,0.3694284475764319,0.22188745210121444,0.5310431447284362,0.19127608429242912,0.29010351702376075,0.841144900679054,,0.2061940851684076,0.04652893020344573,-0.06891097814359942,3652,37,0.0,0.06,6,0.06,6,0.7918241089270732,0.799967264873772,0.8600015987169444,0.16431188176595043,0.7767622238489233,0.7752781233481915,0.8790982034916668,0.8603882795908364,0.8545535317684032,-4.786234871539651,1.0689021846880344,0.4724804505490959,0.6192584936373149,53.98955840789541,41.23881703368142,-9.965278014334398,46.47643769475867,-20.520712501314463,-13.954251252321985,51.112509630947585,47.879062088803316,-6.145692352007605
208009,lstm[nse],camels_aus,pub,0.24637584536919518,0.25875396840858733,0.29143634904564764,0.5299368674255271,-0.22108428860133741,0.5299368674255271,0.35457960574274383,0.7400797300227105,0.2573586585340297,0.2530797724354176,,0.5795749396006608,0.22824337276608364,-0.09535322633990669,-0.012378123039392147,3652,37,0.0,0.06,6,0.06,6,0.6442921709576777,0.6524853659592904,0.7110023472257903,0.0,0.5552956350126446,0.7331314526557924,0.5986426584236477,0.6139541271551501,0.7016779984954182,-27.07969975619783,0.7367871619363991,0.6668615785808593,0.577736027984284,53.70173712963769,45.64867455321658,-19.35006889679688,78.57485825544774,-11.588058142010008,-31.056233366059853,64.4961316873294,22.955948426550925,-2.263220030141047
210006,lstm[nse],camels_aus,pub,0.4876548718913545,0.7363043296732082,0.5073240265111675,0.8631871893265983,0.40062578858096903,0.5571762603648495,0.39949852125009466,0.6216216216216216,0.4726024281444206,0.9080411866985054,,,0.5871513068338831,0.19459810220385282,-0.24864945778185377,3652,37,0.019715224534501644,0.11,6,0.28,6,0.816507389174104,0.8186207233384404,0.47604288943342443,0.7038874372014081,-0.6709963906125298,-0.07388840017708409,-0.9601785906228957,-0.7369257394515403,-0.7678911391762624,170.43663319076273,0.6685369469850563,1.2926702559479466,-0.9420911361648021,6305.967252672792,117.43026136677682,145.0590603297326,11.266093975092485,-8.323596203622312,93.00132030363221,-99.99999792225066,-99.99999947531074,-14.723854547038217
210011,lstm[nse],camels_aus,pub,0.2669476104714259,0.36631271506450214,0.4139820456552258,0.8427246028496566,-0.4054641365711874,0.8427246028496566,0.4970549442890619,1.0,0.30291930328850897,0.44015774194787205,0.9779488865414896,,0.26017380534703244,0.02153430091571403,-0.09936510459307624,3652,37,0.011226725082146768,0.06,6,0.06,6,0.7522640626005088,0.7548674276998756,0.3885274020503405,0.0,0.5738990738453911,0.7890251052957151,0.2737296013154549,0.48827689770473015,0.5367224044608178,-42.83126898663344,3.5350159643722576,0.6527640662250097,0.4739918466812596,219.07058317464583,52.03476106940634,-58.93960153973814,90.94938004883382,-15.462863821479868,-63.06798730632102,230.57982738782695,69.16093351303154,34.07062410435818
211008,lstm[nse],camels_aus,pub,0.60970275682172,0.9443130506956239,0.27516109827937757,1.0,0.07481732143963288,1.0,0.32760748469617484,1.0,0.46547767327494605,0.9928501590955346,0.037433303951000176,,0.8031676245639474,0.7502916550298332,-0.33461029387390384,3652,37,0.11829134720700986,0.06,6,0.51,6,0.1268443492755471,0.13675895528939033,0.9713278661775215,0.0,0.4883944761373885,-0.730687040334089,0.2701402328601211,0.13605080593393926,0.23646669880813898,65.67939587606024,2.48256151091245,0.7152660511044903,-0.29565350543224267,5829.574911404784,160.63352491278945,-11.877133576213165,55.2831322157387,-60.69729250594022,-40.47569921015982,5690777301788.33,6886488199234.009,72.66333364822643
212209,lstm[nse],camels_aus,pub,0.44021279633661364,0.42841917113891165,0.5734070103252242,0.6340546180305785,-0.5288305728211102,0.6340546180305785,0.23330154274283388,0.6963654729961017,0.6018947403402001,0.5284259017268619,0.8765530460937463,,0.3848328165968382,0.0681593492087505,0.011793625197701996,3652,37,0.0,0.13,6,0.06,6,0.5481987273424457,0.5548645109223949,0.49256476063524757,0.0,0.44525858925045225,0.3185378335179131,0.5807051756452327,0.5310118178381322,0.4574303278665631,-27.979506047074377,2.4900953776956345,0.7448096473257766,0.274745911974014,121.36850009166689,76.96656331936772,1.4702135961486655,24.00951086696477,-55.89097790549389,-11.613508175559852,170.01317640773436,166.06514983798854,-8.659725649079027
212260,lstm[nse],camels_aus,pub,0.21394468996681434,0.3818674279639709,0.23818658405506105,0.8715127239200353,-0.05680472745322968,0.8715127239200353,0.16684732788746015,0.9897125554433741,0.23291696278528728,0.47337205241722785,0.03230102521798964,,0.2508701639242236,0.05192006175062715,-0.16792273799715654,3652,37,0.004928806133625411,0.19,6,0.06,6,0.7811604843210332,0.7910515649825715,0.9588242802965359,0.00978627966100225,0.3223121592768019,0.7369782638296526,0.5055289760646716,0.6546986997807743,0.8070587606749438,13.776890293326616,0.7867636151101453,0.8232179788629487,0.48336870076677296,444.1433417026211,50.17403278484475,46.52162826492482,-9.25149412209968,-0.26252692112241216,29.84789717976734,423.951301270218,124.76706668436218,-19.088073499879307
215002,lstm[nse],camels_aus,pub,0.2606988843615208,0.4335846936128528,0.21028330530727232,0.911400678030244,-0.06684524452755182,0.911400678030244,0.17686770443811167,0.9928826344283816,0.288778034214991,0.526099717342719,0.9496395934298515,,0.3046846228143993,0.04572902595960794,-0.172885809251332,3652,37,0.0002738225629791895,0.09,6,0.06,6,0.7046879518220303,0.7147187826661263,0.9298926359581831,0.0,0.5481584086146074,0.548851156900151,0.6978663058924872,0.7764931497419921,0.6974436213535545,11.077411582265858,0.5954198432229959,0.6721916329331932,0.4327725124049788,835.3325277098457,60.93692456287986,30.83216282231695,-9.780017738413914,-17.915140339407223,2.6306299204515957,326.48664992621804,109.33464483402766,-19.059608964968177
215004,lstm[nse],camels_aus,pub,0.3834326128484304,0.3928873357301942,0.4805401619745756,0.831819359957032,-0.46904227206285454,0.831819359957032,0.5452406034998417,0.972972972972973,0.4059159615908003,0.3610726766592593,,0.402064026303621,0.35217004936193064,-0.20723965112711296,-0.0094547228817638,3652,37,0.011500547645125958,0.06,6,0.06,6,0.39712854523672064,0.39920164709531547,0.3838247490874855,0.00978627966100225,0.5524507750012366,0.5767339293443543,0.19518250023352013,0.42651135180375743,0.42299582814055714,-55.79856522144904,2.4796491679882027,0.6689911994927611,0.3966055231905121,367.6014730749339,70.434009872386,-58.62761374095972,-5.135610815889366,-4.581240757268627,-63.78164496945949,221.7631634888743,11.771039984801835,0.509508920717114
215207,lstm[nse],camels_aus,pub,0.2524351154622975,0.444677986981909,0.2772893510526825,0.884283610391436,-0.15195139728013213,0.884283610391436,0.3580041296231656,0.9957725509244437,0.26982415971986246,0.5791005579702233,0.8831800264281124,,0.2981071711067704,0.08442803543634837,-0.1922428715196115,3652,37,0.002738225629791895,0.54,6,0.06,6,0.6606416713602834,0.6704223810700182,0.8662858627505864,0.0,0.46660843101545624,0.6477204494528066,0.6846315696686447,0.698819842140386,0.7743965445595031,-8.224623748274027,0.8428852391635764,0.7303366134766515,0.4602626649186574,1284.0600063545435,59.621434221354164,-4.000347249559997,-12.773378814023731,-20.708402362917855,-16.774870897552884,509.0661752908986,209.7906743142448,-10.55504403334268
216002,lstm[nse],camels_aus,pub,0.2686778521391207,0.5785032557138773,0.37276650498996944,0.957481735685138,-0.24687830463228186,0.957481735685138,0.2633275481478776,0.9929963209808979,0.24941362844128673,0.7348581147257721,0.3918056631207364,,0.3782819898405297,0.29049429425618023,-0.3098254035747566,3652,37,0.0,0.06,6,0.06,6,0.43923941239039693,0.44882289755961224,0.9103732022795302,0.0,0.43322710362941264,0.4759575344778937,0.67664973160523,0.7172137373281475,0.7414672854640024,15.966150777334615,1.7654511494868033,0.7528432083578807,0.35089943204867446,1044.5405645186434,75.65639796810602,14.54537702155081,78.50339376807602,-31.79949611033004,2.6182530468919625,1441.4735601835719,472.5304850062101,0.04969839820384332
216004,lstm[nse],camels_aus,pub,0.6870034638692938,0.9728126048756657,0.3600400220893717,1.0,0.3435582285325284,1.0,0.2063099255351614,1.0,0.5520194649261156,1.0,,,0.8636964684262012,0.8628705735135775,-0.2858091410063719,3652,37,0.2836801752464403,0.06,6,0.7,6,0.014475119810243036,0.020351565953223454,0.27976073369561,0.0,-2.960025563280927,-1.7456200460484919,-2.013382776082259,-1.67091922217412,-1.6464363538238018,262.8417922813841,2.6226703060348053,1.9899812972188777,-1.6714536449358524,15675.445685719493,172.73929368524009,114.97166073792884,-274.88478648771945,-77.23222263309509,56.7335552355306,9231919050216.676,11260030269622.803,51.43445101513235
218001,lstm[nse],camels_aus,pub,0.3081366509723045,0.5004730739575854,0.15825368223208114,0.9302127102649714,-0.10056175413459574,0.918941186399422,0.1609135070946191,1.0,0.29238237303398645,0.5674436780510363,,0.548253523385694,0.3777951364184661,-0.13707265621148004,-0.19233642298528092,3652,37,0.016703176341730557,0.06,6,0.06,6,0.4733185725984467,0.48207521656732916,0.845574192607691,0.08861956188807632,0.8666826858698071,0.5866933545355022,0.6921363698014189,0.6893885822451211,0.6577282603652701,-26.240047681713946,0.82177097023987,0.3651264358139421,0.6038722633318052,569.9953459671716,75.5590272836932,-11.382190581888205,-8.476497013634713,-18.37507134463083,-16.44305967651937,281.4614165982495,151.9327577503959,-15.918871319922786
219001,lstm[nse],camels_aus,pub,0.24333856406550908,0.3203189133080017,0.14973147185435648,0.4802341790855406,-0.016423531934849505,0.4681199676846059,0.17337998332969193,0.7526626358247395,0.20148392089078057,0.28477392951769076,,0.2763458725227307,0.2829137569633619,-0.1628518916660368,-0.07698034924249264,3652,37,0.0,0.07,6,0.06,6,0.6279771626604933,0.6379087029569047,0.9969706848907158,0.31464817452306026,0.8851040594850549,0.608683413807654,0.7916846010943621,0.8387353188428457,0.7736142424632902,-15.022954720001117,0.8241344046101411,0.338963037092461,0.6283416447298089,56.719225201582205,56.58275139267253,-6.898788415811313,-334.76093706274276,13.154789771547627,-13.997581380114603,-7.733421923407676,-4.274595603231108,-12.835633856310595
221207,lstm[nse],camels_aus,pub,0.21990318541737747,0.18316801063050814,0.266833763722077,0.16943336462799596,-0.19943592494017293,-0.13980253831217013,0.28089728548588855,0.2169984600103105,0.25723176181868346,0.18629475393458494,,,0.19400307621544727,-0.1465549758515204,0.03673517478686933,3652,37,0.0,0.24,6,0.09,6,0.7696634914116541,0.7679097873852111,0.794734170419314,0.8270887168356426,0.7237872983087348,0.579808267173233,0.5696753026232542,0.7043844982904207,0.7133522246942517,-25.197287155175193,1.026299681709928,0.5255594178504133,0.6298106314586045,31.900872816501813,38.80061524308949,-27.724116088820995,-73.54476983260096,-5.786497445463241,-37.71653595195282,-51.0088373514399,-38.07290708301351,-8.43971088057815
221210,lstm[nse],camels_aus,pub,0.4974910814205361,0.8805735795935065,0.2880925764642009,1.0,0.2817877559686034,1.0,0.28543681054409775,1.0,0.37416137100884933,0.9867294989581793,,,0.6968442753008133,0.696293439970215,-0.38308249817297035,3652,37,0.08461117196056955,0.09,6,0.28,6,0.03370734303129569,0.038667033751914034,0.29532567282923994,0.0,-0.5827269375832778,-0.36693137391498865,-0.9278581810261857,-0.687779659642539,-0.6728380624250638,166.12733059356398,2.212801553794331,1.258064758898872,-0.6891090513647364,13532.573502867677,139.36885506016264,111.5106765048995,83.61790269809416,-47.178493713731044,84.6112086060721,4495066404342.651,27428.43701814404,2.498554443185587
222206,lstm[nse],camels_aus,pub,0.22413713870960084,0.26569541925194706,0.25392105881294935,0.5468572899755454,-0.09339993255941903,0.5459450245503398,0.24630827182334575,0.7548793527764609,0.2381868125369262,0.27288479154802325,,0.6066090669601106,0.21968775699906673,-0.05307479059273759,-0.041558280542346226,3652,37,0.0008214676889375684,0.06,6,0.06,6,0.7348017968951679,0.7441314047791212,0.8854532719898944,0.07851685716433188,0.4943973883818008,0.8170867036050338,0.5721523263319055,0.5347942575895419,0.8742975959824247,-2.682032130903935,0.6447495620421739,0.7110573898203991,0.5239585147755011,118.76695443496732,43.93755139981329,26.021945940023322,74.21566330542908,-8.473996914478098,14.105679777545975,84.21896135755922,25.73796268047117,-19.676889820261472
222213,lstm[nse],camels_aus,pub,0.2910755890497484,0.2882424342638251,0.35420632688108245,0.5840743830837223,-0.32626391717633646,0.5840743830837223,0.393311861083599,0.9096066034310011,0.32024120020966385,0.28477339706905913,,0.5618671967730603,0.2582120551557141,-0.11931769332194231,0.0028331547859232753,3652,37,0.0013691128148959474,0.11,6,0.06,6,0.5864905913354858,0.5924498051387803,0.5305092731907914,0.0,0.13346470082067596,0.7246030538615462,0.11992098679752561,0.24799100365688986,0.6212788127486362,-36.12488687800229,1.1040255092993563,0.9308787779186525,0.47615258563908025,93.16254057410768,51.64241103114272,-33.97789569025484,86.36839446197719,-21.74018240303568,-61.344946350417956,101.1415919371704,19.95171472447375,-6.9279301162671425
223202,lstm[nse],camels_aus,pub,0.2045836560444511,0.4326207732076908,0.21507096028695138,0.8831949552797993,-0.03916972232270247,0.8823415084994589,0.2281524641358539,0.9984922760650029,0.20349155107427508,0.5611907682971561,0.7426788752460335,,0.27179527914221147,0.12140672785287629,-0.2280371171632397,3652,37,0.006845564074479737,0.62,6,0.06,6,0.7263385565925701,0.7362531626064132,0.9787595559893368,0.05316939107953252,0.6691116088602264,0.7142973696882174,0.5817573760485621,0.7192430883945371,0.8226095452479737,12.017519796871019,0.35431206326940035,0.5752289901767588,0.5185304532998807,505.3859518521514,54.35905582844235,29.842751797543848,-13.183881606067636,-24.309272730659536,17.422617523321428,412.11065746308566,142.5257006716323,-19.189361800045546
224206,lstm[nse],camels_aus,pub,0.240360162307452,0.45004479208671166,0.35531420518286827,0.8650576169133518,-0.33681190405210193,0.8650576169133518,0.40935898376530094,0.9984805760362749,0.27304403417191764,0.605005752951652,0.814349736794429,,0.286045802233029,0.1155185289577848,-0.20968462977925967,3652,37,0.008488499452354874,0.06,6,0.06,6,0.5331222934640687,0.5387085871985907,0.48213254131413297,0.0,0.5130857201406731,0.7166127394030867,0.4738151777162781,0.5729230664968843,0.7769844959402834,-18.811204981288398,0.890045797119021,0.6977924332201709,0.5529617541185063,244.8372874610056,57.20916044660576,-33.000598746718744,86.88234716275696,-40.03879374983732,-54.29842738960444,473.1391833398818,265.79629549986913,3.422265096642526
224213A,lstm[nse],camels_aus,pub,0.21441174510964578,0.3568940738691833,0.17665276607598063,0.508314287521872,-0.010191114291033783,0.508314287521872,0.18177362706701952,0.7113378260586123,0.1936942009968974,0.4036587599600918,0.059694749929715685,,0.27225876362785884,0.23559708964946743,-0.14248232875953754,3652,37,0.0,0.45,6,0.06,6,0.4087669897513564,0.418674972928082,0.9714667143897998,0.0,0.6080864295856052,0.6763705073062449,0.5894824924537274,0.4954757762104267,0.6212963861256984,36.88031495930733,0.6339944913247866,0.6260300075989926,0.4506484336236045,87.4034955972795,54.45175272557181,1.9171049062355883,45.64017154741015,-16.20132349806625,-24.206183378454835,116.61346785123541,119.29079207587111,4.8118685952904094
224214A,lstm[nse],camels_aus,pub,0.3090500235689575,0.30942518812382963,0.2736947827547419,0.23547203128546848,0.03293096658467895,-0.20313619881085013,0.29092487201021594,0.18255662240107542,0.3313446812192986,0.3210826817789409,0.02448680825683456,,0.3147153757159399,-0.06826677637958957,-0.00037516455487213163,3652,37,0.0,0.07,6,0.09,6,0.8670060219840063,0.8695706836055299,0.9950251647810168,0.5755769676948003,-0.47210033746210045,0.1977560827215592,0.05076302830654178,0.3738382131643827,0.4138840694195416,55.34822089300004,1.3918027370909694,1.2133014206956572,0.04227102714777631,85.64087385746437,62.94307514318802,65.61892831313463,-772.3909093225008,86.89635986218842,41.436454332203255,-60.539069679721486,-56.83064512974202,-23.899208607428452
225020A,lstm[nse],camels_aus,pub,0.2538180788325965,0.1867805662309534,0.29242082595474406,0.1837919416338317,-0.2868277703358932,0.014880980682707746,0.37188521346988357,0.20717270600714768,0.2866650920465224,0.1841277874850209,,0.030392577965198796,0.2122587365352531,-0.034750930453973976,0.06703751260164309,3652,37,0.0,0.07,6,0.19,6,0.7734833341821361,0.765161996351463,0.2833976294900606,0.9917803412361688,0.3151820664886157,0.3023555957382331,0.510333318048815,0.5555833282746352,0.5641311606861343,-12.552766462337017,2.2336438483231986,0.8275372701645433,0.5683303470735663,43.96747364631985,42.451747307050624,-26.812643976756213,-91.0974602111063,-26.919188826902126,-50.38991730502647,-18.007259151559545,3.5683952333872613,1.5353507655409016
225110A,lstm[nse],camels_aus,pub,0.25922629706490535,0.5966670924198156,0.17076545673165963,0.8484329240461477,-0.09240146359128254,0.8484329240461477,0.24011011792550377,0.9483824772437764,0.16915850507517244,0.7055134302256745,0.1300410454383569,,0.4131880008208163,0.3898388531411504,-0.3374407953549103,3652,37,0.0,0.24,6,0.06,6,0.21194261048903665,0.21781905663201712,0.9358992031232487,0.0,0.6220907238949316,0.3540815791393621,0.46148554670275166,0.3231356101986955,0.5280560227524835,43.93967286363201,0.9328657695800333,0.6147432603169134,0.336220278600738,261.6676695019573,82.63760016416313,-26.971544262460927,77.9289939010724,-37.65309411721609,-41.08800305988648,578.7967547400283,388.7598115844508,13.025880768274726
225219,lstm[nse],camels_aus,pub,0.28867934986972377,0.4718866785363881,0.41795947253761645,0.7780784904108561,-0.4133336286956689,0.7780784904108561,0.496569402508669,0.850496694683661,0.3267169001118705,0.6297335136944868,0.8246080202062863,,0.32678097955868074,0.11458688675359328,-0.18320732866666434,3652,37,0.0,0.06,6,0.06,6,0.4266315702681638,0.42663157026816384,0.2256493867628068,0.0,0.3841343324691944,0.6529613706409563,0.29526671052949327,0.4140112301468857,0.6774463573714692,-26.57956958214553,1.2495499479786767,0.7847710924408503,0.4934658341017193,130.65844470035583,65.35619591173617,-53.298301479537756,46.12006941712817,-49.046491954695405,-68.18395163217397,451.3137818646192,300.23829607805095,13.802608640088126
226220,lstm[nse],camels_aus,pub,0.35148020025910603,0.3383567139173875,0.3486447754051234,0.38493621692085955,0.3384570478455177,0.38493621692085955,0.31378717303432274,0.43577078296631894,0.353860888191903,0.3490923953472798,,,0.34083060345424754,0.3301917712571849,0.01312348634171856,3652,37,0.0,0.58,6,0.07,6,0.22048673452777862,0.2234283554064956,0.17118501525361818,0.0,-3.0349823188339187,-0.5240724713161964,-0.6266973817251682,-0.15647847197063935,-0.1510451577346319,114.55211916798321,0.8205173094663023,2.0087265415765083,-0.16595997651671035,115.90053571674686,68.16612069084962,113.31843506681919,9.785460260807682,35.28321420118811,74.61785535211703,71.48104007475563,74.72045482374614,-0.8103903548626984
226222,lstm[nse],camels_aus,pub,0.25496215152715646,0.14859098920128996,0.3697421234521472,0.06690795721087202,-0.0771216341158745,-0.05611418666973286,0.3545621577402289,0.050979362823722014,0.2675333971804173,0.09355224213496356,0.08399567889753753,0.7592932744759334,0.20471899095681617,0.01931265658121743,0.10637116232586649,3652,37,0.0,0.06,6,0.06,6,0.9033056624846526,0.9072977852098799,0.991207970896021,0.67061722226915,-2.385397866603572,-0.23969471339207216,-0.29890968692482267,0.1569438564778507,0.572419826175576,30.77571607328156,1.0445487100217772,1.8399450716267516,0.39524414956390397,51.47751338020058,40.94379819136325,103.05004844351276,19.022628627309178,84.19653120134546,-2.9916299145811984,-27.706665241066847,-28.828174336192593,-4.039456960103024
226407,lstm[nse],camels_aus,pub,0.1640012631767339,0.3268525343543082,0.17124723410313308,0.560313341909628,-0.049390068531283464,0.560313341909628,0.19138069351153558,0.6053818835376593,0.15651731749756356,0.41762525735803613,0.35435138334384403,,0.21845888732921986,0.14713268023356288,-0.1628512711775743,3652,37,0.0,0.3,6,0.06,6,0.6902661175739925,0.6999224789076989,0.9841374502345275,0.0,0.7343984232412095,0.6925195535241184,0.8152212215786874,0.7834289970111955,0.8142418435248661,13.110216504405074,0.7311186944242986,0.5153654788194397,0.6107630796890098,68.05172763120325,43.691777465844,1.47430214399843,22.185221700164366,-25.63362869739379,-5.214903354320439,145.25219685939672,109.76217676608728,-1.475005199320616
227225A,lstm[nse],camels_aus,pub,0.2901683076019933,0.32834116545718645,0.34104922480419364,0.5088782537904795,0.3331861923897024,0.5088782537904795,0.31125751685743436,0.5778262346911361,0.30790562147397815,0.36658342231416724,,,0.28762773492738053,0.27371964699418566,-0.03817285785519314,3652,37,0.0,0.1,6,0.06,6,0.35613525209597874,0.35913680296936995,0.295523394456811,0.0,0.29344995716703315,0.05878700588334729,-0.08342725029080311,0.05871227981935989,0.06452788367433715,91.96350362762024,1.6637037456313628,0.840565311461856,0.05868598905621858,98.43788457344526,57.525546985476126,96.26304092257062,37.71462647150387,10.402495336385273,71.4039205764702,69.24848446026832,74.29962530369819,-13.090794419387608
227226,lstm[nse],camels_aus,pub,0.2115039893402103,0.5241982679492923,0.17487426304372175,0.8594468038925446,0.07028231337726216,0.8594468038925446,0.1992390299767731,0.9116362478701179,0.17033407669855227,0.6832269972056447,0.015623569642951998,,0.33350398499973327,0.2935090880260251,-0.31269427860908194,3652,37,0.0,0.54,6,0.06,6,0.41583706965917416,0.4257349484184374,0.9167333384406999,0.0,0.6811699556547972,0.5379338354411629,0.6269783862973443,0.5275017393969097,0.6472489711888564,33.120819549415124,0.915552094300627,0.5646503735456152,0.4700653660678401,196.0425972867284,66.7007969999466,9.697537756133183,78.1565486374849,-28.242019373734575,-10.268630232736069,706.9625216673767,391.3395066817638,6.01638822049189
227227,lstm[nse],camels_aus,pub,0.3432376043986666,0.750349723886063,0.45794132688759914,1.0,-0.45382670037851974,1.0,0.8331868070637003,1.0,0.30024174031644063,0.9776419667908293,0.5528780592623938,,0.49671392021406086,0.3498475218276862,-0.40711211948739645,3652,37,0.09529025191675794,0.06,6,0.21,6,0.4146728291970165,0.41553787133822995,0.21533966221617024,0.0,0.3393285665189494,0.3792265492971272,0.24778395996391578,0.37499444607977284,0.5861476798652465,-29.820254881637734,2.4363482918335277,0.8128169741590359,0.3615073506546085,3650.0669477669844,99.34278404281193,-62.08080221028644,89.78609367912354,-51.09581558955614,-85.9935611151649,11832593679428.102,174943.11173234123,33.73002356335138
229650A,lstm[nse],camels_aus,pub,0.2186561638030413,0.4491239150719697,0.1559577887074866,0.6725381191816009,-0.1056237181596242,0.6725381191816009,0.19495492697619798,0.8895031690056338,0.15186178554930893,0.5130803115682272,0.14264170384260363,,0.3202241613892321,0.29814104942866326,-0.2304677512689284,3652,37,0.0,0.2,6,0.06,6,0.18433083907738024,0.1927542990493597,0.8879027943322804,0.0,0.4586358479702821,0.33119081120335936,0.48318325007978424,0.37773345092252886,0.4986191407653672,47.56840185716487,0.5962044459676582,0.7357745252655313,0.37396292926199637,138.24291316139295,64.04483227784645,3.4541439631206474,74.75626593326434,-32.45235152454637,-28.771142657736018,186.9882192783908,156.4858463050127,-0.2295449960047468
229661A,lstm[nse],camels_aus,pub,0.1678146924157232,0.33094052606103824,0.1037434492275619,0.5066968073399309,-0.02537883462339786,0.5066968073399309,0.11129102780395461,0.5865836188337756,0.11346514108658086,0.3505491986542651,0.10665754381142929,,0.2440954603598154,0.21509975504297627,-0.16312583364531505,3652,37,0.0,0.22,6,0.06,6,0.40621639454710395,0.4159384751107038,0.9894250947179675,0.0,0.7771508245894607,0.6712890056483951,0.6993900628724921,0.6327314083301675,0.6921545478950997,28.787950200700074,0.3850027633952987,0.47206903669965405,0.5860183397410332,77.71353214003774,48.8190920719631,4.386006649066867,47.07242289842969,-23.197427656883388,-11.113605704069665,83.80920526529596,77.30206804659723,-0.23941613684516597
230210,lstm[nse],camels_aus,pub,0.8323569600736721,0.9855994334821525,0.6121770631522543,0.9890710382513661,0.602646279392925,0.9890710382513661,0.40825648684177,0.972972972972973,0.7321863320930982,0.9917920656634747,,,0.9364700033143623,0.9359245604551979,-0.1532424734084804,3652,37,0.6429353778751369,0.06,6,0.57,6,0.005354229897301563,0.0074273317558963825,0.058287051096274724,0.0,-0.1406785952267815,-3.361520645077376,-2.900167316524821,-2.8851323223415353,-2.8713353682611724,382.86486834352786,1.1272318257391172,1.0680255592572592,-2.9635925008484523,30807.04729249993,187.29400066287246,134.43340495198854,-1.0391590131972628e+18,-73.91765055591608,76.02678771099337,953924655914.3066,1413810253143.3105,42.82029661812825
231213,lstm[nse],camels_aus,pub,0.5328729916133597,0.9246660417111938,0.32623737650438356,1.0,0.2197346207259409,1.0,0.33123428352535544,1.0,0.38903648981131767,1.0,0.018736852027257275,,0.7450054545540428,0.7395646853351638,-0.39179305009783416,3652,37,0.291894852135816,0.06,6,0.45,6,0.02621259059192051,0.035203635800404295,0.3963100923699989,0.0,0.253902958698901,-0.5531902398253847,-0.47065588107625955,-0.5655959845719376,-0.46950495954459304,143.79454243798443,0.7888144130119477,0.863769090267242,-0.7105442909011406,3240.0259689792306,149.00109091080856,10.438929391219954,-1006.2062797107825,-71.12494738977516,-14.496617850937362,4449075460433.96,5414843559265.137,13.687043434530844
235205,lstm[nse],camels_aus,pub,0.16319976902692587,0.29803250037025875,0.11583844580599771,0.45584850989399667,0.09093636128692817,0.45584850989399667,0.1053625091477112,0.6683920024112696,0.13759879183170334,0.3284914891378087,,,0.2213314857812763,0.20507013356364698,-0.13483273134333287,3652,37,0.0,0.06,6,0.07,6,0.4592260620341769,0.4660956882121898,0.5429331659823975,0.06018702916364489,0.6982354408376015,0.6689466618782756,0.5551405977008195,0.5245270615006759,0.5733427423518187,41.81586929808868,1.629664839980297,0.5493310105595701,0.5450700284452117,75.18108229941176,44.2662971562552,15.13425123409081,41.46584184595335,-9.685694346330857,1.8246290632406788,72.05343326419941,57.880162542097786,-5.4723685787876235
236213,lstm[nse],camels_aus,pub,0.7694117918154385,0.9802893198925282,0.4667683216297042,1.0,0.39358710778816175,1.0,0.41860531797247186,1.0,0.6383226218102711,0.9917920656634747,,,0.9071029595873138,0.9020634046882139,-0.2108775280770897,3652,37,0.6861993428258488,0.06,6,0.69,6,0.038646255868046396,0.04556638078436761,0.46594226421535917,0.0,-4.373794819619353,-2.4648905994550114,-2.4722011165725983,-2.0051078213672024,-1.990272757312666,296.2908525528339,1.452294300129651,2.318144693417422,-2.307135522143494,7793.034985950964,181.4205919174628,175.98089323670578,-9.670531581865548e+17,-77.71077609909172,124.3650496483362,586009025573.7305,815957784652.71,15.688717620645324
238208,lstm[nse],camels_aus,pub,0.33792831942288326,0.49089587290514813,0.29982558403583554,0.47732214397725126,0.0843568045190095,-0.47577527255208846,0.38536946742339895,0.48931628201012006,0.28159582023947016,0.5106291070241151,0.01250284185237661,,0.4209969000857245,-0.24993561485021262,-0.15296755348226487,3652,37,0.0,0.31,6,0.31,6,0.6537716352133164,0.66364498009191,0.9450132697797227,0.10266331804488202,0.3365722602571679,-0.5246437528452994,0.40212113222370516,0.6110024676284322,0.583053973040529,34.812904365378266,0.737076255574377,0.8145107364196202,0.1436238352969622,81.90617566483398,84.19938001714496,63.01254857428178,-1515.8457008749926,110.81542499403251,23.861420253451044,-85.42820070191028,-80.89851540779144,-23.99912192670864
302214,lstm[nse],camels_aus,pub,0.6837294746773668,0.8740801063772311,0.336802531025409,0.9029739945432552,-0.26010535513534766,-0.740616345918771,0.228691691807454,0.8895921016586232,0.6015408601087631,0.8970434679074913,,,0.8081088489555855,-0.7628572545422881,-0.19035063169986433,3652,37,0.001095290251916758,0.06,6,0.61,6,0.33128737904105443,0.33600119295933967,0.7246543538279411,0.6062208639282614,0.7811153922619493,-1.6267028774211667,0.5872418679211553,0.48706770949205835,0.3232608009561695,-36.696951176644454,1.4070832268492997,0.4678510529410516,0.4098491827360675,101.29798758360363,161.62176979111712,-11.341396998343663,99.99999999999999,399.2840606236083,-19.900429440984983,-99.99999999056504,-99.99999999412844,-42.604363460689754
304497,lstm[nse],camels_aus,pub,0.3470289825513082,0.8205097736418017,0.09027700776053758,0.991839060132249,-0.0031621913611051505,0.991839060132249,0.13091806063790065,0.9963313890362581,0.1853688610869922,0.9536321343459366,0.051845868010223575,,0.5919522324017857,0.5865297325898601,-0.47348079109049346,3652,37,0.0,0.06,6,0.57,6,0.07857451301185842,0.08815799818107374,0.8713226506954659,0.0,-2.1161405695270776,-1.2685092185197187,-0.897272574853029,-1.0158337689940082,-0.9293723951926314,184.5931901010617,6.065703028240199,1.7652593490836064,-0.897924918142418,3023.9094739775855,118.3904464803572,1.034661822900039,86.99857855804936,-66.54290737399816,-19.796265874463085,9134.524112139574,3947.3223324607306,16.038346470193705
304499,lstm[nse],camels_aus,pub,0.5210505378861661,0.1682948304713549,0.7138218274338056,0.15830067638646173,-0.7138218274338056,0.15830067638646173,0.7203509622215386,0.1890871085410128,0.6602516015593642,0.09071015611893185,,0.361252336173432,0.32515303924976585,-0.2913011687740018,0.35275570741481116,3652,37,0.0,0.09,6,0.06,6,0.1623990063189728,0.1623990063189728,0.0,0.0,-0.09717990595634385,-0.060897736491051235,-0.09829193726444263,0.11821627566654058,0.2869897791828758,-64.95112983000593,2.6438215658669124,1.0474635582951533,0.33630363101426186,45.39004566025692,65.03060784995316,-78.5476934360612,42.92003954606784,-67.64354543766918,-83.41314542711994,21.097564386455446,11.27740169698627,26.356446631470266
305202,lstm[nse],camels_aus,pub,0.4039190531257906,0.8155282173133035,0.47850652990252224,0.9931162159240599,-0.4534615446723658,0.9931162159240599,0.6454800311628056,1.0,0.300228247521644,0.9484293584576443,0.3494379206994139,,0.5887944558884288,0.4935338628493238,-0.4116091641875129,3652,37,0.029299014238773274,0.06,6,0.44,6,0.21058509725975905,0.2152798565830466,0.5007784083098819,0.0,0.32555682202298786,-0.34371598566061845,0.24441104232893762,0.22214083499899884,0.5670445728028441,8.181696905220615,2.0633431811030167,0.8212448952517223,-0.011829054678220263,2389.8813493019943,117.75889117768561,-62.713012223746134,96.32948014924617,-78.91489712952925,-78.04268523084889,6315.834688183265,3248.8965296790566,81.68235985468048
307473,lstm[nse],camels_aus,pub,0.3887917325462783,0.34366323722578745,0.5339360857117811,0.5226524278494342,-0.5339360857117811,0.5226524278494342,0.5534462842820133,0.5398557691466639,0.49399378991267434,0.42911148737667104,,0.9117240368418252,0.3229373955158218,-0.04541308817740315,0.04512849532049085,3652,37,0.0,0.2,6,0.06,6,0.39334782464794904,0.39286074152248657,0.0,0.0,0.2653970081766638,0.47592716264243284,0.17979182898584012,0.3683247756699529,0.4560202685675043,-42.98090975321347,5.624705768131742,0.8570898388286586,0.40474671140839746,74.3080858426574,64.5874791031644,-57.53210205383666,46.73198406996435,-57.83305627742884,-69.47196181882703,149.1680809823041,116.58372817273468,60.207595400901596
308145,lstm[nse],camels_aus,pub,0.2684992544417082,0.33083573941721384,0.34264132176600504,0.4792785972478961,-0.3313234302133258,0.4792785972478961,0.3634806125848301,0.49658714068203585,0.3029523304953928,0.4060864726621796,0.7525730755286654,,0.2717191576588199,0.09488936439268256,-0.062336484975505646,3652,37,0.0,0.18,6,0.08,6,0.4903287806245792,0.4929617021258748,0.3665313488522447,0.0,0.42589792255250036,0.5332214071636492,0.5258172518316162,0.5582656360758427,0.7565344105057824,-6.925039679109508,4.380104405465627,0.7576952404809599,0.4598493464951281,77.36383490777479,54.34383153176397,-26.364772041119785,24.771301759143288,-34.399224132771046,-48.449557251127665,159.44876460811363,126.639434870158,31.153798394498423
308799,lstm[nse],camels_aus,pub,0.257042079102533,0.39327218552949333,0.31352897307236915,0.5734183629507511,-0.3015541818536516,0.5734183629507511,0.34411624289627046,0.641873367135276,0.27839653608580545,0.4872022525172932,0.6595191201914979,,0.29483036229827836,0.14453571549997424,-0.13623010642696032,3652,37,0.0,0.16,6,0.06,6,0.4072073581453023,0.4106855272810129,0.4229306917274192,0.0,0.5711649872096355,0.5462109699160789,0.5509132989422654,0.5857050883215517,0.7728892177334353,-6.30120879200331,4.327545952018767,0.6548549555362351,0.48227588897958595,95.58582472259117,58.96607245965573,-31.131719287113725,81.47812790018291,-45.529038897312795,-47.128801041752375,213.95467157242874,171.29340987461836,38.49704869089159
312061,lstm[nse],camels_aus,pub,0.20009171810894613,0.2675377187084254,0.18403476172490582,0.480806184590749,-0.15714868146010844,0.480806184590749,0.12855777171587357,0.5876296223924704,0.2084146130185219,0.33341172093691324,,0.8403420484587445,0.21168317948897947,-0.02774391682365446,-0.06744600059947928,3652,37,0.0,0.53,6,0.06,6,0.4860892001340792,0.49250461071990626,0.6475981582312085,0.0,0.7606417508625908,0.7917344298164697,0.7250095037848494,0.7437345577907761,0.7697726887633155,-21.175798722979287,1.8195232396588117,0.48924252588814193,0.6645518108320356,47.379463046582885,42.33663589779591,-9.209694084370028,75.45616613088038,-27.995792217350548,-12.961788297545297,131.69240839346156,86.60102455288647,6.141990702014945
314207,lstm[nse],camels_aus,pub,0.22836110190863826,0.28714220338469504,0.24837300418581684,0.5264273394111799,-0.23326131940058556,0.5264273394111799,0.24896446451032822,0.6063937718281325,0.2689244780654205,0.36961521775396067,,0.9900741849788548,0.22509231294616763,-0.002318678229339826,-0.05878110147605678,3652,37,0.0,0.4,6,0.06,6,0.5384018543587977,0.5430557416779266,0.4854191407904874,0.0,0.6956282659989754,0.7523455135772066,0.614872415698108,0.7248628876848235,0.7435540566063772,-23.128606853868867,1.7642828931156036,0.5516989523290983,0.6139656197968268,52.852874925371175,45.01846258923341,-24.037378063391227,67.85210119050195,-30.471385494475815,-36.08582512808145,153.94217231738688,101.36146471403039,15.027606378381256
314213,lstm[nse],camels_aus,pub,0.2632725789427772,0.6402699278383722,0.3398259504203732,0.9113763451184459,-0.339185210889333,0.9113763451184459,0.41055844365066885,0.9471883657998532,0.22029738885282893,0.8284989088378385,0.47894853946512145,,0.4114077353382334,0.31907696957482357,-0.376997348895595,3652,37,0.0,0.06,6,0.16,6,0.28880694270367124,0.28880694270367124,0.11765476446249767,0.0,0.5958790096803781,0.30347821856012247,0.4590879265946032,0.4491601137809971,0.7492414189761495,2.1984563451139256,1.5266614962427363,0.6357051127052715,0.41110794480802826,333.896944976588,82.28154706764668,-51.96784199077675,77.98990015875361,-54.809625864326584,-57.9747129526712,1328.568881788526,920.5614888797155,31.20559133651339
315450,lstm[nse],camels_aus,pub,0.2737949337768919,0.4829532821710036,0.35592854750648667,0.802802550853748,-0.34067448803798484,0.802802550853748,0.3364887157310578,0.8593878545588066,0.29820108628781355,0.6353164771745857,0.7455516621993207,,0.330767655853815,0.14918094520815461,-0.20915834839411168,3652,37,0.0,0.14,6,0.06,6,0.45239877485154756,0.45544464173676164,0.45342166639697,0.0,0.5418061342523283,0.531177857887861,0.5331816630001467,0.6009370011310723,0.7489584321006217,-12.3960247623748,3.345663667658929,0.6769001889109441,0.48424591510138104,141.7913849449957,66.15353117076317,-29.475844667304848,62.961426687528174,-44.733575972356896,-48.47601080073701,518.2557261468392,301.3116845600453,38.18351341077821
318076,lstm[nse],camels_aus,pub,0.40821444702234777,0.38524778828150336,0.41336288972390156,0.4109264184402731,-0.3765023499594968,-0.4109264184402731,0.3648657547647499,0.38679853216708315,0.43820519578137435,0.38233013874978183,,,0.39283024813897627,-0.37173613784138076,0.022966658740844414,3652,37,0.0,0.07,6,0.08,6,0.3616975284229712,0.3675739745659517,0.4659603281952047,0.051223325287976205,0.4547900425701278,0.13910151141403937,0.4278112229239023,0.28835375957479636,0.5156936551376496,-45.87901862049104,1.4466189331079233,0.7383833404335935,0.42920449705829844,54.766550616221124,78.56604962779568,-24.843766706883166,-34.482177219453625,6.831217395569635,-40.031154360493325,-62.60311795777126,-61.50412024847216,-2.699115101770337
401009,lstm[nse],camels_aus,pub,0.3049258175215665,0.5164072632306822,0.3650824237467484,0.6229508196721312,-0.3523125590285686,0.6229508196721312,0.5342240831442476,0.6216216216216216,0.2791896226462843,0.6676705712385543,0.8907889489348294,,0.38362906246774703,0.07144976095208373,-0.2114814457091157,3652,37,0.08680175246440307,0.06,6,0.09,6,0.7453816727052072,0.7486075758624225,0.39273155789918013,0.0,0.46194718206129637,0.6500553066353729,0.3628078744043354,0.48510985631160686,0.6782301911932453,-24.96739011227029,0.4097679172563739,0.73352083674474,0.46395508637735605,514.508679403573,76.72581249354931,-53.36945258072213,-22.75977731862116,-18.58212214536653,-70.0621818475718,0.0,720.9429850789104,6.451193063525013
401012,lstm[nse],camels_aus,pub,0.24382713559180338,0.18221026430544565,0.31368036053407145,0.09504324286016255,-0.3054378468206113,-0.010986141656620322,0.3266432494546278,0.13889082805781325,0.256023874473723,0.1644602162833989,,0.043030432204645676,0.21459771644041664,-0.15378080465720434,0.06161687128635773,3652,37,0.0,0.06,6,0.11,6,0.7489050896726799,0.7408468552564978,0.20924784703798488,0.8523122593582431,0.6175117079242023,0.6538331638369193,0.4994388385249804,0.649090064159332,0.6673841783813408,-30.71276185207341,0.6378375490285889,0.618456378474503,0.6112020917679716,36.22145046750584,42.91954328808348,-39.73797849280246,30.084582186418537,-1.0036073619959454,-44.809811226736436,-25.312049047961587,-37.355632870842406,-2.5132987700393348
401015,lstm[nse],camels_aus,pub,0.5280516651334105,0.6820778138102763,0.39566680148042,0.7158469945355191,-0.3015861788942097,0.7158469945355191,0.3491683601350373,0.7837837837837838,0.3989975728401991,0.66484268125855,0.32934107760569864,,0.6232928480106267,0.4565568035591292,-0.15402614867686582,3652,37,0.6478641840087623,0.2,6,0.21,6,0.29947500531378596,0.30749767381376364,0.7818984984107615,0.0,0.6272306826278197,-0.030662634855398885,0.7381299550236845,0.7653260977725772,0.5192083115163532,-11.755443825670321,0.29350489254322126,0.6105483743096695,0.2804546031019419,1137.3437848933106,124.65856960212534,-25.608998750476697,-1.4629928825772746e+17,-75.63749764434243,-32.65933920413853,0.0,0.0,-0.02372945159499526
401203,lstm[nse],camels_aus,pub,0.18080558218663687,0.17985322915286395,0.14393917791712663,0.14341162490021012,0.04724148672384291,0.030034217277331944,0.1573727054691692,0.20966784162791882,0.1652543414193287,0.16384392194293737,,0.06199586001912227,0.18749383977354203,0.037514798354712706,0.000952353033772918,3652,37,0.0,0.06,6,0.06,6,0.8634588046309568,0.8643206159711319,0.9425510361559228,0.9523769900802204,0.5050343006104296,0.7375473188490327,0.5613344205723935,0.6872084797300322,0.7023429004037935,28.2318804643346,0.5598359039666361,0.703537987168831,0.5445550184181743,46.06082911363896,37.498767954708526,28.508232499272903,26.978520138554558,36.40342411656205,14.82042042594926,-22.444688543423826,-23.902488660908276,-2.9177493290353964
401208,lstm[nse],camels_aus,pub,0.215652186321706,0.3942871486688749,0.17807624659289006,0.5998318054024616,-0.007873324374679837,0.5998318054024616,0.2556300535962502,0.8492122004258368,0.18022552811262246,0.4644249082691239,0.05297839659144307,,0.2853737806291268,0.22960221579248147,-0.17863496234716889,3652,37,0.0,0.52,6,0.06,6,0.5897449159392955,0.59858884398717,0.9276679067377387,0.00978627966100225,0.6052256562954414,0.529167983181724,0.5393114281768523,0.416352728635897,0.583067831704692,37.99145729202023,0.5743706340810129,0.6283107063424581,0.41006876309665163,112.3819929347341,57.074756125825346,-14.297203934043681,52.592911413308435,-0.5971643148790314,-30.468110934397973,137.65167541092967,96.78017447174126,4.317958167550919
401210,lstm[nse],camels_aus,pub,0.20729488838272014,0.14852369772559204,0.3311455884103788,0.2035443430512674,-0.2931912780167222,0.2035443430512674,0.34257626731844176,0.33768680712964666,0.23736193753891058,0.11445097305666689,,0.26507748332317754,0.1646724099576597,-0.0991152730370003,0.0587711906571281,3652,37,0.0,0.06,6,0.06,6,0.6922062165199052,0.6977569891155696,0.482859705446477,0.145648728892805,0.5819431631422889,0.7872975188820324,0.5809868489777259,0.6761964624859034,0.7416441555813471,-24.293852275088195,0.8315891837009349,0.6465731488839536,0.6498393244973328,29.197633448705833,32.93448199153198,-24.722125844418443,68.46808770313633,-5.912013952878502,-36.6710825694241,15.469519770886631,-13.306344895762356,-4.053296113829735
401212,lstm[nse],camels_aus,pub,0.19068203405193063,0.24741123410893195,0.22037604999103744,0.21218640522231957,-0.1928055199702517,-0.1733689465198029,0.18377698125146943,0.19795681818534655,0.1661981530798658,0.2537498635319007,,,0.22249464163998728,-0.07813094629322001,-0.05672920005700133,3652,37,0.0,0.06,6,0.13,6,0.9084230723795469,0.9072277977679825,0.4875442597302754,0.8037621790665673,0.704057576937483,0.6071026923272855,0.7318196786768241,0.789851692972948,0.813826830958885,-11.005350858670091,0.8081243339813476,0.5440059035180748,0.6467733843522577,42.498237303017206,44.498928327997355,-16.953419179718438,-72.07536919085507,5.740607471211979,-24.884315684338997,-45.81375031167347,-40.07106664887354,-4.302267307795265
401216,lstm[nse],camels_aus,pub,0.20205320298565108,0.46495069622023977,0.12652443596868485,0.6599942548719613,0.03250173730015109,0.6599942548719613,0.14805243977899574,0.735816844640848,0.13338156886384447,0.5445500930316355,0.02181207608287389,,0.3231129389417629,0.31100834280085543,-0.26289749323458866,3652,37,0.0,0.21,6,0.06,6,0.22579266651760005,0.2355147470811998,0.9215613758595709,0.0,0.38821944004153,0.18420220772522,0.40698168717995054,0.3125544674526388,0.41433977454417337,56.79269602247198,1.281049234300304,0.7821640236922623,0.35733553417180985,120.7072583944672,64.62258778835256,10.696671237230177,65.33903566223185,-36.82824540071991,-7.771697736520856,261.49887907281055,209.05938245396942,2.5226503331562666
401217,lstm[nse],camels_aus,pub,0.15998281056645208,0.2753809717375926,0.15849503871595336,0.39384031470960296,-0.07681138483440825,0.3887738838377268,0.18787661982721024,0.5086838620521498,0.12472418056559455,0.31182224351031707,0.17038114906131344,,0.20858346122496715,0.12576140566304175,-0.11539816117114049,3652,37,0.0,0.23,6,0.06,6,0.7932498433662019,0.8015219809828343,0.9106835928553654,0.3874648137366483,0.6915979204435884,0.75505857392359,0.7701953223516738,0.7308338366522639,0.787220975587428,17.856963512803723,0.5031415409371273,0.5553396074083062,0.6211544630220525,60.92048078362575,41.71669224499352,2.3040781471242178,31.613046332206892,-7.0430387140963004,-9.80491590469666,26.717500064580257,25.70942830332371,-2.6264849465745415
402204,lstm[nse],camels_aus,pub,0.24901007858610727,0.6129554392574611,0.18883608643134525,0.9922378707470103,0.011603999731174333,0.9922378707470103,0.27457922244584404,1.0,0.1833395271111905,0.7955656486216395,0.04559713528510596,,0.39574073508082824,0.37646313766745226,-0.36394536067135386,3652,37,0.04079956188389924,0.64,6,0.06,6,0.28824244014058215,0.29807474767642644,0.862972863574425,0.0,0.521310457893632,0.39907537103700796,0.4463699481615203,0.32005608224013726,0.5041233464543066,46.741131465610216,0.6241455027436255,0.6918739351257337,0.3148961448602483,1019.6347657316014,79.1481470161656,-8.1092212448344,-32.73953989757808,-22.93288451191534,-30.271113156545,3294.0933785591137,560.0821816130813,9.931651735777848
402206,lstm[nse],camels_aus,pub,0.22303704535586671,0.5407508008518237,0.1865882819672093,0.7999554246196693,-0.08762739688986683,0.7999554246196693,0.22972860069114848,0.8977161157108308,0.15194049427965742,0.6969815576331562,0.21299663885796286,,0.3563919745031367,0.3212005181321671,-0.317713755495957,3652,37,0.0,0.3,6,0.06,6,0.3218206267213731,0.3304104370917992,0.8244214746602404,0.0,0.14175682460134797,0.40472971535285973,0.3956246977314358,0.5254274230307531,0.547313602670175,41.04280789138403,0.7038310805171377,0.9264141489628988,0.37507352637336155,198.581991619025,71.27839490062729,35.976129458295766,77.20897482300622,-31.408011807679067,22.065880189654283,480.669806611467,358.54724307694084,-4.720744863099953
402213,lstm[nse],camels_aus,pub,0.3287427217016419,0.7410613236529371,0.2032095763419571,1.0,-0.06416930109524813,1.0,0.3510954711012768,1.0,0.21724519188316377,0.9218825297328701,0.0763997514146379,,0.516183790330134,0.5003553359333718,-0.41231860195129516,3652,37,0.08680175246440307,0.13,6,0.14,6,0.1013005489275696,0.10989035929799557,0.9568622085190958,0.0,0.447844866883393,0.15515057798818221,0.314485341938187,0.17827936997603333,0.3797640492178246,57.991290998427864,0.7381491466741915,0.7430714185841136,0.11578629621742331,1445.0522806572808,103.23675806602681,-15.156937270964406,8.304559273333977,-36.75371993364413,-37.68926186288853,5396014451980.591,8209.012095735214,20.410987547974376
402217,lstm[nse],camels_aus,pub,0.3546482440280393,0.7048871038947809,0.28585416676753833,0.9129554541260417,0.14122854689664555,0.9129554541260417,0.2847742175215258,0.9737224119037196,0.3015337724073905,0.829711807977122,0.020074853408154146,,0.511383835223819,0.3660070348185317,-0.35023885986674164,3652,37,0.0002738225629791895,0.48,6,0.07,6,0.45855558881056113,0.4670059889121063,0.8064928824485383,0.0,-1.0012666187975916,0.026492284688715118,-0.0037498402896325445,0.07162334706912932,0.18616783498436562,69.73644186251394,0.9249205403564146,1.4146613088642779,-0.11438060911909664,656.750116277037,102.27676704476376,77.71446064100621,92.48623309670154,-45.8795532712796,-23.852327606397242,1224.6542088503254,798.2203758690717,-0.6923512839789028
403209A,lstm[nse],camels_aus,pub,0.2377378297623072,0.3537980004172185,0.39778917312113515,0.8242786797688849,-0.3819107623603574,0.8242786797688849,0.4372803430829068,0.9714013464286324,0.28275411187336463,0.41637912374904196,0.9088820424414744,,0.2407512263223895,0.05722217325607315,-0.11606017065491128,3652,37,0.0,0.06,6,0.06,6,0.6680294549526917,0.67060964163934,0.26709136969023717,0.00978627966100225,0.5542069611367684,0.7843981797137711,0.42423680233635497,0.5669310853624542,0.6908238401409441,-26.448929747407604,0.6780191347903624,0.6676773463756515,0.5543286069199095,238.51291641529343,48.15024526447792,-46.46082004981992,83.91595899545482,-24.685462846446843,-56.52671504818312,142.18524855796323,71.31370497665124,3.513458713602663
403213A,lstm[nse],camels_aus,pub,0.2703982329442259,0.7628627124526677,0.1270367419773349,1.0,-0.018840573861867257,1.0,0.18142779775017678,1.0,0.1295821226974345,0.9414281983685795,0.07293158527668192,,0.504955860055886,0.49332736817590367,-0.4924644795084418,3652,37,0.06133625410733844,0.19,6,0.15,6,0.15600503126958512,0.16511381505708553,0.9779715447922748,0.0,0.6688645984005717,0.15144488144763935,0.41873168958533036,0.2796794841636173,0.4305131115058707,53.72963679264761,0.6818320208292613,0.5754436563204328,0.3124676237884747,3828.67665120568,100.99117201117713,-3.7146520201804707,92.105034385591,-48.8998088635386,-17.518381280165695,15260511636734.01,8393.076635562098,4.624112031677244
403214,lstm[nse],camels_aus,pub,0.25131661533088046,0.5641753392237624,0.20204450947126631,0.7996695042061317,-0.15523129154533996,0.7996695042061317,0.3163201828784421,0.8366538266987199,0.1436952715866808,0.6795627491104332,0.19271019274921383,,0.3915160249276292,0.35855191853478846,-0.31285872389288194,3652,37,0.0,0.06,6,0.09,6,0.32846147681752574,0.3337425748521541,0.704821527546432,0.0,0.6352588211691652,0.42105741812064446,0.5512440226833897,0.42585300783885416,0.5881433932613158,34.77998536561379,0.4044584179425549,0.603938058769966,0.36376704999209986,213.85960353097553,78.30320498552572,-22.509925118036065,52.02703884017223,-28.427021891425778,-34.813616550073235,495.3744367023075,279.19495709366055,6.393192549818214
403217,lstm[nse],camels_aus,pub,0.37740309258066984,0.7910249694725798,0.3817892989440863,0.9792761422061936,-0.3551444688582753,0.9792761422061936,0.4790565738027612,0.998182626687581,0.23475372989418763,0.9207532235028453,0.2736491898928662,,0.57245415767397,0.5075069849732853,-0.41362187689191,3652,37,0.00547645125958379,0.06,6,0.23,6,0.1825216673393458,0.18640405711446945,0.4153436447435118,0.0,0.2859233033491603,-0.07111519417574108,0.3003841165007889,0.2010316052664024,0.506119947180953,35.0340643896258,1.4776676492281953,0.8450305891805573,0.015190217018014596,1345.7897356382477,114.49083153479395,-33.42885737374729,94.28556097420476,-51.79468255689011,-66.24968318484798,3568.333868094594,2075.908218963834,15.325800615313636
403221,lstm[nse],camels_aus,pub,0.2935733045029723,0.46777639447616115,0.35914095654503,0.4644808743169399,-0.35516030197097254,0.4644808743169399,0.44066562508328033,0.4594594594594595,0.27363723014625646,0.5655115180309794,,0.8515401481537339,0.36771609694382307,-0.04121020159185291,-0.17420308997318884,3652,37,0.13608981380065718,0.41,6,0.13,6,0.751684177587729,0.7520040493379625,0.16486542039985466,0.0,0.5217395309467097,0.7637493727915617,0.31375637593092554,0.4964341314280659,0.6048978963064682,-36.35529215922087,0.6684578973937081,0.6915637852384192,0.49857857507340686,273.63853304739445,73.54321938876464,-55.30490653092142,-3.393641639570572,1.429012927943283,-60.60465130589978,0.0,0.0,10.926415469104523
403222,lstm[nse],camels_aus,pub,0.26879128675179326,0.49924723608113486,0.4345781720660409,0.9369861349179057,-0.39909764246383606,0.9369861349179057,0.503666082239537,0.9966885570628389,0.3021452401488096,0.6571555914234534,0.6935833580863041,,0.3202534024382688,0.17096652287137049,-0.2304559493293416,3652,37,0.002190580503833516,0.06,6,0.06,6,0.3920094363417097,0.39646688187534646,0.47557989498722764,0.0,0.47835584644433227,0.5922767442170123,0.49412098527886517,0.5825198173659962,0.743449568535076,-17.553592713767898,0.9412220485954502,0.7222493707547746,0.48904155597265875,3483.0612034282035,64.05068048765382,-31.87022967367034,96.3558397621086,-42.650769136937136,-58.91127984432556,688.3033277044153,317.96392649092473,7.150891943811412
403226,lstm[nse],camels_aus,pub,0.2677014385565328,0.7759546420907613,0.189676175115945,1.0,-0.13634102149255597,1.0,0.23712309094861775,1.0,0.13273589410923572,0.9678046145039814,0.2385134314802361,,0.505660312416671,0.472267252015505,-0.5082532035342284,3652,37,0.1196604600219058,0.06,6,0.16,6,0.23317865427566503,0.23876494801018708,0.7512015325062884,0.0,0.7276117927007497,0.16570770599887097,0.6297965906720853,0.5148330544635792,0.6140374395392882,32.20020577926621,0.5707467832268986,0.5219082364738559,0.3911057848210572,2807.6741615137094,101.13206248333412,-10.978228876145636,87.0266140327089,-53.479740789755276,-23.30660449261722,12650859355926.514,14634197950363.16,3.2303303651408073
403232,lstm[nse],camels_aus,pub,0.29967569175555453,0.7189213897590636,0.2346237942221098,0.9994669664424232,-0.18405047121100512,0.9994669664424232,0.27338012265915906,1.0,0.18592954253679855,0.8708573686081389,0.19568165361002623,,0.4898552199238107,0.45366097352882007,-0.4192456980035091,3652,37,0.018893756845564075,0.07,6,0.06,6,0.16501977078400312,0.1714351813698303,0.6907870594118143,0.0,0.4427117621763299,0.08558034483978083,0.44438318079106365,0.3520062034962982,0.4529791111329955,50.09655763080915,0.9464354225754082,0.7465174062429288,0.1973308186874404,30200.237313100733,97.97104398476232,2.357593999874351,95.5497438978885,-46.83381611166199,-15.433531682720204,57456.96061675884,1086.29633318694,2.6533343463353782
404207,lstm[nse],camels_aus,pub,0.33532805802063653,0.8226775050446382,0.1630734279313868,0.9781420765027322,-0.09134793588772655,0.9781420765027322,0.3505318481657856,1.0,0.184720529761834,0.9708867316924068,0.09470911981371252,,0.5769817872923951,0.5620633320065217,-0.4873494470240017,3652,37,0.11883899233296824,0.14,6,0.35,6,0.10678029886475798,0.11236659259927997,0.9109400767115238,0.0,0.5128368198290814,0.15971750222720826,0.3470067472571252,0.23548766131582688,0.5350400403687772,37.94510405581691,0.8705301371878559,0.697970758822258,0.23541010990615974,8272.206461502057,115.39635745847903,-41.75017989240704,-130.9095223360378,-52.22782896654049,-54.548354735185825,3569257259368.8965,6079748868942.262,23.79743391840972
405205,lstm[nse],camels_aus,pub,0.2764821280015431,0.2237588642977937,0.25352764049944215,0.047725066155220666,-0.2369055316247573,-0.03408770756937881,0.30648934428201086,0.026334894125713906,0.22634293351343646,0.16058278939619772,,0.019164167316308524,0.27613881330723644,-0.26141660119225313,0.052723263703749385,3652,37,0.0,0.21,6,0.06,6,0.3166601106772014,0.31058652750829896,0.5092276666338682,0.6528797413178239,0.4511021992332088,0.10921446731359641,0.5678609365957981,0.4801304271173028,0.605378153858231,-36.16906541625556,0.6106883419001279,0.7408763734704941,0.5857160589468033,41.12978795523598,55.22776266144731,-23.086189561288172,68.22861298105784,32.0930827134623,-40.52893478410084,-19.283628171033406,-32.480690900010444,-0.5508243369607062
405209,lstm[nse],camels_aus,pub,0.29073038241640714,0.2368775551611623,0.3073900521578808,0.42021243498051397,-0.30660565414309304,0.42021243498051397,0.3274173976325776,0.6198042185966586,0.3028680823617827,0.18833791805635203,,0.3634210575731017,0.2525523057993491,-0.18805821202596665,0.053852827255244845,3652,37,0.0,0.64,6,0.06,6,0.1691469036991741,0.1691469036991741,0.04446522613982838,0.0,0.5596787270853651,0.6545198064283522,0.3861809877653357,0.5702629704340322,0.5736068830569963,-41.917680152294295,0.7974925729349379,0.6635670824525844,0.5627060056175552,44.504691887316994,50.51046115986988,-40.464266559128895,84.4930302201258,-16.35005728576799,-47.441707103878436,62.4823879642447,9.477976593546506,0.41102933763576865
405215,lstm[nse],camels_aus,pub,0.22489619415676396,0.2531485358173689,0.31506982166454967,0.5725371372740575,-0.31262680641071094,0.5725371372740575,0.334770473554364,0.783430297617922,0.25816301993092783,0.2729673196159945,,0.6340026958799776,0.20274874770781232,-0.07639993414464027,-0.028252341660604946,3652,37,0.0,0.07,6,0.06,6,0.46994774988193333,0.4720208517405282,0.16397135060521156,0.0,0.662090277293018,0.8331924188221378,0.4999049873239869,0.654398745430033,0.677814001803726,-31.642211005977178,0.828030250161637,0.5813000281326175,0.6238424318902207,48.942464334681155,40.54974954156245,-33.769060451068256,83.5108559420589,-5.2434563922200566,-46.6268277734224,104.02299432578708,54.223291747409924,3.1626317593533146
405217,lstm[nse],camels_aus,pub,0.47190942078122244,0.7228908995398321,0.20427341877949523,0.6646312116041757,0.024271137538055057,-0.587889221363326,0.20090727209046289,0.6704656173750757,0.3342671068039502,0.7548031790384605,0.0599903134558938,,0.6322432368242683,-0.6071377914933593,-0.25098147875860966,3652,37,0.0,0.08,6,0.06,6,0.20464708771693713,0.20582505419479913,0.9639530296662976,0.43014087378183746,0.28390927003127475,-1.4395528751867865,0.3775534866317689,-0.12139367260186917,0.5634438299798974,-25.468466566851752,0.8095310480855082,0.8462214426311386,0.3966104041201691,77.49758894000793,126.44864736485401,63.07614125359719,25.18750164054832,65.93694677791572,48.387416301326404,-99.99999999755916,-99.99999999819056,-40.31237943711429
405218,lstm[nse],camels_aus,pub,0.32325368374755103,0.2117323581345772,0.4402003656064953,0.32804482704608895,-0.43781518496173644,0.32804482704608895,0.5078723344271296,0.4933890775959101,0.354307065884404,0.1476362119621805,,0.3232370197555512,0.25249138238018415,-0.19900296758698116,0.11152132561297384,3652,37,0.0,0.07,6,0.06,6,0.21004158721860017,0.21090662935981366,0.03364144890927954,0.04143704562697403,0.48563623562956304,0.742929110348117,0.25561911678748894,0.4845244471319903,0.5137395828041982,-48.0577706400125,1.444373775351532,0.7171915813577548,0.5055073679049031,41.60928768908978,50.498276476036786,-57.39192486737448,68.18849964933574,-7.974962435149746,-65.27977661990343,37.34409315996519,17.610308973233817,6.6359227830951
405219,lstm[nse],camels_aus,pub,0.26821219080014913,0.2231376573494931,0.39428187919716534,0.4519380540847009,-0.39428187919716534,0.4519380540847009,0.38960652727465045,0.6255719741529951,0.34485787446884203,0.2656324252943672,,0.7703685180810254,0.2067755023504057,-0.0765057773281956,0.04507453345065604,3652,37,0.0,0.14,6,0.06,6,0.3811995846108158,0.3811995846108157,0.02931422183125514,0.0,0.5848192319991586,0.80911675399808,0.3322983553746701,0.5411966701120213,0.5801834187218584,-40.53837859319976,1.1041294386742924,0.6443452242399577,0.5538672328924262,41.50358039355535,41.35510047008105,-51.85739460290843,80.63133762029173,-27.380971909996546,-54.846640447940324,75.86084562336964,54.1496068534726,4.7259184611204335
405226,lstm[nse],camels_aus,pub,0.46073902275608847,0.7620936350596706,0.5394937615596614,0.8415300546448088,-0.490112189190499,0.8415300546448088,0.5940360462941296,0.7297297297297297,0.41903197296035866,0.8440492476060192,0.5247249641115231,,0.5980522918514709,0.38735717920511237,-0.3013546123035822,3652,37,0.36856516976998904,0.11,6,0.42,6,0.3764442894392136,0.3803139544865172,0.4570666969306547,0.0,0.12095298017264255,0.2414846257327704,0.2830599324290055,0.3481948308743186,0.5261074467170898,-32.93194613011111,0.3784574798123102,0.9375750742353156,0.12406959405879303,4770.821127723657,119.6104583702942,-43.30982537479323,-7.10066858092473e+17,-88.8058528753127,-65.80855228448586,0.0,176703929901.12305,-8.019564158269002
405227,lstm[nse],camels_aus,pub,0.2752015426541799,0.20621670544034357,0.37564950078964016,0.4279160615159373,-0.37564950078964016,0.4279160615159373,0.4151392121908055,0.6044301999595427,0.31360821234305186,0.18317269570068886,,0.48188790568092066,0.2146604737381155,-0.13981902257783627,0.06898483721383633,3652,37,0.0,0.11,6,0.06,6,0.179223005183729,0.179223005183729,0.0,0.0,0.5871037466477882,0.7665798219440394,0.33193524688041276,0.5434579351908688,0.577525908781437,-41.57117286473696,0.9858152097890472,0.6425700377018927,0.5624448549411938,39.870746891027004,42.932094747623154,-52.16431651520903,85.41613002875245,-19.054918930757083,-56.86760043179406,67.569482317591,22.8100811361353,3.0294689164631285
405238,lstm[nse],camels_aus,pub,0.41223999044347553,0.7839852329556604,0.26394517760284236,0.8306010928961749,0.08046790912166255,0.8306010928961749,0.2945930703538171,0.7837837837837838,0.2782675389351267,0.8590971272229823,,,0.6115468111829772,0.48223916091762065,-0.3717452425121848,3652,37,0.3893756845564075,0.15,6,0.38,6,0.45947652717223236,0.46861055956806597,0.9601284133986887,0.0,-0.0826138008161168,0.2046425813192969,-0.12470454781462559,0.2533754534974758,0.22319311895898153,73.78533808103204,0.9291874694579395,1.0404872900790845,0.03154691505804863,1748.3298976536514,122.3093622365954,79.45379112278447,-7.064968496348214e+17,-82.60708057935308,60.43914876064019,0.0,176703929901.12305,-21.732793877936636
405245,lstm[nse],camels_aus,pub,0.5204176617737915,0.8833641226663331,0.3853495848252651,0.9672131147540983,-0.3506198987417271,0.9672131147540983,0.7128376659772899,1.0,0.34620360233063074,0.9574031877010756,0.14149058071677517,,0.7121034363053482,0.6586069345087825,-0.3629464608925417,3652,37,0.08433734939759036,0.06,6,0.55,6,0.14014670774381863,0.14212759656662027,0.7043848871974591,0.0,0.1880653632518009,-0.1647502599003996,0.08929097758703441,0.10231296612321972,0.5003305041969764,-7.0006426067706595,0.9153439842315305,0.9010741571858552,-0.04713004849868119,2110.3916411866635,142.42068726106973,-75.54145624566769,-105.7085655358428,-55.37052263860062,-86.33188846296598,1168376207351.6846,7197.206933327969,105.03315708530667
405248,lstm[nse],camels_aus,pub,0.6660116350625505,0.759119168295028,0.43345015980216584,0.819672131147541,-0.22761610070273713,0.819672131147541,0.2660989600633032,0.7837837837837838,0.5973303585627888,0.761969904240766,0.3659827113637265,,0.7323258026599281,0.47302237694074356,-0.09310753323247756,3652,37,0.6596385542168675,0.06,6,0.34,6,0.32398484355538626,0.33422791541052677,0.9085093381819304,0.0,0.43088809630014024,-0.9394944265516354,0.4845708825602134,0.6399397927154042,0.11674763798875576,32.18569571456176,0.4105015210596917,0.7543950581093832,0.15457628179279737,1891.6943942492883,146.4651605319856,20.800727566934615,-6.257436719771099e+16,-65.58417166254846,10.505832879171383,0.0,0.0,-17.237563564702672
405251,lstm[nse],camels_aus,pub,0.4494154420592151,0.7294170049991864,0.34247539849739655,1.0,0.3008400187149081,1.0,0.23629805256968123,1.0,0.4276391262929573,0.8753652752005451,,,0.5647579520678968,0.5620240994339467,-0.2800015629399713,3652,37,0.062157721796276016,0.06,6,0.08,6,0.03142305236881256,0.03783846295463973,0.3858201472063764,0.0,0.705569679779209,-0.12494167892025332,-0.43333787205609564,-0.5468498028487168,-0.43801163044800573,142.93412905759175,0.5491447121233052,0.5426143383848155,-0.5121471361354277,576.38093960254,112.95159041357957,47.33238679215223,85.52477341165991,-16.026653123260267,16.634635043840962,7042708098888.398,1097.5722709829813,13.812089917537694
405263,lstm[nse],camels_aus,pub,0.27089715043140355,0.26288901692950906,0.26615283966754644,0.4323503240563646,-0.2616908817571981,0.4323503240563646,0.3044916669890637,0.5954059877749261,0.2314465822005344,0.226459584400442,,0.5455415588155414,0.2628054709383224,-0.09026662240353817,0.008008133501894499,3652,37,0.0,0.27,6,0.06,6,0.5716625429528444,0.572740056649089,0.16506622968931203,0.0,0.5693063774196969,0.49625845659462053,0.5474619392725271,0.6527256974758401,0.6596965434664697,-20.153040743358172,1.0125319240525028,0.6562725215794906,0.5022809205870027,57.546544433833134,52.56109418766454,-31.27449963641591,85.65687343638848,56.03843793005938,-46.88191067768994,74.45184021024643,37.48995643279078,1.2936016455914416
405264,lstm[nse],camels_aus,pub,0.2572551193061447,0.2069823124494173,0.26021615980642054,0.3718231538950606,-0.26021615980642054,0.3718231538950606,0.2929546467519131,0.6308404148736384,0.25075536886476557,0.13799868109797872,,0.3459505480249004,0.22591241910953688,-0.17626406482532103,0.05027280685672739,3652,37,0.0,0.58,6,0.06,6,0.14734067938761097,0.1473244284799996,0.02931422183125514,0.0,0.7106131381456903,0.7389312283393239,0.4695852993244678,0.613265972562734,0.613722775738581,-38.24744726441923,0.7481692395579688,0.5379468950131693,0.6035015773447523,40.15409312041577,45.18248382190734,-36.88442986975288,87.55066673709662,-10.34158332207703,-41.64077379633436,34.43486482608862,6.097486240022059,0.037753013650698046
405274,lstm[nse],camels_aus,pub,0.3960642402526462,0.7898481435054056,0.3562990667891951,0.9617486338797814,-0.33101421284724447,0.9617486338797814,0.5174391534464217,0.972972972972973,0.2406778734195917,0.9362021460381955,0.19904286938744348,,0.5836655144017984,0.5295153900615767,-0.39378390325275936,3652,37,0.08680175246440307,0.06,6,0.15,6,0.1871516762588032,0.1910287911326655,0.5579834943970797,0.0,0.5378664683592409,0.3610737858723567,0.4750400567965979,0.5074615422064659,0.6787687912297158,-6.449452573943388,0.7612314977588207,0.6798040391471347,0.2719014651297439,2152.9586135433997,116.73310288035974,-53.45497157649183,-89.95216205075101,-40.408724539791244,-61.86440122341959,1272761821746.8262,23826.4882203589,43.11047884256643
406208,lstm[nse],camels_aus,pub,0.3817676425510035,0.5519204810416831,0.2152082367846483,0.5191256830601093,0.13760859970088307,0.5191256830601093,0.21718212631855396,0.4864864864864865,0.22475462580778793,0.5225718194254446,,,0.5037749175192853,0.40458314454657135,-0.17015283849067964,3652,37,0.42634173055859803,0.25,6,0.42,6,0.4180757191508797,0.42725065056734324,0.8980953684299878,0.0,-0.15687172675592254,0.36447306309386596,-0.1847819196321614,0.2238128295428894,0.20712335496691525,76.75258502732179,1.1413088253220147,1.0755797165974834,0.07201901800567767,1165.6748559175148,100.75498350385703,61.616681932887225,-2.0637783127210387e+17,-73.64982908377176,52.62949188921396,0.0,0.0,-12.651214225491572
406213,lstm[nse],camels_aus,pub,0.41659056382344667,0.7675436729438364,0.3001556538828605,0.825136612021858,-0.18870222152860175,0.825136612021858,0.2521202867916534,0.7297297297297297,0.29978700007960785,0.8248974008207934,0.48778259875104957,,0.6050015210210643,0.391869795819626,-0.35095310912038974,3652,37,0.33953997809419495,0.24,6,0.14,6,0.4946898275157567,0.502625670044101,0.8150165035487555,0.0,-0.10962432513749065,0.27183119438111025,0.2156072403286502,0.415063749391126,0.6219178670323819,13.50760809306311,1.0820851853497495,1.0533870727977872,0.3338741117417078,5267.258395044694,121.00030420421284,19.816294232935654,-6.224495119715873e+17,-84.26608978576785,23.44002186543673,0.0,0.0,-24.72103013426904
406214,lstm[nse],camels_aus,pub,0.5806934767639509,0.903206732148629,0.3764185139435697,0.9562841530054644,-0.22276088749165135,0.9562841530054644,0.3328566687305952,0.9459459459459459,0.41215980073763303,0.9411764705882353,0.3514436267920616,,0.7661484157754435,0.5891839004402291,-0.3225132553846781,3652,37,0.5117743702081051,0.19,6,0.56,6,0.3053149831801036,0.31465242268484084,0.8343658543120945,0.0,0.6558913896402649,-0.7667924274566569,0.7131483058736411,0.773405474933401,0.350907328145171,18.33530796316845,0.4989940398163537,0.58660771420067,0.20708006260657175,3625.1920176804597,153.2296831550886,3.782474728831407,-6.949374478838328e+17,-88.91448233906866,-0.3075908434366598,0.0,176703929901.12305,-7.282045576117719
406224,lstm[nse],camels_aus,pub,0.6001686362814941,0.5587405479370182,0.5920729283355166,0.6010928961748634,-0.18204433020974561,0.6010928961748634,0.38665450051753447,0.5675675675675675,0.6652551828994481,0.5512995896032832,0.11042136342741392,,0.5699073216592269,0.4893932837886648,0.041428088344475866,3652,37,0.8940306681270537,0.06,6,0.07,6,0.1048381727120425,0.11480825076496735,0.9902060712024566,0.0,0.44946508520731676,-2.416372272911552,0.5552770731928558,0.5858885980599446,0.17249953638448934,-6.482646734587342,0.5036172322585505,0.7419804005448415,0.07244893244094786,5008.170338347338,113.98146433184537,-22.37890843234364,-0.0,956762538628438.1,-32.33854418956828,0.0,0.0,40.55729482118624
407214,lstm[nse],camels_aus,pub,0.4355046785672583,0.8257205860134301,0.23326895948805224,0.9409626342128631,0.05076853560858245,0.3945145467811692,0.2401413652781741,0.9654413088538192,0.27136975713489314,0.9061578462525556,0.7060636882686503,0.3199021894790911,0.6463059375352957,0.006178733303047533,-0.39021590744617185,3652,37,0.0,0.11,6,0.47,6,0.9680828745061685,0.970635130900881,0.9826177507342365,0.8930983571592727,0.8842418056479506,0.3746830342585765,0.7110772835381425,0.6202579801707124,0.544910484654614,28.006972991567345,0.3172628086148531,0.3402325592180287,0.36813747897500737,806.918117239743,129.26118750705902,12.52878828572379,80.73179990392626,1.0263498582671864,1.3636837444632073,-99.99999966402368,-99.99999978499895,-4.5767529517059
407215,lstm[nse],camels_aus,pub,0.37218870070246074,0.8301996401236665,0.2722500688411181,0.9344262295081968,-0.10074563934461575,0.9344262295081968,0.23713642621561482,0.918918918918919,0.24568324811406092,0.9439124487004104,0.4750440455056871,,0.6001753127667596,0.4474851618141775,-0.4580109394212058,3652,37,0.3138006571741512,0.25,6,0.41,6,0.4482829037730089,0.45811068284865925,0.9491023828272341,0.0,0.5920427171286654,0.09901696101621305,0.574606687784164,0.7371930821758677,0.6193003523074683,20.83199420225969,0.6250946470098105,0.6387153379020537,0.3517585622838646,6024.050292070363,120.03506255335188,21.67050095377452,-8.887688839348168e+17,-87.4133501733772,13.25993705553522,257610082626.34332,907409191131.5918,-15.115554430145583
407220,lstm[nse],camels_aus,pub,0.6842888759257941,0.822729644796549,0.5860412523479218,0.8524590163934426,-0.49342293761379946,0.8524590163934426,0.8683636011114967,0.8918918918918919,0.5327899256195402,0.8290013679890561,0.24796146260374755,,0.7663360512141679,0.6198473264812318,-0.13844076887075485,3652,37,0.7806681270536692,0.08,2,0.58,4,0.1658486247955303,0.17173276215628697,0.6151309360030314,0.0,-0.07434584337758166,-0.7932892427400235,0.08128544987402553,-0.4531328407453019,-0.17119093789803874,-62.587935575625046,1.8445312165324308,1.0365065573249317,0.025593124229845166,2021.6847002956954,153.2672102428336,-68.60967999784349,-3.5492163123098586e+17,-81.48809761453342,-73.46650878010088,0.0,0.0,-57.201314113040254
407230,lstm[nse],camels_aus,pub,0.4861080487651391,0.8644668402613576,0.2676086450589429,0.9016393442622951,-0.14377016187590785,0.9016393442622951,0.2514507186234216,0.9459459459459459,0.29274097633389984,0.896032831737346,0.3206862043020876,,0.7074986745317304,0.5973725541452339,-0.3783587914962185,3652,37,0.5769441401971522,0.11,6,0.17,6,0.279699250329099,0.28763516262921607,0.8121341735042279,0.0,0.7094535735486064,-0.33649742087652945,0.7865445626719539,0.7912405117675079,0.5529272918207607,14.900048580224354,0.6013722281435273,0.5390235861735492,0.3081777278970884,2196.531549401091,141.49973490634616,1.0593941180499227,-7.413973121584649e+17,-87.88857195177997,-5.514347149062683,0.0,333285331726.0742,-1.025451253791235
407253,lstm[nse],camels_aus,pub,0.6536365772599794,0.5416417218820961,0.6288992975343494,0.4371584699453552,-0.49763822216300735,0.4371584699453552,0.5368488170243686,0.4864864864864865,0.6760220210449422,0.42954856361149113,,0.5839449235518677,0.614553748748238,-0.2519402013505814,0.11199485537788323,3652,37,0.2502738225629792,0.53,6,0.25,6,0.49522052104778214,0.5025702618540427,0.6273764477445976,0.0,0.23013514348357067,-0.21865916539229358,0.3349299055026772,0.3618410657015486,0.20749316425218134,-38.25896849060783,0.5573989790374885,0.8774194302136402,0.09022231732132646,769.8014207445349,122.91074974964758,-26.567053353085797,99.99999999999991,178.3897300638485,-42.19493961058653,0.0,0.0,-17.747178716221
408200,lstm[nse],camels_aus,pub,0.8019089246216203,0.8425082886777595,0.4412052780358205,0.819672131147541,0.0003774197543094491,0.819672131147541,0.44715681227171533,0.8378378378378378,0.7431388833399858,0.8180574555403557,0.05016199709276934,,0.8570424773434502,0.6991508166366621,-0.040599364056139176,3652,37,0.4882256297918949,0.06,6,0.15,6,0.31680768623073147,0.32660929572388075,0.9618111985372835,0.0,-47.130308007224464,-6.89160096069948,-7.123510476491878,-3.844899534117495,-3.917344824079321,482.26493283779615,0.8991242736289741,6.937601026812111,-4.021575202769091,305059.00175485574,171.4084954686903,379.51746417325575,-3.862397815717239e+17,-69.88062003343238,353.76765204998,0.0,0.0,-1.265851179214808
408202,lstm[nse],camels_aus,pub,0.5286744047870328,0.8375024847428296,0.4846811325383197,0.8907103825136612,-0.3087336597021538,0.8907103825136612,0.8027276485870634,0.918918918918919,0.37270622644701085,0.8755129958960328,0.33748603392155885,,0.6939011987002391,0.5438472466504252,-0.30882807995579686,3652,37,0.5197152245345017,0.1,6,0.57,6,0.3554737744276351,0.36444380617800204,0.9089345049195149,0.0,-0.37992166555464246,-0.3426953797378187,0.35142363762738915,0.001368331634696185,0.27299940591026506,-29.07144169960301,1.2421832960581007,1.1747006706198149,-0.015454009253152323,1684.0989168843712,138.78023974004776,-40.96849564610757,-6.451100439452026e+17,-87.18444478549316,-52.9909565688284,0.0,72324275970.45898,-42.856405102881226
410057,lstm[nse],camels_aus,pub,0.1513227309692717,0.30464094141900167,0.18343552937500335,0.5898003703754215,-0.1267513187383252,0.5898003703754215,0.2204008182165274,0.7498125482660118,0.14584828963408453,0.37588328023556133,0.5531682413893289,,0.1970976796424089,0.1108846429786093,-0.15331821044972996,3652,37,0.0,0.06,6,0.06,6,0.6778964253234133,0.6852442388455412,0.7451586015107323,0.0,0.6778224777620594,0.7530468578532568,0.7259746168889936,0.7118216475888823,0.8852767727478978,2.3622687868709478,0.881318875003061,0.5676068377300794,0.6483430148929934,61.61827824558126,39.41953592848185,-11.707990081214048,80.39422662487023,-22.811938205872448,-31.674373426053506,143.65890894811403,62.0409243954654,-0.6274582704925228
410061,lstm[nse],camels_aus,pub,0.2160590548329521,0.3275459000444067,0.275643398761071,0.4727520763520335,-0.2120824694542739,0.37539779287172875,0.3410787081790237,0.8487866510717667,0.1817547251945478,0.3557689646473744,0.9969568614344531,,0.25250210979661725,0.0025798157697051708,-0.1114868452114546,3652,37,0.002190580503833516,0.07,6,0.1,6,0.9151568979452763,0.920347668866178,0.7777168201799698,0.6727184916937143,0.5276506891422397,0.6726373817985691,0.46843054930279293,0.5448571562762292,0.7647102724700019,-14.537815076127588,0.9840571048465838,0.6872767352804549,0.5636398638511946,75.19393171688036,50.5004219593235,-37.73982525041841,-1.0108785691515552,-7.691938391626723,-49.98717907524287,11.176550341283933,-1.401607288757799,6.063630570394241
410705,lstm[nse],camels_aus,pub,0.3853371111182505,0.7484429837402281,0.25164984078341085,0.6885245901639344,-0.06248403020972146,0.6885245901639344,0.3120494602650234,0.7297297297297297,0.2830362673748476,0.8488589755023913,0.21069256961131352,,0.579079439262231,0.4427697565870488,-0.36310587262197763,3652,37,0.08625410733844469,0.28,6,0.09,6,0.5197735662918767,0.5291433004076906,0.981117247991713,0.0,0.5518577404792498,0.10688677514861877,0.5424435593912074,0.4845019998468515,0.643618599373037,12.490099285176456,0.6223797289452337,0.6694342831979478,0.20895854192633467,3736.057051335418,115.81588785244632,-21.930450334890736,-86.23612802957223,-62.49693832505694,-35.14394609181816,0.0,6177.435292933311,11.679515930351213
410730,lstm[nse],camels_aus,pub,0.3837469184832494,0.6608092854264316,0.2413707900713482,0.845920927710233,0.2358556538484649,0.845920927710233,0.18289647755940772,0.9211686387108903,0.29993951861026263,0.7185582156321578,,,0.5235579444254302,0.5226907919864017,-0.2770623669431822,3652,37,0.0,0.13,6,0.06,6,0.056283139436571226,0.05932900632178524,0.24356366501061505,0.0,-0.5841085958861669,-0.6034202458830289,-0.6537413326976125,-0.6081399836112689,-0.5648963092563377,155.29796572862412,1.5000258061865714,1.2586137596126015,-0.5587844691076314,347.31090770869343,104.71158888508604,65.12170463881631,59.79933702738323,-39.45352830399789,43.031349675151496,545.6383432466107,401.1856099181706,1.8646178069734183
410731,lstm[nse],camels_aus,pub,0.45385517820091775,0.7754512944995049,0.2742865177429838,0.9988999591865823,0.19832186964382092,0.9988999591865823,0.20776268924721739,1.0,0.366023065484867,0.8791968399381979,,,0.6092576003701883,0.6051381753091251,-0.32159611629858714,3652,37,0.03806133625410734,0.06,6,0.07,6,0.03527533426044735,0.04400705486392365,0.5286036250992067,0.0,0.5344263406968008,-0.35470463487444537,-0.2892915268006164,-0.42013398965456306,-0.2893200148606878,126.65166598668927,0.5252208790682166,0.6823295826088732,-0.46693488980122067,4897.177693923761,121.85152007403768,15.252686431923106,83.03383617813152,-37.39255209169354,-5.151558143638279,41604.73136025848,1179.6467159897861,21.48410023093082
410734,lstm[nse],camels_aus,pub,0.3122656527417157,0.7207164967597984,0.19782603358831097,0.9981524154340184,0.1584414132633681,0.9981524154340184,0.16820293638413467,1.0,0.2329596477288114,0.8912479536901493,,,0.4945349504959911,0.48152024322651193,-0.40845084401808274,3652,37,0.03943044906900329,0.49,6,0.06,6,0.2634636459411148,0.27232905486933573,0.6593858964455357,0.0,0.7206311382915345,0.10665939712985173,0.24860183431390992,0.15719409221600134,0.23271573760618391,73.91465975973436,0.418732483984116,0.5285535561402133,0.12804174981421113,2134.729886230214,98.90699009919834,21.7035379860113,-45.25843536708764,-34.59089425542847,6.921771668084623,7702.661013973556,1645.9995721263695,9.37704209753467
410761,lstm[nse],camels_aus,pub,0.3126053724720824,0.49957965703661433,0.4394776465175545,0.8071918177938237,-0.43376405710988364,0.0835889289217466,0.46330069166219734,0.8247519238322317,0.32438646312325,0.6073311049896549,,0.9274485935486252,0.36197194557697543,-0.02918066349628684,-0.1869742845645319,3652,37,0.002738225629791895,0.07,6,0.08,6,0.7884753174678365,0.7818870596016165,0.29289395613918273,0.9702692297424426,0.5250796910817948,0.59913301561872,0.31545523797836994,0.4777136334740436,0.6055596396448935,-32.795801880724014,0.2553701929379477,0.6891446211922468,0.43398444488302423,1039.4001262687882,72.39438911539509,-55.508244552393194,10.80784751651057,-33.880236122527336,-62.77101487367084,-99.99999994274884,24.70627847868905,5.1063136018069155
412028,lstm[nse],camels_aus,pub,0.27385823544329785,0.6454942103923363,0.25048476078161425,0.819672131147541,-0.20110820265143828,0.819672131147541,0.36527041118048903,0.7567567567567568,0.21206333415173348,0.8282964385299919,0.3916172714675773,,0.43734149834247954,0.31099083304894404,-0.3716359749490385,3652,37,0.14786418400876233,0.34,6,0.15,6,0.569880406706394,0.5760294674151988,0.8144796296964525,0.0,0.5649770767413417,0.5257682249068942,0.4384525979861845,0.4845485172534265,0.7660717133082177,-9.459970854518541,0.29515150752084535,0.6595626757622495,0.45242556962531066,4110.648758457278,87.46829966849594,-45.78442807134674,-118.7979724313483,-44.530660689543524,-56.775309878714005,20122528076.171875,646448135375.9766,22.430244011786733
412050,lstm[nse],camels_aus,pub,0.34341311885547193,0.6332812268327677,0.5043686291358218,0.7980040337554609,-0.4670326863283139,0.6354538895882083,0.42123856990139513,0.7027027027027027,0.2872704850218376,0.7775252872818884,0.4551760609197645,,0.45707639237239606,0.25189308240591596,-0.28986810797729573,3652,37,0.012869660460021906,0.06,6,0.13,6,0.6170722404281163,0.6170237507289982,0.41810199050081565,0.46587328904040104,0.06881987091761388,0.16555316000046993,0.5090349147397449,0.5080217146529,0.5574287816651717,-8.188571361242687,0.671989582778664,0.964976750539818,0.19883938311175386,599.3791613715148,91.415278474479,-30.118436352445794,-8.747597535810522,-42.20049605766734,-29.918848361716368,62.74571172751864,239.24217980506018,10.280651998476078
412066,lstm[nse],camels_aus,pub,0.25930556006935146,0.6569869155915371,0.24808292801200738,0.8797814207650273,-0.19824481486640716,0.8797814207650273,0.40138200292941145,0.8648648648648649,0.18226627410367682,0.8691638153027427,0.27649050397026476,,0.42658587531733905,0.3517556373198612,-0.39768135552218564,3652,37,0.06818181818181818,0.26,6,0.15,6,0.4692073905611973,0.47418319034170997,0.7546172336852685,0.019194080599174428,0.5512816444598139,0.5372417333880231,0.4098022926378213,0.4439304468405193,0.7493324930837995,-7.598784468327294,0.4035520985524552,0.6698644307172804,0.4281894252550523,1111.8618866611575,85.3171750634677,-50.871618192444444,-59.19740849858326,-38.52938820942126,-60.28661154778975,698637962341.3086,3863.4976948824665,23.676014108975185
415207,lstm[nse],camels_aus,pub,0.5285568915426566,0.9184464097776045,0.2941296780969557,0.9398907103825137,-0.07891482916989132,0.9398907103825137,0.27855912742927197,0.918918918918919,0.3271489702922771,0.9548563611491108,0.11691510956088491,,0.7583165311162657,0.6521082518060013,-0.3898895182349479,3652,37,0.27683461117196057,0.08,6,0.52,6,0.3587995670461809,0.3690899048669563,0.9919587337588194,0.0,0.5096651807050341,-0.7506173363319184,0.5574793532896918,0.47243756089572775,0.42571073524641934,36.23002293676109,0.595455352049007,0.7002391157990004,0.007294662528455453,11088.404252451019,151.6633062232532,-3.577313188608702,-3228.810517332198,-78.86848498168298,-16.518378698874706,228905677795.41016,750833749771.1182,16.88389043959783
415226,lstm[nse],camels_aus,pub,0.7478976219089205,0.7482511217657478,0.7663628204579681,0.7540983606557377,-0.39332334868979946,0.7540983606557377,0.5208664302126333,0.7567567567567568,0.7744459162076096,0.7564979480164159,0.08161614736368328,,0.7426396398542613,0.6790518608416543,-0.00035349985682731067,3652,37,0.9449616648411829,0.34,6,0.28,5,0.06322281277982728,0.07325955067784877,0.946800326025166,0.0,0.626826691966228,-7.609591312056944,0.5861250842419938,0.47838371055213524,-0.06945026517257369,25.98437938067959,0.544127283794258,0.6108791271878358,-0.10160650255641301,11083.443809488333,148.52792797085226,-3.6102599043963033,-6.5627612168133816e+16,285270769636226.06,-16.887887091209677,0.0,0.0,35.19642790502763
415237,lstm[nse],camels_aus,pub,0.702162075444375,0.8397693990436506,0.6012936486530149,0.8743169398907104,-0.5007580546678752,0.8743169398907104,0.36415003904828663,0.918918918918919,0.6086039750965441,0.8440492476060192,0.3646262547641295,,0.7867915655373995,0.5347404772284422,-0.13760732359927552,3652,37,0.6804490690032858,0.09,6,0.39,6,0.2448061049555333,0.25351504084849774,0.5895911068865664,0.0,0.8425653483535629,-1.655194472088592,0.777710756614604,0.8561230624010978,-0.08806580679060194,12.616540787717378,0.3080944815670712,0.39678035693118313,0.27402959007509364,2042.4874132802888,157.3583131074799,-0.09094175285521877,-2.689657417565733e+17,-81.97942831513409,-0.12402922667038187,0.0,0.0,0.22230531399961634
416003,lstm[nse],camels_aus,pub,0.3493800741566151,0.7040616851026178,0.3957592959736497,0.9617486338797814,-0.3871999640817392,0.9617486338797814,0.4230423855117201,0.8918918918918919,0.3465177486515916,0.942634166938127,0.7555616466044617,,0.4793053785937496,0.21522704329936443,-0.3546816109460027,3652,37,0.10679079956188389,0.28,6,0.17,6,0.47482232454156487,0.47629962403381165,0.29229354968166266,0.0,0.6166342685778279,0.5225825836515237,0.23696522603430514,0.4650246128710387,0.4537549880058471,-46.23674087840047,1.4863551477471855,0.6191653506311315,0.3964481387579616,855.3293463171166,95.86107571874996,-57.30340807479224,-96.26781742169668,-54.70624044549438,-59.56053233109462,646448135375.9766,959604978561.4014,16.407443525514694
416008,lstm[nse],camels_aus,pub,0.5270737653875124,0.7353655741075518,0.6966952838025661,0.819672131147541,-0.6948154419860715,0.819672131147541,0.7347367668112892,0.8648648648648649,0.5641024753253754,0.826265389876881,0.7631897571971654,,0.5966169558728663,0.19661478481372838,-0.20829180872003938,3652,37,0.20153340635268346,0.09,6,0.19,6,0.522486800472885,0.5229710341771386,0.03364144890927954,0.0,0.3403758709259559,0.47210257412400747,-0.005485505078021369,0.1466741858841002,0.1517331495553279,-71.37580190745864,0.8610873837216143,0.8121724749547008,0.1897039704802872,1116.781968284425,119.32339117457347,-76.42336395914532,-233.1760534937571,-67.21858178031903,-78.33732678520481,0.0,25342702865.601772,-15.992775516444485
418005,lstm[nse],camels_aus,pub,0.5498305502577042,0.6631534825597428,0.49748452996771686,0.6666666666666666,-0.49445751722871417,0.6666666666666666,0.6095342029126923,0.8108108108108109,0.48601925441481014,0.7183604898583287,,0.459367902109727,0.6067016947978695,-0.2764362666394807,-0.1133229323020386,3652,37,0.1328039430449069,0.26,6,0.12,6,0.5390169763247226,0.5394905963176266,0.09742652529874878,0.0,0.4099532254502919,0.3132817549842628,0.021861947984687324,0.30603234244243926,0.22117959162315948,-64.44475056970028,0.7074494899591934,0.7681450218218614,0.2987775673889197,555.1877118649708,121.34033895957394,-71.30454030935407,66.46525934747821,18.175340954813702,-75.6494769728866,0.0,0.0,3.7312683489776206
418014,lstm[nse],camels_aus,pub,0.45581625417184346,0.7278814709847878,0.42901989092335147,0.8524590163934426,-0.4215369587008341,0.8524590163934426,0.4984155624139198,0.7837837837837838,0.4433076047273088,0.9085202487410492,0.9312328609144606,,0.564896480244135,0.062423058900936454,-0.2720652168129444,3652,37,0.12979189485213583,0.56,6,0.2,6,0.6526672726608834,0.6534967489763236,0.28664972241404774,0.0,0.501417780785522,0.2896480763257292,0.19484489012885198,0.42004326463828145,0.32467302450444846,-47.65280531561303,0.5025927085925267,0.70610354709099,0.3272772225455475,1239.4188149673469,112.97929604882692,-58.43917300778829,-55.01881339939048,-46.211083743685194,-66.51269039106384,0.0,20122528076.171875,16.304926720795304
419005,lstm[nse],camels_aus,pub,0.5994944892158697,0.5550351089259021,0.674674886275746,0.9225997964190444,-0.6743756543493188,0.9007418729217767,0.746436933901499,0.9428600131850842,0.6496090810585686,0.5726427041719618,,0.48754507273517783,0.5388895580003955,-0.3069995151315611,0.04445938028996754,3652,37,0.007119386637458927,0.29,6,0.06,6,0.3718161111558648,0.370927657619399,0.05316939107953243,0.16707547589181068,0.23018042846112596,0.1694615706397118,-0.13185528098622745,0.17533806636469018,0.1371042295237599,-75.64883236822214,0.6566261008393747,0.8773936240587084,0.20255592940969025,498.86468559667156,107.77791160007895,-81.30363517986387,4.006751507294432,-35.72506919520308,-85.43534568915588,148.24549235215795,34.59356405275385,3.6904394311281727
422202B,lstm[nse],camels_aus,pub,0.5693848122096044,0.6107233772248388,0.5504968740485916,0.6229508196721312,-0.5070032628270872,0.6229508196721312,0.5704423639257559,0.6486486486486487,0.4449093006787261,0.6169630642954856,0.3254617273538414,,0.5956787462809826,0.3970414550676532,-0.041338565015234474,3652,37,0.6377327491785323,0.06,6,0.24,6,0.27656702531997707,0.28115300158294826,0.4662310729327935,0.0,0.391821747996036,0.014610543692426758,0.5257709536667092,0.1941037839480051,0.31064916691053157,-37.21717276912834,0.5625267522779067,0.7798578408940723,0.20512947494825529,4612.414790334593,119.13574925619652,-41.07523794492244,-0.0,14.857372369402677,-39.71123048737906,0.0,0.0,2.831781375648636
422306A,lstm[nse],camels_aus,pub,0.48097878853043463,0.9132466708497534,0.2427835057913568,1.0,-0.016568953537071985,1.0,0.23297046306952013,1.0,0.2979647262246047,1.0,0.0748007256909454,,0.7173515630114887,0.6898214410981045,-0.4322678823193188,3652,37,0.22535596933187294,0.13,6,0.48,6,0.14468698168639946,0.15440906224999923,0.9904858760700321,0.0,0.7903183639722612,-0.4413133576857913,0.6271133085941929,0.5355098433753105,0.6423152060534562,17.952269475606165,2.4242918999364234,0.4579100741714892,0.3351522843213557,1994.1921133820533,143.4703126022975,-14.80923704643988,54.0271645640567,-68.48718688746126,-23.616605536474886,5135053396224.976,6074529886245.728,36.1841705543076
422313B,lstm[nse],camels_aus,pub,0.4244564124529343,0.895707362888155,0.25688998218000286,1.0,-0.10315693731973984,1.0,0.2554741786760678,1.0,0.21660884394114807,0.9847702747380922,0.1718304839974339,,0.6775725715058826,0.6405734809665776,-0.4712509504352207,3652,37,0.06325301204819277,0.07,6,0.49,6,0.18219972453427502,0.1917832097034904,0.9609633388009289,0.0,0.6918784188164077,-0.13272402847870435,0.5981631316557767,0.5681215399784878,0.7435150792921799,5.401274590617183,2.517036325947583,0.555087003255879,0.38888313658566886,4469.87818729624,135.51451430117646,-18.508616403934223,81.72226601760866,-70.6837177259362,-27.07494785123258,4560929536819.458,9247.628517853385,30.38686273862956
422319B,lstm[nse],camels_aus,pub,0.45619143280175145,0.8736075956674729,0.4518426998772159,0.994535519125683,-0.34690623250789365,0.994535519125683,0.5294039217749666,0.972972972972973,0.42443657590606904,0.9958960328317373,0.5559765321313074,,0.6455824695726547,0.43912773399200694,-0.4174161628657215,3652,37,0.3953997809419496,0.21,6,0.4,6,0.3448918636441713,0.35073372382734663,0.7927430334646882,0.0,0.581886293362578,0.234980583419373,0.26784771259014617,0.48661593818812854,0.410530317161645,-43.87554048221015,3.2183956676191943,0.6466171252274578,0.31462189620841874,1606.6080126221132,129.11649391453102,-52.3867634706626,-1.0676029527910467e+18,-90.22882557207971,-61.417338188318,1272761821746.8262,1690310239791.87,21.997905420471632
422321B,lstm[nse],camels_aus,pub,0.31334607844911977,0.3991275891169888,0.2782514384797738,0.7405414506300229,-0.13923112934683907,0.7405414506300229,0.17651732390208072,0.9523735492590998,0.31835057414274714,0.4143880928079667,,0.5630484697483087,0.33190408063275484,-0.12260973583109468,-0.08578151066786904,3652,37,0.004928806133625411,0.45,6,0.06,6,0.5613874128688497,0.5715967520514336,0.951572443862813,0.0,0.9022520796567584,0.6211789363732132,0.7600063678102185,0.7313627750571354,0.7003633462207983,-21.525209233343006,1.30475158780272,0.31264663814479393,0.562931584823643,106.61602069288236,66.38081612655104,-1.7850758106737112,93.89965798122815,-5.904171577662175,-10.087826546137066,248.7023582170993,74.86298696399676,-19.116779046287213
422334A,lstm[nse],camels_aus,pub,0.4426845841578711,0.8337865554372621,0.38443021451112114,0.9398907103825137,-0.15321060179235496,0.9398907103825137,0.4389075605497315,0.918918918918919,0.360944560875875,0.9439124487004104,0.30514007849388186,,0.6323785183241937,0.4907235952101906,-0.391101971279391,3652,37,0.21987951807228914,0.22,6,0.42,6,0.4585729399931531,0.46597116724486426,0.9493452427547926,0.0,0.838009871749122,-0.11968241742016716,0.5912388332398879,0.7293289775418743,0.3864640237905863,-22.89542317807837,1.1448781554209557,0.4024799724841945,0.37272736900548364,2137.894897175184,126.47570366483858,-35.17080256513361,-405.526943507761,-67.99216615137145,-40.44103307869637,124514102935.79102,437676906585.69336,68.85513664684352
422394A,lstm[nse],camels_aus,pub,0.36099888940326236,0.6542318337943095,0.34179857227695054,1.0,-0.3028154559048765,1.0,0.2681214505231728,1.0,0.3968634632915964,0.9654774914179687,0.928463655234548,,0.4495914147301771,0.07139577382624605,-0.29323294439104713,3652,37,0.1484118291347207,0.26,6,0.18,6,0.3727035409218313,0.37783398965393356,0.512276361675033,0.0,0.7871425683849137,0.520197953426657,0.4641461479999687,0.6318566551247501,0.5684039273763279,-36.20572757248323,1.4736385534000653,0.46136474899485586,0.4901535828586332,1093.0076555747921,89.91828294603526,-34.02687970311555,-11.331609457170552,-49.0192953891533,-34.96180343934855,2368819713592.5293,2890747785568.2373,-4.862495076358919
424002,lstm[nse],camels_aus,pub,0.6749470862815476,0.9384009850473125,0.6724337084786993,0.9836065573770492,-0.5958731694716118,0.9836065573770492,0.8348647438541745,0.972972972972973,0.4520848533794895,0.957592339261286,0.2452290126566848,,0.8251232247952057,0.6987013693182066,-0.26345389876576486,3652,37,0.42059145673603504,0.06,6,0.6,6,0.19425660106801249,0.19576759290804607,0.4165114500466204,0.0,-1.550471057647175,-1.1341998724090696,0.033552618641331966,0.07429757646092539,0.3398434777054743,10.719343155222944,0.23529546076799365,1.5970194293267614,-0.5409760103563208,124342.6068543228,165.02464495904124,-22.337932832245663,-8.724095119396545e+17,-92.47518228642356,-91.03840003532854,228905677795.41016,437676906585.69336,11.144214901277238
424201A,lstm[nse],camels_aus,pub,0.6610231962640188,0.9338506183548486,0.7322920789697384,0.9781420765027322,-0.6983951028737195,0.9781420765027322,0.7950011445950856,0.972972972972973,0.4616860414359483,0.9616963064295485,0.28836931904434654,,0.8085297711210244,0.6636848154232785,-0.2728274220908298,3652,37,0.45947426067908,0.06,6,0.63,6,0.1707678235165298,0.17352514673478037,0.2861203329348846,0.0,-0.35164219505303795,-0.548043460268105,0.14511431931832885,0.05278110405056635,0.25345692477690773,-38.169893800952295,0.40301289851664346,1.1626014773141473,-0.16393191572423937,74756.82243528221,161.7059542242049,-51.637192396322746,-8.938153779903009e+17,-92.37818666751956,-78.69560586090087,281095504760.7422,542056560516.3574,24.411963463728632
604053,lstm[nse],camels_aus,pub,0.8490094078865201,0.9891173926181585,0.7406726837722357,1.0,-0.7406726837722357,-1.0,0.7613774504280989,1.0,0.7597637341972604,0.9992015580999064,,,0.9345706991568313,-0.9321627785598501,-0.14010798473163832,3652,37,0.0,0.1,6,0.6,6,0.028985899161259706,0.0289858991612597,0.0,0.0,-0.08723551474176605,-0.5168072949386564,-0.17402776117399243,-1.3744462254644572,0.08853625633576634,-82.35920117588098,0.19113376536919552,1.0427058620444052,0.11460005118394756,98.49917214729606,186.91413983136619,-71.2769530093174,99.9999999999999,93.17525525087366,-85.05132304703585,-99.99999978701062,-99.99999982892736,-15.794690768045935
606001,lstm[nse],camels_aus,pub,0.5379343885028478,0.28354311937581966,0.6044160561186214,0.08743169398907104,-0.6044160561186214,0.08743169398907104,0.6361895012002649,0.08108108108108109,0.5173010991996035,0.08755129958960328,,0.3711427100526471,0.4502013240354633,-0.270424594062034,0.25439126912702814,3652,37,0.338170865279299,0.06,6,0.29,6,0.5499322241387756,0.5420176192863769,0.0,,0.3420855407955402,0.7430862284486441,0.012557689966661956,0.30342998672111376,0.31178413278041806,-66.127000748612,0.24833709376767296,0.8111192632433655,0.2892901718946055,218.90790663599512,90.04026480709265,-73.57831936423007,-0.0,-7.168442567377166,-77.46482016540658,0.0,0.0,12.96519504845083
606002,lstm[nse],camels_aus,pub,0.4396945249018978,0.7054953492717533,0.1721077848033626,0.7158469945355191,-0.10455951093971058,0.7158469945355191,0.2508614426908337,0.7297297297297297,0.2059212363770582,0.6963064295485636,0.11799593725490737,,0.6176134892166124,0.5841039926763394,-0.26580082436985547,3652,37,0.5216319824753559,0.11,6,0.52,6,0.14425299970352065,0.15035163473055363,0.8340347962487413,0.0,-0.15499840314482372,-0.12630685155900268,0.17742184996151145,0.2518912161024407,0.2753782371242801,64.23208524429322,0.20494654750675706,1.0747085200857132,0.05893962868737024,1471.8244785995635,123.5226978433225,13.7758432368187,-4.359520487753067e+17,-78.27910718763881,-0.11249820696461714,0.0,0.0,15.487015760268289
606185,lstm[nse],camels_aus,pub,0.471069594462265,0.6545039428185656,0.5380917864681154,0.639344262295082,-0.5380917864681154,0.639344262295082,0.6165690139574633,0.7567567567567568,0.3224352409728837,0.7434938981559492,0.7284614663656525,,0.5567375193911362,0.07407935484680819,-0.18343434835630062,3652,37,0.08406352683461117,0.06,6,0.08,6,0.610772943730883,0.6113463685250052,0.0,0.0,0.24638204341770986,-0.12118034684832502,0.24556442653922073,0.2603709114951188,0.4030093196644108,-4.378338453258909,0.3748777001446267,0.8681117189522845,-0.12370985816332447,645.1690841295723,111.34750387822723,-56.663168372930315,27.18228101828888,318.10974677173584,-75.82863337610952,0.0,-99.9999995644087,15.44189258196944
607155,lstm[nse],camels_aus,pub,0.4612168716153894,0.8469591259584652,0.5129839851598106,0.994535519125683,-0.4550533518397415,0.994535519125683,0.603407554531058,1.0,0.43302931310213383,0.9890560875512996,0.510296708984555,,0.6265370380798636,0.41238630896313794,-0.38574225434307585,3652,37,0.3436473165388828,0.37,6,0.37,6,0.4234993413799857,0.428120004656341,0.6785949835171292,0.0,0.12388419213775026,-0.04633098515849454,0.37911716863802947,0.36872378276409,0.49536695521638086,3.2080887316627504,1.2308597600413105,0.9360105810631896,-0.12409809885024448,472.4019537598964,125.30740761597256,-27.61476016599879,-1.089136742665519e+18,-83.23467275822938,-72.2258296476106,1537477970123.291,2226865291595.459,-4.575768658632214
608002,lstm[nse],camels_aus,pub,0.39210891741516735,0.3982200083510003,0.38650698562535557,0.7568402346459224,0.378332354392718,0.7550805349234804,0.3297133163868469,0.9979744530151737,0.4461624817300117,0.42831053108449085,,,0.360830951631896,0.31123939204048695,-0.006111090935832952,3652,37,0.009583789704271631,0.31,6,0.06,6,0.5071150077446038,0.5082143534980014,0.1206244829042031,0.1288149253081587,-3.9965686972524486,0.46085598180268394,-1.3875535407558224,-0.6160763713027477,-0.6137031099330092,161.01941515615684,1.0610409346283058,2.235300583199595,-0.6450549683208708,175.70855962068782,72.16619032637914,160.84312291662266,-8.562661078895143,49.668524634870835,103.1210300794222,157.4948905969344,75.5261591486815,5.917232642109999
610008,lstm[nse],camels_aus,pub,0.5379373378434281,0.7588833564135418,0.8059468503310848,0.819672131147541,-0.772958884621737,0.819672131147541,0.4381226589604639,0.8648648648648649,0.441628332319029,0.79890560875513,0.540719829398613,,0.6422026942281853,0.36471721075972163,-0.22094601857011364,3652,37,0.5725629791894852,0.06,6,0.55,5,0.27658051607667716,0.28137817673396315,0.374093909855841,0.0,0.07140133668301796,0.17030076779742587,0.34255489210348233,0.36875064808080105,0.45477109586246545,-29.392661893110784,0.4405893464056411,0.9636382429713871,0.16017289631685672,531.665821129296,128.4405388456371,7.006073414334845,-5.426209731126203e+17,-81.20251322315478,-38.90068307987872,0.0,0.0,-17.519830452305047
613002,lstm[nse],camels_aus,pub,0.3967322421787345,0.6457531831937324,0.29099399719847,0.8469945355191257,-0.2768053240835962,0.8469945355191257,0.28895080881883245,0.972972972972973,0.370597313657945,0.8060360474780279,,0.6328594536897928,0.4984384663229789,-0.13822215220122938,-0.24902094101499794,3652,37,0.1333515881708653,0.07,6,0.17,6,0.47178712315140514,0.4764308995971723,0.3466307579828859,0.0,0.6157516827795109,0.523272705346002,0.4309102364210843,0.49636889511408877,0.5163860968795448,-44.06579486888452,0.3162246161448741,0.6198776631082048,0.4598159799597191,401.2794586779573,99.6876932645958,-26.502987571542953,-43.56150368325827,-20.598245727448006,-39.84221021912085,0.0,434452295303.3447,-13.194384815987986
613146,lstm[nse],camels_aus,pub,0.3199678670712823,0.6368077446878008,0.3564319380293412,0.9289617486338798,-0.35004339675376617,0.9289617486338798,0.40259171603397337,0.9459459459459459,0.32059792180371144,0.7976181608209565,0.6758876948919055,,0.4364531246985523,0.17933563848686904,-0.3168398776165185,3652,37,0.07311062431544359,0.29,6,0.1,6,0.5303849812317684,0.53282357618695,0.2334038559422107,0.018455449548914735,0.6331143632368544,0.6720751154992207,0.39335135640746643,0.58304104404477,0.5955764503408545,-36.17646079236245,0.4138881167244731,0.6057108524396319,0.4769721774596555,303.10315145978427,87.29062493971045,-46.29161320936645,-37.72617645862453,-51.85325714405598,-54.48256037208139,664246082305.9082,316.5938277006248,9.131126805540356
614044,lstm[nse],camels_aus,pub,0.7375547575377207,0.7776396475775954,0.5721213972732222,0.8087431693989071,0.5721213972732222,0.8087431693989071,0.45573144949600886,0.7567567567567568,0.700714032570563,0.7674418604651163,,,0.769873131543193,0.7687778412912762,-0.0400848900398747,3652,37,0.7045454545454546,0.06,6,0.54,6,0.004717956851217071,0.004760146604104957,0.0,0.0,-10.164711990945452,-2.0205838906191698,-5.276037721574994,-4.664886610751751,-4.659498546556424,564.6487986810923,0.25109689988195394,3.34136379206836,-4.6465196607521255,4237.386572531302,153.97462630863862,248.4002085439232,-4.428454036836366e+17,-75.63170754076263,183.5466556368661,0.0,0.0,14.20225433608575
616002,lstm[nse],camels_aus,pub,0.5223251524324142,0.10758657075753741,0.7329509097965121,0.09836065573770492,0.7270836037833248,0.09836065573770492,0.702831376136677,0.13513513513513514,0.7645794869050373,0.07934336525307797,,,0.2746459109503414,0.17549261175075317,0.41473858167487676,3652,37,0.7259036144578314,0.17,6,0.19,6,0.6148401915252506,0.5944970422129635,0.09561392726446138,,-52.61140721148258,0.12395557680068381,-9.416908281790512,-6.831329201091655,-6.830739366227791,782.842842051324,0.18980169793879176,7.321981098820358,-6.85122278567146,16186.51710142947,54.929182190068325,686.9886941638838,-0.0,76.86407185226533,521.0015191283375,0.0,0.0,-2.4869542117973897
616013,lstm[nse],camels_aus,pub,0.7911711999474909,0.9832059249615337,0.6360339013667883,1.0,0.512029814629642,-1.0,0.6192281124935249,1.0,0.658289689147789,0.9951284255407233,0.2145284101371597,,0.910534442749507,-0.7339711202879887,-0.19203472501404284,3652,37,0.0,0.08,6,0.62,6,0.31420485113449914,0.3179123682337227,0.5206674769733437,0.0,-47.326619201147814,-16.695407163151287,-5.990757801712166,-1.6651874201494312,-1.39885083722992,232.64751026604793,0.09858551835520837,6.951734977769781,-2.199876667101851,161.03484618894387,182.10688854990133,689.444700439731,99.99999999999982,-99.99999999990412,464.3171249264704,-99.99999994451873,-99.99999995388241,-33.748512481254174
616065,lstm[nse],camels_aus,pub,0.6039929955750372,0.4732509539103778,0.5692827631250911,0.4918032786885246,0.5692827631250911,0.4918032786885246,0.5510781078729836,0.5135135135135135,0.6693472705547682,0.43912448700410395,,,0.5361371565207192,0.49010408365663866,0.13074204166465936,3652,37,0.7248083242059146,0.14,6,0.09,6,0.10547920386081319,0.10530934132293886,0.0,0.0,-20.33775380311984,-1.5619960562576582,-6.782918406775215,-5.666564429014853,-5.66986685450128,665.1435886672105,0.3227485082653961,4.619280658622058,-5.661563854560407,2582.860898561735,107.22743130414392,392.04400576475695,-0.0,46.72137478497004,272.6685537419014,0.0,0.0,-3.9319227691198546
804001,lstm[nse],camels_aus,pub,0.5107413688675579,0.7508921190343937,0.4122578132015629,0.9882249005700274,-0.3758075848062349,0.9772959388213935,0.4075719581285984,1.0,0.4965214321716503,0.965276379083017,,0.9603119255279714,0.5987203766274662,-0.01530044279282216,-0.24015075016683574,3652,37,0.02190580503833516,0.15,6,0.19,6,0.3603191748329667,0.36628505976716647,0.5953985192700149,0.03998650861088419,0.5874334562419956,0.5884526137564894,0.297111033133758,0.45366779419958736,0.3039190205219051,-50.78804309706891,1.7403489317386263,0.6423134310895301,0.39533589350376463,1999.8590052039272,119.74407532549307,-37.98255726186238,-44.1438277346506,-54.19739137856472,-55.389596445480386,3607.1990218661813,2808.1222288406325,-14.839599507901957
809310,lstm[nse],camels_aus,pub,0.5644491825978631,0.909022702794333,0.44290318210359436,0.9617486338797814,-0.36723589938441753,0.9617486338797814,0.47455823145530196,0.972972972972973,0.3959166010369037,0.9466484268125855,0.3558485434368728,,0.758163537881759,0.5998143735588212,-0.3445735201964698,3652,37,0.5739320920043811,0.06,6,0.42,6,0.3056510739536632,0.3109482864243428,0.7846930513064176,0.0,0.6168007421826851,0.574277650313316,0.37795337064185286,0.566051340658625,0.48693008074019084,-38.37515989030088,2.4794066614142385,0.6190309021505428,0.34226317210219626,4830.586322599155,151.6327075763518,-43.65339899348073,-7.834077784428988e+17,-80.36025110130885,-50.90376442163569,50914287567.13867,313425064086.91406,30.406153312156004
912101A,lstm[nse],camels_aus,pub,0.4448423439132972,0.41499108163582765,0.2810227587600544,0.3747769249562579,-0.10263503909002046,-0.34450202177390843,0.4160971275949292,0.445041692563422,0.45065200275378486,0.35367228005983653,,,0.44725151828517623,-0.3357868652994323,0.029851262277469537,3652,37,0.0,0.06,6,0.06,6,0.5919579560491512,0.5935849799958361,0.9621373414581995,0.6016147359938436,0.48662344156059245,-0.40019752519914054,0.2964858847122803,0.4644219589783619,0.40781932255583286,-34.61780983948783,0.8993887775263416,0.716503006580857,0.35352462783765837,72.29590551532323,89.4503036570355,-50.32692452743889,-1124.9438353571336,73.45876579699453,-60.626858166354396,-96.47053589254486,-80.24245371675421,26.068459858491128
912105A,lstm[nse],camels_aus,pub,0.5709207664674811,0.544464373908573,0.5327399998377239,0.4517959865417616,-0.5133765034268858,0.06753667589844291,0.416522652057928,0.6662151674482497,0.5745378433612304,0.5293450481526828,,0.05874059842687555,0.5657408881888646,-0.4490638240869304,0.02645639255890808,3652,37,0.0,0.18,6,0.06,6,0.5453860518638481,0.5420879818767489,0.4928944679858726,0.9344499965167555,0.6218817537367026,-0.7673926727056204,0.31658133821573187,0.48280695801005724,0.23705748263572313,-49.04262930315419,0.6189994798535076,0.6149132022190591,0.3394596966217196,94.22717784539684,113.14817763777307,-43.945635379255556,-500.7986627254202,85.69229856693936,-53.528673681802076,-99.99999999375176,-95.25342737243706,6.487092320619576
915011A,lstm[nse],camels_aus,pub,0.6625990918428702,0.9416499046137389,0.3639599305767783,0.9508196721311475,-0.1339911629661589,0.9508196721311475,0.2556103192976467,0.972972972972973,0.5458906921357907,0.9671682626538988,0.018157291466001278,,0.8325727336331228,0.6688320579174697,-0.27905081277086863,3652,37,0.33378970427163196,0.06,6,0.6,6,0.2512711873242821,0.2611789901489105,0.9622489698262757,0.0,0.2881979894245572,-0.4364431292470756,0.40475258991671736,0.6162555929457674,0.35444666783644174,32.98723001242732,0.8643821632728893,0.8436835962465092,0.1267631459231251,4528.821967560483,166.51454672662464,39.80697042910896,-8.019332003650291e+17,-89.81565475219001,20.280784326480056,0.0,794684886932.373,-5.58024597327044
917107A,lstm[nse],camels_aus,pub,0.45712056780851823,0.6229335640984462,0.31584259340323195,0.9992238099315656,-0.06415833973784474,0.9992238099315656,0.29520230439026,1.0,0.5042592885298091,0.8022390763637278,0.01686443588581433,0.9020550939361635,0.499211843146131,-0.018822979536641152,-0.16581299628992802,3652,37,0.046823658269441404,0.11,6,0.08,6,0.4742982802393982,0.48403176259619846,0.956334229383037,0.0,0.1195215069897112,0.3344866058026469,0.45944230785938267,0.5390186036945201,0.24032292256960974,6.336903075190876,1.1331057701088638,0.9383381549368484,0.25598396485341124,448.627108087456,99.84236862922603,46.411525149410195,-27.59329770665674,-51.010880128848456,24.059870420335002,2699.6306954686656,450.6099277072484,-29.991888576541722
919003A,lstm[nse],camels_aus,pub,0.3417615942928034,0.5324014543618455,0.34156569213551186,0.9558917666657718,-0.32751178546499804,0.9558917666657718,0.31962591010394464,1.0,0.3573761257833203,0.7018667481009035,,0.8261782981032423,0.3906664849683389,-0.05571940980630526,-0.1906398600690421,3652,37,0.017524644030668127,0.6,6,0.06,6,0.353103640603767,0.35614950748898105,0.34662893206270284,0.0,0.7131089190663313,0.7862520341897188,0.43008342936398125,0.553849374955518,0.49710953962139326,-42.191353647241826,1.7092511174572287,0.5356221438044441,0.5058951053383779,901.2252635826542,78.13329699366773,-40.640407078569375,-17.251132952288543,-28.627545181864082,-40.87741722390859,699.2168115100308,304.8007062174703,-1.6578628144916783
919201A,lstm[nse],camels_aus,pub,0.39544235298592106,0.8430574524343396,0.28607726946906886,1.0,-0.22504902538589588,1.0,0.35833199740271277,1.0,0.28894439985525106,0.998714759113986,0.20757368822653366,,0.6101151475929488,0.5456623213217431,-0.44761509944841854,3652,37,0.17113910186199344,0.33,6,0.27,6,0.23496359847129497,0.24048020047253169,0.7588278549434615,0.0,0.5411502757523017,0.3947376902487374,0.46240836782476447,0.5214829956110247,0.7621312897346696,-11.467707952255633,2.850084359307101,0.6773844729898216,0.36723747106158655,5914.856750604023,122.0230295185899,-41.16175047616399,74.3577320562947,-50.11695123448349,-54.84179830364593,7838612794876.099,8232367038726.807,32.19503263966684
919309A,lstm[nse],camels_aus,pub,0.3216317473378948,0.8020736504708466,0.22426081727983874,1.0,-0.20895288333073098,1.0,0.2099966568926476,1.0,0.27881861192075397,0.9932962102236051,0.5998089149115449,,0.5379778863835111,0.36144698566256156,-0.48044190313295176,3652,37,0.10898138006571742,0.24,6,0.28,6,0.32095721705031033,0.32557788032666574,0.5336900740084534,0.0,0.830803311487616,0.6693499035874342,0.585601952275256,0.7089593585426615,0.5463971767630631,-28.58100326109539,1.0030090161215535,0.4113352507534263,0.6010157261944551,12613.225550457935,107.59557727670224,-29.097883387325847,-158.94066746707733,-66.01971534425887,-33.466620194270625,2500975131988.5254,2850985527038.574,3.649770242557038
922101B,lstm[nse],camels_aus,pub,0.2697686992936283,0.5966970708925762,0.19462833989024442,1.0,-0.12409807397611686,1.0,0.22529555447275013,1.0,0.25742148874399196,0.8746508776117994,0.8927559505373445,,0.38234168343856806,0.10699113028324275,-0.3269283715989479,3652,37,0.09802847754654984,0.09,6,0.15,6,0.588892632393444,0.5964463865190583,0.9386342604950594,0.0,0.7386926373416189,0.6923413991889948,0.6874500788044635,0.7673984326190205,0.7830111703988382,-12.825971067736042,2.8602515296056223,0.511182318413285,0.5812281687726444,668.646906875419,76.4683366877136,-22.85006975853615,80.21941613952924,-12.26622295329071,-33.62755055824443,10969001054763.795,60594.46555862131,0.7172124442036985
925001A,lstm[nse],camels_aus,pub,0.30096626800622,0.5216351222441882,0.2239579267842824,0.720429143133123,0.09070018182267203,0.720429143133123,0.24096388804503344,0.7704058120239223,0.29342790180228595,0.6372069044209863,0.022087467281987315,,0.3889181739446226,0.37564794017008835,-0.22066885423796817,3652,37,0.0,0.06,6,0.06,6,0.22061762082000125,0.23061762082000126,0.8121542155396666,0.0,-0.3335832117064086,0.7241641889306507,-0.11465770279388998,0.13206065308426496,0.15257081245978033,84.19618593670808,3.1434814611479545,1.1548087338197648,0.03452631076953949,185.85141024279116,77.78363478892447,59.763221370530516,1.9190444637021815,-7.185107695940336,-5.661659542427514,364.8184221406428,316.50970018573906,-0.65021183674754
926002A,lstm[nse],camels_aus,pub,0.43527525576203524,0.6143331113281489,0.2567426974657975,0.4913511134872276,0.18196967852900436,-0.4913511134872276,0.2919037979542667,0.3848031741586118,0.30618769739585344,0.5714466237341586,0.32890951310677113,,0.5664608606003938,-0.43334780325531863,-0.1790578555661137,3652,37,0.0,0.09,6,0.28,6,0.4452123439655465,0.45162775455137366,0.7315939847584104,0.0,-1.5342736077400634,-1.446389835493893,-0.32898283857289123,0.13446238574488834,0.5386579275494656,26.993541967320905,3.9065683602353465,1.5919402023129083,0.13663537968205475,84.14048738136702,113.29217212007893,135.8277484593257,-1139.0105983306864,110.08418741654302,97.12629178911469,-93.37642196177326,-87.8355405827023,-26.376333895564827
A0020101,lstm[nse],camels_aus,pub,0.7537901223834342,0.7486520426599004,0.47503072386919093,0.7049180327868853,0.474739554144593,0.7049180327868853,0.36826296686042187,0.5675675675675675,0.7118423848645706,0.7045143638850889,,,0.7883575603116753,0.42875836713483456,0.0051380797235338616,3652,37,0.3828039430449069,0.07,6,0.2,6,0.40677931934821865,0.4077258959336531,0.05316939107953252,0.0,-15.284645104552602,-1.7857711592073544,-7.248779983399338,-6.7059100480874525,-6.704763550876614,767.793110799145,0.4763616265497235,4.035423782523045,-6.708984235131264,61920.77594132538,157.67151206233515,205.78220425719476,-1.415820515999911e+16,-42.29572736103838,122.13720261254322,0.0,0.0,6.755754201810318
A0030501,lstm[nse],camels_aus,pub,0.7959964107439572,0.9873063725413276,0.5030360691963508,1.0,0.3740024703357635,1.0,0.28860681492790846,1.0,0.7057577056416391,1.0,,,0.9210031933619637,0.9136538771702379,-0.19130996179737036,3652,37,0.3313253012048193,0.06,6,0.59,6,0.05362342401136642,0.06190398126516146,0.808411032012439,0.0,-23.77195668154486,-4.397706539302241,-12.620294042653933,-12.226389772344655,-12.20908302821434,1318.814524210783,0.4005371619671191,4.977143425856328,-12.459535580952842,2144213.328963118,184.2006386723926,281.52948515773664,-1.3596240659959586e+17,-80.0582285148916,11.98128588835172,2870291471481.323,3513723611831.665,1.5141950894686798
A2390519,lstm[nse],camels_aus,pub,0.813923210017099,0.9956256154166303,0.3292023914976008,1.0,0.27935749321778075,1.0,0.15521400144937067,1.0,0.7440815650396303,0.9986320109439124,,,0.9464677989238074,0.9431410318124461,-0.1817024053995313,3652,37,0.7491785323110625,0.06,6,0.37,6,0.026467017076585463,0.034638450220668894,0.4145336393114299,0.0,-0.05237392624817572,-7.628528198592452,-3.8385020019934935,-3.8964949555546475,-3.9009006195693967,482.90158464645117,0.09105482577202102,1.0258527800070416,-3.9748738605763734,25505.21054186622,189.2935597847615,40.03177828113478,-1.138219195676569e+18,-86.21563815219463,15.93582508411312,3200995922088.623,3594756126403.8086,37.66461810136243
A2390523,lstm[nse],camels_aus,pub,0.8566229586485166,0.6035223266504441,0.8018451650973334,0.20218579234972678,0.5359182991304291,0.20218579234972678,0.8024667769312057,0.2972972972972973,0.8234958538842893,0.34573099148668013,0.2981733507251299,0.19706277436732417,0.7909024284061923,-0.1842941638469602,0.2531006319980724,3652,37,0.16237677984665935,0.06,6,0.11,6,0.7700101939571817,0.7657366488310073,0.7128212822719918,0.0,-2021.599244167565,-2.755688943546936,-53.21887920512893,-32.14961012275316,-32.15121220714923,3314.4557388375556,1.4695448225552432,44.973317024293024,-32.67452972874145,9755.850890988018,158.18048568123834,4241.588574441817,99.99999999999997,459.88283224026867,2198.098741242472,0.0,0.0,-47.645677854466726
A2390531,lstm[nse],camels_aus,pub,0.8514922523844874,0.9978650295741885,0.3766744593398457,1.0,0.07567384199675128,1.0,0.31499443967583607,1.0,0.8067541843376607,1.0,0.043231339427501986,,0.9599499750139184,0.9443596088727417,-0.1463727771897011,3652,37,0.8559693318729463,0.06,6,0.45,6,0.04279545960420245,0.050349213729816746,0.8061618558103735,0.0,0.08923403234065497,-11.483291638945422,-3.1401037068743696,-3.2205360624362775,-3.2388894068308574,412.1065510402539,0.08227241523140212,0.9543405931109422,-3.894894399676269,33189992.413580824,191.9899950027837,-15.09855991424992,-1.1303327872687457e+18,45232757492849.67,-40.95792625883726,2850985527038.574,3200995922088.623,40.76879590859765
A5030502,lstm[nse],camels_aus,pub,0.18743493959159976,0.6295465213938511,0.17899718839699516,1.0,-0.06553125292718538,1.0,0.18675599050784958,1.0,0.1343161335024038,0.8648112545274582,0.09905522862522233,,0.36300125273133943,0.3134422785064778,-0.4421115818022514,3652,37,0.05914567360350493,0.59,6,0.07,6,0.4849917885332391,0.4929952455377596,0.959132241341728,0.0,0.7718056829762712,0.5745855319696459,0.8209462120271425,0.767987265473289,0.8274600936083867,10.412705168445981,0.37644205077094345,0.4776968882290619,0.6042853196278656,335.00091131447357,72.60025054626783,-10.947939585198695,71.71381223901055,-31.199858809380505,-19.912246755107155,2894735336303.711,924.7918703237494,8.26780627259838
A5040517,lstm[nse],camels_aus,pub,0.35782710954245733,0.35472617051216687,0.39140370423979587,0.3615256437114204,-0.34527813467183077,0.3304138674373485,0.28363159038594077,0.4105178572700689,0.36628822051878773,0.3554274929162048,,0.5751083647655421,0.35410711401775136,-0.04205148476273615,0.0031009390302904616,3652,37,0.0,0.07,6,0.09,6,0.9076455669754394,0.9150413623745096,0.5684788592006238,0.46916069707840763,-0.7919220121332597,-3.0330730056703112,0.038258001050647805,0.32643662420215336,-0.05650603393305609,55.47097834783226,0.5112423184134927,1.338626912972117,-0.1475114476776096,138.0154178941427,70.82142280354991,105.72554448836351,51.311759637568294,147520157396524.44,-11.366198016762898,-50.93617614684239,-65.98222145109287,-14.51850549129233
A5040523,lstm[nse],camels_aus,pub,0.16687862441923873,0.44602317843660577,0.16953500943543753,0.9046681816307898,-0.12990390083082415,0.9046681816307898,0.1949770748228417,0.9992508531501112,0.14409676183499323,0.609071999178879,0.4411429708491113,,0.2588601839336933,0.172069096786856,-0.27914455401736704,3652,37,0.0052026286966046,0.71,6,0.06,6,0.6479014200567014,0.6558373323568183,0.799049284351,0.0,0.8608065950529388,0.6901407819585151,0.768366946959576,0.7920574419867326,0.8596647994200559,-3.092368743969681,0.4169678477846638,0.3730863237202098,0.6641671780713784,1917.7330344691609,51.772036786738674,-19.77040342342065,94.27096047373624,-9.173822790013046,-27.979160486989297,618.8134355573565,227.63991055867993,10.347355723716436
A5050517,lstm[nse],camels_aus,pub,0.5501003851392889,0.938854621180462,0.538931969030038,1.0,-0.5002513422045584,1.0,0.5495148886212349,1.0,0.30794362057465746,1.0,0.20652699014306702,,0.761467411919898,0.6968161229345116,-0.3887542360411731,3652,37,0.3491237677984666,0.06,6,0.71,6,0.10357959421818802,0.10565269607678283,0.5965621173005768,0.0,0.22647836931356757,-0.6887149554280041,0.12463830154666278,0.16617651776226794,0.4749185659278624,-16.36209093769832,0.46913270031686966,0.8795007849265584,-0.0006518442409921832,2058.8660156428978,152.2934823839797,-65.84509033749103,-1.0930731132441627e+18,-91.18368809913461,-76.24695555086635,1757210493087.7686,2150970697402.954,47.2731327270522
A5130501,lstm[nse],camels_aus,pub,0.7921989868348732,0.4015010539689992,0.5189007957420161,0.00546448087431694,-0.25349626658192986,0.00546448087431694,0.4433236944484529,0.0,0.7380770410055375,0.009575923392612859,,0.25235651607702086,0.6932140385667284,-0.6567794494538363,0.390697932865874,3652,37,0.2505476451259584,0.1,6,0.21,6,0.21679972159962596,0.22575241522193915,0.9740976567954318,,-0.9761894611604092,-1.012622906728311,-0.036150587609170115,-0.7144211437277039,0.24513970836410437,-26.425950597835666,0.5742286093847027,1.4057700598463494,0.04313311808858267,128.2169624060036,138.64280771334566,77.76072498208475,99.99999999999993,-99.99999999997459,36.526700377559145,0.0,0.0,-56.670520828434235
G0010005,lstm[nse],camels_aus,pub,0.8220857791264287,0.8704912802288253,0.7395812905911502,0.8961748633879781,-0.7169529340460365,0.8961748633879781,0.40346376316945765,0.8918918918918919,0.8535885977847616,0.8974008207934336,0.9861936103928293,,0.846949592174309,0.012159729583897385,-0.04840550110239661,3652,37,0.4252464403066813,0.06,6,0.47,4,0.16956663932612354,0.17414921295808988,0.25452746670542237,0.0,-0.7918967788107134,-0.08787767188359297,-0.04414535153380483,-2.524090990467285,-0.20594179295624415,-75.01879571438369,0.7902997170927621,1.338617487862277,0.03538270550891631,2101.940397837276,169.3899184348619,16.610542506228732,-6.287760303600306e+17,-86.40425060442458,-53.339888715832494,0.0,66775083541.87012,-34.05362765311286
G0050115,lstm[nse],camels_aus,pub,0.176275984604471,0.10213682236136708,0.4359219701082276,0.1092896174863388,0.09315225580076966,0.1092896174863388,0.6487769372711063,0.13513513513513514,0.19804886529385177,0.1121751025991792,0.022231581337688378,,0.11056235501911436,0.09338632607106814,0.07413916224310392,3652,37,0.9759036144578314,0.06,6,0.19,6,0.8312012230378972,0.8792054579971523,0.8312012230378973,,-0.2016596880891126,-4.0545172421460975,-0.5361243464992045,-0.6366466216117281,-0.4147892999513021,107.07711261152343,0.23293728797592964,1.0962023937618055,-1.7962709463516373,148692.43420307236,22.112471003822872,16.762987114205487,-0.0,0.0,-83.01033653889785,0.0,0.0,153.1921432590928
G0060005,lstm[nse],camels_aus,pub,0.42929962110911846,0.23525491481998434,0.6516931234825476,0.23497267759562843,-0.37863261430857803,0.23497267759562843,0.6453214850604486,0.24324324324324326,0.5767022781550175,0.23392612859097128,0.4213614654192193,,0.29396751515096325,0.12818533748249614,0.19404470628913412,3652,37,0.8721248630887185,0.06,6,0.16,6,0.12188651233288532,0.12855360189820675,0.833406684339059,0.0,-2.066855007683113,-0.9428421673344358,-0.6355089100280655,-0.32263783745165053,-0.4685822548667389,120.92662313050157,0.32372975020500994,1.7512438458658786,-1.373030128383033,118.00214678176361,58.79350303019265,153.58474747541192,-0.0,987879025097564.1,43.677734342537555,0.0,0.0,-9.022522995830261
G8110004,lstm[nse],camels_aus,pub,0.5185966995677423,0.8172319627518905,0.19396312559432524,0.8858120005660274,0.029754056535186996,-0.44927302273214076,0.17562905135895146,0.9771471110046879,0.3328879393895051,0.8066481906118136,0.15132793946427897,,0.7059484524870476,-0.5029486899348836,-0.2986352631841481,3652,37,0.0,0.12,6,0.19,6,0.7116328179618805,0.712145929475718,0.9876800738012683,0.877064268240867,0.6224332523233149,-1.6098748689373155,0.7621476485963631,0.7718823407317582,0.530648690083632,14.305363143705282,1.1940996411572287,0.6144646024602923,0.3385743646505688,245.3016909076798,141.18969049740966,15.21975641276076,99.99999999999999,702.4932188722469,2.9930351438931453,-99.9999999973261,-99.9999999973261,-15.608471930462759
G8110016,lstm[nse],camels_aus,pub,0.4415367989336822,0.2540196259010269,0.40128629920412867,0.14207650273224043,-0.35675051014722425,0.14207650273224043,0.4936732240671178,0.21621621621621623,0.34304497628596486,0.1518467852257182,,0.6297527039376828,0.3809515163345196,-0.056882581439083986,0.1875171730326553,3652,37,0.47343921139101863,0.12,6,0.29,6,0.6793994556720128,0.6793776485955462,0.6342332177638776,0.0,0.42768902391920516,0.7468712651177565,0.13835810400493098,0.3750333439822505,0.4042857374719331,-52.2071757055187,1.7685597951739538,0.7565123766871199,0.35103204319305514,1534.3021082884218,76.19030326690388,-61.30757327264018,-0.0,1.5690031226360976,-68.32484960290279,0.0,0.0,41.64998728151315
G8140001,lstm[nse],camels_aus,pub,0.34663885761835483,0.6575299033351512,0.2926645700378547,0.8663357076281087,-0.2613780718776271,-0.8317347341892652,0.2848015931478678,0.8389941156117702,0.25814604521632495,0.7938105509759943,,,0.486524636265956,-0.4488094009588039,-0.3108910457167963,3652,37,0.0,0.06,6,0.07,6,0.48487253317820056,0.4844926363833427,0.4683959941537621,0.23015255097120782,0.7625944007778546,0.7590678918347442,0.6008198726667526,0.6184502979771903,0.665816021574389,-32.227341901593995,1.063642183179198,0.4872428544598119,0.5704437824537811,62.08779444399551,97.30492725319122,-22.21540882068256,-260.0898660285659,19.059313391493436,-34.20867860362312,-99.99999999167063,-99.99999999244133,-1.2465951539000764
G8140040,lstm[nse],camels_aus,pub,0.3674058529825743,0.6906467273877267,0.26266483641004856,0.720090918556832,-0.2091031137023916,-0.7014284363090953,0.3650486849005657,0.7509835563596521,0.28344062350258403,0.7937279799805063,,,0.5308359606152232,-0.40847695732912315,-0.3232408744051524,3652,37,0.0,0.43,6,0.09,6,0.6269930576273877,0.6312645611649443,0.8027306857463813,0.34374470299043763,0.5030119989300242,-0.1861195651844625,0.7574350589241152,0.7472627725480252,0.8426093078275562,-3.2288660323591962,0.9076502631069631,0.7049737591357396,0.42834738378867443,78.43624012409988,106.16719212304466,8.178476082658555,-724.3437549886446,110.64834729652566,-48.87100553555458,-99.99999999802377,-99.99999999818894,-7.8613189361784315
G8140161,lstm[nse],camels_aus,pub,0.5441925174484226,0.8659069575402862,0.485833628250778,0.944198921344038,-0.42065317318715145,-0.9263663991992772,0.6644006909748442,1.0,0.3837476551465923,0.9318773561455955,,,0.7111961299158841,-0.5937588862652102,-0.3217144400918637,3652,37,0.0,0.07,6,0.46,6,0.5604021526911047,0.5675336201774895,0.7037993231838608,0.2252985297571472,0.008428914757380945,-0.3503016467194704,0.5017453524042521,0.39004508347735034,0.6683274409328972,-19.908709929325077,3.4864294828956615,0.9957766241696071,0.24318884146137498,157.0978531805361,142.2392259831767,9.398455823981426,99.99999999999996,430.23777383230197,-50.97294462928806,-99.99999999720751,-99.99999999785253,-20.219807595871814
G8150018,lstm[nse],camels_aus,pub,0.28403782470799005,0.3867675240333103,0.2953243454122477,0.4098360655737705,-0.2658487063848359,0.4098360655737705,0.42600617524662693,0.3783783783783784,0.2537222049245314,0.399452804377565,0.629991390886035,,0.3327758552633644,0.1519751146609634,-0.10272969932532022,3652,37,0.4879518072289157,0.44,6,0.25,6,0.4359239536738987,0.4409001762868138,0.6753616539913849,0.0,0.5897236229187499,0.8847653966659427,0.4226417322804479,0.5862629813439105,0.6682920831673219,-31.022661298864517,4.449182604798221,0.6405282016283514,0.5367241622264892,192.0505765970179,66.55517105267288,-44.24601718676842,-1.4072865016912994e+16,-53.041264532945355,-57.44973802266674,0.0,0.0,15.55974574413887
G8170002,lstm[nse],camels_aus,pub,0.4618496904692771,0.8935664570080352,0.40870674525917633,1.0,-0.3573054092360466,-1.0,0.4416229284964705,1.0,0.3175265261063563,0.9899921841645278,,,0.6808716234083144,-0.613012000777555,-0.43171676653875807,3652,37,0.0,0.06,6,0.34,6,0.4022187677985745,0.40479895448522285,0.6197099663232983,0.0,0.542897291156613,0.46125835765811474,0.4287234367942293,0.5802333331135799,0.6619524426238503,-30.88321467178028,4.155210549286432,0.676093713063054,0.401460750602729,80.5626193995639,136.17432468166294,-41.955927958034486,99.99999999999997,362.0585248373422,-60.23254760635797,-99.99999999545986,-99.99999999635702,24.323163096731314
G8190001,lstm[nse],camels_aus,pub,0.6501044972949022,0.3073829133494014,0.447134279212449,0.14207650273224043,-0.4126284536477679,0.14207650273224043,0.6326899269327133,0.21621621621621623,0.7154269111588327,0.16826265389876882,,0.5852854774599573,0.5020497555052696,-0.2987928722699154,0.3427215839455008,3652,37,0.27656078860898137,0.07,6,0.28,6,0.5409287504130517,0.5331831547695042,0.5410004533709243,0.0,0.276342637786372,-0.21483994971300469,0.052928948063605374,0.23627538818680438,0.09200083903473621,-63.81675209549208,5.118991448173793,0.8506805288788665,0.16664649904229278,125.92573925457928,100.40995110105371,-56.283387271946964,99.99999999999984,114.13032174745044,-75.3953401522157,0.0,0.0,-5.86421927888717
G8200045,lstm[nse],camels_aus,pub,0.5800611044283256,0.7058889326754992,0.5073273882453655,0.7283386047129844,-0.4711907591367497,-0.7283386047129844,0.6314159943352352,0.7042920008144028,0.4719315221396435,0.7194297228197923,,,0.6569893446377696,-0.5130504601501719,-0.12582782824717365,3652,37,0.0,0.06,6,0.18,6,0.4559184479269003,0.45727903342441517,0.42523300449662804,0.0,0.32979766911519093,-0.801353038375854,0.21993496879485808,0.3873664783520492,0.4394541803311591,-39.14199137991829,2.7574006269451243,0.8186588611166491,0.12910321405359282,173.66255784027237,131.39786892755407,-57.298958752456045,-329.4870466775695,440.5340949271583,-76.42887690057697,-99.99999999719456,-99.99999999772584,11.130980257104302
G8210010,lstm[nse],camels_aus,pub,0.6148532125126609,0.8088150182399423,0.674421992649957,0.9497316284282623,-0.6649774151851933,-0.9388211527300011,0.773708347032212,0.8984700953925432,0.554227272207013,0.9391206855609241,,,0.6906972078568394,-0.6152813932039184,-0.1939618057272814,3652,37,0.0,0.07,6,0.23,6,0.3994548460095848,0.40010077357354235,0.18136767926859795,0.1934162518114,0.15817643118523061,0.24214995923424698,-0.03700387934348259,0.1409610910450011,0.30738040151593804,-64.44290481024723,5.2490106670111665,0.9175094379976532,0.2323147213541048,152.4475171197562,138.13944157136766,-62.83202285081633,99.99999999999994,235.09954681909906,-84.23462066098932,-99.9999999908166,-99.99999999283098,10.951935086608303
G9030124,lstm[nse],camels_aus,pub,0.8001539373441274,0.9942346859302128,0.3872336381587678,0.9993676874715118,0.16434953940923278,0.015761130094462825,0.2629473734423417,0.9996173973501151,0.6913231623633466,0.999089787772751,0.031218951925893773,0.05963131482564819,0.9358713993082743,0.08304521419941564,-0.19408074858608537,3652,37,0.0,0.06,6,0.46,6,0.9104344211683006,0.914216339434088,0.787545242756029,0.9969036740477308,0.12880535181541686,-0.6835661183173853,-0.19011734224142685,-0.2885048769507017,-0.27960054458103256,112.07673517509296,0.9440431523385767,0.933378084264133,-0.7560127847283442,715035.4890372934,187.17427986165467,16.30677735337677,-0.0,52.0018947661189,-34.268255260873296,-99.99998035363778,-99.99998035363778,49.186282028584436
G9030250,lstm[nse],camels_aus,pub,0.41764875905299315,0.7294399789275007,0.3373172028795814,0.8816082524661581,-0.24324617591230388,-0.18566652045840853,0.2804991466575485,0.9511040787260266,0.3748587659231075,0.8699798319040494,0.1200506272116972,0.029631399021231,0.55675268743933,-0.05801667671207074,-0.31179121987450753,3652,37,0.0,0.28,6,0.18,6,0.8341970450207552,0.8312632627917733,0.9030603897545373,0.9305202755432903,0.12939763515477565,0.4768077219489105,0.41313783695950856,0.41631918043157146,0.5070174760296733,43.909908492051976,0.7488676727512111,0.9330607508866849,-0.0051763127271469145,306.6280717881015,111.35053748786592,8.273823339870518,55.53173744731339,49.349161695041076,-27.95245291042798,-99.99999997517959,-99.99999998011869,-6.85803823314104
G9070142,lstm[nse],camels_aus,pub,0.5695577885503401,0.6433048296930547,0.2954037188691932,0.18579234972677597,-0.12699684076142906,0.18579234972677597,0.33559827498426653,0.10810810810810811,0.3910491218120054,0.5811708917582217,,0.12126679270255428,0.6871234635511664,-0.29027431901250356,-0.07374704114271458,3652,37,0.09830230010952902,0.06,6,0.1,6,0.8374714460275329,0.8457745471560425,0.9488339354190345,0.0,0.6176534635278301,0.40756632823491235,0.720868844232114,0.714279144325775,0.6116114953117904,1.2441768569904175,1.0846393645101193,0.618341763486965,0.28454506269618474,631.8838282477916,137.42469271023342,-22.272700888943504,99.99999999999999,276.3610599283916,-43.000081869760166,0.0,-99.99999535316003,15.594158235405366
102101A,patchtst[nse],camels_aus,pub,0.3682502790621641,0.7156890313277315,0.6483682052445634,0.9931046355019731,-0.6483682052445634,0.9931046355019731,0.8868254046872011,1.0,0.3300413703681851,0.9277502251125215,0.4100598233145414,,0.480841208880307,0.3538268645828186,-0.3474387522655674,3652,37,0.025191675794085433,0.06,6,0.27,6,0.40388365918268776,0.40388589004027536,0.06018702916364491,0.027164383315559204,0.09015160165587854,0.44610856267909027,-0.09412728456257935,-0.009486753700180817,0.44200202069740546,-37.22120875196016,8.668241541903267,0.9538597372486802,0.2090627853736704,18634.551005898,96.1682417760614,-85.03833026101226,-42.669201832583454,-38.641743630920445,-94.85417357548727,16246.68602158643,2985.6708032126126,36.47971319602781
104001A,patchtst[nse],camels_aus,pub,0.4940635792762854,0.8254572605717148,0.5105512699035045,0.8579234972677595,-0.5105512699035045,0.8579234972677595,0.7446123123062444,0.8108108108108109,0.36422496873720867,0.8946648426812586,0.22424043443757888,,0.6616820544253695,0.522495646276674,-0.33139368129542934,3652,37,0.23877327491785322,0.06,6,0.37,6,0.3654124958751599,0.36480792691235464,0.2372660785520726,0.0,0.10896268739157633,0.2719012627219304,0.029863810497452792,0.06224440349240723,0.5814687393803752,-13.031112004984386,4.6846823967568305,0.9439477276885746,0.08461360979591248,18145.59529475024,132.33641088507403,-68.970817915581,-757.5350009072171,-66.12536066166398,-89.35869573921848,116831064224.24316,4847180843353.271,34.12554413940905
105101A,patchtst[nse],camels_aus,pub,0.5791872420630549,0.925678554376386,0.40241905341677353,1.0,-0.3791225186001184,1.0,0.6647127882006664,1.0,0.4115119448657642,0.9979298300278042,0.14604265197763655,,0.7668839055289102,0.7122711773422088,-0.3464913123133311,3652,37,0.1486856516976999,0.06,6,0.45,6,0.1127438256657528,0.1127438256657528,0.5936574006524602,0.0,0.2299349238163595,-0.40974257521496105,0.2167415741361287,0.14923603538640595,0.4805864852819679,25.516913527794543,3.0327001528286397,0.8775335185527904,-0.16348714528319763,45081.1785464196,153.37678110578213,-60.68733312873174,-236.24230695712637,-56.16015234380012,-82.40387088662244,15517967939376.832,19533264636993.41,40.70235032653659
105102A,patchtst[nse],camels_aus,pub,0.6628508822993242,0.8140073769194697,0.5562131379359337,0.73224043715847,-0.5316729990432219,0.73224043715847,0.8022123652491007,0.7567567567567568,0.532105140155169,0.7906976744186046,0.1766928615085,,0.7662381805764042,0.5505976408754579,-0.15115649462014547,3652,37,0.2677984665936473,0.06,6,0.08,6,0.4385295823898052,0.43994985399260705,0.5592087418798058,0.0,0.09306747480702637,-0.13849143065230796,-0.02016989793332602,0.023112991955266504,0.4152691597054238,-18.54363543793684,4.2480731859826495,0.9523300505565147,-0.15848074006460044,16348.9782698853,153.24763611528113,-74.84755108303607,-1096.010902596468,-55.17964714008309,-91.2147869429027,0.0,0.0,79.79932372700307
105105A,patchtst[nse],camels_aus,pub,0.5171202171900305,0.8737218189087099,0.42577696394338327,1.0,-0.4033961149844318,1.0,0.7350005701960967,1.0,0.3886653454258467,0.9937320427002729,0.141475980230743,,0.6904528435776465,0.6373941046049155,-0.3566016017186794,3652,37,0.13499452354874042,0.06,6,0.26,6,0.13475197150402266,0.13475197150402263,0.6177574390797546,0.0,0.1684699390008515,-0.3430892155629899,0.10135197250414252,0.03467825321705498,0.43427536831039515,31.875762809707776,4.327681918252101,0.9118827013378138,-0.23196104621683444,4671.612519554912,138.0905687155293,-67.71349246892663,26.435913111257445,-45.7062903208177,-86.48162398162516,30026669502258.3,35899727940559.39,46.147335632464014
107001B,patchtst[nse],camels_aus,pub,0.4064490403934857,0.7772862383698388,0.43108734926657394,1.0,-0.4274664474084758,1.0,0.6010056980080114,1.0,0.32006137006164337,0.9513802429428693,0.2053457105129698,,0.5638931849283308,0.4453368756541398,-0.37083719797635306,3652,37,0.0627053669222344,0.06,6,0.15,6,0.37708099087478336,0.37708099087478336,0.32599197435492766,0.027119766163807645,0.33148713243681593,0.1236624526950959,0.34132203808196326,0.3105121203992157,0.5934975294509548,8.685191470991814,3.0265434618613956,0.8176263618323373,0.12331170714462825,1832.320048079222,112.77863698566617,-57.541896221632875,-51.65338813618967,-31.5526364910499,-77.64138251840568,16728061437606.812,5264.7598069361675,23.470380936162687
108002A,patchtst[nse],camels_aus,pub,0.33389591472489466,0.3631897467718803,0.5951720356016935,0.575773229067561,-0.5951720356016935,0.575773229067561,0.8098426290567001,0.6394957134498038,0.34649261630377165,0.44519498497427396,0.7461813888944454,,0.3041241662562364,0.10243089645428187,-0.029293832046985657,3652,37,0.0,0.06,6,0.06,6,0.6602814538505299,0.66019443582142,0.06018702916364491,0.0346789464788262,0.1579912574425113,0.5016228582676192,0.05047478406200734,0.125188056690967,0.5305742101635683,-26.75233716638686,7.293833278928567,0.9176103435323125,0.3124800747745107,95.74354411013114,60.82483325124743,-78.62626455310762,-42.46940632330578,-2.695362004529948,-90.28421268783435,120.77701428279694,101.16587253752175,23.390927278159612
108003A,patchtst[nse],camels_aus,pub,0.33350848908989006,0.32476457353544574,0.6790145895912341,0.572775740851528,-0.6790145895912341,0.5612895978948573,0.8179838899619299,0.710852731722283,0.3990852613957877,0.40221378269211816,0.9276881245112053,,0.27010273454262096,0.03802893168867683,0.008743915554444315,3652,37,0.0,0.06,6,0.06,6,0.6199590446965777,0.6191835903351977,0.0,0.16171900572449222,0.12467898582308179,0.5527266084076465,-0.009371949674950475,0.08917875005938158,0.49815673633609736,-37.32966797744824,10.737774831418397,0.9355859202536762,0.40060849437754964,70.51754084003299,54.02054690852407,-82.34821143447364,-15.044454678869705,-26.564621789912056,-90.71785497987997,132.9745245119473,88.9546764452971,23.238132268502046
112002A,patchtst[nse],camels_aus,pub,0.30831042034477507,0.25670146090746127,0.6776838666670416,0.41274769174744347,-0.6776838666670416,0.40702112381639344,0.8338556572286374,0.4502750792913726,0.37428394140678933,0.33446244908972655,,0.9406863459572921,0.22982208280729213,-0.038212813618788644,0.051608959437313806,3652,37,0.0,0.06,6,0.09,6,0.6085120851311193,0.6068363590516042,0.0,0.18727428571211338,0.11248914158842893,0.5640252586908467,-0.010576033456072276,0.10087730336017642,0.512421405563229,-40.35917552192137,10.77912151723789,0.9420779470996925,0.475604139124866,50.42054268677617,45.964416561458386,-82.63806675656878,-1122.8268324291018,-33.76123717629198,-91.51605924244355,81.09491660353274,66.66126034507367,7.379543298071341
112102A,patchtst[nse],camels_aus,pub,0.30116945198680095,0.23606487837142526,0.6057433125014091,0.36948933029811265,-0.6057433125014091,0.351209706624895,0.8101461109107421,0.5060210845845774,0.37055506239344216,0.2744927983537078,,0.9564884771095421,0.22426154208074428,-0.02732254751224116,0.0651045736153757,3652,37,0.0,0.06,6,0.06,6,0.6342079478158863,0.6321134068168963,0.0,0.30621418445448995,0.1515108605321006,0.5703042156320086,0.045450919683066915,0.14878311634815267,0.5436198549491522,-35.376080815176074,9.224071521506078,0.9211347021298781,0.4869559376403735,48.54944580802966,44.85230841614891,-79.34045006812256,-42.239425843413436,-32.85588068559359,-90.34347241041642,35.213899422134176,39.85224962448437,3.1193635917471583
113004A,patchtst[nse],camels_aus,pub,0.4110737181560175,0.22017012176609446,0.6631360369044011,0.18644217271778368,-0.6631360369044011,0.08633690218492455,0.8403209025033758,0.23801434448896658,0.47147004376240226,0.16392120449807615,,0.1834937268402659,0.2982631744025019,-0.25807089872392275,0.19090359638992305,3652,37,0.0,0.06,6,0.28,6,0.4385476850767322,0.4302671278229372,0.0,0.867229367027648,0.06369404194588435,0.2572694501281326,-0.05799143079389579,0.13344689356695438,0.38697974142029257,-56.345717200085694,8.31688182848892,0.9676290394847168,0.41304187097717404,44.64159484756977,59.6526348805003,-81.3060666367168,-234.17506427129013,-8.921240975769003,-91.92520978309216,-6.008916648107108,-13.75780858672119,2.84174262723328
116006B,patchtst[nse],camels_aus,pub,0.367062917658777,0.4801001728912704,0.577845965433126,0.7749179262968876,-0.5728116175951502,0.4995425557078194,0.8429896782441246,0.8534151190369643,0.3675501180387993,0.5988772249393198,0.9960005183202921,,0.3722138975498973,0.0034049187409644624,-0.11303725523249336,3652,37,0.0,0.06,6,0.06,6,0.8109144429519436,0.8061246323700351,0.3296788737142296,0.6799610916026021,0.16687428007500327,0.4958917643932611,-0.03297537626827407,0.12267617060692182,0.3746935775967358,-49.31390045200609,3.9876945565351836,0.9127572075448086,0.29818830264033835,129.11423687512783,74.4427795099796,-76.73104653521746,-366.3876899199433,-27.627066995107185,-91.3139892792599,10.014218025408157,81.13235857293178,13.956848873404093
116010A,patchtst[nse],camels_aus,pub,0.35779286410132244,0.3071824434641458,0.6195861597408293,0.5435084386191734,-0.6191367070576204,0.44104295771447277,0.868774728959031,0.6832279562630205,0.3906840051661311,0.33743757801762647,,0.5919608988278408,0.288436576437499,-0.12219634071477649,0.050610420637176634,3652,37,0.0,0.06,6,0.06,6,0.6616365674381132,0.6595352315606202,0.06055000630034948,0.3877973787263701,0.08876992831519626,0.45058540957477033,-0.13985044316675044,0.010598371228836334,0.34674320304744766,-55.154978612774286,5.752046271790115,0.95458371643602,0.3614309255207492,58.87570138551973,57.6873152874998,-82.06813093822466,-642.5444349984597,-23.116336182793383,-94.16882085482852,34.424564504759,20.182902021406587,10.139582634914891
116011A,patchtst[nse],camels_aus,pub,0.3014131338063587,0.32388487134283017,0.5003190411103051,0.5732746085969133,-0.4874065613319311,0.4733942867751262,0.8340226265527166,0.6542110406894943,0.30667683182280425,0.372316608272418,,0.6560519198419822,0.2725921913929003,-0.07912812583588752,-0.02247173753647147,3652,37,0.0,0.06,6,0.06,6,0.688799666636976,0.6837331292798425,0.3814420017882387,0.45158437154105757,0.07863597968586833,0.5788427019061694,-0.11820171872148078,-0.007202537251365992,0.4760613159498597,-44.30930839070651,6.065006144113774,0.9598770860449434,0.43078469317785584,65.16712822621501,54.51843827858004,-79.28714013256143,-307.30141496243715,-13.808977625356976,-93.49934360826832,82.18330047158764,57.280049996935645,4.554799748440839
116012A,patchtst[nse],camels_aus,pub,0.3671408538260996,0.4902788786407266,0.6686610427977154,0.8252124159721742,-0.6654338895536739,0.725440421566105,0.9167164237060906,0.8926444462610692,0.39183691766603196,0.6244232410233338,0.7968837942976845,,0.3649910672990808,0.10804833772066509,-0.12313802481462699,3652,37,0.0,0.06,6,0.06,6,0.7067761171983018,0.7041260143984621,0.16246267256452124,0.37843455571583196,0.05090160665500709,0.47502953820546,-0.233974709685278,-0.12144684165920805,0.27291639060226824,-55.18334184963638,7.351411486341785,0.9742168102352746,0.2133978589961184,176.70261207134018,72.99821345981627,-86.51091756037727,-326.41590695205304,-28.17530582207652,-96.45885720093636,283.3086526664471,184.19432586567413,35.52131910133379
116013A,patchtst[nse],camels_aus,pub,0.3414998885718911,0.31888104503374254,0.618787611740167,0.5075687845918776,-0.6182478046415543,0.31511047112646795,0.8600341349515035,0.6109931986675949,0.3698270601335679,0.36905231840411,,0.8070604308659566,0.2845802590010248,-0.06262104224188435,0.02261884353814858,3652,37,0.0,0.06,6,0.06,6,0.7508486982764735,0.7440678413388625,0.17133164192212197,0.5743638687870382,0.10442530432769437,0.5356894802131911,-0.09545793687098847,0.044095548775401006,0.4000852820534335,-49.33221124677763,5.18172872617369,0.9463480837790637,0.3572824291295511,64.56108588543465,56.91605180020487,-79.73752433904605,-583.0465673216721,-20.327156808335285,-93.43812545083553,36.869798179974204,44.55609786916826,11.314168241445074
116014A,patchtst[nse],camels_aus,pub,0.4789594237995044,0.806801246719276,0.6290584440987739,0.9453551912568307,-0.6235044755530296,0.9453551912568307,0.8042666072153338,0.9459459459459459,0.3976607854668715,0.9541243090941816,0.2815959885608734,,0.6157504257734522,0.47979050411279306,-0.3278418229197716,3652,37,0.13499452354874042,0.06,6,0.2,6,0.3453294757577517,0.34532260300640716,0.27784828896032226,0.0,0.13401085081087538,0.031053293005929183,-0.0021301564785247695,0.07809074275115269,0.42177585313594024,-30.42227649375627,3.2967646013478675,0.9305853798492241,0.047593884603486236,5334.33733464714,123.15008515469029,-74.73484365471653,-138.29930158447002,-52.29934380334853,-90.75622362539194,6417545080184.9375,10628108978271.486,30.198248358532165
116015A,patchtst[nse],camels_aus,pub,0.3060101185093787,0.346044961236145,0.5596653228258447,0.5713871504025162,-0.5557141431955701,0.44643635288393896,0.8494474269781939,0.746079244557507,0.3215693296526945,0.42813108929390153,0.9212585926901576,,0.2778632349600712,0.03367930648780097,-0.04003484272676627,3652,37,0.0,0.06,6,0.11,6,0.7714129148020453,0.7683670479168312,0.21954965414995745,0.5370824393123742,0.08929002492196225,0.5102405051870262,-0.09121227152702027,-0.00955141253792502,0.46453729950132283,-36.72461844316678,6.771120802562731,0.9543112569167554,0.35548855829525394,82.8536660281133,55.57264699201426,-80.90831903383005,-547.5671844837448,-2.2503960783835257,-93.71124340673511,96.8228630155129,98.1058815323766,15.163677130489624
121001A,patchtst[nse],camels_aus,pub,0.5432732445885959,0.9241309777282776,0.5253702987819439,0.9836065573770492,-0.5089884712035171,0.9836065573770492,0.8287498750953365,1.0,0.3431445737511471,0.9781121751025992,0.23851151162475911,,0.7448101888339622,0.6299954087043672,-0.38085773313968163,3652,37,0.31051478641840086,0.06,6,0.49,6,0.2958709016260528,0.29613311549513094,0.5146995821785044,0.0,0.09735374960422283,-0.7416225020925484,-0.05042667094136388,-0.014753734538670349,0.2533834796640275,-19.149343644081014,3.392916388761192,0.9500769707743564,-0.09493000330057821,28199.64515506958,148.96203776679243,-78.08044632715318,-1.2072512832153357e+18,-91.48053839718868,-92.6761845855406,7022591829299.928,12602752447128.297,33.09526417597885
122004A,patchtst[nse],camels_aus,pub,0.5753815985737689,0.8357302915096226,0.7553636553118682,0.907103825136612,-0.7553636553118682,0.907103825136612,0.9295424712211021,0.8378378378378378,0.46727852968690237,0.9015047879616963,0.3063376341491816,,0.6920757924913198,0.5303660785247217,-0.2603486929358537,3652,37,0.2319277108433735,0.06,6,0.22,6,0.26173910763078895,0.2616384861654351,0.08287656390865024,0.0,0.023980591222702352,-0.03532881536462473,-0.31297491908234654,-0.24185100437684692,0.16853105347401687,-54.26374614279638,17.429455799024804,0.9879369457497262,-0.05291674719189876,4276.929581325102,138.41515849826396,-91.5648033560509,-491.28504054720537,-65.65428475045302,-97.24526605497708,8312439918518.066,20223566293716.43,102.61394151221329
126003A,patchtst[nse],camels_aus,pub,0.5244371194068633,0.8556245597490365,0.65908743970445,1.0,-0.6551278630021768,1.0,0.9272323789558025,1.0,0.41151199580784803,0.9831101634602654,0.20479549488341123,,0.6662632759488457,0.5615765731260463,-0.3311874403421732,3652,37,0.16757940854326397,0.06,6,0.31,6,0.24005610009190853,0.2400915952614054,0.40180455801218196,0.0,0.029098105631920834,-0.24786651691013684,-0.2610407386830973,-0.21120565604343344,0.24018801583472404,-40.97283798500969,10.381175199132432,0.9853435412931264,-0.0813037422871059,3750.8865089599185,133.2526551897692,-89.70072517672158,-214.25792663912964,-63.367118852278644,-97.0447125730709,18408432006835.938,27646368741989.137,86.73035901851182
136202D,patchtst[nse],camels_aus,pub,0.6680146253208324,0.9114425834829424,0.5165422392982811,0.9289617486338798,-0.26560143671152403,0.9289617486338798,0.7708427332233884,0.918918918918919,0.5302746884508828,0.952362468125383,0.08946080425803594,,0.8068468235288944,0.5374190971641202,-0.24342795816210994,3652,37,0.16073384446878422,0.1,6,0.67,6,0.5567995507674105,0.5635336971191021,0.923613160427875,0.0,0.04384357370986214,-1.5418351045396235,-0.14879872129890037,-0.14228230883085669,0.0856504716142994,-5.253655612839199,3.107791693960336,0.9778325144369754,-0.45396777741760297,7912.675185038736,161.36936470577874,-74.47938052970237,-113.32158315247588,-52.339414599233955,-92.36255167276092,0.0,0.0,52.40055990389956
136203A,patchtst[nse],camels_aus,pub,0.6853164840080203,0.8100894692832591,0.5937852266612696,0.825136612021858,-0.36377527304222257,0.825136612021858,0.8197208230480992,0.8918918918918919,0.5553510653259677,0.7961696306429549,0.17481822739754915,,0.7678007358892122,0.5538160372575178,-0.12477298527523883,3652,37,0.5739320920043811,0.12,6,0.58,6,0.359850771937187,0.36348681609459815,0.8510497574117745,0.0,0.02882106541574081,-1.6124387243486469,-0.18863790968500793,-0.17831294688440402,0.05348819909932445,-8.699315233635993,2.096955132070076,0.9854841117868208,-0.5176373036663344,4095.702145897918,153.56014717784242,-77.41095449250892,-4.439770105949747e+17,-84.01287155327957,-94.2188556936897,0.0,0.0,34.925096745605856
136208A,patchtst[nse],camels_aus,pub,0.7179157423973477,0.7822450547250662,0.5267056351129068,0.7868852459016393,-0.11521065925892124,0.7868852459016393,0.7871795938961139,0.8918918918918919,0.6060962430377209,0.7701778385772914,0.06829605434450085,,0.7716649617024285,0.5128870310019725,-0.06432931232771855,3652,37,0.5276560788608982,0.08,6,0.53,6,0.4178756002729553,0.42659357346918436,0.935897743996484,0.0,0.054410670424823615,-1.8653008180696986,-0.12448927795053422,-0.11002619398310665,0.043686939405773395,-10.204500218439746,2.198446716251051,0.9724141759431401,-0.48063457729299097,58448.780725504104,154.33299234048565,-74.77889559199616,-2.189866956148004e+17,-76.89893861236024,-92.31225675076762,0.0,0.0,42.390072321476026
137101A,patchtst[nse],camels_aus,pub,0.727032967841652,0.94101401473496,0.5164968059072995,0.9508196721311475,-0.3434428435016579,0.9508196721311475,0.8809261508974782,0.972972972972973,0.5809454427256909,0.9370725034199726,0.09698190097368833,,0.8586362476484474,0.7325339708278961,-0.2139810468933081,3652,37,0.20153340635268346,0.09,6,0.19,6,0.3048764640351423,0.30706364635661,0.8401110754398211,0.0,0.023703253795544166,-2.0791175296613655,-0.22673800521539356,-0.21544056183257476,0.12257402761237957,-12.261631596698825,4.355316108390669,0.9880772976870058,-0.4844594888966933,28896.183369374983,171.72724952968957,-83.3108376969852,-429.22049859157534,-75.43097604924573,-95.96378099371755,3753602504.730302,5292712450027.467,90.94608975551718
137201A,patchtst[nse],camels_aus,pub,0.7326283637931613,0.9459008605646188,0.5457087274499985,0.9890710382513661,-0.4054457479955491,0.9890710382513661,0.8574211201790283,1.0,0.6187488018397167,0.9616963064295485,0.09815188814240702,,0.857847481607523,0.744378729705842,-0.21327249677145743,3652,37,0.2634173055859803,0.09,6,0.26,6,0.25864382229321586,0.25960779407557416,0.7346071213084094,0.0,0.022143316340463404,-2.2189724049123294,-0.23206183962448135,-0.2228322563839784,0.09563481766295678,-10.621084958260642,4.565810657254862,0.9888663628921438,-0.5383620443958446,18785.972495251535,171.56949632150435,-84.28338458020775,-1503.0312545835739,-78.01679329372688,-95.7337715602067,1967717409133.9128,7487374544143.677,121.39180444327057
138004B,patchtst[nse],camels_aus,pub,0.6463464610488617,0.9006202270170472,0.5993832723545018,0.9453551912568307,-0.5128216784772277,0.9453551912568307,0.8761770104394483,0.9459459459459459,0.5040272611291448,0.920656634746922,0.1338123516008739,,0.7857885050959598,0.5800867028622066,-0.2542737659681855,3652,37,0.2469879518072289,0.06,6,0.61,6,0.44089604011542816,0.4425046271833565,0.7625503136051491,0.0,0.025705074687544793,-0.9664965193069719,-0.2665662287542687,-0.22401890353003573,0.10889803097619277,-36.77293435113243,4.915663497825508,0.9870637898902255,-0.23665961930197366,30134.521803109725,157.15770101919185,-85.317360826761,-780.8847791583678,-73.63937366503217,-95.65641179432602,0.0,1656943559646.6064,59.9567564406113
138009A,patchtst[nse],camels_aus,pub,0.4821068800631087,0.839787673720084,0.544128001490083,1.0,-0.5047814670197025,1.0,0.8579207624334071,1.0,0.38284833144893665,0.9789256019336202,0.19421531357314545,,0.6376690207174924,0.5112508940292626,-0.3576807936569753,3652,37,0.07612267250821468,0.06,6,0.26,6,0.37315648526828354,0.37381968306268554,0.626214351450552,0.0,0.030483342538586755,-0.3429717876789067,-0.19976592786741598,-0.18487621541571464,0.3646113816141575,-13.562852430894123,6.619004737614665,0.9846403696078144,-0.15529246718751266,3117.6144246113267,127.53380414349851,-83.34201136304206,-72.70816974570792,-57.647375117650995,-95.27358039179994,11263404786586.764,13443.985451743265,55.03522193207638
138010A,patchtst[nse],camels_aus,pub,0.6673354412924997,0.8756670074606413,0.4900423275869706,0.8961748633879781,-0.12879182521154986,0.8961748633879781,0.7689618781545506,0.972972972972973,0.5233498284759955,0.8850889192886456,0.08909696923048445,,0.793358186920674,0.545208302899878,-0.20833156616814164,3652,37,0.4950711938663746,0.09,6,0.49,6,0.41170020520926826,0.4198346381039274,0.9285993195092365,0.0,0.025708331128013073,-1.8190534182484286,-0.2175074022200414,-0.20034423407154955,-0.07368804329261103,-15.846403671417283,3.323797237767466,0.9870621403295676,-0.42315188212990895,15120.29567196316,158.67163738413475,-78.28356624064813,-5.5310708453326637e+17,-85.84562964491484,-93.6089562436822,0.0,0.0,44.50991469062692
138113A,patchtst[nse],camels_aus,pub,0.5651299339165361,0.8890057938825683,0.5691845847410226,0.9836065573770492,-0.5276311582637851,0.9836065573770492,0.8838658561619539,1.0,0.42971595291799064,0.9767441860465116,0.1700166011849858,,0.7215858949532106,0.5878495985771769,-0.3238758599660322,3652,37,0.21905805038335158,0.06,6,0.43,6,0.3244940417123444,0.3262527126098486,0.6383015864766923,0.0,0.02056766653821185,-0.6262832453157916,-0.28053760128178284,-0.2489145225831264,0.2113105935649363,-34.06915378485911,7.598880013778799,0.9896627372301073,-0.18565393477418501,1683.4932282479592,144.31717899064188,-87.01897418462583,-382.8963747738569,-64.85741351061453,-96.57314358565742,4767426252365.113,11392664909362.793,69.68857864856088
143009A,patchtst[nse],camels_aus,pub,0.6141452511715588,0.8057095796622703,0.48158351633795843,0.7650273224043715,-0.20459081991910136,0.7650273224043715,0.7461287306801981,0.7567567567567568,0.4761491615501083,0.7797537619699042,0.08614884133826506,,0.7346808885569788,0.4586278582330814,-0.19156432849071148,3652,37,0.24096385542168675,0.1,6,0.24,6,0.55664756795533,0.5632510407339677,0.9286114380221131,0.0,0.06288351508323975,-0.975154750872864,-0.09315180343182616,-0.09967676046937579,0.21993199974560174,4.671433614491274,2.24724070386246,0.9680477699559873,-0.4154263457409999,31803.04469832394,146.93617771139574,-68.86194588081986,-344.88520601261365,-58.56699177382513,-88.52309797668134,0.0,0.0,26.341128262319668
143110A,patchtst[nse],camels_aus,pub,0.6743736670978145,0.877873918440815,0.6006490320153224,0.8907103825136612,-0.5291932904585585,0.8907103825136612,0.8805976417103423,0.9459459459459459,0.5489942877030264,0.8823529411764706,0.13943020858523955,,0.7932287137159091,0.5897465004222419,-0.20350025134300043,3652,37,0.4397590361445783,0.06,6,0.49,6,0.3733021449697298,0.37309835681576714,0.6356025991966691,0.0,0.028869458221447375,-1.2484084496627594,-0.21920487982821912,-0.19270015343799707,0.11577380876886345,-22.698992761530665,4.459574367728552,0.985459558672274,-0.39071081159395504,6859.312510334247,158.64574274318173,-82.23252335518426,-7.66004081405842e+17,-85.46753585350906,-95.69245323677158,0.0,0.0,118.17397410076649
143303A,patchtst[nse],camels_aus,pub,0.4161221629614629,0.6934350324283152,0.6669731301385754,0.9289032149157143,-0.664985016499108,0.7733011565840375,0.9113593029304656,0.9579212386893611,0.3611553368970415,0.8374466925366398,0.3973635402058293,,0.5088159378103932,0.358992605266114,-0.27731286946685224,3652,37,0.0,0.06,6,0.06,6,0.36492884961247285,0.360253791548774,0.1087593623218625,0.40871985991563753,0.03473445190234392,0.05814188712322799,-0.20824336755969264,-0.1712315019363002,0.38791050108146563,-28.852052411399715,9.48998794465029,0.982479286345344,0.06154153556936193,526.808388263803,101.76318756207854,-86.74295785268856,-398.663198880595,-53.71272163974166,-96.42179997492633,1348.355893298276,720.5142259232973,48.88419555815365
145010A,patchtst[nse],camels_aus,pub,0.330997333979803,0.5367312016027028,0.5827466624913044,0.810403546548831,-0.5573853083970312,0.7994745848001973,0.8900105054087067,0.8791190786778857,0.3201612192719068,0.6926842885021934,0.6582404444731115,,0.3779342085212512,0.19009721015690206,-0.2057338676228998,3652,37,0.0,0.06,6,0.06,6,0.6524092957543111,0.6520570274341567,0.5314269919508905,0.043383111418530275,0.04662643698158142,0.1912930938096823,-0.16135705558236024,-0.11570570811826575,0.4213859201193716,-27.597315858823652,3.104218591650618,0.9764085021231732,0.22203649221963118,197.1836359924194,75.58684170425035,-79.82986619389364,-370.25615235256015,-39.047391105224854,-95.56063531341646,263.9975389570917,264.92197218593464,9.254787350244518
145011A,patchtst[nse],camels_aus,pub,0.5412214471420979,0.85037232161592,0.5174797140198187,0.9829104277954559,-0.3969079513260869,0.971981466046822,0.8425187298975289,1.0,0.4337051956944859,0.9555354845594239,0.18295177057817727,,0.6846806033126782,0.5094509360964355,-0.30915087447382217,3652,37,0.03888280394304491,0.06,6,0.21,6,0.4975803489563623,0.49857331330590093,0.7655248676136805,0.07857725137768337,0.03813761194511911,-0.7041790044831728,-0.1690860950495181,-0.16173385426713494,0.2720607318068802,-6.446767173179883,3.4154641653584408,0.9807458325452527,-0.29978362518349555,3185.9795166608355,136.93612066253544,-79.1334896616428,-35.49681229139483,-55.01270241318537,-94.32606738488468,2440.037055250154,2244.2186827435603,45.93064881760559
145018A,patchtst[nse],camels_aus,pub,0.49292386679051675,0.8498378447333699,0.5186715316254233,0.9617486338797814,-0.4491417080664344,0.9617486338797814,0.8129128463936851,0.9459459459459459,0.35882842804313836,0.9686582138739728,0.20170305396843163,,0.6621772526774824,0.5436844539723231,-0.3569139779428531,3652,37,0.13910186199342825,0.06,6,0.22,6,0.37165832667416027,0.372440616672397,0.6941176990785455,0.0,0.0697137971940921,-0.5367237888523804,-0.06948897889067762,-0.08743043858538835,0.3768247403953444,12.046190765839558,2.407237290508238,0.9645134539268531,-0.255644968539519,4530.331875808104,132.43545053549636,-72.15779627262116,-136.43637545244243,-59.862097472777066,-92.2539628214928,5622737407684.327,11172646284103.395,25.787984437580104
145101D,patchtst[nse],camels_aus,pub,0.38559139991495145,0.7091775636071518,0.5358350201674208,0.9961592280195454,-0.4509791169669112,0.9961592280195454,0.8721261471314108,1.0,0.3225468260590608,0.884183657988793,0.28628692186998644,,0.5012564805052637,0.3732219961880442,-0.32358616369220033,3652,37,0.03176341730558598,0.06,6,0.06,6,0.4982698324010546,0.4997808021062259,0.7707769063520132,0.0,0.02897188974285647,-0.13695104480694575,-0.17348846411932062,-0.15983811649053936,0.4393621903058915,-10.032075771631595,3.2375723337369124,0.9854075858532567,-0.0011772025783047813,2786.0300040597112,100.2512961010527,-78.51261058189613,-31.810297784121914,-46.36318137184917,-95.26979065149918,3172.667013782402,1152.6588198944125,25.752816929215463
145107A,patchtst[nse],camels_aus,pub,0.33229481971240177,0.5183274591633448,0.5272344308679692,0.7557962141378716,-0.4873212987806313,0.7557962141378716,0.8180443764328243,0.8807755958341911,0.2994357597170694,0.6229060240358151,0.3560780099457755,,0.38417319861,0.24604797733451933,-0.186032639450943,3652,37,0.0,0.06,6,0.06,6,0.5549174314586286,0.555830425849137,0.6750476393993173,0.0,0.0867656377854702,0.15120414856078168,-0.044064649049673665,-0.01836737902440677,0.5281186422008031,-13.227685104901557,3.3791501295113413,0.9556329641732384,0.19459590260229842,170.4007852109708,76.83463972199989,-74.60849613385476,-450.3225185459714,-35.51850538212606,-92.33775103689769,151.46568873344629,173.3444832972882,13.599126483676686
146010A,patchtst[nse],camels_aus,pub,0.4364665154417485,0.7193013608767375,0.5788706097580547,0.9818596733521949,-0.5391397745996612,0.9818596733521949,0.8805017518559335,1.0,0.3713872676434917,0.8594693871426627,0.21999854179418243,,0.5384427572081346,0.42504469393748345,-0.28283484543498894,3652,37,0.011500547645125958,0.06,6,0.06,6,0.3571047389734079,0.35710473897340783,0.6237107567021976,0.027119766163807645,0.017686748209107317,-0.21100071595910985,-0.25187186652213533,-0.2322966005454299,0.37340149216278795,-19.688220640685206,7.059007413074494,0.9911171735929575,-0.06388021121847398,1661.1247172467274,107.68855144162669,-83.90411124761908,-21.60242604056345,-46.08770305770508,-96.17828620960985,2192.999770802354,826.1400656773818,50.07037021128785
146012A,patchtst[nse],camels_aus,pub,0.4052800186449264,0.6773033114421511,0.6286321746263891,0.9352503976271587,-0.6286321746263891,0.9352503976271587,0.9026766717748923,0.9821347267862247,0.3418016549390896,0.817819760541397,0.3476044995738938,,0.4961287128365953,0.3722815657165862,-0.27202329279722465,3652,37,0.0,0.06,6,0.06,6,0.3159956033245958,0.31599560332459586,0.1536869056782735,0.029314221831255188,0.0358564087777572,-0.0028925616043973257,-0.1795795377535414,-0.15688158116077933,0.448202495830303,-17.461218121040137,9.20681965564266,0.9819081378735197,0.05208520693885266,567.3849455993837,99.22574256731889,-85.28337102362403,-170.50386836934018,-49.220576057961445,-96.19912511477158,1172.1237714889833,760.2558360828111,43.50762330668501
146014A,patchtst[nse],camels_aus,pub,0.3202766551003157,0.4509099955648273,0.56734606392729,0.7758226926141557,-0.567079780302193,0.7758226926141557,0.8772180632491507,0.8269638282158874,0.3349029387185806,0.5734693686797951,0.8921301856450192,,0.32740477891641656,0.07298055616363995,-0.13063334046451158,3652,37,0.0,0.06,6,0.07,6,0.6556025065291291,0.6558356818209009,0.057436899835739075,0.00978627966100225,0.0048562497905798585,0.32906752945693196,-0.3956215556241982,-0.3542120366963928,0.25557623663484363,-51.84579133271651,14.549385701473884,0.9975689200297994,0.26274733884655743,120.89295961337987,65.4809557832834,-89.66116121941256,-594.0780887722265,-33.24367663633885,-97.34142751940959,228.63795572624105,130.56377670686933,22.087643980668403
146095A,patchtst[nse],camels_aus,pub,0.4806628728507562,0.7855028372560167,0.6062997148703789,0.9777105094002424,-0.6005589402780752,0.9770120269870876,0.8978385701814717,1.0,0.3705031119162427,0.9067444119564102,0.2270382119648539,,0.6068245069546966,0.5153362720362417,-0.30483996440526046,3652,37,0.011774370208105149,0.06,6,0.08,6,0.21368253039610713,0.21373088092830972,0.37020233852821527,0.05122332528797628,0.02590091344161849,-0.37818196247799274,-0.2019940509557634,-0.19570507799512504,0.40139386296326296,-5.946450246772072,10.029855294033144,0.9869645822208523,-0.17604661974715086,2115.0098330239216,121.36490139093932,-85.98252016282181,-29.45045476430043,-52.52288207723809,-96.11678005336894,4067.9911319447574,1818.1405559327636,67.86806211071422
204034,patchtst[nse],camels_aus,pub,0.5607817427797996,0.7826292153627699,0.7146164683733116,0.9375018327565624,-0.7081873327504694,-0.48326319456584155,0.8919358465705074,0.7812502812814313,0.5031929150837023,0.8859142727833352,,,0.6464266403479836,-0.15199494189929977,-0.22184747258297022,3652,37,0.002190580503833516,0.06,6,0.17,6,0.9354033236085983,0.9279274153646178,0.25464861007728173,0.8685113848278391,0.03366730738257384,-0.5383871407746712,-0.25278228395951663,-0.15491337805609717,0.17270562647027987,-49.629838796947105,2.0908885173288945,0.9830222238675105,0.01967007820099642,409.0854226893239,129.28532806959657,-84.80700237422835,99.99999999999999,509.50059288744274,-95.83322784695592,-99.99999996443202,-99.99999998827884,0.8768061357082989
206014,patchtst[nse],camels_aus,pub,0.6354494088339518,0.7423283877764792,0.718936317638521,0.47474392120257514,-0.7091248974107032,-0.17006482196682374,0.9103181278990606,0.10810810810810811,0.5452478167067292,0.8117353399668585,,0.0333411705146151,0.7065941484540658,-0.038974844087887615,-0.1068789789425274,3652,37,0.029025191675794086,0.06,6,0.06,6,0.912023752005658,0.9025753378849818,0.31263038318259684,0.8941191122730586,-0.01876686441820752,-1.1037622258099251,-0.24682396748311985,-0.2231769239463257,0.2215944834188478,-15.697436640003964,1.096119976778505,1.0093398161264655,-0.3053680079946097,688.4383145681138,141.31882969081335,-80.2364238908026,99.99999999999999,539.5362732820515,-97.03662881612676,-99.99999985716326,-99.9999999626319,-2.373222182155779
206018,patchtst[nse],camels_aus,pub,0.6656134541092661,0.7366337905722761,0.6668506554020329,0.34972677595628415,-0.6616985518155294,0.34972677595628415,0.8999728331021591,0.32432432432432434,0.5335604155790323,0.7260957758897901,0.35645938554507206,0.15540104283673847,0.7442352542927291,0.02925897923531922,-0.07102033646300998,3652,37,0.08351588170865279,0.06,6,0.09,6,0.81655515255993,0.8178909093583178,0.2365001245230479,0.0,-0.06974404626414121,-0.8697765336423016,-0.17149260958961077,-0.20381391135147475,0.24763154843979318,20.05769770055368,0.6214687753230825,1.034284315971262,-0.5860232625758257,2568.648897676265,148.84705085854603,-70.0031377735303,99.99999999999999,380.2167419091073,-96.27236908115992,0.0,-99.9999989965884,-1.0909482643997257
208007,patchtst[nse],camels_aus,pub,0.3967114867160382,0.519564090045248,0.644053330656792,0.7530573598273733,-0.6327371766660425,-0.47218110881817776,0.8911657367062596,0.8226276706393923,0.4051154827774801,0.5961350112978164,,,0.4142676338245652,-0.2188410485675077,-0.12285260332920978,3652,37,0.0,0.06,6,0.06,6,0.8748095786885817,0.8689912250052094,0.3017222127463489,0.9183683501387232,0.044896059263522914,-0.6187782366845791,-0.14810438161050254,-0.0315983687791348,0.4021486608736661,-44.434236821347305,2.210952638038241,0.9772941935448494,0.33818629909089615,74.27834220059754,82.85352676491317,-75.14594707558051,-218.63381476353504,-4.715117743825371,-95.21573628529944,-99.99999999844488,-99.99999999879901,-13.856660292938866
208009,patchtst[nse],camels_aus,pub,0.4436962816286976,0.5704162896758453,0.6660949703096484,0.809291357456028,-0.6639983001446592,-0.09507737441796416,0.891169914403449,0.8234179494911772,0.443583831168481,0.6596175840999546,,0.029486270969817208,0.4631246911074448,-0.24726581557185462,-0.12672000804714773,3652,37,0.0,0.06,6,0.09,6,0.8710757156128153,0.8614838034443331,0.1919268315414622,0.9934644868455565,0.02722544168457708,-1.1303995341868216,-0.10248649426614986,0.03019612545556083,0.349176604066751,-44.068512667045894,1.0897138121578023,0.9862933429337455,0.31022267505856504,95.86751352645115,92.6249382214891,-74.02648936662287,-22.2666659153044,19.772370172754428,-94.74387378648916,-99.99999999724311,-99.99999999827223,-19.248790690108756
210006,patchtst[nse],camels_aus,pub,0.7850272750526228,0.8796883987210949,0.68865733332326,0.6665501909142375,-0.4735605926915997,-0.3607722134573472,0.7619701142953875,0.1891891891891892,0.6991126866656,0.9123436221858214,,0.025977289678333584,0.8656372271675615,-0.48901563321353136,-0.09466112366847212,3652,37,0.019715224534501644,0.13,6,0.06,6,0.8288439830034712,0.8255515985283521,0.907372804407854,0.7276053975575562,-0.0037098727759197203,-1.565806176824199,-0.14187946492202852,-0.09834529496099442,0.1640340508092355,-20.222940274851762,0.5181335993414499,1.0018532191773004,-0.32254850946313085,8223.676759493079,173.12744543351258,-59.026620685053494,99.99999999999999,341.51573225567046,-89.87697083894665,-99.99999792225066,-99.99999947531074,-35.2363961751279
210011,patchtst[nse],camels_aus,pub,0.4700173441150262,0.5972074720629734,0.7204512316014527,0.8469153172375047,-0.7164405090052994,0.3938989338256292,0.9439002216393377,0.7297297297297297,0.48391023255873844,0.7103450043472846,0.5893435514393076,,0.4826550497231125,0.09053065884357153,-0.1271901279479472,3652,37,0.011226725082146768,0.06,6,0.08,6,0.7935664826844605,0.7875256490878786,0.2033741854258848,0.830947510741878,0.011712026220238259,0.08071328581317783,-0.2734111236990835,-0.20257400492115463,0.32012761990902794,-41.743607960734224,5.38365096341415,0.9941267392942218,0.05898864040995777,684.1147745913764,96.53100994462277,-84.11347991999962,17.386295600257167,-21.094353186845776,-97.51570827531877,-99.999999994819,-20.24552879352883,39.35167966790421
211008,patchtst[nse],camels_aus,pub,0.6972614938531357,0.9046841437284527,0.616827867186624,0.9016393442622951,-0.5871430152826729,0.9016393442622951,0.9143395073989129,0.972972972972973,0.5649694483843452,0.9262095997056248,0.233153682087022,,0.8119573080207695,0.5512932189309098,-0.207422649875317,3652,37,0.11829134720700986,0.1,6,0.12,6,0.42662998030637544,0.42785369830098097,0.42414760039017513,0.0,-0.011709737558710742,-1.3356402996234134,-0.25788363524686053,-0.2673951724961985,0.14013233014888138,8.98093224111812,3.4910845772553207,1.0058378286576373,-0.6840846169108208,10514.062004213509,162.39146160415376,-80.53546140944653,-85.91353626929265,-65.85763387898982,-96.94975589894946,0.0,636599063873.2921,80.22085685634976
212209,patchtst[nse],camels_aus,pub,0.6069876950032513,0.48534027564174387,0.8447318535983139,0.638465691598989,-0.8447318535983139,-0.08998734184846889,0.8992646496100573,0.6605215848998044,0.7808627121538877,0.5670665731065321,,,0.48970079621805374,-0.3072641214216161,0.12164741936150747,3652,37,0.0,0.12,6,0.12,6,0.7277626813218653,0.7178288634969116,0.0,0.9843909347411184,-0.09075826807457599,-0.5289699495104532,-0.3271528036995728,-0.10953613773952431,0.08737572316958409,-70.39801475591767,3.4916841029657335,1.044393732303376,0.18744750115403574,83.48396001406482,97.94015924361092,-78.00083409359587,-484.0287985024445,-37.40087290294064,-95.10564470204471,-99.99999999864323,-93.25738735759856,-20.44776549577073
212260,patchtst[nse],camels_aus,pub,0.4307038122310654,0.6569595374420091,0.578103924887199,0.8841310571421894,-0.5705595571050631,-0.3508416204534386,0.8424101609635422,0.6206849078412653,0.4007006187860443,0.8051576281621721,,,0.5057445380783878,-0.1572492949124043,-0.22625572521094367,3652,37,0.004928806133625411,0.06,6,0.09,6,0.939456839480653,0.9355281400174406,0.35500824370012546,0.9011549676833258,0.08862627936546064,-0.4066055454156312,0.03974106266371602,0.11520677485724262,0.4873364364019779,-24.83928577529558,0.912384022252444,0.9546589551429031,0.2219858774886685,217.43037381133252,101.14890761567743,-67.73484080503518,67.03177381313202,36.368367764589394,-90.78549886515175,-99.999999983792,-99.99999999423261,-19.508257730258176
215002,patchtst[nse],camels_aus,pub,0.598575708036017,0.83237066613694,0.681300110851811,0.9937027504253454,-0.6765073939550975,-0.9735103643287529,0.8916469085229519,0.972972972972973,0.4922351430903109,0.9154080173627251,,,0.7004377034285691,-0.36440026690181804,-0.233794958100923,3652,37,0.0002738225629791895,0.07,6,0.19,6,0.8408111612982043,0.8414642599026543,0.2663262769253997,0.13016646371130233,0.014868626651042494,-1.7771043723953173,-0.12415736874395744,-0.047025801670229184,0.3195564974232967,-30.85689080249334,0.8791789409242179,0.9925378447943219,-0.030320125493684458,182.54890680437734,140.08754068571372,-75.69581951534603,99.99999999999999,595.0121823970485,-94.46470663936135,-99.99999998156046,-99.99999999225116,-21.354959768107225
215004,patchtst[nse],camels_aus,pub,0.6972495580294125,0.739165666516794,0.9249426548149902,0.7670274693790342,-0.9249426548149902,-0.4788741699652283,0.9785483795068668,0.08108108108108109,0.7262970891041898,0.8442817356694808,,0.012979374335393876,0.6953179746107321,-0.5486946605909682,-0.04191610848738159,3652,37,0.011500547645125958,0.06,6,0.21,6,0.6990874290455429,0.6899385838844759,0.019527942170252898,0.7409962617916404,-0.02397010410348921,-1.685098733826802,-0.5541006646110775,-0.393279079191178,-0.13903212745424964,-84.66595428185903,3.7507098852440857,1.0119140794076782,0.07144041286186709,159.47312279326604,139.06359492214642,-95.43211016428123,99.99999999999999,651.0754724752826,-99.07481204344491,-99.99999998698134,-99.99999999618719,-15.054624272634651
215207,patchtst[nse],camels_aus,pub,0.7142982738593397,0.8673665214809253,0.8104663311743302,0.9300695908248218,-0.8037402369370225,-0.7748484419620637,0.9355475026610254,0.7297297297297297,0.6394754336485358,0.9325405114343803,,,0.7817582741054783,-0.5416536680101971,-0.15306824762158555,3652,37,0.002738225629791895,0.06,6,0.13,6,0.7593269945665564,0.757062885082346,0.2134670775121575,0.4095533018483346,-0.006288100439099109,-2.3314398548671895,-0.37383073407952994,-0.235315698600024,0.030378220738200845,-61.92186593397004,1.157728017666395,1.0031391231724038,-0.005164718322556938,181.86106308175815,156.35165482109556,-85.57444422815946,99.99999999999999,559.3921452623108,-97.3517911331092,-99.99999997039995,-99.99999998698128,-27.146534386492483
216002,patchtst[nse],camels_aus,pub,0.5167411873938448,0.6956865159746981,0.8334427514309496,0.9682536456360231,-0.8283537624286343,-0.40003459737249497,0.9105578804734514,0.995592680037352,0.5533329770100482,0.8308310653531679,,,0.5463784851954969,-0.18909376893763027,-0.17894532858085332,3652,37,0.0,0.06,6,0.06,6,0.8871522870476717,0.8798917006776054,0.13032313718947533,0.9029276498970015,0.02246674332102372,-0.22507653241752035,-0.26260817850776896,-0.12071892183911337,0.21728060107247027,-57.437595465434775,2.318552524779881,0.9887028151466832,0.14362406995197097,336.86543863938726,109.27569703909946,-82.77965270160821,50.399382290191475,13.249813642330817,-95.78177015820694,-99.99999997861563,-99.99999999360729,-9.87420131298363
216004,patchtst[nse],camels_aus,pub,0.6545316396841765,0.8260796768879871,0.6850628357437815,0.7868852459016393,-0.6500880568381036,0.7868852459016393,0.88097148526374,0.8378378378378378,0.4909364227650793,0.7948016415868673,0.19274672719058003,,0.7617739123334495,0.5550147392466019,-0.17154803720381062,3652,37,0.2836801752464403,0.06,6,0.29,6,0.40299135644306455,0.40426544746236764,0.49005178025552326,0.0,0.022236163606645043,-1.1517570943257636,-0.13762634932050788,-0.16751056560052646,0.18628831350578023,21.72056297019525,1.3032018555076765,0.9888194154613648,-0.6602915189740868,8811.700890268568,152.35478246668967,-76.38546306408338,-2391.1259903078017,-75.09747286925847,-94.05667246763127,0.0,0.0,41.116026949931275
218001,patchtst[nse],camels_aus,pub,0.5586863335788357,0.6831565400986578,0.7490623709680441,0.6625294242630972,-0.7482799790794914,-0.5198043008202184,0.9326622840755939,0.05405405405405406,0.5470574795201624,0.8241943765551918,,0.013634907633046865,0.6016923293188619,-0.3069762054169605,-0.1244702065198221,3652,37,0.016703176341730557,0.06,6,0.06,6,0.8146138778598113,0.8083737122046293,0.1076088191587424,0.5206532308635714,-0.0036798130000912366,-0.6894627145068764,-0.3058808991815649,-0.1945689131996302,0.20470702292734122,-52.84695606771014,2.254784871314853,1.0018382169792144,0.1325421758476205,475.03254581597184,120.33846586377244,-85.89730200622401,99.99999999999999,549.2200122474444,-97.27839765294672,-99.99999998262625,-99.99999999329832,-16.568628247482888
219001,patchtst[nse],camels_aus,pub,0.5773693554830012,0.7309629699988632,0.7370281827777266,0.9334894278132634,-0.7322757706870485,-0.846303078429839,0.9402344301202487,1.0,0.5385181045003374,0.7828085496050562,,,0.6247850649492221,-0.400180805763768,-0.15359361451586206,3652,37,0.0,0.06,6,0.06,6,0.801962548045413,0.8009691474331676,0.11641578256941491,0.5462604931303838,-0.01650630594919411,-3.1911517672121086,-0.358762328486927,-0.2542583316008342,0.12823371402258077,-54.13978820607195,2.451324134247573,1.0082193739207723,0.1346714356732197,125.74123273379723,124.95701298984423,-85.48336693811129,99.99999999999997,796.8691290284439,-97.80299663133532,-99.99999999760422,-99.99999999823368,-17.495445634940992
221207,patchtst[nse],camels_aus,pub,0.4337466090999462,0.4061494889700376,0.619154393763153,0.37077482091643804,-0.6099900658579395,-0.18603966430900876,0.8662638126653225,0.4579082987291992,0.43563512157003653,0.40863274160449625,,,0.40471045020221375,-0.3193904686285189,0.027597120129908614,3652,37,0.0,0.06,6,0.08,6,0.7349121441527384,0.7250550545163315,0.2478100020862338,0.9981659925006661,0.00709171964666655,-2.6740300917983486,-0.18306465887063883,-0.037910261306380866,0.2838819691321408,-51.51179606667416,1.945839152135612,0.9964478312251642,0.3597063080489433,58.62732061224955,80.94209004044265,-78.33798543731896,-1126.5783072580991,35.555714866223965,-94.33670078685535,-99.99999999949927,-90.86353237787614,-20.507267142521155
221210,patchtst[nse],camels_aus,pub,0.5963189593064772,0.7310866233135027,0.6258272136991107,0.4371584699453552,-0.5613522599288133,0.4371584699453552,0.9154018540575788,0.3783783783783784,0.46587554889134275,0.7451908931296608,0.9642746857603878,,0.6940885126423789,0.014410317882900514,-0.13476766400702556,3652,37,0.08461117196056955,0.06,6,0.09,6,0.8713786571198006,0.8716652936687482,0.6499778463568282,0.0,0.022572476945588282,-0.2655683633030286,-0.20554457512303181,-0.15553678200514898,0.2860069627055143,-29.07212878310419,1.7389286095734369,0.9886493428179739,-0.13654322237709038,3862.5357650895453,138.81770252847576,-81.5257459525665,99.99999999999999,319.4214943144641,-96.59134993956101,0.0,-99.99999949161159,4.047022211385542
222206,patchtst[nse],camels_aus,pub,0.4109062323284626,0.6714094329271536,0.43500744622634424,0.8339522189315746,-0.38597414666569413,-0.18553733690348564,0.7996829590536703,0.8803078348677141,0.3372842828956183,0.7763695061520217,0.2459322091998382,0.25233528916122383,0.5203294948302027,0.04539777525513655,-0.26050320059869103,3652,37,0.0008214676889375684,0.17,6,0.1,6,0.9040033609102024,0.8982637979521741,0.7059823347539612,0.9880736695688416,-0.07237149857632819,-0.6233662250866705,-0.0007073010635090249,-0.06277162711379969,0.4734791513808556,29.85219256341206,0.9389858179880864,1.0355537159299502,-0.08216558967468446,255.28318684351828,104.06589896604079,-57.16985213328394,51.55545314318456,10.750566430670856,-91.53075886569289,-99.99999999124287,-99.99999999509514,-7.187131422133828
222213,patchtst[nse],camels_aus,pub,0.3864510135818798,0.6270755227444519,0.41307314406869083,0.8368106652092199,-0.3841222030920338,0.21798879075526584,0.7434416441891122,0.9335945169302998,0.3087863270770322,0.7235622767250202,0.21621658706914573,,0.48511323151221786,0.16212601277295483,-0.2406245091625721,3652,37,0.0013691128148959474,0.06,6,0.06,6,0.8214294164893847,0.8138944558766716,0.6628116600856657,0.9300522550475488,-0.06667430242388472,-0.3828829482472995,-0.1399468954243419,-0.20779190486311028,0.4074997427935001,43.331539552655606,1.224903554840031,1.0327992556270964,-0.09991868433997375,277.19344526814353,97.02264630244349,-53.313010756069076,25.659450766045534,-1.7608427077623534,-91.17571970917562,-99.99999999267907,-78.08404470749213,-4.206761878159953
223202,patchtst[nse],camels_aus,pub,0.5171900441731543,0.7857184450579482,0.42031676993701533,0.8989347983237886,-0.2140550019373436,-0.25557659809226,0.710440155304538,0.6473100400935514,0.4212116427663283,0.8588807198078288,0.1321427537001126,0.016450863096057457,0.652821822705299,0.06902649771989385,-0.2685284008847939,3652,37,0.006845564074479737,0.16,6,0.07,6,0.9069347161627088,0.9029567645485019,0.9279911752547181,0.9295515223761935,-0.3118796430463855,-1.1282805441703974,-0.3426644098221878,-0.4579795789935084,-0.08118128831208349,95.50626451422885,0.7054921247375007,1.145373145767957,-0.7419230835567687,1249.9115640920015,130.56436454105952,-33.19850562784973,81.47322401628395,47.73230862707946,-88.10173379832177,-99.99999996794837,-99.9999999873664,-10.736373666832444
224206,patchtst[nse],camels_aus,pub,0.3153574999644811,0.5655924234816206,0.49306087925522474,0.894913702688999,-0.4919469959670865,0.8681268888874861,0.7082194785769194,0.9705252869765951,0.2892354811251452,0.7204946070812325,0.566488307108192,,0.3887194319954216,0.20508484603824284,-0.25023492351713955,3652,37,0.008488499452354874,0.06,6,0.06,6,0.6328602436779708,0.6328405622721881,0.19245807627655026,0.21656876837308436,0.16576594336631778,0.3789118728882147,0.18846677670697543,0.19577406101003914,0.6956988799872816,-2.357271477291993,1.1650110799230846,0.9133641424063472,0.3342130505807597,610.8667286755201,77.74388639908419,-59.39490770091929,-12.59463045296414,-37.22294977599752,-86.31874814194542,552.4105732967238,374.22533512588893,-1.1409846736709697
224213A,patchtst[nse],camels_aus,pub,0.28295359034523754,0.4516687971963394,0.3387098893843744,0.6204967014677117,-0.3125487867967868,0.5507616360201741,0.6226550641193196,0.7934554140746872,0.23303240795004618,0.5178473852344847,0.30867253223228075,,0.34373777825506346,0.22955257764338363,-0.16871520685110186,3652,37,0.0,0.06,6,0.11,6,0.59962842660084,0.6009306296893157,0.6553175630670285,0.4010271618837381,0.11663478543838068,0.32298841006465695,0.2509997242453399,0.1770302567922215,0.6301956551763537,26.535994216020672,0.9518323920538193,0.939875105831418,0.2798641240722606,139.4341339574838,68.74755565101266,-46.28407635694624,-373.1062179779153,-22.22432242644609,-80.94393633047727,120.34347276655501,147.1303725979867,-1.963972311840313
224214A,patchtst[nse],camels_aus,pub,0.4833978940148679,0.6424420124527593,0.45349289325698383,0.7767638239718274,-0.34907818717771355,-0.15759525434293217,0.8037459053951005,0.869290099037627,0.4241520419215844,0.681731626576063,0.16090219949080836,0.12629641681722215,0.5511520529719466,0.09493773446741967,-0.15904411843789146,3652,37,0.0,0.12,6,0.06,6,0.8748432417891155,0.8699296627852157,0.8743526739790062,0.9622147049842992,-0.05812877298046959,-2.5103342643727267,-0.1856613034297636,-0.246650915666496,0.2704422241578951,43.03757121234882,1.1799897698376693,1.0286538645144292,-0.3869114443650592,246.00546875776467,110.23041059438934,-64.81885033264716,-349.14189189272685,58.35023684890289,-92.53493190827793,-99.99999999605356,-99.9999999969466,-10.77101157333476
225020A,patchtst[nse],camels_aus,pub,0.2988560709135419,0.15453746989929845,0.4751192986791224,0.12942505243180072,-0.47394644572735184,0.09412667501687175,0.6973122685882529,0.12364739341962938,0.35117793150612453,0.13683076429093222,,0.7519181732226975,0.21041372737473,-0.07960433188014415,0.14431860101424343,3652,37,0.0,0.06,6,0.33,6,0.8519819922684096,0.845076854142636,0.12311382847162049,0.8742784967321893,0.04413942884066768,0.1418578420383525,0.1763327460123808,0.25228126037162424,0.5180650905075912,-22.139038566515307,2.6389042827238676,0.97768122164606,0.5623879886625189,37.69255738930028,42.082745474945966,-55.157876795452545,-42.22779891176098,-0.6454627719418055,-84.20005243154542,-7.4516398056112525,-5.0351045155820335,0.6102573961493329
225110A,patchtst[nse],camels_aus,pub,0.3656402584626037,0.6819225236716437,0.2863369614399946,0.9016749562099197,-0.20816739921968302,0.9016749562099197,0.5704887176140981,0.9721400394731046,0.25464646861743734,0.784351785673981,0.14209187436535006,,0.5105319314331478,0.47082757664394387,-0.31628226520904007,3652,37,0.0,0.15,6,0.07,6,0.20171269395132885,0.20667238467194718,0.8720063103019153,0.0,0.0360983290143313,-0.09108290811467223,0.05356630188530431,-0.07817673521259061,0.20991545005173207,74.41151541331845,1.4898472646390921,0.9817849413113183,-0.11412175874157415,461.56483910517795,102.10638628662967,-34.24024721281386,26.00200278578753,-39.67816813327007,-76.54249832391159,863.5524632055641,603.020631277533,6.263918686592007
225219,patchtst[nse],camels_aus,pub,0.30888972674986054,0.5731280205352276,0.4829795785308114,0.8756750256139473,-0.47838641934657006,0.8538171021166795,0.7039303691101247,0.9435580997829065,0.28637098826083585,0.740957804958239,0.5560522501936171,,0.39016983543566924,0.24389014977386106,-0.26423829378536706,3652,37,0.0,0.06,6,0.06,6,0.4875982234528513,0.4883736778142314,0.25252784479357976,0.07621747024805019,0.19792706219740663,0.38209005415105735,0.21166842310520007,0.21575228727848894,0.7158814670667542,-1.2928230432065233,1.425993530829652,0.8955852487633957,0.3498042285527897,264.39292338920325,78.03396708713369,-58.845838249270926,-388.43208578254695,-42.1476160632253,-85.28708087918409,777.28735351643,503.5712093253285,7.279663927113506
226220,patchtst[nse],camels_aus,pub,0.338585019117618,0.36657331778336766,0.30565075808507725,0.4860105466386456,0.08821397301557754,0.4843603164280201,0.3588447843594524,0.5437649649441763,0.32522555028399547,0.38435817506026876,0.029268096897769318,,0.3461312157243481,0.3003613895515766,-0.027988298665749645,3652,37,0.0,0.12,6,0.06,6,0.48791569629166304,0.49786108310816324,0.7873591699329806,0.06948743606116,-3.7105671047760005,-0.8699129848528346,-0.5494901173137703,-0.17089208631130948,-0.10878686035606466,107.3050172770508,0.8865505973226208,2.170384091532188,-0.2026836153036662,129.01407007984608,69.22624314486964,80.94958088985912,-181.1467859016638,53.728638414878,-43.72934842510386,68.31546941758042,77.42616525143303,-8.581795758424803
226222,patchtst[nse],camels_aus,pub,0.29426859307054665,0.2375737648772774,0.3409063548837841,0.24902994485019928,-0.21615433355973718,0.24149024535793073,0.42989021902407226,0.2925281282314593,0.3054362605494663,0.1930395565276688,0.1279688187862945,,0.2645491590780959,0.1449523972361676,0.05669482819326924,3652,37,0.0,0.32,6,0.06,6,0.7856245486693527,0.7921288887523547,0.9313309040024175,0.3079450089039628,-2.893477260424268,-0.7634684992297338,-0.22910660230793867,0.1616809072617449,0.3111925091419324,54.109464753250684,1.1201924990774292,1.9731896159326068,0.19818850866960858,79.42380536489092,52.90983181561925,64.88282580742451,-56.95823725963269,68.95575401268209,-58.73243390731502,7.308680551656476,6.29805130113896,-8.305988078828634
226407,patchtst[nse],camels_aus,pub,0.3186259507632266,0.3481570247505176,0.5781343569358611,0.5248932523998528,-0.572449469542805,0.4269208595569391,0.7978692711418256,0.5713412412049728,0.3244208863504331,0.39798862186479567,0.7176829084354164,,0.2951099441712821,0.06420493210903697,-0.02953107398729099,3652,37,0.0,0.06,6,0.07,6,0.8058594512073572,0.8015971646373761,0.23912501904137112,0.4624635241002368,0.10519358587348793,0.3233253128787925,0.059964821334614005,0.1042695918259795,0.6322230410404256,-15.772190075375553,1.341952391420833,0.945942077574791,0.3703605721903599,79.6076648204593,59.02198883425647,-67.61445614799264,-1031.8739138472906,-17.73497174356404,-90.3600030622469,28.91396821073553,45.729179147627235,4.945326970124084
227225A,patchtst[nse],camels_aus,pub,0.2938314374795268,0.27536868814304943,0.39744088882966205,0.3364379472715253,-0.3141761355756195,0.26610152451332525,0.7027023704674036,0.3919297601257257,0.2822311840253911,0.25771215578338136,0.21356963358935108,,0.2725386956969758,0.12194852578850278,0.018462749336477347,3652,37,0.0,0.06,6,0.06,6,0.8011129961128275,0.8016211864379826,0.847041246490613,0.6680448066002126,-0.013921774819219301,-0.06872394252125313,-0.04488063095614381,-0.08428859747885364,0.6172383768620666,20.2966473019442,1.9929975087998328,1.0069368276208888,0.2650523948206357,76.32028111755906,54.507739139395184,-55.164022005766846,-983.1094862740406,26.186662300534177,-89.03941366044502,-12.799549639418172,1.3229257752679144,-3.597074815215577
227226,patchtst[nse],camels_aus,pub,0.36261675651168457,0.5271461876288923,0.5740649432350858,0.8017261018785143,-0.5702822903799887,0.6745099745973067,0.8034292663148246,0.8432178352136838,0.3596806360023461,0.6323218382454097,0.5753030265572392,,0.39677707007035645,0.17157192148740785,-0.16452943111720775,3652,37,0.0,0.06,6,0.08,6,0.6582123112652308,0.6542356556092084,0.17589666404938936,0.4153669610938898,0.07297510796883422,0.3366770463572367,-0.007957867707649058,0.022227603606939095,0.638983112845604,-12.658349191899124,1.561166194533252,0.9628213188495391,0.25130815347321855,195.62033312141597,79.35541401407129,-68.04271528995288,-258.1993097656392,-37.9262248286731,-91.53454227772814,237.77202894932108,231.18529463222194,12.59480237861788
227227,patchtst[nse],camels_aus,pub,0.49366802920141195,0.7306617678332924,0.837444394756438,0.8961748633879781,-0.837444394756438,0.8961748633879781,0.9716453924050846,0.8648648648648649,0.5100094174519892,0.9135784710483308,0.6684888997192905,,0.5537095574099253,0.25044923520298606,-0.23699373863188045,3652,37,0.09529025191675794,0.06,6,0.19,6,0.5155085759281728,0.515527283236463,0.009786279661002243,0.0,-0.0025927527287417096,0.2920007088782006,-0.28742491241356616,-0.1812679181590251,0.2779286125369036,-52.583600911416795,3.001296416200959,1.0012955371561094,0.12404921678951986,3757.5762298589966,110.74191148198497,-88.37048587414613,-72.69956846669746,-55.90556211015753,-98.42764296182528,3023421764373.7793,100599.91604926792,35.016809856635774
229650A,patchtst[nse],camels_aus,pub,0.2551193749633072,0.5022754454861511,0.19105648386273252,0.7648545881728078,-0.08353954369673323,0.7648545881728078,0.327307621694769,0.9126123029701955,0.1956599159744945,0.5947050311241548,0.10781823797118312,,0.358463384873541,0.32022840304473593,-0.24715607052284388,3652,37,0.0,0.12,6,0.06,6,0.4302224130757889,0.4397893444048914,0.9765666823129125,0.0,0.059585311179579215,0.036379381058035065,0.28722887967618316,0.20964452991033944,0.3044928044393628,64.17543330167986,0.7857966357274403,0.9697498073319843,0.1910202780281739,188.73690434565796,71.69267697470805,3.3037715546516826,19.684688681942728,-17.194579215541737,-48.404152495643615,209.89431648610548,183.46988812995062,-7.571265177370839
229661A,patchtst[nse],camels_aus,pub,0.2526050960026834,0.5316485806939911,0.1853863054418506,0.739918765391517,-0.11095218315733658,0.739918765391517,0.3620484361549885,0.8197079260193085,0.17325818098005763,0.62343409493488,0.14806627121117796,,0.37800029531795726,0.33753341904355205,-0.27904348469130774,3652,37,0.0,0.32,6,0.06,6,0.37345300286162497,0.3823184117898459,0.9522764205358938,0.0,0.26769974314373635,0.04837027682477657,0.3558812350848978,0.24053613750086844,0.3583616458568102,57.36363017762274,0.6979156294401953,0.8557454392845243,0.22137214766563185,185.8475813068145,75.60005906359146,-9.794791020614793,-210.52201514438514,-32.87963298287008,-46.188436916525184,220.3389041501661,211.76956475481282,-6.335398137079102
230210,patchtst[nse],camels_aus,pub,0.7907084181725439,0.8061749348317192,0.5401109488146703,0.8415300546448088,0.2936789512535632,0.8415300546448088,0.5207767399630671,0.8378378378378378,0.7670885267368946,0.7783857729138167,0.02616014163806665,,0.8197910974254279,0.7741456763781979,-0.015466516659175311,3652,37,0.6429353778751369,0.06,6,0.18,6,0.1224887693272769,0.13228152087272185,0.5689193190948083,0.0,-0.2252667343256589,-4.753757770555918,-3.0485041380568685,-3.111821303428825,-2.993970496918716,389.9453910893829,1.1682799333988094,1.1069176727858576,-4.1857306715602585,52204.64198639959,163.95821948508555,-32.40158496623063,-5.802004328151976e+17,-76.27797013200188,-83.339985273541,0.0,0.0,78.49899105631322
231213,patchtst[nse],camels_aus,pub,0.6008844988538797,0.9125293987687906,0.3497984721146474,0.9508196721311475,-0.03980391366794213,0.9508196721311475,0.5947842585093521,0.9459459459459459,0.4651269347720005,0.957592339261286,0.05603073449775407,,0.7788558743589475,0.7287815039660236,-0.31164489991491084,3652,37,0.291894852135816,0.06,6,0.43,6,0.177426357464654,0.18547664665379204,0.8240567596823712,0.0,-0.15483562551268237,-1.1506893914697844,-1.0416994771051589,-1.153072462466462,-0.943821857395297,187.85429444220358,0.981380139813822,1.0746327863566616,-1.5374069295924442,4940.258886568652,155.77117487178955,-40.28466069109542,-8021.284516589967,-75.75962424969067,-78.33119262166342,4449075460433.96,8638665676116.943,14.049026680927188
235205,patchtst[nse],camels_aus,pub,0.259567578139339,0.4615167829680781,0.31558770289915483,0.6910209035547494,-0.3009933345585411,0.6910209035547494,0.541211173573579,0.824125718418657,0.2166083249558201,0.5592007185385701,0.2616511958652764,,0.3316964746894962,0.2669932770224354,-0.20194920482873907,3652,37,0.0,0.06,6,0.06,6,0.34753936748941444,0.3494985951715163,0.5512874225940051,0.0,0.2188121238082371,0.30106612732156346,0.3302006075049837,0.237409210330633,0.6099282901423553,31.255799857994695,2.6220557821926316,0.8838483332516744,0.32836980331370247,134.77211901935726,66.33929493789923,-39.65190103963133,54.55017756200758,-29.69107843490806,-73.63339603110356,251.44647626228883,174.71074252945334,3.139329344489986
236213,patchtst[nse],camels_aus,pub,0.6911961633877846,0.5553198098769107,0.5470216343162334,0.5683060109289617,0.2616168595386913,0.5683060109289617,0.4927272668727605,0.4594594594594595,0.7572994098022362,0.5225718194254446,0.027216979530247615,,0.6319202654404442,0.4940162859045555,0.1358763535108739,3652,37,0.6861993428258488,0.06,6,0.27,6,0.24797837640358197,0.2581343206115948,0.6921323691675292,0.0,-0.11791130544766548,-3.1409125876958957,-2.0320301086034744,-2.104715616788735,-1.974180087171121,283.4667624349502,0.6623961000382323,1.0573132484971828,-3.1417635939524953,20895.491555135093,126.38405308808886,-32.317275095542655,-0.0,42.1115955719928,-79.32204815631069,0.0,0.0,35.10958923626351
238208,patchtst[nse],camels_aus,pub,0.4616131078579902,0.6164975161564282,0.3855024225370734,0.6562485605210769,-0.2470682074576092,-0.11941135380111301,0.5849688057348146,0.6380309027953444,0.35728218301513737,0.6297274818503422,0.1872702142008989,0.012947894038936026,0.5507520525308299,-0.0624682313106699,-0.15488440829843803,3652,37,0.0,0.11,6,0.15,6,0.9527142756654082,0.9503885712943578,0.9382646629395237,0.9947797617946657,-0.050851674804734515,-3.4485408779149953,-0.08608326246947984,-0.1427620138287644,0.4259320666160378,31.872054994669774,0.9276546331089657,1.0251105671120235,-0.1345235108374334,163.8669679446523,110.15041050616597,-48.729943032852226,-309.9828469498935,100.34944582206349,-85.48013089129303,-99.99999999730164,-99.999999997659,-13.204297964201228
302214,patchtst[nse],camels_aus,pub,0.49874345770501294,0.7891674178630644,0.5862046252132782,0.9552944491865564,-0.5807184740465224,0.9552944491865564,0.8707400923408489,0.9937958920229621,0.34513116867262505,0.8660568781079128,0.2237108075937485,,0.6321870060706796,0.5475872031431357,-0.2904239601580515,3652,37,0.001095290251916758,0.06,6,0.06,6,0.16744190653958232,0.1676793356317848,0.2641312153051599,0.0,0.012069387645362584,-0.5263615220159918,-0.23671190613323345,-0.24531209285989775,0.42254024955571456,9.533494030251388,2.989340570167124,0.9939469866922668,-0.28880456295074164,1676.4420301581608,126.43740121413565,-83.55768092828967,-25.950081335210232,-57.97132135212288,-95.8764870869014,1250.497715898134,1031.2376252773515,60.981795492421604
304497,patchtst[nse],camels_aus,pub,0.33042357713358905,0.6001795555973998,0.5133418851379251,0.9576763020455502,-0.5133418851379251,0.9576763020455502,0.629828113215813,0.9784652331688635,0.3872226949564341,0.8300096473500561,0.7860050080182381,,0.39415732734307507,0.174670869543906,-0.2697559784638107,3652,37,0.0,0.12,6,0.11,6,0.32198631925265003,0.32198631925265003,0.0,0.0,0.26790472921837916,0.23252544360782013,0.20568232477459192,0.2640138465659274,0.5971928481254523,-17.39878543600133,2.940061562165374,0.855625660427281,0.3845028477348552,484.7368343589017,78.83146546861494,-58.06624716237593,84.75617737827592,-64.91637334300725,-78.6324051041406,2273.5698555337335,959.4772351060684,14.053947433334606
304499,patchtst[nse],camels_aus,pub,0.40532258416796996,0.2186757588738534,0.65589350403923,0.20275519882015675,-0.65589350403923,-0.06818565088012887,0.717276674301882,0.1444008326818707,0.5118293656251299,0.2182110464063485,,,0.2845923624465052,-0.17005207547152865,0.18664682529411655,3652,37,0.0,0.06,6,0.63,6,0.7593235303570637,0.7494466052681057,0.0,0.9903586760798699,0.05940228035736628,0.1252200475600176,0.04414096126256695,0.20902565490970304,0.41252862945347635,-44.761623317516126,2.447908492327386,0.9698441728662567,0.4256052298296902,46.33418664685468,56.91847248930119,-66.03626260507342,-2344.5640723841907,-28.81856048299444,-83.96236755290603,-39.38248517426004,-25.93118045958688,13.861942171283333
305202,patchtst[nse],camels_aus,pub,0.48418223224922924,0.8194539758095212,0.608834572207115,0.9698482862399238,-0.6076247233292901,0.9479903627426561,0.8630594666732971,0.972972972972973,0.3514281726386695,0.923027110983861,0.3036890108775969,,0.6347525734879933,0.5117600621057466,-0.33527174356029193,3652,37,0.029299014238773274,0.06,6,0.59,6,0.29764976365741513,0.2977181866079477,0.14741286778336643,0.11107737177369796,0.03256149815758813,-0.3870741077322071,-0.1320992167430688,-0.1517800026279552,0.42756806547300374,14.50312055214823,2.4712146372818107,0.9835845168781441,-0.24222960764588053,1738.816508189931,126.95051469759875,-77.4887502875364,-39.82843946093114,-65.03386540289549,-94.12246708910236,2568.085454244645,1896.8504490387995,60.290754394025925
307473,patchtst[nse],camels_aus,pub,0.45362928217309495,0.4752889305083098,0.7122331049083537,0.6832909914415737,-0.7122331049083537,0.6832909914415737,0.7865770571565566,0.7054706929744335,0.5720558829330966,0.5959132681220922,0.9226933339283325,,0.4050139957193811,0.051510949361911335,-0.02165964833521483,3652,37,0.0,0.06,6,0.12,6,0.35330925173920746,0.3533092517392075,0.0,0.0,-0.02333682689870531,0.1171998535334241,-0.12438620878241147,-0.039575099314664186,0.22069047278615272,-34.81163483890524,6.638695734659734,1.0116011204514876,0.255053285833001,132.0347865148941,81.0027991438762,-73.1795659672068,37.93655063560606,-63.71680617049809,-88.4665375541182,250.87876699681033,190.30624938454096,64.7717903090792
308145,patchtst[nse],camels_aus,pub,0.3652673577427878,0.4668589377457007,0.6027263001817004,0.6127378370312306,-0.6027263001817004,0.6127378370312306,0.725660678922687,0.6551768688133666,0.39110800110182337,0.5563547286079036,0.6462076464788454,,0.37564539929121094,0.17691235666153104,-0.1015915800029129,3652,37,0.0,0.06,6,0.45,6,0.3683063774154558,0.3683063774154558,0.02931422183125514,0.0,0.05886481115288,0.08244015299850604,0.05789896758597368,0.061284746705372206,0.4407650813053565,-1.3150018910213366,5.60810206945402,0.9701212237896458,0.24646564668180537,131.2313564519476,75.12907985824245,-61.4123330401761,16.342438479384597,-48.76381168623766,-84.24116101292428,222.80915383911244,179.8733311618272,33.931902648023424
308799,patchtst[nse],camels_aus,pub,0.37600140294901335,0.4995735069630691,0.5918307554135624,0.6403714906034861,-0.5918307554135624,0.6403714906034861,0.709663063440706,0.7145848046766438,0.4020832471895228,0.5887522491592457,0.6410800584596406,,0.3984184133144064,0.19391982767045124,-0.12357210401405577,3652,37,0.0,0.06,6,0.17,6,0.32054973251841673,0.3205497325184168,0.0,0.0,0.1159071703597857,0.09950139212568654,0.08236084929684973,0.09452560179951108,0.45597673716814935,-4.6462057403066925,6.213631644806834,0.940262106883083,0.23218851959286724,156.5975205431017,79.68368266288122,-64.35763039206118,73.12906441792725,-55.68920147991897,-83.37977730289064,241.17991487160978,213.90469826537634,40.83621882157734
312061,patchtst[nse],camels_aus,pub,0.28580483143860325,0.42804415962168996,0.46859831678535135,0.6326810755953927,-0.46859831678535135,0.6326810755953927,0.55337179524271,0.7344705189670713,0.3109154049542458,0.5444268880967117,0.7290889021226155,,0.3122219052688524,0.13771130395628742,-0.1422393281830867,3652,37,0.0,0.06,6,0.07,6,0.47142037812436305,0.47142037812436316,0.03467894647882614,0.0,0.351912733224245,0.5040832115426721,0.3453025088756525,0.38788022560037294,0.7210968632865244,-10.238408417532343,2.993988663733443,0.805038674087,0.46177181520267263,104.43671846716344,62.444381053770485,-54.33365304047489,44.91305416316237,-47.255662375186446,-71.58609854074666,248.45719497523186,199.85173598084035,10.173048573979782
314207,patchtst[nse],camels_aus,pub,0.31659474678970956,0.4230880906108082,0.49650078226076877,0.5817336057652457,-0.49581005296467573,0.5817336057652457,0.6623333526633184,0.6361993116556792,0.32345926508544587,0.48963240186898965,0.6400316866643618,,0.3352745005724321,0.16082966073142038,-0.10649334382109865,3652,37,0.0,0.06,6,0.08,6,0.4800212030487668,0.4800212030487667,0.07083509863131157,0.0,0.2386415277898395,0.45123433008392044,0.27531596223162147,0.29716605846909006,0.6925101696853285,-6.049938555487675,2.7903626897935556,0.8725585780967148,0.37466450180797617,109.68669541585925,67.05490011448649,-56.0805607789601,-87.99629888045486,-43.39362575855337,-80.70220416297515,184.22517480054475,159.14193444670767,15.028041688503047
314213,patchtst[nse],camels_aus,pub,0.34833072213936994,0.590285788755162,0.5848020469764155,0.8566599378860509,-0.5848020469764155,0.8566599378860509,0.7627056809943789,0.9280111711302113,0.351929849649679,0.7528773808299125,0.5814777641449104,,0.4138603277524596,0.2528129780027452,-0.24195506661579208,3652,37,0.0,0.06,6,0.16,6,0.3645710578862231,0.36457105788622307,0.08066045838955213,0.0,0.21141762907801898,0.3904519591837661,0.15434164323319421,0.20137479938078684,0.6523764269486998,-15.260495873244597,2.1326057712428725,0.8880216049860392,0.3098125422960031,249.81297530123223,82.77206555049175,-68.8998471128812,-39.27871236534986,-51.67843771560631,-86.91998106535468,738.74175971648,585.769565840692,22.87529242459851
315450,patchtst[nse],camels_aus,pub,0.38311113942558533,0.5692693659299739,0.5948241392859915,0.8500981107072806,-0.5948241392859915,0.8500981107072806,0.679968339040821,0.9034183236505879,0.42419669372089025,0.7087801619726898,0.6992505320818707,,0.4216109172204517,0.19309168615584502,-0.18615822650438857,3652,37,0.0,0.06,6,0.06,6,0.3449375269653993,0.34493752696539937,0.009786279661002243,0.0,0.15967191892854138,0.22567749486048172,0.14477446113578818,0.1827166595353279,0.5168205674018472,-12.234389439826037,4.530875023741491,0.9166941044162218,0.2652387518445265,212.13717070192732,84.32218344409031,-58.28462455837894,62.29111509537487,-56.597922511412236,-80.89485133276239,668.8362664150621,354.6550584776113,39.003351805419975
318076,patchtst[nse],camels_aus,pub,0.3452090752697652,0.33795846945540003,0.5994818519324309,0.49839617303298783,-0.5980330301792433,-0.3400335304883332,0.796229649530953,0.4285112047380917,0.37806817339573456,0.3767874657067218,,,0.305779860544445,-0.10021889572208484,0.007250605814365152,3652,37,0.0,0.06,6,0.06,6,0.8529633667053435,0.8432745236490748,0.13707785671904854,0.9573002817492393,0.16557110985817214,0.039882095521542205,0.10167681078598378,0.2094758976768979,0.5684873858231206,-31.181140056337384,1.789645123354554,0.9134707932615185,0.4102313063561279,55.549023469455015,61.1559721088891,-70.46761660647887,-938.7684265300966,-0.2805889340474021,-89.01000040650361,-88.72849490374587,-48.28521788040797,5.252724628901042
401009,patchtst[nse],camels_aus,pub,0.39430723561980663,0.6696338886686795,0.45920637224248184,0.7213114754098361,-0.43243587850763376,0.7213114754098361,0.7071619320650515,0.6756756756756757,0.3052330162363475,0.7922874146309289,0.36120267212848983,,0.5200168642941435,0.14948719427508594,-0.2753266530488728,3652,37,0.08680175246440307,0.06,6,0.09,6,0.7939837999338156,0.7961100421699062,0.4975928290312888,0.0,0.1041120676009164,0.03319568222211755,0.26091821426640793,0.21060614470038597,0.6041315472443218,16.981754614435445,0.5287523865042643,0.946513566938733,0.09694893373661151,2213.7188275674,104.00337285882864,-44.66528059509768,13.1045184216975,-26.97845673396274,-83.06959011175809,0.0,-99.99999989066248,-5.593289375911567
401012,patchtst[nse],camels_aus,pub,0.27042611234180547,0.2530479264494737,0.46861783329666024,0.35990619820992026,-0.46622973780317967,0.26403067627001786,0.6649663746322656,0.43587506631624345,0.3151505822444394,0.28848414266269207,,0.8650281354470786,0.2283080512289355,-0.04648830931492393,0.017378185892331754,3652,37,0.0,0.06,6,0.08,6,0.754181646197817,0.750728449786635,0.11584620051353037,0.5802632817786959,0.2680652262219514,0.5019183691863169,0.2472967909402869,0.3567211857004351,0.6458243897812304,-26.518029852676303,0.8823425022876342,0.8555318660213941,0.5473903127144185,48.457870939594294,45.661610245787045,-57.81937495674796,-915.5663642723234,-33.16867923732092,-81.6404352517919,12.394251397443544,9.72381476406237,-7.732685791971653
401015,patchtst[nse],camels_aus,pub,0.6256572871875467,0.48031530512548193,0.5143495396798922,0.48633879781420764,-0.41235234507102997,0.48633879781420764,0.7588352531202274,0.40540540540540543,0.6350085919949773,0.45964432284541723,0.13745874813764195,,0.5544902108424913,0.3518334929972369,0.14534198206206472,3652,37,0.6478641840087623,0.08,6,0.53,6,0.3050585017435138,0.3086830597966495,0.7333603066832055,0.0,-0.011905946932515121,-1.1369245187918193,-0.13060353143461056,-0.2036510395361948,0.1240011840391988,48.4252852395232,0.48357666965803164,1.0059353592217122,-0.8780711308807254,7578.089824910623,110.89804216849828,-56.50488144852794,-0.0,27.52303572163413,-89.1854721368587,0.0,0.0,33.026958949076324
401203,patchtst[nse],camels_aus,pub,0.24470367450319155,0.4500932424390407,0.3665171463117871,0.6761967329760897,-0.3662884229279148,0.6761967329760897,0.6247698770586073,0.7611769001169141,0.2030092533377724,0.550605068997297,0.4175580702161323,,0.31379320436335345,0.2322043486286826,-0.20538956793584914,3652,37,0.0,0.06,6,0.06,6,0.3721969508029228,0.3736043889451486,0.22714292829853963,0.0,0.23596632678660068,0.24089914352179342,0.27826827470935556,0.21789473112411295,0.6592617991943988,20.07846542408472,0.695551746660156,0.8740901974129438,0.3927682596793902,116.91932959362849,62.75864087267063,-49.76479486856844,4.342156227418406,-46.63004057454974,-79.31600145694432,238.74026154942797,210.29931393087665,2.039123025172224
401208,patchtst[nse],camels_aus,pub,0.3182726208687801,0.5180614826020523,0.36202684751331976,0.7761777821800493,-0.29674780007024637,0.722775771535261,0.6200542930113938,0.8945933579204347,0.2861009288005292,0.6200460733002827,0.1691967768166826,,0.3849301620012337,0.2487742729221449,-0.1997888617332722,3652,37,0.0,0.06,6,0.08,6,0.6353006543465013,0.6365149650614275,0.7528610018498135,0.1835026080449041,-0.023908075414990515,-0.06438189513616766,0.0898410131584444,0.0009472521187892102,0.4705916610288139,40.88172857992073,0.9250138845291441,1.011883429756111,0.09071345895826943,193.7422280208026,76.98603240024664,-37.521600946808555,-307.90954972519313,-17.872164341031475,-82.02352039160128,135.94678807865748,119.2542345453621,-5.210737115568017
401210,patchtst[nse],camels_aus,pub,0.2900780511330268,0.23345575193007712,0.4855682298824365,0.28899552169756404,-0.48329838847041146,0.2047817656140522,0.6668856729242009,0.4016375078995507,0.336107760954605,0.2331676513220841,,0.392528019277976,0.23609365058134668,-0.1049341511865402,0.0566222992029497,3652,37,0.0,0.06,6,0.07,6,0.7970955879846309,0.7921750424039784,0.14757408787917964,0.6399807848506983,0.24909140406847052,0.41667424498912453,0.23446555684053805,0.3641120596825196,0.6088713021870794,-31.014276134848107,1.1145118866749555,0.8665498231097445,0.5299837285022824,43.910445927534155,47.218730116269306,-56.038098694625,-845.9277627609239,-19.18619018746326,-81.54841217197902,-9.001990991255667,-18.53014108153487,-10.891014118517516
401212,patchtst[nse],camels_aus,pub,0.28273226988410344,0.2268630708926224,0.5175211159969981,0.34316495590212814,-0.516071141373756,0.33575430718681726,0.6651684533248009,0.4224661937810875,0.3508647807802638,0.2649481075341347,,0.8941400804002517,0.21509438700032885,-0.04452504525099585,0.055869198991481045,3652,37,0.0,0.06,6,0.08,6,0.6438706800522467,0.6423318527812717,0.07756513281820185,0.1927377940366532,0.23979579315882915,0.5875925637667687,0.17836372548849144,0.29768671930193,0.6036170729944165,-31.248400689658187,1.29520855980888,0.8718969014976317,0.5357167271716897,44.930514700478724,43.01887740006579,-63.70827452333742,-1181.4485946775771,-39.71956122701846,-82.15169236492795,44.76477021642668,35.63390518705768,-4.992971481662187
401216,patchtst[nse],camels_aus,pub,0.23645170208964075,0.4824508603358409,0.3714152954256871,0.7171148232338221,-0.3700343516372117,0.7171148232338221,0.5682206561432279,0.7922321789654959,0.20062041061444683,0.6011855756197709,0.45904454449946885,,0.3226487002852348,0.24287228855654863,-0.24599915824620014,3652,37,0.0,0.06,6,0.06,6,0.2489770068632082,0.2497660021620975,0.13728906549178616,0.0,0.24569116088591092,0.10018057127134727,0.23501899477694566,0.1752590524971831,0.6404416288033374,22.31957920678592,1.4224682557683086,0.8685095503873801,0.392204675669808,124.81737744678239,64.52974005704692,-49.3729399066992,58.74072997508047,-59.946805868396744,-75.63082162917163,341.2053982280941,264.4235487369452,5.226799801448694
401217,patchtst[nse],camels_aus,pub,0.2418546669946795,0.388050499582161,0.40151938274922844,0.6138202416125874,-0.40009869660792385,0.5546412387347013,0.620556264129846,0.7745472889511589,0.23699446256285614,0.4670814827229226,0.6021077614597339,,0.2755229720548963,0.12928958559659054,-0.14619583258748148,3652,37,0.0,0.06,6,0.08,6,0.6212274766257592,0.6191300589534481,0.14299318191127522,0.2835825152325965,0.3821634917262855,0.5070915257757544,0.38221897107664604,0.4049975100156268,0.7525396519920092,-5.38598596846161,0.7121448046428365,0.7860257681995638,0.4976346142149215,92.92488258663829,55.10459441097934,-51.290635100484856,-493.9526160101072,-39.303311094731214,-78.07294502945368,103.67823091028588,104.10154162351024,-7.458241970650793
402204,patchtst[nse],camels_aus,pub,0.37286243958191245,0.6887666073931913,0.41603855276766544,0.938794292809316,-0.360400377786061,0.938794292809316,0.6986257633706225,0.972972972972973,0.3095895195591155,0.8500559883462285,0.19363274586470702,,0.49676826768678817,0.3287065699830999,-0.31590416781127884,3652,37,0.04079956188389924,0.06,6,0.1,6,0.5802022980587366,0.5822294788122773,0.6648716357423065,0.031158755913601354,0.02532445864139976,-0.1728771742173194,0.04047990981037808,-0.03945153844297922,0.44419530374805116,39.24274427634932,0.8906127531961381,0.9872565732162031,-0.04421233350504683,1800.8874998397196,99.35365353735797,-47.25824198221798,-19.37667557803746,-35.10301010764297,-85.85636954807818,1531.785010274694,506.33871888609644,-0.2934582680216299
402206,patchtst[nse],camels_aus,pub,0.27572266527273204,0.5999166135300105,0.27556357502207923,0.8727328313060965,-0.2308169097984188,0.8727328313060965,0.41462533114080824,0.9403091276124227,0.1975205695314006,0.7401044388277859,0.2415160824643468,,0.409532940508166,0.3360391619275537,-0.32419394825727843,3652,37,0.0,0.06,6,0.06,6,0.4553219422718553,0.4599417532777412,0.6861735574443341,0.00978627966100225,0.274512382614571,0.10350966701756636,0.3865543231704849,0.2729951086029785,0.49685896222237147,40.444920487312864,0.6471102273838197,0.8517556089544871,0.22755527204744141,323.7282412294382,81.90658810163323,-17.698855149935188,-256.4843356778831,-39.53250333972093,-60.103737579398576,566.7242056722408,456.11527357009646,-9.830009824863003
402213,patchtst[nse],camels_aus,pub,0.42895217145683867,0.7667065532263901,0.45531257372808315,0.9726775956284153,-0.431613783653121,0.9726775956284153,0.7199302014580636,1.0,0.3373223012349596,0.9240074427863137,0.20083261592960563,,0.5723059615297952,0.4297929200676875,-0.33775438176955147,3652,37,0.08680175246440307,0.06,6,0.14,6,0.44614389425016887,0.447176014786394,0.5604301080285914,0.0,0.012304450142704648,-0.31082695176370434,-0.039307451192981624,-0.12391155018389988,0.3455520175477532,48.42768530671283,0.9872453880003608,0.9938287326583466,-0.24420333753982648,2874.633294981944,114.46119230595903,-52.012883912250395,-56.11021329236032,-46.592175797828396,-86.85051416957408,3337000608444.2144,7437.814005603595,9.57818280100217
402217,patchtst[nse],camels_aus,pub,0.3702082255707625,0.6966084263700195,0.32028258707786816,0.9190633203903706,-0.11753970494642896,0.8753474733958349,0.5971581391767141,0.9589690363157288,0.31547145738217164,0.8350867718499841,0.5922436274123819,,0.5079476707831209,0.2613574061691051,-0.326400200799257,3652,37,0.0002738225629791895,0.48,6,0.07,6,0.6532403851620474,0.656338453039016,0.9681263396181427,0.15778283351294836,-0.2175435255143292,-0.1379984910654264,0.12162807831044564,0.0441221438917333,0.32667778772046485,36.19045427297203,0.7214299970897007,1.103423547652636,0.008561511774254127,699.1890665592434,101.58953415662396,-11.161318225604473,-11.710116022986098,-51.321089167434536,-80.06052995788382,530.7335777869295,583.0861180069569,-9.444910698380783
403209A,patchtst[nse],camels_aus,pub,0.2970361880473771,0.5697883013594348,0.43949338055469184,0.9306574054326259,-0.4338707885335695,0.9087994819353579,0.576496342386179,0.9902740306810193,0.2691470438504142,0.7068997413587568,0.5134497637145906,,0.3860409864973344,0.2299356440324491,-0.27275211331205773,3652,37,0.0,0.06,6,0.06,6,0.5704727154731045,0.5704727154731045,0.265313106408418,0.09561392726446138,0.35076861044029095,0.3291618271891218,0.38417259551002203,0.38299685142671513,0.7099003172995054,0.29176085355442616,0.8182293692500358,0.8057489618731811,0.3522862874211491,733.6030356999368,77.20819729946685,-44.932532266568394,-77.23884440573256,-44.07056157106255,-73.48426828742676,415.31169874018946,301.65498409337636,-1.6400383080802812
403213A,patchtst[nse],camels_aus,pub,0.32872088702482677,0.7498220766023758,0.3626313913584552,0.994535519125683,-0.3441713225629297,0.994535519125683,0.5400619772685417,1.0,0.23268304487629174,0.9397750257330132,0.28087453579401866,,0.5088874951553909,0.4159840026143857,-0.421101189577549,3652,37,0.06133625410733844,0.06,6,0.15,6,0.40694072719878205,0.40846070921418487,0.596810152296927,0.0,0.21124663860254067,0.06779073925088452,0.22045308848270773,0.13979768997733744,0.5767425298652432,30.854820779860535,1.0523136355257146,0.8881178758461397,0.16624258662013913,6065.754645815882,101.77749903107822,-44.51022455088743,-57.94611218585989,-53.14626829641664,-75.07350071439,10771906375885.01,7724.706998658881,-2.5039459589908484
403214,patchtst[nse],camels_aus,pub,0.3825674607337469,0.719168888399382,0.3349081463355686,0.9393767170179187,-0.2900365628837575,0.9393767170179187,0.5534809624499022,0.9499865673036016,0.27008436892534476,0.8455339726923755,0.1655100443878377,,0.5354307394958213,0.47217760473149656,-0.33660142766563506,3652,37,0.0,0.06,6,0.11,6,0.30489735691163733,0.30717647814590965,0.7167752226532282,0.019527942170252936,-0.018098933974274756,-0.3647534835343371,0.0034155938988150725,-0.1271069616431093,0.1315508029257254,78.41701730897532,0.675735089361655,1.0090088869649638,-0.2321828107947015,605.0199632017583,107.08614789916413,-29.23652725411979,-509.06170551471104,-44.84347399973752,-73.90789031280576,1238.832826924992,790.772602007121,0.1355434025254419
403217,patchtst[nse],camels_aus,pub,0.42798352387840544,0.8096801220180476,0.5138971905273106,0.9875971790132282,-0.5132771320092325,0.9875971790132282,0.6978726143903868,0.9990874054259983,0.29317723864445594,0.9325372307315678,0.31601942662788685,,0.6013465439276879,0.5050750904213849,-0.3816965981396422,3652,37,0.00547645125958379,0.06,6,0.27,6,0.22673142000804794,0.22673142000804794,0.1719903826538453,0.0,0.054245669445792566,-0.36451300942186804,0.005752426249892029,-0.06417439728387953,0.3812099554494043,37.347479639300445,1.7005660493471018,0.9724990131379092,-0.19878109186123094,2240.4142926700424,120.2693087855375,-53.29140128219791,-34.59356651782236,-58.1105480537668,-85.39468857629659,4277.53117344091,2734.9494682011095,10.644495191167744
403221,patchtst[nse],camels_aus,pub,0.4384823291270378,0.6647662118582349,0.5641975719640903,0.6721311475409836,-0.5491024669868374,0.6721311475409836,0.7923537403426455,0.7297297297297297,0.3463571303608721,0.731832699805255,0.42328528985801805,,0.5448962322011613,0.16278664379566618,-0.22628388273119715,3652,37,0.13608981380065718,0.06,6,0.14,6,0.7388089702146777,0.7412844356733256,0.44804189553772045,0.0,0.08619475958179768,0.0462318010995052,0.04769459294407907,0.06652695190386482,0.5829052207566445,-7.31858956236211,0.923992908261925,0.9559316086510596,0.0848025532259401,1968.1775221371627,108.97924644023233,-63.898219566396634,4.520388828231715,-30.85602788470217,-90.49566421357262,0.0,0.0,-0.19069742110215127
403222,patchtst[nse],camels_aus,pub,0.32722002214867074,0.6129096339644603,0.4866974908079754,0.9613733037764969,-0.4775872199847421,0.9613733037764969,0.647555916329989,0.9979107310418671,0.29762706255615745,0.7545878217471728,0.4886601504852226,,0.4211964775380384,0.2892929063656233,-0.28568961181578956,3652,37,0.002190580503833516,0.06,6,0.06,6,0.38973123812863975,0.3905962802698532,0.27490204480562996,0.0,0.2780784994034763,0.24147037544403605,0.362235557727529,0.3362311971350903,0.6785988777803095,7.0936021369012074,1.10726075722947,0.8496596380884076,0.2702764037160661,5437.987809881001,84.23929550760765,-41.000654693156164,76.76927401928192,-49.15450742603055,-78.31405260119861,964.3758011183477,511.5131382543235,2.0564538146784472
403226,patchtst[nse],camels_aus,pub,0.3393252002765811,0.7714219235166112,0.39625611062485755,0.994535519125683,-0.3835709500310445,0.994535519125683,0.6052508206574236,0.972972972972973,0.23542119702511718,0.9599834770940038,0.3263456096311907,,0.5257183784182345,0.4183102541430765,-0.4320967232400301,3652,37,0.1196604600219058,0.06,6,0.17,6,0.40323586313686716,0.4041009274129431,0.44868589184441776,0.0,0.28030243769128216,0.034194379224308236,0.2972317923957253,0.23416828652101773,0.6219603603516988,20.50609033214144,0.9277358466992206,0.8483499055865555,0.1973843635225837,4489.11374443581,105.14367568364679,-47.363134256904914,-102.7674431610724,-57.73544972660438,-77.82641208096034,8585016131401.063,13799107074737.549,-4.166297952304304
403232,patchtst[nse],camels_aus,pub,0.340931105694515,0.7414809998937941,0.32878460094369755,0.9995064052360411,-0.29832560202471947,0.9995064052360411,0.5700012269260736,1.0,0.21989413605788002,0.88954685955979,0.23551151282539481,,0.5192734700752035,0.463649455347388,-0.4005498941992791,3652,37,0.018893756845564075,0.06,6,0.07,6,0.23606616517723583,0.2377101757674025,0.559397044159475,0.0,0.25933315509073307,-0.07404142056546537,0.2600035246511465,0.13611119362915336,0.40848525754011455,50.003548373651505,1.0910948356148809,0.8606200351544617,0.04364252182931827,32552.51821402732,103.8546940150407,-37.87720159213867,83.065785901602,-50.63425781210581,-73.35256869584994,57802.488400540235,1193.1353789191091,0.4179894894816701
404207,patchtst[nse],camels_aus,pub,0.44043627158229964,0.8260639661443457,0.46128765378508585,0.9562841530054644,-0.44474474498163374,0.9562841530054644,0.6976242804871408,0.9459459459459459,0.31086898849572336,0.9513759503515011,0.19913015158762484,,0.6217498826277775,0.48064223047064,-0.3856276945620461,3652,37,0.11883899233296824,0.06,6,0.12,6,0.4193782356306691,0.41966422521964036,0.5252267151600202,0.0,0.10648686382945483,-0.15408378601914285,0.01898282279891439,-0.04094536705324736,0.4770719469679099,32.93971220889821,1.1789545235931222,0.9452582378221018,-0.14270517656322745,11161.549360510517,124.34997652555543,-63.199311707331404,-106.76819726183295,-61.73101468550471,-86.15019472306726,1405855119228.3635,5917948484420.776,13.177105206164791
405205,patchtst[nse],camels_aus,pub,0.24377395980556682,0.19180417215419163,0.38693561254035247,0.27377732525049725,-0.38075238423155594,0.26102601489864496,0.5684875967803205,0.3129895514044076,0.2540780492128476,0.18374674339636382,,0.5826866712644789,0.20057214612554622,-0.07800285443649745,0.05196978765137519,3652,37,0.0,0.06,6,0.06,6,0.7402567060917657,0.7400763025028896,0.28075239460550916,0.30559731338238266,0.33792792638319,0.4446658762873098,0.4826957917819116,0.5676380619087616,0.6592050660105881,-21.162683057677132,0.6706972394150884,0.8136781142545312,0.6234248593958646,37.29864227640466,40.11442922510927,-33.128403620202256,-204.4040854939549,-8.52335517161334,-72.13163881113172,23.128770914816545,11.539858742099803,-7.890826752716562
405209,patchtst[nse],camels_aus,pub,0.28395919505089423,0.29226469703917596,0.4736973186242514,0.6012230304500004,-0.471924993702196,0.6012230304500004,0.6288004861830594,0.7513299013464374,0.3371429309989766,0.3472224470648364,,0.9072668387430034,0.2385008846376291,-0.03747005485476691,-0.008305501988281727,3652,37,0.0,0.06,6,0.06,6,0.6041092057172072,0.6040964762121761,0.08243104479581301,0.04143704562697403,0.3425428373393836,0.5943847276569763,0.29087666523771016,0.4320942759595573,0.6276113966834609,-30.645593893902277,0.9744858646700925,0.810837321946034,0.5481891134443064,59.56247392752587,47.70017692752567,-55.92989288872983,-28.46961850398516,-37.049889907453014,-77.59143062753316,119.45415005261538,62.67373596244388,-6.216908999582254
405215,patchtst[nse],camels_aus,pub,0.29931593403256085,0.43286823302202787,0.5267135527972073,0.7452804193526805,-0.5267135527972073,0.7342555903835607,0.6786126939870766,0.8777959095714981,0.33955511384994924,0.5456249024640479,0.7961293870936821,,0.3096637201949405,0.10750967296174693,-0.13355229898946702,3652,37,0.0,0.07,6,0.06,6,0.5368237981737001,0.5368237981737002,0.019527942170252898,0.08445485160283808,0.2993529816348395,0.5294152153748416,0.27330308418468385,0.35197244428255603,0.6720333857639584,-19.52822022597301,1.1923273282409848,0.8370466046554162,0.45636933921175726,123.14337633873444,61.932744038988176,-57.51632145246635,-73.19386296647514,-39.47865997722713,-81.26065039614988,231.75355879117518,192.2263797052549,1.6493735190040562
405217,patchtst[nse],camels_aus,pub,0.28419119903443574,0.5098136112962428,0.4674816864212122,0.7776571028440414,-0.4665363544440272,0.770451277083847,0.7214357446663606,0.9031398821002514,0.25181503329138694,0.621962882545323,0.4768180726116735,,0.3551392200792212,0.239221367168231,-0.22562241226180707,3652,37,0.0,0.06,6,0.06,6,0.47888417899397234,0.47888417899397245,0.14748831242434507,0.08414960073644837,0.2330483621890178,0.31490985584012976,0.2142217693001729,0.21300219846554613,0.6912146669706956,0.4002164990587734,0.8377867234639684,0.875757750642826,0.35098880608755734,177.38538080063938,71.02784401584432,-61.3802161988759,-156.16494619786354,-51.513583163256286,-86.1725829843807,232.99336309127278,218.72274259892154,-3.3282125918098395
405218,patchtst[nse],camels_aus,pub,0.3575345412810143,0.3683084917233084,0.6423676448140937,0.5908951584369624,-0.6423676448140937,0.5908951584369624,0.7924991649173411,0.701410291749985,0.4327677308050787,0.4461094247691825,0.9644945296151682,,0.3068487899868883,0.022258248725348692,-0.010773950442294067,3652,37,0.0,0.06,6,0.08,6,0.5170332798505561,0.516886081656503,0.0,0.0,0.15523306434942175,0.5411112070633348,0.06536259341824757,0.1891863109904811,0.5239528513297464,-37.33950930523533,1.8510274752894573,0.9191120365062022,0.40662354591132177,84.23082770895984,61.3697579973776,-73.34173486123547,-175.07736377101912,-43.94643783897229,-88.97252198214834,140.47158496644326,136.00707968413536,4.432432667013261
405219,patchtst[nse],camels_aus,pub,0.31156833290115726,0.4604736417674905,0.5208937969149643,0.6561178021832803,-0.5208937969149643,0.6536610107225328,0.732646137794889,0.775222655509852,0.32620152515989115,0.544232613022759,0.6297715675531793,,0.34332750291378894,0.1819483364676112,-0.14890530886633324,3652,37,0.0,0.06,6,0.06,6,0.36957302990588636,0.3695730299058864,0.009786279661002243,0.03998650861088419,0.294456374114877,0.4726586843758269,0.23457979468177814,0.28829652650011206,0.6637195774473135,-15.27294517643372,1.4393397245241248,0.8399664433089711,0.3885781316346041,126.60025768907792,68.66550058275787,-65.6641377814487,-38.094183487430406,-52.346865426181985,-85.12261572010968,197.23084385935593,196.10536368857785,0.45450708696187
405226,patchtst[nse],camels_aus,pub,0.6052758016008262,0.5477682623704326,0.5254174729414791,0.41530054644808745,-0.48867950617435096,0.41530054644808745,0.6956506842954135,0.3783783783783784,0.47252435830942413,0.44596443228454175,0.26290557788189095,,0.6202616832625757,0.22561855424830077,0.057507539230393534,3652,37,0.36856516976998904,0.15,6,0.16,6,0.5578678395491642,0.5587713674860394,0.5932597987347547,0.0,0.12650306388676813,-0.42733727600696514,0.06842371895798638,0.033342082914128435,0.33720447714652246,16.524485386479206,0.37726084492373446,0.9346105799279356,-0.3633410843634779,10616.965311024156,124.0523366525153,-67.50727597429518,-0.0,12.236385455840315,-84.89599748450348,0.0,0.0,-10.425083419480016
405227,patchtst[nse],camels_aus,pub,0.2662095099429509,0.4078203952239236,0.4811229629634888,0.6647084273402354,-0.4811229629634888,0.6647084273402354,0.6874724423700183,0.7649413380143568,0.27626739236664377,0.4966846239250759,0.6521138315279194,,0.2904572915234372,0.1501026516895105,-0.1416108852809727,3652,37,0.0,0.06,6,0.06,6,0.4151403323660866,0.4152872237011249,0.04009143985971828,0.0,0.29677504712491565,0.5068614939053502,0.24106502725729717,0.28030759189859156,0.7104256835453732,-11.471052933563355,1.286536700664395,0.8385850898239751,0.46433468678705314,98.15004314684221,58.09145830468731,-63.97753906696151,21.308724745862502,-47.63210303561383,-83.12107675917275,198.88238783488168,143.69404147557347,-0.16510573632342618
405238,patchtst[nse],camels_aus,pub,0.5018909078181184,0.7352671577494528,0.39272936688887633,0.73224043715847,-0.320900319885021,0.73224043715847,0.6855040144602578,0.6486486486486487,0.3189682407218133,0.7291381668946648,0.17474447392612208,,0.6481256588992291,0.5095891666405017,-0.23337624993133443,3652,37,0.3893756845564075,0.23,6,0.19,6,0.36569538993049916,0.37103827274767015,0.78369160601485,0.0,0.06354406381451394,-0.43789089607569887,-0.10785572596786341,-0.1649542906973529,0.3474061071016147,42.352384677827764,0.8641919936877511,0.9677065341235874,-0.3713313895333601,6356.275615038175,129.62513177984582,-60.8026475882422,-6.036069054359644e+17,-86.74054334651072,-87.26232214743173,0.0,0.0,7.4678893536310875
405245,patchtst[nse],camels_aus,pub,0.6397203024711327,0.9073628099387641,0.503438956009054,0.907103825136612,-0.4688506226913437,0.907103825136612,0.8274559283738544,0.8918918918918919,0.47687784294017804,0.9432379475113913,0.14066206755759844,,0.7945570894018913,0.5403382576458056,-0.2676425074676314,3652,37,0.08433734939759036,0.06,6,0.09,6,0.5211913472699804,0.5213933100333158,0.6268697448422781,0.0,0.014394701669153909,-1.2965631544059724,-0.2686035079286637,-0.3219266680864732,0.07916541087941298,57.0237327507379,1.00849862882903,0.9927765601235992,-0.8502937808469182,9414.716689041199,158.91141788037862,-73.19664764015049,-49.261013014557854,-63.30690532654953,-93.30255180465456,0.0,-99.999999581222,76.74843370021901
405248,patchtst[nse],camels_aus,pub,0.7053937827137151,0.5742474030317193,0.5457130991953092,0.5409836065573771,-0.199018059207814,0.5409836065573771,0.7493954167961323,0.5135135135135135,0.7345414562840856,0.5348837209302325,0.07454512500550078,,0.6532255540180255,0.5074958528968976,0.13114637968199583,3652,37,0.6596385542168675,0.06,6,0.3,6,0.25330474019655086,0.25927312639471983,0.9211388792516724,0.0,0.0067012920698229506,-2.888012648691354,-0.39028571317707494,-0.4621664266213228,-0.2300135281894562,85.31018825034941,0.542320312546258,0.9966437216629505,-1.3752512327309319,12865.041534384243,130.64511080360512,-61.71318924475578,-0.0,48.951040118170354,-90.6885750160331,0.0,0.0,54.908121677726896
405251,patchtst[nse],camels_aus,pub,0.4306213950018431,0.7175928423809349,0.34995709119558144,0.8852459016393442,-0.23903092172917217,0.8852459016393442,0.5696724514781106,0.918918918918919,0.3591242683362119,0.8413141499227677,0.11874369334608376,,0.5590859535640113,0.3141860865745662,-0.2869714473790918,3652,37,0.062157721796276016,0.13,6,0.11,6,0.6622369379018564,0.6677733329295489,0.8799349889221106,0.019003449134215283,0.022113345617713387,-0.49788421496038215,-0.1901215983799751,-0.2730687392925071,0.2190726308119223,65.48953215678372,1.0007827244580179,0.9888815168574477,-0.33633080073879285,679.6652467005231,111.81719071280234,-41.820298474262685,-2.993048106931562,-17.69637923352498,-81.53095658624505,0.0,89.55055464406408,4.092283924145925
405263,patchtst[nse],camels_aus,pub,0.25921347710096815,0.4517197023230552,0.3905573425911943,0.6637055362709525,-0.3848267366235599,0.6637055362709525,0.6376878543560544,0.7658995654709766,0.2091394802755814,0.5614384273220743,0.4688764965219254,,0.32109892949781976,0.199136612000936,-0.19250622522208705,3652,37,0.0,0.06,6,0.06,6,0.545279202894098,0.5457254228850384,0.2822402493155295,0.0,0.1271322907562188,0.2322412041684344,0.14538109418495937,0.10854502936606958,0.5802056646227656,14.237097708686031,1.4414471313438741,0.9342738941251549,0.32881934712235483,122.97033793776255,64.21978589956383,-58.41821594211942,13.042623509937483,-7.870741829159734,-81.49915290793312,228.30189506154127,197.68439383705254,-1.1046349121355867
405264,patchtst[nse],camels_aus,pub,0.24320555237123265,0.39314978893479524,0.43584733563268124,0.6483546529301757,-0.43584733563268124,0.6483546529301757,0.6340530468318711,0.7931166157153783,0.25289428584009477,0.486725151937253,0.6725343811236287,,0.27217776578629815,0.14002780944813734,-0.1499442365635626,3652,37,0.0,0.06,6,0.06,6,0.4189701101863255,0.4187482402393332,0.06872331159670564,0.0,0.3796135220826873,0.5224860129963687,0.33399005363346845,0.3649389837113639,0.7471118954405601,-7.812609006927257,1.095447591935025,0.787646162891252,0.5123486503104088,91.47875461017568,54.43555315725971,-57.24855855664381,38.78919481368036,-47.65952603098638,-78.90434321399017,168.93484027881144,135.09740228392118,-0.7687287547869815
405274,patchtst[nse],camels_aus,pub,0.5476761685348118,0.8121704732597993,0.6351316360785434,0.7759562841530054,-0.6275857179093814,0.7759562841530054,0.8498297738479463,0.7567567567567568,0.3929005749100781,0.873695462232999,0.27663648468641133,,0.6867555856394626,0.3076365492318783,-0.2644943047249875,3652,37,0.08680175246440307,0.06,6,0.09,6,0.6579438415642562,0.6582998593713403,0.23985895140487914,0.0,0.04660433010769782,-0.3903103026110335,-0.13201543701180962,-0.12146162897625468,0.3766295798270354,-7.408000225548089,1.0933761513139737,0.9764198225621509,-0.20193580293085467,10438.62029922637,137.35111712789285,-78.31197618124709,2.64452073523259,-48.32940867852217,-93.88684025902873,0.0,-99.99999870449544,24.48071216592844
406208,patchtst[nse],camels_aus,pub,0.6619117097097338,0.9707016993787095,0.2851149579339328,0.9890710382513661,-0.09335168535293817,0.9890710382513661,0.5902008229898785,1.0,0.47463265098541546,0.9931600547195623,0.06613071596140184,,0.8541305130555287,0.8340050196952912,-0.30878998966897575,3652,37,0.42634173055859803,0.06,6,0.69,6,0.06384350426381519,0.07159317693708245,0.889039310272085,0.0,-0.09659225030017748,-2.1523081230358607,-1.3359275598975482,-1.413077663924851,-1.166404416141038,208.64440847606687,1.1111767814655518,1.0471830070719146,-1.9184558770412434,11286.20339517799,170.82610261110557,-52.08340780476111,-1.2859409063625674e+18,-91.04125935622774,-86.0868975907697,9884625673294.068,13851296901702.88,44.04123740500923
406213,patchtst[nse],camels_aus,pub,0.5626302171446853,0.7351039568471628,0.45505986843608054,0.6939890710382514,-0.41681379984972633,0.6939890710382514,0.7402346087488625,0.7297297297297297,0.37726172728780444,0.6976744186046512,0.15493853484969577,,0.6815690466759444,0.5010362799671665,-0.17247373970247748,3652,37,0.33953997809419495,0.06,6,0.15,6,0.3967076436325037,0.399337141608902,0.6932602917832111,0.0,0.0421474556944853,-0.5154301774368661,-0.1324899025902222,-0.1695502236039792,0.3592843986246589,29.107168033430586,1.005362762549131,0.9786994146853848,-0.4425021079792948,24768.36742690081,136.3138093351891,-70.13231116675745,-5.022557731538458e+17,-85.03409192636154,-90.93346839906224,0.0,0.0,24.46258633251999
406214,patchtst[nse],camels_aus,pub,0.6667674551265935,0.5202072796121379,0.5595597444319815,0.47540983606557374,-0.3282097065286546,0.47540983606557374,0.7219603317326458,0.40540540540540543,0.6112982518211287,0.4432284541723666,0.11538690795616374,,0.6201672071871618,0.38628055304993714,0.14656017551445566,3652,37,0.5117743702081051,0.14,6,0.22,6,0.38890168991890195,0.3958394126363423,0.8954903438202946,0.0,0.016620396156344586,-1.1278189448630043,-0.1865598396373529,-0.22755778498528323,0.18769248009743555,35.04325247530692,0.8435448660555894,0.9916549822612981,-0.806819507578074,11064.485803923671,124.03344143743236,-63.14985288894844,-0.0,21.49852010388593,-91.48904900426932,0.0,0.0,42.7853821008925
406224,patchtst[nse],camels_aus,pub,0.6516982591947631,0.5604718867064219,0.7341431466852734,0.5409836065573771,0.2113143263004156,0.5409836065573771,0.7531936917629793,0.5135135135135135,0.7139672800276778,0.5485636114911081,0.033658587677811797,,0.5944441625685194,0.5564077349083264,0.0912263724883412,3652,37,0.8940306681270537,0.06,6,0.19,6,0.06855223574600398,0.0779246844413837,0.7782957669869237,0.0,-0.002798906635620435,-8.656155541096819,-0.439433706393102,-0.4838008620632943,-0.29951534331633023,74.77204576072025,0.6796965637154919,1.0013984754510168,-1.5468196986720337,35387.1949685649,118.88883251370387,-72.01907282918745,-0.0,1186108342149655.2,-93.6644504645161,0.0,0.0,133.93814923069252
407214,patchtst[nse],camels_aus,pub,0.6378447384868348,0.946166565960736,0.38454426124855784,0.9902384258525448,-0.12676186843686021,0.11592148596183477,0.6008921861162453,0.9943821050118823,0.45537157226958047,0.981730431435597,0.08331458431545304,0.02652949623338298,0.8208410587738559,0.2258751298346453,-0.30832182747390124,3652,37,0.0,0.09,6,0.71,6,0.8527693865171361,0.8513203783735228,0.9352475413706045,0.9652386444322808,0.02261824113078348,-1.007645948970275,-0.2657203143527447,-0.31745192827457847,0.1202950374428845,56.366605861407606,0.9218821528660422,0.9886261977457489,-0.7229982369751027,5083.271700803239,164.1682117547711,-62.2092003240261,83.99433071324657,-8.684785761324266,-87.72022857478443,-99.99999966402368,-99.99999978499895,15.581273349295737
407215,patchtst[nse],camels_aus,pub,0.5443572384595761,0.639579749019022,0.4310096545446862,0.5683060109289617,-0.30907799153021953,0.5683060109289617,0.6089652865913351,0.6486486486486487,0.40451115890583317,0.5430916552667578,0.1271732951165162,,0.6282770634264375,0.3122275154750909,-0.09522251055944597,3652,37,0.3138006571741512,0.14,6,0.32,6,0.555409725563897,0.5615617851438407,0.8595013956517364,0.0,0.012892877930749003,-0.3131345931236673,-0.19636101241169257,-0.23356739232011026,0.3578714692078083,32.778550721232136,0.972345429740373,0.9935326477118157,-0.44185818409481525,13954.200101534536,125.65541268528749,-61.88773339856243,-1.0693400023057302e+17,-74.33950503966538,-89.20402093426267,0.0,0.0,12.3963964017664
407220,patchtst[nse],camels_aus,pub,0.6888736366822892,0.6139641089080563,0.61906243510871,0.6229508196721312,-0.22309779944768976,0.6229508196721312,0.8968712082490373,0.6216216216216216,0.766132005785305,0.5882352941176471,0.07734934883655425,,0.6495762859698387,0.5359020592751079,0.07490952777423288,3652,37,0.7806681270536692,0.06,6,0.07,6,0.17707363494932404,0.18131087373553462,0.8819887934249475,0.0,0.047182456163249675,-2.9491457848115634,-0.2331107016874916,-0.17295204557607202,-0.15916361416909264,-48.820596041835,1.737076032572298,0.9761237338763721,-0.34181523826675964,13937.151274619013,129.9152571939677,-91.13962401117237,-0.0,47.921805914927205,-95.72831325779677,0.0,0.0,-24.433677171332807
407230,patchtst[nse],camels_aus,pub,0.5905145443767011,0.5779129399423593,0.44450097004755706,0.5683060109289617,-0.2777982607117098,0.5683060109289617,0.6890853007540011,0.5135135135135135,0.5109527058017651,0.5540355677154583,0.11009740190427084,,0.6038127122454693,0.4727804304584933,0.012601604434341884,3652,37,0.5769441401971522,0.11,6,0.33,6,0.28087431737219787,0.28484846001693787,0.8556256880264146,0.0,0.01646994244807598,-0.9920449011549815,-0.24686874953733584,-0.27815980934168527,0.20880777789410532,36.13999345331278,1.1064439475867913,0.9917308392663425,-0.7402195278264629,7342.742510821009,120.76254244909394,-67.83580522775245,-0.0,17.813291594889268,-91.88314074188145,0.0,0.0,44.6334251292129
407253,patchtst[nse],camels_aus,pub,0.7317315102542785,0.6168126345107569,0.6982059192005604,0.4207650273224044,-0.6343909908296966,0.4207650273224044,0.8613194097255791,0.4864864864864865,0.670421135850803,0.4432284541723666,,0.9822564592205658,0.7112871348650742,-0.013366986113158593,0.11491887574352166,3652,37,0.2502738225629792,0.2,6,0.08,6,0.734420508086294,0.7373974004296308,0.6242582247836348,0.0,0.026661049879853516,-1.0754425522887465,-0.15690727296411744,-0.13750032262903966,0.1066790909346782,-12.201990568662584,0.6267451369200122,0.9865794190637398,-0.4243042022569301,5842.912696232311,142.2574269730148,-73.36796971527534,99.99999999999991,241.0323964155413,-94.37460834616705,0.0,0.0,14.664809489903782
408200,patchtst[nse],camels_aus,pub,0.8657083360277583,0.5377740637538874,0.813151038443294,0.46994535519125685,-0.2919749688179176,0.46994535519125685,0.525195181185188,0.43243243243243246,0.931447508029274,0.43912448700410395,0.13009343201815857,,0.7177539346894134,0.3196491901295644,0.32793427227387095,3652,37,0.4882256297918949,0.11,6,0.15,6,0.4866518870831512,0.4977792132886586,0.9570249446603303,0.0,-0.7001259125038413,-8.773086196874466,-5.451962167578583,-5.510688847535253,-5.494247140097993,639.8153854561974,0.16898608532563017,1.303888765387539,-6.7751274420574985,1786820.103430461,143.55078693788263,40.41755983961965,-0.0,165.29360110174716,-46.54134194142993,0.0,0.0,37.6538290681011
408202,patchtst[nse],camels_aus,pub,0.6698544390401957,0.5614888733265946,0.49503720458517486,0.546448087431694,-0.27578202547716474,0.546448087431694,0.8282289387414876,0.5135135135135135,0.617283170130132,0.4952120383036936,0.095785406831472,,0.638125437186404,0.47721941076016927,0.10836556571360112,3652,37,0.5197152245345017,0.07,6,0.06,6,0.3097827170159928,0.31426083460927406,0.884367442787249,0.0,0.11829229013208453,-1.2601649100939802,-0.008423438740925882,0.005938402707955093,0.16752735116337436,-9.860755721386424,0.9929349267607686,0.9389929232256842,-0.49838294310595765,5269.733368636522,127.62508743728065,-84.13742279905605,-0.0,23.992191831105274,-91.37701385314179,0.0,0.0,-9.122125614693745
410057,patchtst[nse],camels_aus,pub,0.26930359924594205,0.38942515263093563,0.42107497390962323,0.6363637492055108,-0.40604525809433334,0.6326154191719672,0.6618511285612336,0.771523955938614,0.26965572929527093,0.4792229795178872,0.7340159636351815,,0.28788796130233535,0.10333510725958255,-0.12012155338499358,3652,37,0.0,0.06,6,0.06,6,0.7137191891001329,0.7157922909587277,0.46572555509845215,0.08414960073644837,0.15738731124810756,0.42853069583774606,0.17606339904884716,0.1997325476827142,0.700215786731023,-7.456497835096918,1.42527756883199,0.9179393709564333,0.43855513276241287,95.58879413436456,57.57759226046705,-51.33749533686658,-493.41228050975656,-34.960682892580046,-82.41364049449268,119.04596337235182,78.77130757251481,-4.645309229072281
410061,patchtst[nse],camels_aus,pub,0.35069262699848547,0.5415463363717186,0.441185176223442,0.7887522002494539,-0.4131044155062268,0.6469020274938004,0.711898580160227,0.8471029623251173,0.332327694271423,0.6502154733151787,0.45539751055182065,,0.40945565257359157,0.15619160381302696,-0.1908537093732331,3652,37,0.002190580503833516,0.06,6,0.06,6,0.7815349764426804,0.7801954505839948,0.63747626121537,0.39915035868038073,0.030400492918833955,-0.12311156386291988,-0.026042956960727004,-0.04319047360231987,0.5694869596588655,8.366557868858571,1.4098887698022324,0.9846824397140258,0.14552871657617694,221.08378663168332,81.89113051471817,-56.641722692145734,5.551300229953271,-23.291552157597337,-88.99504767013805,-6.607885119576222,56.24706391143403,-2.037470200607279
410705,patchtst[nse],camels_aus,pub,0.6213509052352593,0.7831828146030371,0.5375948212702741,0.5136612021857924,-0.41940810893437025,0.5136612021857924,0.8361643062156878,0.5675675675675675,0.485582552784213,0.7791333686756922,0.15439980951710186,,0.7400153931523508,0.2128015422458554,-0.1618319093677778,3652,37,0.08625410733844469,0.11,6,0.09,6,0.7780273441733386,0.7816894505218841,0.8214350222386981,0.0,0.033760664309938404,-0.6790405968144615,-0.1674424655448783,-0.18682446797913355,0.23910752542657998,17.6645666220443,0.9138814165887362,0.9829747380731927,-0.543911439475818,11248.436624650802,148.00307863047027,-77.99948641178645,79.38290692111957,-28.578356191797816,-93.03185654485667,0.0,-99.99999884192246,15.462271023388025
410730,patchtst[nse],camels_aus,pub,0.3261234662679342,0.7105517806246594,0.2677657910770649,0.9212267639241073,-0.23524991154664276,0.9212267639241073,0.5734084707363493,0.9619425854146524,0.19553992982248924,0.827590991497049,0.15292467097325854,,0.506009613384722,0.47726725287600846,-0.3844283143567252,3652,37,0.0,0.06,6,0.06,6,0.11607192884227217,0.11911779572748621,0.7580559604237832,0.0,-0.05977310510316869,-0.8154406824445903,-0.19690956326945241,-0.305564327026824,0.026736153867057744,90.97592981052385,1.2269099887918533,1.0294528182987157,-0.2185353882526455,436.227758307934,101.20192267694446,-50.21581033518156,86.8395741323011,-70.19167095408058,-75.88044551394562,1327.7148123472318,788.2628113110511,9.748119685138427
410731,patchtst[nse],camels_aus,pub,0.5127568969844396,0.8152114757189614,0.3460325184050427,0.9663522048436377,-0.16019614728010725,0.933565319597736,0.6017402236946786,0.918918918918919,0.39364287056391223,0.8995826177304701,0.07998065853738424,,0.665316943799708,0.5488583891833072,-0.30245457873452175,3652,37,0.03806133625410734,0.06,6,0.13,6,0.3883603004528502,0.3944886385527033,0.922206783494661,0.17477825111741535,-0.06087099459880507,-0.9555984581256123,-0.6370798789999637,-0.7308238469773116,-0.3798645782294048,129.14048308936077,0.7928281638589786,1.0299859196119165,-1.0128773612958955,5952.225312813927,133.06338875994152,-51.864511183067236,-27.55458777223209,-44.964099259970936,-81.90760608861451,11109.327066352254,1057.1780360479347,10.579769532389017
410734,patchtst[nse],camels_aus,pub,0.4751439388013259,0.7781239617323644,0.42437795396982064,0.7859838921554769,-0.3457881178682183,0.6766942746691382,0.7195908839197318,0.7297297297297297,0.35409969094098787,0.8876069645335672,0.16080080513785824,,0.6265393222903423,0.2904612833437014,-0.30298002293103854,3652,37,0.03943044906900329,0.06,6,0.06,6,0.7243524512103195,0.7291411183493599,0.8354252987252062,0.4087636782852154,0.06733927932672912,-0.5939978016623282,-0.11765978883856532,-0.18230901543222555,0.24315622332568165,49.182098039254406,0.7650846656877095,0.965743610216123,-0.3973677663848485,4150.557502959023,125.30786445806848,-66.71944500869837,21.131051194705982,-31.758388312880083,-87.30693618558338,-99.9999997394887,-99.99999995732296,0.06202333711683341
410761,patchtst[nse],camels_aus,pub,0.4641408173359263,0.7895321013671338,0.43285111030112006,0.9420774029047928,-0.3967712035197594,-0.12896084846132747,0.6751790171194078,0.8091899833292833,0.338370255505223,0.8950529450228119,0.19583302868354802,0.02792894776538836,0.6190826772584768,0.13583735954232135,-0.3253912840312075,3652,37,0.002738225629791895,0.06,6,0.06,6,0.8042906594931947,0.797330420460547,0.7025311847029532,0.9918053978370549,0.030806798368990362,-0.5473935831833645,-0.026466713494542438,-0.1217435801470812,0.28563021505057984,54.47978729783598,0.36480855423723324,0.9844761051600032,-0.31341531609038453,6328.021752003173,123.81653545169551,-60.21510398062622,59.47672548451452,-13.910292724884108,-82.63249247475264,-99.99999994274884,-99.99999997699386,-9.99573962818034
412028,patchtst[nse],camels_aus,pub,0.5393756621970962,0.6247925168313073,0.5510286493837021,0.40437158469945356,-0.5075150990488241,0.40437158469945356,0.7733109500049923,0.4864864864864865,0.4091520681618233,0.5472901831620128,0.5560526575563172,,0.6176030369542121,0.05736861744232971,-0.08541685463421111,3652,37,0.14786418400876233,0.06,6,0.15,6,0.7895403418046371,0.7913536540351511,0.5235125669292351,0.0,0.058945722047500704,-0.27963148156867135,0.0047274492703707205,-0.005052969317802969,0.441320055434564,4.5083239788868426,0.4341064825152207,0.9700795214581633,-0.14716328036550408,3941.1403591570815,123.52060739084227,-64.71603908453382,99.99999999999999,336.585219707455,-88.51573819766948,0.0,0.0,-12.831781388613068
412050,patchtst[nse],camels_aus,pub,0.581682382253232,0.8200066798676808,0.6272765008491216,0.7986137254586306,-0.6106697182467027,0.11853984574073421,0.6754026780806737,0.32432432432432434,0.46806023980591566,0.8950358653974974,,0.1478320050469632,0.7101509634435742,-0.12065143920454899,-0.23832429761444884,3652,37,0.012869660460021906,0.07,6,0.28,6,0.9004036015262349,0.8935448887571864,0.3710782836281433,0.9690507226894226,0.08828713355123152,-0.9060537511665254,-0.023583774836565263,0.028690304868084104,0.2594088260412989,-21.354767785489503,0.6649281703254001,0.9548365653077853,-0.05077925074541478,785.3032452061279,142.03019268871512,-68.68174082339212,99.99999999999999,349.8352836906765,-84.48303341116268,-99.99999995116926,-99.99999996811604,-14.734853139563418
412066,patchtst[nse],camels_aus,pub,0.5149019205563382,0.7309716871602377,0.5543034133612708,0.47540983606557374,-0.516861704056382,0.47540983606557374,0.8154481784037039,0.5135135135135135,0.38118131933527866,0.8016642832804324,0.34213115387828924,,0.6400744254699764,0.10716975825546696,-0.21606976660389954,3652,37,0.06818181818181818,0.06,6,0.07,6,0.8285205826064066,0.8291515699369311,0.48484376419896635,0.09316983475440847,0.048220141846493925,-0.3358693481798609,-0.057026011377699026,-0.06478962648280251,0.4226750264080602,4.216338148710159,0.5877341789624709,0.9755920551918749,-0.16730523319734902,5701.121100419078,128.01488509399547,-71.21915841373078,69.08686665396768,-9.719062347431402,-91.35198797958743,0.0,-99.99999970085854,-6.532452853401248
415207,patchtst[nse],camels_aus,pub,0.6814610047707502,0.7579811717305316,0.40286115596832384,0.6338797814207651,-0.06398038355493324,0.6338797814207651,0.6192566434462022,0.6486486486486487,0.5345961302042886,0.655266757865937,0.05817055455962847,,0.773264050549757,0.4630467567835633,-0.07652016695978137,3652,37,0.27683461117196057,0.07,6,0.11,6,0.5291898727573849,0.5381164368215656,0.854035986660266,0.0,0.006724399942483639,-1.6368114244918934,-0.5127042434465496,-0.5613972843585135,-0.22229759431462437,92.17950080167627,0.847496121965794,0.9966321287503812,-1.1993922315742624,35195.68786343553,154.65281010995147,-70.21600652393445,-700.8815596692322,-61.84629437427503,-89.85661346177108,0.0,0.0,25.022771967725046
415226,patchtst[nse],camels_aus,pub,0.5426287248649572,0.4808347692363358,0.7879415541941162,0.47540983606557374,0.43399062949212897,0.47540983606557374,0.5659989077471088,0.43243243243243246,0.5720637693395463,0.46785225718194257,0.024151041176298547,,0.49922744123417534,0.48094348197336934,0.06179395562862139,3652,37,0.9449616648411829,0.06,6,0.57,6,0.034164572241452425,0.0441123778618459,0.5914865391213041,0.0,0.007279146518069712,-10.858107178895027,-0.3407323320177391,-0.35954164465816607,-0.1889225256794913,39.10714057920909,0.88748043841754,0.996353779278189,-1.2216975365808875,40287.91089936324,99.84548824683507,-79.02855476528286,-0.0,1157264850156883.0,-92.85162657905633,0.0,0.0,81.74256114445991
415237,patchtst[nse],camels_aus,pub,0.7033814783569401,0.5423410402486023,0.5732236989661548,0.5683060109289617,-0.23475892854820057,0.5683060109289617,0.7761450571125745,0.5135135135135135,0.7743568828483082,0.49794801641586867,0.08897855039803797,,0.6203907111649037,0.47784138926741443,0.1610404381083378,3652,37,0.6804490690032858,0.06,6,0.06,6,0.24041460294275502,0.247158306161972,0.924971119977408,0.0,-0.003945469295913995,-2.8139160497397717,-0.42454194877426255,-0.458556569135649,-0.13507644228267823,64.24187150941741,0.7780165184843628,1.0019707926361496,-1.2930219895711415,10001.784034529082,124.0781422329808,-75.5113167344615,-0.0,41.250439411072996,-94.28374030495335,0.0,0.0,57.90895364988238
416003,patchtst[nse],camels_aus,pub,0.5543203510931857,0.7508060116203507,0.5192603256415436,0.5792349726775956,-0.4509576122264556,0.5792349726775956,0.8481276360491027,0.5135135135135135,0.4195684836919658,0.7736418128769623,0.18133842526457342,,0.6766859348363685,0.4083550696294742,-0.19648566052716498,3652,37,0.10679079956188389,0.06,6,0.11,6,0.5883522421952446,0.5899601729663921,0.7203840873699194,0.0,0.021350876749243408,-0.6478814040981133,-0.22921915970291407,-0.23163801315717003,0.2899988131429956,3.105872093672432,2.374813191382653,0.9892669625792406,-0.38055651993233175,4366.038441801797,135.33718696727368,-77.90220221701418,-26.895248720574926,-49.45379556177903,-95.41618617130938,0.0,0.0,21.12615849116441
416008,patchtst[nse],camels_aus,pub,0.6619165370084369,0.7095669164764407,0.6873787962749144,0.5628415300546448,-0.6868381870486263,0.5628415300546448,0.8543816626440407,0.5945945945945946,0.5077689161330354,0.5389876880984952,0.2496617853349918,,0.7229537072191794,0.2894558221592294,-0.04765037946800377,3652,37,0.20153340635268346,0.06,6,0.11,6,0.6224788036741595,0.6222914705088078,0.22988287297427118,0.0,0.073237461677501,-0.514078104515171,-0.10177816215699376,-0.05995652859430356,0.24855976401299595,-23.507719720372105,1.0206649342318932,0.9626850670507459,-0.2796379471185746,7186.0770091836375,144.5907414438357,-82.95577219477983,23.71311911041227,-40.33898688361719,-92.91221882335306,0.0,0.0,-1.0860833647895967
418005,patchtst[nse],camels_aus,pub,0.570707617746813,0.7101750385818628,0.4731658690396166,0.5683060109289617,-0.4133073999768184,0.5683060109289617,0.8075277414670925,0.5945945945945946,0.4356996730876308,0.6739705549977235,0.16436551254004125,,0.6748368286845113,0.3277706996956342,-0.13946742083504982,3652,37,0.1328039430449069,0.11,6,0.14,6,0.6558462440828684,0.6574280842445281,0.70845422988357,0.0,0.042908659009535555,-0.38183616396354303,-0.08945758853021957,-0.1229090980638361,0.37784062490905745,21.94481373100567,0.9010085476147498,0.9783104522545307,-0.3743437563562393,2906.9459009761667,134.96736573690234,-71.23466977750387,19.494672727285476,-30.515902060060036,-91.93744515456554,0.0,0.0,17.292796167071984
418014,patchtst[nse],camels_aus,pub,0.5857031612303245,0.6747030250062861,0.5181369506240493,0.39344262295081966,-0.4862372999423247,0.39344262295081966,0.8173679166172502,0.4594594594594595,0.4339918048072149,0.6007643838263974,0.26303098047922086,,0.6770384152229946,0.1674756141042705,-0.08899986377596159,3652,37,0.12979189485213583,0.06,6,0.09,6,0.7807090062599389,0.7825882102781754,0.6030931442041774,0.0,0.01807006223900709,-0.45537172462333486,-0.12946544093545276,-0.1543854579271111,0.34274422765252677,16.96050382059767,0.7053229921426994,0.9909237799957132,-0.3733946902401397,3332.9818142134377,135.40768304459897,-69.58021005517082,90.11836733728869,33.673951205572806,-92.90036614439069,0.0,0.0,8.124185140857584
419005,patchtst[nse],camels_aus,pub,0.5070681751798017,0.7853664657986086,0.5231328904237451,0.8513490832781423,-0.5063329882778029,-0.4273394413120216,0.8605448373281364,0.32400551462724325,0.3942609380128319,0.9030687340158156,,,0.6426436489806652,-0.22754932352225274,-0.27829829061880684,3652,37,0.007119386637458927,0.06,6,0.4,6,0.936815260800472,0.9287093387769552,0.445076358339948,0.8618691393144633,0.0620142883718896,-0.5027839074913847,-0.1147080702023604,-0.04001283509943465,0.3828810121045848,-32.804408591859605,0.7248059990067723,0.968496624479461,0.11866733839071986,732.9725196653645,128.52872979613306,-76.29242107460617,99.99999999999999,484.2186140856187,-94.22953578769993,-99.99999989155118,-99.99999997252445,-19.427708086443584
422202B,patchtst[nse],camels_aus,pub,0.6999404251966321,0.5287648371272817,0.5487723917450835,0.5027322404371585,-0.2800691890258685,0.5027322404371585,0.8257920502458822,0.5405405405405406,0.7275465668153461,0.5088919288645691,0.09093697055356555,,0.6115161367428554,0.32724886730302527,0.1711755880693504,3652,37,0.6377327491785323,0.07,6,0.37,6,0.3306028986597158,0.33711182757892877,0.9273494648248903,0.0,0.07213594879484486,-1.6284404830839803,-0.02840082618168127,-0.05056989842876192,0.1299071346810312,12.387338813824929,0.6948161630577644,0.9632570016382727,-0.6605862501752693,31204.35268851962,122.30322734857113,-66.17533107277295,-0.0,41.89314438670912,-90.92922541316274,0.0,0.0,27.913899271218153
422306A,patchtst[nse],camels_aus,pub,0.651455065719196,0.9341601507395589,0.5142824612334824,0.9836065573770492,-0.3433386738187753,0.9836065573770492,0.8257661345240462,1.0,0.5023670219679773,0.9753761969904241,0.10003258213650418,,0.8065171378648018,0.7106906777860247,-0.28270508502036296,3652,37,0.22535596933187294,0.09,6,0.65,6,0.25184919822083174,0.2544451030212674,0.8436817227359269,0.0,0.017823896392631267,-1.5554767656916062,-0.24557926723266066,-0.2441065318395219,0.21004410002902263,-1.998213238732621,5.246859005576568,0.9910479824949793,-0.49114402724269257,5241.686716745107,161.30342757296015,-81.2524922929747,-500.5419646916473,-71.95574599481955,-94.84764133723108,3986805677413.9404,8684182167053.223,74.97329136476407
422313B,patchtst[nse],camels_aus,pub,0.6134202748886002,0.9361688743407977,0.5066245271883726,0.994535519125683,-0.40446816049135936,0.994535519125683,0.8066262745175952,1.0,0.4372706528822815,0.9890933314811633,0.13400818629695194,,0.7888741055583061,0.6948601458134558,-0.32274859945219747,3652,37,0.06325301204819277,0.06,6,0.5,6,0.25711219766731186,0.2588280853223434,0.7724476003582522,0.024242541630436713,0.01849662026754817,-1.2539400269718306,-0.24151590840840176,-0.24193248480442264,0.26116594467773757,0.5600970402432702,4.492357646583818,0.9907085241040635,-0.42621801865010167,12566.77420357846,157.77482111166117,-80.25641329479562,-103.21297882692978,-75.57495196868031,-94.89928424059526,4508733749389.648,15486.480831996912,60.53193470604322
422319B,patchtst[nse],camels_aus,pub,0.5728354086818823,0.8280439928408194,0.5934425835356204,0.907103825136612,-0.4831368111531821,0.907103825136612,0.9169918597286948,0.918918918918919,0.4358716332852195,0.8686730506155951,0.22870243842343804,,0.702517021401392,0.5128511044688128,-0.2552085841589371,3652,37,0.3953997809419496,0.06,6,0.4,6,0.42624342726510733,0.4285653622446983,0.775079847737279,0.0,0.01584232795453866,-0.7023783596195494,-0.3203776692532587,-0.28673384898483456,0.08890106796723507,-40.737315145721915,4.9376985646825675,0.9920472126090881,-0.2010703805051488,6279.182500586147,140.5034042802782,-87.02370879031366,-7.36599246696522e+17,-87.86761167526254,-97.63162766942429,0.0,0.0,58.951328809502954
422321B,patchtst[nse],camels_aus,pub,0.32303465529010245,0.5334505807293397,0.4233223054498515,0.8932478120871888,-0.400429272955714,0.8932478120871888,0.7651801788435383,0.9792978958056675,0.3259656748745914,0.6901296612771701,0.8777608742294498,,0.3735257426239165,0.09873454644503703,-0.21041592543923726,3652,37,0.004928806133625411,0.06,6,0.06,6,0.6466231903116517,0.6506972600384998,0.5733358840117269,0.0,0.05664124863087605,0.25395584569950613,-0.1543765018769141,-0.0937653202584714,0.4225124946157254,-33.4110046035399,4.053335125644955,0.9712665707050377,0.31822118449757375,285.1283789238868,74.70514852478321,-76.19795809292005,-9.405229678520264,-36.53436685218967,-91.28289515910326,482.41654993821436,271.08607227078363,-3.901371257096515
422334A,patchtst[nse],camels_aus,pub,0.7501437700923429,0.744097389123415,0.5411236080583535,0.644808743169399,-0.27101074708342715,0.644808743169399,0.8760949828847079,0.5675675675675675,0.6652760388535287,0.5909712722298222,0.08521454611476469,,0.7879478364178819,0.3288592712272774,0.006046380968927845,3652,37,0.21987951807228914,0.06,6,0.06,6,0.6889311749131299,0.6942598266694229,0.8901650812298255,0.0,0.02089041921887791,-2.1021198643206422,-0.25337928579965574,-0.23746089593628006,0.0030566389460900956,-19.915823396558544,2.8146904817265717,0.9894996618398219,-0.5577309778584167,8232.18726159609,157.5895672835763,-81.23836263827853,90.57383913970202,39.69971394137902,-96.84530575569593,0.0,0.0,119.31739242935083
422394A,patchtst[nse],camels_aus,pub,0.4064566171092885,0.755028148242832,0.513117730107982,0.9398907103825137,-0.4419613631147871,0.9398907103825137,0.824038854648761,0.8918918918918919,0.3294443709230777,0.9281845895122244,0.40897027867514724,,0.548647083861188,0.3485987964681686,-0.34857153113354356,3652,37,0.1484118291347207,0.06,6,0.19,6,0.5923203857108497,0.5968218716474908,0.7312791343683855,0.0,0.030672364595180523,-0.18893466168894157,-0.21750202250159067,-0.1928930388595993,0.3217219959574409,-22.617954936011042,3.144719137027597,0.9845443796014577,0.0018895520655780595,2817.170082398046,109.7294167722376,-79.91161966996806,-108.60522243850806,-51.64661916189937,-94.99160063392844,570764243602.7533,4252986311912.5376,13.011078415324867
424002,patchtst[nse],camels_aus,pub,0.7546464196316826,0.5833133231268461,0.5948656313630779,0.5136612021857924,-0.4871513113406553,0.5136612021857924,0.7183836723990369,0.4594594594594595,0.6865253943042471,0.4801641586867305,0.9673293450846977,,0.7055396287959549,0.015891807551948404,0.1713330965048364,3652,37,0.42059145673603504,0.09,6,0.11,6,0.5501751778724508,0.5528462034747775,0.7517004589068444,0.0,0.1635569562192839,-1.1858278365849317,0.2471108441839992,0.1825221710043592,0.012849489802754577,22.59072508515314,0.13474775432979816,0.9145726017002238,-0.5497239489053236,97828.25445318774,141.10792575919103,-46.348977046881046,-0.0,25.93961932707506,-78.93086490895433,0.0,0.0,-43.87516396232701
424201A,patchtst[nse],camels_aus,pub,0.7456430025942395,0.5224210955129166,0.7029147582287889,0.48633879781420764,-0.6989098563321584,0.48633879781420764,0.7724634667347013,0.4594594594594595,0.7022072180436248,0.4186046511627907,,0.9924840526365615,0.6578281943250494,-0.005771649407280594,0.22322190708132295,3652,37,0.45947426067908,0.12,6,0.2,6,0.47730541488330813,0.4784703964824024,0.21300227228638868,0.0,0.23107894863999512,-0.6677473465362178,0.06265906636176188,0.2120690743350061,-0.0023166367130091903,-42.331506727826465,0.30396875949527924,0.8768814351781002,-0.1353301211195972,86607.64492050183,131.56563886500982,-73.25400896598994,-0.0,19.8604856802964,-84.9536752955052,0.0,0.0,-31.406922168251565
604053,patchtst[nse],camels_aus,pub,0.8074480338816503,0.9764333807027301,0.7107221615956195,0.9988276922917247,-0.7010421482968262,-0.9137406137192042,0.8159872605149954,0.995356620089917,0.6985754650964289,0.9955833485399905,,,0.9069138184420575,-0.7555387461763255,-0.1689853468210798,3652,37,0.0,0.06,6,0.41,6,0.5191349442136173,0.5171809648147557,0.2943770754543852,0.24687165167313846,-0.023006201038145546,-1.0423697983252413,0.0726324018766763,0.09056015146659768,0.17877566611449924,-52.49473942220064,0.1854021361057376,1.01143769014119,0.04483904317193432,350.361913386508,181.3827636884115,-41.89230168146821,99.9999999999999,122.1959467985615,-88.58971543723634,-99.99999978701062,-99.99999982892736,-59.038441292212376
606001,patchtst[nse],camels_aus,pub,0.5366063036356236,0.5021781286098712,0.29021128114265676,0.366120218579235,-0.16005853308513282,0.366120218579235,0.3678495025996204,0.3783783783783784,0.3744781495136235,0.34746922024623805,0.20072039978786282,,0.5822502911528616,0.07987470179239517,0.03442817502575235,3652,37,0.338170865279299,0.18,6,0.14,6,0.6505499563050745,0.659127367200145,0.9438039187196867,0.0,0.0782231159815091,-0.02191037405710805,0.24460588191786914,0.19611351354534545,0.2266339779401062,64.52813322754825,0.2939475096922698,0.9600921226728668,-0.22473051284166745,11066.654895904569,116.45005823057227,-0.4771975069406052,-0.0,6.572598324351384,-45.79762824667742,0.0,0.0,-26.799792910905293
606002,patchtst[nse],camels_aus,pub,0.6232185473175388,0.5516019963411359,0.3755211318259634,0.5081967213114754,0.22589253965681205,0.5081967213114754,0.31265789319901505,0.5135135135135135,0.5583221482342435,0.506155950752394,0.01603144125611059,,0.6188348145472328,0.4528417750341545,0.07161655097640285,3652,37,0.5216319824753559,0.06,6,0.15,6,0.3034413705652994,0.31277574852069817,0.6630862809934621,0.0,-6.090854993053856,-0.8407624444684951,-3.229630099055117,-2.893007741595727,-2.8698747962084616,384.5230688432563,0.507807623978728,2.6628659359896165,-3.043809437635079,3823.751086824258,123.7669629094465,128.67368607594165,-0.0,18.3646180639368,3.4930104998554676,0.0,0.0,-11.885468082317667
606185,patchtst[nse],camels_aus,pub,0.6310633853864175,0.7786346134552431,0.3418596706034595,0.546448087431694,-0.1307713642528958,0.546448087431694,0.3764827234021851,0.5135135135135135,0.49668141773463326,0.7866164720334251,0.09780623857731068,,0.7546701428507792,0.13040987081002656,-0.1475712280688256,3652,37,0.08406352683461117,0.07,6,0.09,6,0.7870765117390712,0.794464334895685,0.953242850104085,0.0,-1.1437562563591723,-1.8153131148229207,-1.2346316420564696,-1.2960342686614639,-1.2344883803944229,210.64442066598704,0.6322687108218981,1.4641571829414943,-1.8270356762408322,2013.0233304968115,150.93402857015622,7.8705153815243705,99.99999999999999,2291.776118521277,-52.18698687317525,0.0,-99.9999995644087,-14.635012713212797
607155,patchtst[nse],camels_aus,pub,0.5266023869310599,0.8300698649429264,0.4168646193192081,0.8743169398907104,-0.35492184590107745,0.8743169398907104,0.6683372289146793,0.9459459459459459,0.3424507522294858,0.8686730506155951,0.1845046256188502,,0.6949198132999825,0.4797900926279786,-0.3034674780118666,3652,37,0.3436473165388828,0.2,6,0.48,6,0.4564624727713394,0.4605348338435414,0.7742853511855359,0.0,-0.03799475487424142,-0.7918036974074762,-0.04176780494461396,-0.1678755712062685,-0.05060657278271141,79.49385735748146,1.339755026134246,1.0188202760419727,-0.6261576649673692,1172.2945063489317,138.9839626599965,-37.3150977295708,-7.417043255324827e+17,-83.57687385390766,-80.15168185689872,0.0,0.0,11.087705729652921
608002,patchtst[nse],camels_aus,pub,0.4331710978212483,0.662429869659294,0.2851144921032648,0.8573437393318285,0.08870890933779513,0.6226832326680926,0.24819164565381452,0.7562164080144775,0.39072253096825715,0.7433150726113055,0.029277495390306035,,0.5430978254564792,0.2174100521948024,-0.22925877183804566,3652,37,0.009583789704271631,0.06,6,0.06,6,0.7421065578209698,0.7505710180498159,0.8827376469961349,0.5622571207690541,-2.9782445589159807,-0.6956938560543457,-0.912083300405016,-0.5059622342849941,-0.4778709583548646,145.73292453167133,0.9467644591737088,1.9945537242491065,-0.6872756183642019,388.4205227779356,108.61956509129615,90.21133987955561,35.458464167621756,23.765272094885763,-7.389434201662999,-99.99999999303608,-99.9999999965107,-9.89406072846939
610008,patchtst[nse],camels_aus,pub,0.5435662737418351,0.7560507171843005,0.7151493662869737,0.7978142076502732,-0.7082956566886419,0.7978142076502732,0.3945245327456936,0.8378378378378378,0.3976084939851613,0.7770177838577291,0.4465305667425641,,0.6567799522953657,0.42631864156408794,-0.21248444344246542,3652,37,0.5725629791894852,0.06,6,0.4,6,0.37097948262627894,0.3747171089242173,0.33215212424635915,0.0,-0.38496396356960316,-0.6425006870615306,0.19044013702727158,0.1316228187823112,0.1957278401384367,47.79784551062397,0.5380705233536734,1.1768449190822057,-0.361253255842076,1314.530271682292,131.35599045907313,23.740505153600463,-4.1905342101900096e+17,-84.28682133875087,-48.810196099434435,0.0,0.0,-32.315623907737475
613002,patchtst[nse],camels_aus,pub,0.3923517247076496,0.7111234919907824,0.2281964841048732,0.7431693989071039,-0.026487119290319584,0.7431693989071039,0.20692277689092003,0.8108108108108109,0.2889224341915733,0.7858771329433984,0.06458713381529402,,0.564711780173973,0.13839930026073416,-0.3187717672831328,3652,37,0.1333515881708653,0.16,6,0.14,6,0.8022716028895167,0.8129387200331029,0.9630853389355343,0.0,-0.536583208875788,-0.11792050382990604,0.0035664383230962216,0.1950085761612418,0.1889914336051759,74.30608922914817,0.632364859950142,1.2395899357754514,-0.08134902428149982,1471.5691837025527,112.94235603479461,51.0559032386096,29.624243587526745,0.427122691417686,-19.264264056698305,0.0,0.0,-19.185361545676734
613146,patchtst[nse],camels_aus,pub,0.47390191526948544,0.8018416457024266,0.30840471913648565,0.7868852459016393,-0.24635866541945753,0.7868852459016393,0.5425915389876924,0.7027027027027027,0.31931599521731335,0.8673252222255515,0.14017562835079256,,0.6588260433408579,0.33147849656900874,-0.3279397304329411,3652,37,0.07311062431544359,0.1,6,0.08,6,0.7153221195705541,0.7207145597312891,0.8354183011666139,0.029380547251539692,-0.12522386980962796,-0.17424518033430436,0.09155250996988495,0.027591023006969917,0.128377213446787,78.94765148506882,0.7248315198507898,1.0607656997705137,-0.2747822008247165,1541.462248157037,131.7652086681714,3.1508871717055906,14.67435824535878,-43.41416636624854,-68.0710163250954,0.0,-99.99999997443258,-2.3188224770760444
614044,patchtst[nse],camels_aus,pub,0.7563282323923132,0.6394879645221992,0.6548983469487464,0.6612021857923497,0.6445008951766409,0.6612021857923497,0.4446831657505299,0.6486486486486487,0.8370133977061295,0.6073871409028728,,,0.6967562927914899,0.6792582824754176,0.11684026787011392,3652,37,0.7045454545454546,0.06,6,0.21,6,0.05407539379218021,0.05751296106170006,0.13354476472024843,0.0,-80.18909874300654,-3.2885715851543456,-17.98629209613929,-16.70843501716967,-16.700503350289562,1769.2917290956646,0.6771212585183035,9.010499361467518,-16.712262019164616,11177.19289395333,139.35125855829799,528.6855500411671,-7.698817673251902e+16,-60.01032157778767,186.19648593392816,0.0,0.0,1.9762558553535892
616002,patchtst[nse],camels_aus,pub,0.6926732998447619,0.49379276687127227,0.6386887919761894,0.47540983606557374,0.5347835737997616,0.47540983606557374,0.3542455655290267,0.4594594594594595,0.841610296938083,0.46238030095759236,,,0.5857942412776618,0.46968199658351334,0.19888053297348962,3652,37,0.7259036144578314,0.06,6,0.22,6,0.19926130125402797,0.2049424298412172,0.40477971797614637,0.0,-72.05331173655753,-4.229486215716833,-19.132281099785775,-18.060745657765793,-18.05346260734706,1903.935709392135,0.22156004471566257,8.547123009326445,-18.2183740896492,74010.67413674682,117.15884825553242,510.999592496404,-0.0,124.60419419378741,64.39859606922181,0.0,0.0,-28.959936845137836
616013,patchtst[nse],camels_aus,pub,0.8510906392458161,0.9543885811917412,0.6832242314749108,0.9720913666125641,0.404564847360424,-0.4597194559419869,0.4236215207136471,0.9826042345441385,0.8146115194821489,0.963589629765682,0.7748098455224103,,0.919652243073499,-0.07330920807710252,-0.10329794194592512,3652,37,0.0,0.09,6,0.22,6,0.9401526546543324,0.9389717199262243,0.6549379715343759,0.8914855567763921,-127.53849383794463,-17.346066086122843,-13.000296183359314,-9.684377383922204,-9.684731679298876,1066.06423458787,0.1607816645564327,11.337481812022661,-10.311828265219912,1776.304700617018,183.93044861469977,704.116224638941,99.99999999999982,1058.5951299133583,76.1540068244964,-99.99999994451873,-99.99999995388241,-57.016946304248435
616065,patchtst[nse],camels_aus,pub,0.7079683291073747,0.5821037778061792,0.5768302766760752,0.5901639344262295,0.49960789570687525,0.5901639344262295,0.2870985235419509,0.5675675675675675,0.8106836628675229,0.5526675786593708,,,0.6464372787248669,0.5525734022467013,0.12586455130119556,3652,37,0.7248083242059146,0.06,6,0.22,6,0.1811206601894802,0.18727386035423255,0.40808020977565446,0.0,-31.00133791528269,-4.113356348511461,-13.362841250886632,-12.796222264342537,-12.788202877987516,1376.6311303243278,0.3952518956990208,5.656972504377468,-12.941206151775212,33315.51035885575,129.2874557449734,311.52646160713306,-0.0,65.40354562367338,51.96542745332523,0.0,0.0,-14.064983367482952
804001,patchtst[nse],camels_aus,pub,0.45984244110727185,0.8644728137817137,0.42919407123071374,0.9713426739827835,-0.41001059055472283,0.9166978652396143,0.6751274589025557,1.0,0.3151414963699645,0.9845485968012797,0.24361110508125533,,0.6563768322431858,0.5010018154856558,-0.40463037267444185,3652,37,0.02190580503833516,0.06,6,0.42,6,0.4474754292304067,0.44682336876509987,0.41990959537003203,0.25035905504879497,0.2262818383141575,0.031278236056284214,0.21994762642509158,0.22504207982549118,0.592408230982848,-1.6101799249847157,2.3833110317001096,0.8796125065537909,0.10280960613007706,12469.484041822738,131.27536644863739,-58.20555807472289,-62.20598571802998,-58.6246273936798,-83.63310087823079,13927.995353309652,19308.211625309945,11.301181084787206
809310,patchtst[nse],camels_aus,pub,0.7400931833010118,0.9858686368432878,0.4720845252577884,1.0,-0.4393311736238861,1.0,0.7214441132545525,1.0,0.5606517277335966,0.9972640218878249,0.11988681919477193,,0.8970647275008654,0.8393634809804409,-0.24577545354227603,3652,37,0.5739320920043811,0.09,6,0.7,6,0.09104716868344792,0.09255813838861904,0.6331202832160223,0.0,0.0884102215389182,-2.467726533596078,-0.12016361038616852,-0.1604264309883039,0.1868881165734756,39.60814005672525,3.824152100975151,0.9547721081289933,-0.6982331493964034,106073.52095484312,179.412945500173,-70.77234665721977,-1.3190362241324275e+18,-90.39975393563412,-87.43817952628113,14970034360885.621,19870156049728.395,84.92823035646263
912101A,patchtst[nse],camels_aus,pub,0.6827088516323252,0.8451971958877282,0.46055476690745295,0.8514972700564903,-0.19055573691791952,-0.4754493821111477,0.5461908543375266,0.9288821083098158,0.5961636412868729,0.8564881814054132,0.09280742201523326,,0.7856952874406152,-0.3664147042897623,-0.16248834425540304,3652,37,0.0,0.06,5,0.57,5,0.8945702919074044,0.891208513639551,0.9347543293297326,0.902045780731125,0.17637730763078097,-4.466009164955912,0.1380078207483143,0.14064019036136444,0.25794262351643105,-0.9794018939540772,1.1391832716659092,0.907536606627644,-0.2322095126003516,268.07604141873196,157.13905748812292,-58.1855373931643,99.99999999999984,1263.076697759755,-77.53263495190572,-99.99999999306783,-99.99999999369626,13.112110465111753
912105A,patchtst[nse],camels_aus,pub,0.7020442271594215,0.8098803525207984,0.606987444123999,0.8385090552833655,-0.5550190282478266,0.46097986554904014,0.6362406502531116,0.9205723859170997,0.6169392448880915,0.7898009216664575,,0.17218937064135137,0.7698748056867274,-0.32821810850459543,-0.10783612536137688,3652,37,0.0,0.18,6,0.07,6,0.8834470292408689,0.8832507417147581,0.5777416014165601,0.7966858575257705,0.16618694499623443,-2.785995731887494,0.16948545662524594,0.2325225576303288,0.17795151193095804,-18.30571879021998,0.9192016852415396,0.9131336457516861,-0.14036109272137298,344.7196865027412,153.97496113734516,-53.60932399448584,99.99999999999991,1243.8858705072946,-79.44639845497859,-99.99999999375176,-99.99999999498621,-2.8016528664642415
915011A,patchtst[nse],camels_aus,pub,0.7926630804814832,0.9902588612823242,0.3952841016433138,1.0,-0.226069861614149,1.0,0.6040638117957289,1.0,0.6768306027903571,0.9958960328317373,0.07493134275071146,,0.9267162714319059,0.892343179236097,-0.19759578080084106,3652,37,0.33378970427163196,0.07,6,0.08,6,0.06568396887672678,0.07030463215308218,0.8343122257032587,0.0,-0.038668102659183745,-4.214070075114824,-1.1761294539027394,-1.2864480406845642,-1.216816096409064,206.24427985570188,1.0441540773139237,1.0191506771126553,-2.05618171922718,61260.11128545759,185.34325428638135,-37.60398401095809,-1.3608254830837727e+18,-93.23492371437712,-76.3996111609191,22081774473190.31,26870334148406.984,75.7416499609165
917107A,patchtst[nse],camels_aus,pub,0.5521693162727165,0.9011954181625413,0.3666559475072357,0.9999351562971497,-0.20595955580977823,0.9999351562971497,0.5126632022458775,1.0,0.4243967600627033,0.9839359193200653,0.08647814156365333,,0.7353893915606172,0.7017438203729759,-0.34902610188982486,3652,37,0.046823658269441404,0.08,6,0.29,6,0.09535541764155976,0.1003151083621781,0.8841051248735365,0.0,0.16398353331935267,-1.4602921172618815,-0.3085710293598334,-0.44417435567154784,-0.4046828059048255,120.89443191894937,1.1041256290093144,0.914339360784959,-0.8792365119584131,5372.918490926111,147.0778783121233,-26.88111510488131,-72.2595544558651,-64.35985176172943,-63.333840114611185,57744.064218025196,9617.168393643466,31.608014218680925
919003A,patchtst[nse],camels_aus,pub,0.45084233511998106,0.7693438150023104,0.5576189500488615,0.972757220274962,-0.5473956354485826,0.9508992967776942,0.7838536066584968,0.9459459459459459,0.35224083762655456,0.913209000629569,0.29159987915174856,,0.5816389651520472,0.42519376974440765,-0.31850147988232935,3652,37,0.017524644030668127,0.06,6,0.25,6,0.44882448287335386,0.44882448287335386,0.41004950535588885,0.1463508956102655,0.2231215627601314,0.15104006569139727,0.12493281596186068,0.21145971876904768,0.455061645276695,-26.53358019285909,2.8127030417264556,0.8814070780518322,0.1224323556139093,4959.328370749387,116.32779303040937,-71.74558696586388,-27.726533084289972,-46.31455373623097,-88.033652331433,1813.5567404344117,1442.611122728582,25.827379396282893
919201A,patchtst[nse],camels_aus,pub,0.5739297912976746,0.918441124360929,0.47849099892005104,1.0,-0.4487039561840645,1.0,0.7611818654097011,1.0,0.3986908616698213,0.9995976913677475,0.16310220603402648,,0.7550053439644385,0.6885614087833016,-0.3445113330632543,3652,37,0.17113910186199344,0.06,6,0.38,6,0.14974078598839774,0.15181388784699254,0.6546252747580882,0.0,0.12021985197980833,-0.552047067750751,0.061333293725731264,0.03430423495190271,0.4707875319090914,12.620185361134329,3.9464768203576495,0.9379659631458871,-0.21084273936949693,27007.430995899802,151.0010687928876,-65.93262560080773,-266.4790921670333,-58.791423436331534,-89.072933886171,15912872552871.705,20399546623229.98,52.234262098697876
919309A,patchtst[nse],camels_aus,pub,0.5497345925304051,0.9343565840679767,0.47165083124343227,1.0,-0.45178919673180007,1.0,0.6551029630869665,1.0,0.3258092616828983,0.9976616223559853,0.23059101241960442,,0.7582642693982901,0.6756151903628148,-0.3846219915375716,3652,37,0.10898138006571742,0.06,6,0.6,6,0.2008322932512945,0.20083229325129456,0.48473252620007407,0.0,0.3735952951950532,-0.48611424036454687,0.34344005125027244,0.34693258069167676,0.5257015930302105,-0.9185642104039636,1.9299071405971806,0.7914573297436489,0.025237677685424842,75521.62184330985,151.65285387965807,-56.57374965015403,-203.63003306598367,-77.26745636648586,-78.16503088865575,13570004701614.38,17074465751647.95,25.27100964272078
922101B,patchtst[nse],camels_aus,pub,0.375173215863796,0.7509307754218562,0.5178557481898435,0.994535519125683,-0.514861320161834,0.994535519125683,0.8019225297952958,0.972972972972973,0.34067059171772063,0.9565906315195702,0.49271182088493654,,0.5144184819804045,0.370432351196622,-0.3757575595580602,3652,37,0.09802847754654984,0.06,6,0.26,6,0.3822010941971446,0.3822168123109321,0.31688347606310013,0.0,0.16075728095513864,0.17289568893841245,0.09082717924083872,0.14353879341861908,0.5844385452894858,-18.24544555643199,5.12592437151811,0.9161019152064148,0.2247178955834136,3218.8320962465305,102.88369639608091,-68.3333101878755,-87.21911918276871,-56.272914466142545,-90.61337812555662,36871831268072.13,228533.92539492404,16.59739948674148
925001A,patchtst[nse],camels_aus,pub,0.366993245823847,0.7462314357191273,0.2845384231062646,0.9038609017628111,-0.25196253847057953,0.9038609017628111,0.4866198629622271,0.941066796741433,0.2507386584534594,0.8520562526044677,0.17298377977815227,,0.5506047834725418,0.4987804941873029,-0.3792381898952803,3652,37,0.0,0.13,6,0.42,6,0.25499841142169066,0.2575785981083388,0.7401056316032457,0.04765062017473689,0.4234407045539764,0.22419434740784427,0.5046897899516243,0.3986037797392724,0.5373117856934231,36.830803780047574,2.066916026909943,0.7593150172662356,0.18891285578611272,552.7126898002028,110.12095669450852,-26.636618151869033,-1385.7653467332557,-44.73278904339195,-64.51766387105867,873.5074841145383,897.7283963645331,8.63118584369289
926002A,patchtst[nse],camels_aus,pub,0.26358738935026793,0.31995112485581034,0.19535731377661866,0.32397824162248123,-0.09239969319610396,0.1038029930992395,0.3174975309323484,0.2903942218551372,0.21061561329086673,0.30744106122412135,0.09369609660490552,0.1402606080362206,0.302415507135411,-0.07231977210169929,-0.05636373550554241,3652,37,0.0,0.14,6,0.13,6,0.8675846120639648,0.8668578089357842,0.9521361043463183,0.9216417189313019,0.2330746623275619,0.2292095091459646,0.5687077990470264,0.6667883387280973,0.6944475307479177,19.784106585805088,2.149043572595936,0.8757427348670602,0.4132385506996785,66.38451496754692,60.483101427082254,10.532376669570363,-1316.8855469039747,37.79591881281832,-46.271615199680234,-70.78981601952462,-42.04327721736924,-11.67061111182581
A0020101,patchtst[nse],camels_aus,pub,0.8256296395682657,0.9956444255230175,0.37669027870210037,1.0,0.36888799609535056,1.0,0.13433782380385434,1.0,0.771125648137286,1.0,,,0.9480122034993935,0.9476212347926477,-0.17001478595475172,3652,37,0.3828039430449069,0.06,6,0.64,6,0.007253838766636236,0.012213529487254573,0.14507677533272473,0.0,-33.4670355840427,-6.87015574065621,-19.96234066170496,-19.97808497947425,-19.97007078786854,2094.795656161896,0.6930260932317572,5.870863274173799,-19.97417545720522,4176303.848975064,189.60244069987857,66.1788609350887,-1.0837807962018131e+17,-96.74953520901528,21.756522774027147,43063986599445.34,49137506783008.58,14.898871594520438
A0030501,patchtst[nse],camels_aus,pub,0.7343710206021735,0.4972860805420983,0.4011725959279284,0.32786885245901637,-0.049380382490170543,0.32786885245901637,0.3883915461868073,0.2972972972972973,0.6865010833933338,0.28317373461012313,0.06599492206277727,0.6511993101898285,0.6828917474885088,0.011264138866295802,0.23708494006007524,3652,37,0.3313253012048193,0.06,6,0.1,6,0.6530744954735587,0.6570883734052615,0.9663451988714161,0.0,-0.8864854645144016,-1.1290078718302667,-1.5104915722086694,-1.5772721223536315,-1.5253999321202811,241.7342110981795,0.11053234705364279,1.3734938895074857,-2.215963765102049,601350.668470818,136.578349497702,12.139559407023077,-0.0,30.510793811728245,-55.037820384983874,0.0,0.0,-52.98337134576671
A2390519,patchtst[nse],camels_aus,pub,0.5488247429577952,0.08831866145685123,0.7327836098283697,0.060109289617486336,-0.5968866887134572,0.060109289617486336,0.6975955746696193,0.0,0.8998835309875864,0.06429548563611491,,0.7963475736786652,0.27266023653658966,-0.13791939028556324,0.4605060815009439,3652,37,0.7491785323110625,0.06,6,0.51,6,0.5959571751960593,0.5982205450580823,0.7603947810109626,,-0.07774854385885033,-0.26694011526614747,0.14194021015619085,0.18493903400386902,0.2391137757905576,-15.114148044476098,0.09214603455636994,1.038146687062503,-0.3675033516131845,2487.7091545503445,54.53204730731791,-30.782343639982273,-0.0,-99.99999999997883,-75.94720081620437,0.0,0.0,-70.55755367218676
A2390523,patchtst[nse],camels_aus,pub,0.838335734201822,0.8299336054728912,0.6373427384260301,0.7049180327868853,0.6373427384260301,0.7049180327868853,0.42106977475813445,0.8378378378378378,0.8024153157346952,0.722899542726966,,,0.8715827972807635,0.6430891923759263,0.008402128728930758,3652,37,0.16237677984665935,0.06,6,0.17,6,0.4331255937915736,0.43345234414213296,0.027119766163807645,0.0,-73.93463891007164,-4.07110592977127,-17.04257431159674,-16.167284331063872,-16.15984519700048,1714.7474161233179,0.28285849490920895,8.65647959103882,-16.20487747658342,9506.643587919621,174.31655945615321,421.7950636054315,-51.73660382398273,-26.500197459317814,166.69368865436965,0.0,0.0,-34.03442445216385
A2390531,patchtst[nse],camels_aus,pub,0.42775657579715953,0.07271080904082618,0.8710986076631757,0.06557377049180328,-0.8031955112131381,0.06557377049180328,0.7689498960698937,0.05405405405405406,0.7048299759145129,0.06429548563611491,,0.9177943454603289,0.18790545246262566,-0.06521498120505378,0.35504576675633337,3652,37,0.8559693318729463,0.06,3,0.08,6,0.503078763030155,0.48331146289896104,0.4414786522702204,,0.10974649205383513,-0.5241659360246655,0.02069566717391813,0.17025265791720257,0.017713789685246395,-43.36985898408377,0.08134066087748867,0.9435324625820591,-0.27519828143592484,1875331.522355964,37.581090492525135,-58.67567421625239,-0.0,0.0,-83.80728065593313,0.0,0.0,-72.62537476651782
A5030502,patchtst[nse],camels_aus,pub,0.5119849633644219,0.8936006303383336,0.4321360860668191,1.0,-0.41368879750899606,1.0,0.7593354109373435,1.0,0.32402699043161454,0.979984869798265,0.16288284896185806,,0.7090757796506988,0.6582795610523944,-0.3816156669739117,3652,37,0.05914567360350493,0.06,6,0.66,6,0.11948967233337644,0.1194896723333764,0.5529652071644842,0.0,-0.045884562137743945,-1.2935969539836951,-0.49210769609831306,-0.577073357761845,-0.29289967238321424,113.05012064744133,0.8059119485866528,1.022684976978612,-0.9080885789904611,3110.3083283882456,141.81515593013978,-69.95884554953412,-78.97401818730206,-77.34548132043696,-87.42140957413312,21226441860198.977,8315.851410221441,29.76099785289393
A5040517,patchtst[nse],camels_aus,pub,0.5575186346094012,0.6835154330293028,0.2937157952270422,0.8498907741129742,0.13913968893002548,0.8498907741129742,0.3273448515159163,0.8910217490004815,0.5341170047624443,0.69634277245904,0.024052361760245923,,0.6268832656931423,0.6178650831352389,-0.12599679841990163,3652,37,0.0,0.06,6,0.06,6,0.04462188059667802,0.05371828264043083,0.6204695564005542,0.0,-2.2162542072665565,-10.491178454514229,-2.258170148403064,-2.3504580602751837,-2.2533821236877185,312.6942729577554,0.6849240674713766,1.793391816437935,-2.3465106068133843,459.76528477900587,125.37665313862858,1.4968268766744457,-749.5192185066526,60011323125403.28,-59.73075758344217,251.61888151914994,169.0047055351871,0.5107719138879752
A5040523,patchtst[nse],camels_aus,pub,0.46681602272696215,0.8094544238562388,0.4442830968531228,0.9837653167560535,-0.4396056270511412,0.9837653167560535,0.7169423212324996,0.9998961383638021,0.3073314298722238,0.9141627555296887,0.19250120575695176,,0.6314673584695027,0.5711903671554797,-0.3426384011292766,3652,37,0.0052026286966046,0.06,6,0.06,6,0.1418998313284045,0.14276487346961794,0.38634420198484487,0.0,0.03352583479217708,-0.9898224332603007,-0.2664588692505201,-0.3412571290673838,0.02790450960106372,78.24280507504128,1.0987233731585933,0.9830941792157164,-0.5368763189499672,13394.54198762516,126.2934716939005,-70.26458749913367,-30.728855137251678,-61.41884759955262,-86.75278079588777,3055.799454776706,1611.2314133686364,26.411036659198093
A5050517,patchtst[nse],camels_aus,pub,0.7165265513685434,0.7955010928523633,0.6268049324037726,0.7486338797814208,-0.6046673115278145,0.7486338797814208,0.8034545483923137,0.7837837837837838,0.5583068382115413,0.7387140902872777,0.16628783093218746,,0.7878094269330678,0.5815692594591643,-0.07897454148381988,3652,37,0.3491237677984666,0.06,6,0.35,6,0.3709469349320234,0.37104939267762255,0.463626324050311,0.0,-0.034727942846807025,-2.1647522569956283,-0.5508466700213943,-0.6193512110189867,-0.38373088148904766,104.09885101998634,0.542590971834293,1.017215779884881,-1.4190560408343398,13820.53237777786,157.5618853866136,-74.02768297903718,-5.2991545426033126e+17,-86.05986083186698,-91.67050183416693,0.0,0.0,3.0867670063028925
A5130501,patchtst[nse],camels_aus,pub,0.5417224164445701,0.9451485845601382,0.23340206339346148,1.0,-0.19512351668196326,1.0,0.5152567055132976,1.0,0.33007594006022767,1.0,0.10475173940637669,,0.7752861076883623,0.7514918310476707,-0.4034261681155681,3652,37,0.2505476451259584,0.08,6,0.7,6,0.08292753042003533,0.08597339730524935,0.7950680442357108,0.0,-1.1947605411481854,-2.0328868676305354,-1.9777503919940873,-2.064721150415684,-1.9746157116291392,286.13809516764263,0.6051514922684869,1.4814724233505614,-2.274231140779918,12911.401113517564,155.05722153767263,-40.04450858448817,2.4935844655236985,-88.59551244817834,-71.79353721671438,31947647184133.535,37219652533531.19,12.498473692216084
G0010005,patchtst[nse],camels_aus,pub,0.32069398114834435,0.8870718398257839,0.20294724841931988,1.0,-0.09467692761091687,1.0,0.2799475841989629,1.0,0.1684975625817283,1.0,0.49224010021568954,,0.6093795455922054,0.5006893727337699,-0.5663778586774395,3652,37,0.4252464403066813,0.06,6,0.45,6,0.3527404987767232,0.3616383121770774,0.869778219272116,0.0,-0.3252929660776387,-0.9245372328082324,-0.27128741112227006,-0.37916911784405727,-0.2935831848206134,86.10567232533337,0.6796593230262237,1.151213692620809,-0.3058846920135383,32959.02478598779,121.87590911844113,4.807715057618838,-1.4077365805002066e+18,-96.87208661466413,-54.92938205586783,31323686540126.8,38585252165794.375,-6.636004880535458
G0050115,patchtst[nse],camels_aus,pub,0.9700882993431783,0.9999683454014854,0.8921799809656884,1.0,0.8645547439455991,1.0,0.5078340384863954,1.0,0.9730081210899055,1.0,,,0.9945971896267034,0.9932129020104175,-0.029880046058307075,3652,37,0.9759036144578314,0.06,6,0.13,6,0.005592837990724659,0.00947522776584828,0.1118567598144932,0.0,-34.38115316972922,-86.92059569346559,-113.78149469533439,-113.78573341334794,-113.78500938961976,11477.711231451942,1.2639627075078872,5.948205878223217,-114.67742727696039,570348.9507394078,198.9194379253407,237.53947971975543,-8.455105820278378e+16,19242018616243.33,23.423635140686503,95613258481025.7,101446063518524.17,252.98957462607154
G0060005,patchtst[nse],camels_aus,pub,0.8585586189364615,0.9977334830905874,0.5825443686194542,1.0,0.5646636752139825,1.0,0.35817143123160694,1.0,0.7911760475621475,1.0,,,0.9582009010865088,0.9570560172682994,-0.13917486415412594,3652,37,0.8721248630887185,0.07,6,0.25,6,0.008671801011022497,0.012204751021699054,0.08677728443852828,0.0,-35.35632496664178,-10.98709382913075,-26.654310045772526,-26.663346697074875,-26.661030601061668,2763.894039057776,1.1146178104538789,6.02962063206648,-26.76904194689842,797.3502286160785,191.64018021730175,183.5862216553008,-2.3881971123120982e+17,27660381561991.168,59.99073963866056,75567542314529.42,82727424502372.75,13.826854544042906
G8110004,patchtst[nse],camels_aus,pub,0.4705407027183798,0.7433995184745847,0.39537630403689555,0.872777559893768,-0.30848264495288313,-0.02921135067504136,0.6387032328955083,0.9846565546993349,0.3382955309408848,0.8072621871598482,0.13600458789183492,0.04385141284423412,0.6080865109858711,-0.15574013106468707,-0.27285881575620496,3652,37,0.0,0.23,6,0.06,6,0.9105738770453549,0.9059975299420111,0.8325111533093075,0.996929270552038,0.25489819326977037,-0.9899262468372103,0.26209371234696677,0.28508396474196995,0.5337582720508081,-6.487440503468779,1.6774574261240167,0.8631927981223139,0.1370989667499456,381.13183296205557,121.61730219717408,-55.32140141550242,99.99999999999999,734.9193766481517,-81.06444859955124,-99.9999999973261,-99.9999999973261,-1.810266655641981
G8110016,patchtst[nse],camels_aus,pub,0.7255810461857286,0.9016031620178923,0.5237403034178585,0.8797814207650273,-0.4300605900268926,0.8797814207650273,0.8383924894006017,0.8648648648648649,0.5523415834342702,0.8919288645690835,0.1272944269936898,,0.8466015588702968,0.7387642262319172,-0.17602211583216365,3652,37,0.47343921139101863,0.06,6,0.3,6,0.21564607088259735,0.2165428277610464,0.704549975907518,0.0,0.05052675233573922,-2.1511492511724675,-0.13671697027245955,-0.1748482916439018,0.16363787560434928,31.914137045158714,2.2779546650133624,0.974409178766426,-0.7687176623044671,50366.017311325806,169.3203117740593,-74.12858486826056,-9.689484976748625e+17,-91.06398343114063,-93.0670055073313,0.0,4625940918922.426,96.87945738094264
G8140001,patchtst[nse],camels_aus,pub,0.4316114211204999,0.7827013088444531,0.43967286871408784,0.926936922251543,-0.43709568366262797,0.9160079605029091,0.5990053531071124,0.9524332855534144,0.305397530372387,0.8827232627066827,0.29342456306002634,,0.5987587813086064,0.4474407628253574,-0.3510898877239532,3652,37,0.0,0.06,6,0.45,6,0.4149954830630272,0.4149954830630272,0.2380034783393367,0.07621747024805019,0.361610967613742,0.08378742037295606,0.3634614454640759,0.3553220495305719,0.614316957517136,2.1084778911732047,1.7441859450583437,0.7989925108449127,0.16936260102826373,754.1965829227453,119.75175626172141,-52.68415495100667,-1111.1122039457953,-57.89347540191133,-77.10057090767704,472.1226518400328,971.5380867871818,14.713706815364052
G8140040,patchtst[nse],camels_aus,pub,0.4007993103893534,0.688177361915616,0.26538727143493007,0.7631837363426643,-0.2452219737287829,0.7631837363426643,0.270523138795283,0.7920027993679474,0.25847040458876863,0.7484108654004591,0.19819952855261205,,0.5585678469055311,0.5015334688234877,-0.28737805152626256,3652,37,0.0,0.06,6,0.23,6,0.19756653464153304,0.20182882121151452,0.5650352873748963,0.0,0.5961133452988512,-0.23982277156384169,0.43824011353971826,0.29930118122901683,0.37422921007743215,46.576786586071286,0.8182298853313165,0.6355207744056436,0.0679617419319507,376.8002092154663,111.71356938110593,-16.59299772614893,-3533.259236546371,-49.77328413729463,-39.2051387027548,321.02715243843903,413.1066663094336,1.6386638841678194
G8140161,patchtst[nse],camels_aus,pub,0.459175285222423,0.6849696699377474,0.5233064221645636,0.7930728673415809,-0.5189312793252564,0.2753233213020638,0.6830419091257435,0.9059213876835367,0.3763501511030432,0.7361906463904767,0.3332889947173038,0.23128997354494274,0.5616695384943419,-0.007243644462945335,-0.22579438471532443,3652,37,0.0,0.07,6,0.29,6,0.8882834003047475,0.8804122809090861,0.328896891075427,0.8618761718205835,0.31509238129480877,0.06945036167810048,0.3629896304477398,0.4044648492324098,0.5919506487723911,-9.95584271469106,2.8975768092461176,0.8275914563993464,0.1289839798085295,289.41263910475936,112.3339076988685,-53.767872308638985,-96.38989365874957,13.045930516262821,-80.6563442601141,-99.99999999720751,-99.99999999785253,-5.134714538332813
G8150018,patchtst[nse],camels_aus,pub,0.47029597712462634,0.7407627400582399,0.4850092975146143,0.7650273224043715,-0.4777778269301279,0.7650273224043715,0.7762498134715987,0.7567567567567568,0.2942641102508252,0.771545827633379,0.26947018539010925,,0.6190881366170126,0.5116552522663628,-0.2704667629336136,3652,37,0.4879518072289157,0.06,6,0.54,6,0.2628335439079594,0.2629240683119324,0.4157718999210296,0.0,0.19405420992196254,0.2847890795781566,0.15500871660173599,0.19188484113592186,0.638291348999594,-11.978374199775867,6.235838947479031,0.8977448357289712,0.15313615340065134,872.0621665969873,123.81762732340252,-67.40889397325414,-7.668161239870986e+17,-82.78800071143523,-89.36987982760398,0.0,0.0,22.035478947444897
G8170002,patchtst[nse],camels_aus,pub,0.48477280516518767,0.7147510137834845,0.5728928927227631,0.8298890654510851,-0.5637973691314535,0.5270526500228038,0.7732962190717575,0.9064749128309334,0.3708441626573438,0.7666947712891727,0.24032784999336448,,0.5882102949022677,0.13059635275170023,-0.22997820861829682,3652,37,0.0,0.06,6,0.33,6,0.7710663593811499,0.7651899132381697,0.4363833329950745,0.64450883066003,0.17349434033929545,0.349294118948136,0.1285541518833554,0.1811993674753497,0.5760210523895191,-16.880510000447398,5.587390863527626,0.9091235667722537,0.07856431400218356,339.8950600575715,117.64205898045364,-69.7027879471645,-140.62764668761554,-10.520255084725381,-88.21783480538718,-99.99999999545986,-99.99999999635702,36.98018016135838
G8190001,patchtst[nse],camels_aus,pub,0.5981343169172264,0.8155328621848392,0.4403966053854501,0.8907103825136612,-0.3779066554101815,0.8907103825136612,0.7711653108252021,0.9459459459459459,0.5615421951655252,0.8768809849521204,0.7932817012446525,,0.7001695040522181,0.18088330533045432,-0.21739854526761282,3652,37,0.27656078860898137,0.07,6,0.35,6,0.3728884322126245,0.3770197497926651,0.7354719452853764,0.0,0.03678220229723306,0.1290094466220707,-0.0339769031600794,0.07227334371675365,0.27472639770965956,-34.62716843628671,5.905819383718087,0.9814365989215844,0.06354859876642838,1549.8533155850525,140.0339008104436,-63.283546962417184,-1522.7576258488564,-68.3889398824946,-89.19657597298034,0.0,11285436749458.312,0.8404682966762376
G8200045,patchtst[nse],camels_aus,pub,0.4696542151494182,0.6342198055467356,0.5452922377247098,0.7769778063275826,-0.5183991131362674,0.7168762561359764,0.7795912444870433,0.8240124269160656,0.3847233454231866,0.7161796545868244,0.19676830573910015,,0.5371084590686754,0.38151010235192834,-0.16456559039731744,3652,37,0.0,0.06,6,0.09,6,0.477443397162562,0.4758275910335286,0.4821481819370339,0.2070800010060058,0.027870709937370397,-0.44142940190890534,0.04021350631280285,-0.011840582381206888,0.3982671659546121,23.961548504246007,3.3209238509224575,0.9859661708510234,-0.300587338447621,454.9080768047945,107.42169181373526,-61.03061087342135,-979.1571599990641,127.47524905837732,-89.54398157230528,115.45647913444584,239.11440909204427,22.959582120737597
G8210010,patchtst[nse],camels_aus,pub,0.46863868057178054,0.7573959370421742,0.6185638136299044,0.9204251334428556,-0.6164356329781778,0.8439224012024185,0.7613001922125145,0.9780581035711664,0.43863724260335607,0.878505951312432,0.5412298265313693,,0.5770770639737642,0.2937602601232651,-0.2887572564703937,3652,37,0.0,0.08,6,0.41,6,0.5840443472648057,0.5838425736524805,0.1564267986602917,0.2648635048305065,0.127806503127188,0.2335455976375943,0.02271809210345821,0.1170168186865933,0.48647520484740203,-31.183127769968333,5.342854373970855,0.9339130028395642,0.14755531091567364,859.5113110680198,115.41541279475271,-66.79412374279659,-543.7253707675683,-52.51872485923416,-89.12848948644385,45.8352820273587,690.2740443045301,25.48641727053843
G9030124,patchtst[nse],camels_aus,pub,0.7863851707958975,0.9932533328039943,0.45561483990847873,0.9998309422984003,0.010266383610510538,0.6610331280907495,0.52063763663354,0.9999421660223472,0.628521342815124,0.9998943534595608,0.049199445702072395,,0.9250547124958266,0.6236081305766566,-0.20686816200809677,3652,37,0.0,0.06,6,0.06,6,0.6159636809579326,0.6165174481021078,0.8305154854469585,0.6656089028563125,-0.09883182389373157,-3.593613522991589,-1.2660839384438476,-1.3764629783452023,-1.2924014678138707,214.44265502845974,1.0602294449133935,1.0482517941285536,-2.17866699144605,3476467.5297775315,185.0109424991652,-30.90698367126842,-6.511196640339508e+17,-80.68250392519147,-69.47691239431325,-99.99998035363778,-99.99998035363778,73.97496586140709
G9030250,patchtst[nse],camels_aus,pub,0.5766458792577769,0.8750935457750633,0.4856396517331127,0.9618525295699935,-0.4489338327272426,0.8744208355809225,0.6900170467416882,0.9787451773390632,0.38486489982737515,0.9287499047002886,0.18210388304846292,,0.7381295582030634,0.43820755562527397,-0.2984476665172864,3652,37,0.0,0.06,6,0.5,6,0.5799483116296901,0.5799250601937609,0.5941549334376954,0.28344473619708055,0.19247027548195061,-0.6232645403364525,0.3279116848549589,0.2226700246021892,0.328235760451134,40.17124994206315,0.7212310587446565,0.8986265767926349,-0.2674789943434539,1580.1515121636876,147.62591164061266,-21.06465989207668,-87.40945465817273,-51.6479375974415,-79.15556847334494,-99.99999997517959,-99.99999998011869,-12.79904568648114
G9070142,patchtst[nse],camels_aus,pub,0.666352293047312,0.9188453978422066,0.4586446754947221,0.9398907103825137,-0.2958578521784733,0.9398907103825137,0.7023329753120122,0.9459459459459459,0.5342242377185044,0.9488333190774177,0.09485603124451787,,0.814922349523503,0.5698321976024437,-0.2524931047948946,3652,37,0.09830230010952902,0.08,6,0.11,6,0.5203688347422947,0.5228647084694409,0.8235982002489521,0.0,0.18650815039782986,-1.2760474595903064,0.08452059688546343,-0.02290032633568262,0.12058538459075285,54.37366137252171,1.5820980124209745,0.9019378302312028,-0.6285309964890358,13207.253475297304,162.98446990470106,-53.889809518955154,-53.975689191174844,-56.39770804949641,-82.11483641114695,0.0,-99.99999535316003,41.42102458056242
102101A,tcn[nse],camels_aus,pub,0.3695670505346465,0.6196911980653892,0.6794767079949366,0.997776341529926,-0.6794767079949366,0.997776341529926,0.8294827978635002,1.0,0.423246009403685,0.890494510724455,0.8700996993810614,,0.40904027568686896,0.12353107013218345,-0.2501241475307427,3652,37,0.025191675794085433,0.06,6,0.23,6,0.405893126845391,0.405893126845391,0.04143704562697396,0.0,0.13702925716075054,0.6575020258974473,-0.12478203583048142,0.06063409742031911,0.27499051153177967,-63.52158436347677,8.44198396918982,0.9289621859038447,0.2838468809917153,9468.148009023775,81.80805513737371,-85.31343183743105,99.25363458546703,-35.920465944777554,-91.58544065783938,13149.96332206512,1886.5575692847062,38.82992557344519
104001A,tcn[nse],camels_aus,pub,0.3734704466244563,0.8537368443170755,0.2595674081344656,1.0,-0.2185278055882726,1.0,0.3111046227136739,1.0,0.24422240131566042,1.0,0.15277253415650352,,0.6064278455886654,0.5613970996572782,-0.48026639769261925,3652,37,0.23877327491785322,0.12,6,0.38,6,0.26334784638791503,0.2697632569737422,0.8040831968392425,0.0,0.5750602079148412,0.7033570902960802,0.4935303383386537,0.48966982565000683,0.7900036521515946,0.7910169161200911,3.235161070192117,0.6518740615219774,0.4173481184182122,12427.177250035591,121.28556911773305,-36.64429953873882,-853.7770193200865,-47.46455500432843,-49.75794614742323,3197062015533.4473,3307068347930.908,29.23056642945421
105101A,tcn[nse],camels_aus,pub,0.3397887341912614,0.7603487272188922,0.2698965949350557,1.0,-0.22599646637686377,1.0,0.3477810149637655,1.0,0.29639258873349333,0.9945772000591877,0.2346414681916877,,0.51444527519467,0.43157027419555494,-0.42055999302763086,3652,37,0.1486856516976999,0.56,6,0.18,6,0.3905572067873519,0.39481949335733335,0.770225479084674,0.0,0.5492212087485058,0.7655894291082022,0.540893707553249,0.6082163504717515,0.807196792626275,-12.336382887755692,2.320317933085133,0.6714006190431271,0.4192784271012482,4722.464574869275,102.8890550389339,-35.451788338453696,96.25688777801258,-25.677027057493884,-54.15357986939958,2482008934020.996,2592015266418.457,23.014910068671337
105102A,tcn[nse],camels_aus,pub,0.5538401960746003,0.9173688911928837,0.38105188468073903,1.0,-0.3330932460143773,1.0,0.5491130117712556,1.0,0.4185988653839341,1.0,0.1593391739486165,,0.7459697938082261,0.6766452567762049,-0.36352869511828334,3652,37,0.2677984665936473,0.11,6,0.5,6,0.19094536277151014,0.19352554945815825,0.7302926565891794,0.0,0.3805015754345126,0.3557497082420893,0.26794019489472587,0.3477184071417253,0.5822036267464332,-20.54350426379253,3.510949677063545,0.7870822222395113,0.1646511531747078,4530.466233125836,149.1939587616452,-61.80667611062765,84.1476757320247,-49.681443049153586,-73.79072513876298,2977043390274.048,3032046556472.7783,64.70388544830818
105105A,tcn[nse],camels_aus,pub,0.3381921946524152,0.7303769976821181,0.25620091798977807,1.0,-0.11096592474452592,1.0,0.33024896022606637,1.0,0.3015628451949844,0.974667155682499,0.0873014580672393,,0.49588617917289984,0.4548871871922533,-0.3921848030297029,3652,37,0.13499452354874042,0.07,6,0.19,6,0.3413706133395842,0.34850208082596923,0.9522704553226642,0.0,0.5188531751268288,0.5489395594059452,0.5461141006416846,0.45034539521631345,0.6857234087057269,24.043947190039248,3.291964687262848,0.6936474788198765,0.2539281202089758,1024.5550045668645,99.17723583457988,-25.485701448356714,91.61556906099766,-17.3854573699191,-51.227957106687235,8312439918518.066,9192502498626.709,30.52707703885388
107001B,tcn[nse],camels_aus,pub,0.24649577340863768,0.5485922007328349,0.21024597963249034,1.0,-0.10271500467908437,1.0,0.18085992552653746,1.0,0.21925683765561238,0.7850790109512013,0.8988686478268859,,0.3455962669336076,0.09879171428213676,-0.30209642732419717,3652,37,0.0627053669222344,0.23,6,0.11,6,0.6500182475785478,0.6594341991118159,0.9436571860624154,0.0,0.7630083526128739,0.7912965973532098,0.8672104303231196,0.8386231655142657,0.8561806939011252,-6.027969062677328,1.8020156122778521,0.486817879075046,0.5944691690263298,380.1257729293999,69.1192533867215,8.621565169450271,-42.626653361097986,-6.959989324068862,-3.0824856872900037,5177205801010.132,1179.2154872287372,6.098283389549231
108002A,tcn[nse],camels_aus,pub,0.28134217948162016,0.2779243835289708,0.2310569587139462,0.11168692306544743,-0.18418781769007755,0.059370727491923354,0.41097764427232253,0.19575643027501813,0.2471331649927229,0.22282881968127582,,0.07626191851763751,0.3009465153809523,-0.20527819028628327,0.0034177959526493495,3652,37,0.0,0.11,6,0.07,6,0.6965779099265057,0.7017072316518633,0.8131059672026101,0.8318719663785634,0.5941524168408627,0.5339096873126867,0.5174297968383189,0.635153578241956,0.7152193862688404,-21.298647510649182,5.06382879131599,0.6370616792423928,0.5446571522814638,48.95601960519797,60.189303076190356,-42.06163197271286,94.19866341768841,67.9979147168471,-58.61907484527738,-22.264282446842508,-39.124704427363085,7.313757877735409
108003A,tcn[nse],camels_aus,pub,0.18875802000853031,0.16967425670169264,0.2363059566552552,0.17706504346917212,-0.19632007382845484,0.13884623104926438,0.33461055777824594,0.3784570064688163,0.1887767386247668,0.14775305943201467,,0.14608875858234965,0.17361987121827727,-0.08145009696563599,0.01908376330683767,3652,37,0.0,0.06,6,0.06,6,0.8532711441908225,0.854953244074156,0.7196451185231079,0.8867230085641357,0.6926719691854959,0.8477380803849799,0.620892283426515,0.7196573721970306,0.8161536766163096,-16.377850632602268,6.362557231475776,0.5543717442425291,0.6435291026873713,32.83570504821978,34.72397424365533,-33.04674885905911,55.94817982094222,20.962128566298357,-48.87744452826075,-4.882597259943784,-21.30825610360801,7.065525068883618
112002A,tcn[nse],camels_aus,pub,0.17973740363102703,0.19113541089033328,0.2444772548350779,0.1885247963626445,-0.22184236783644998,0.150731466734805,0.36174913154525784,0.21869447341858275,0.16537056385856203,0.20302964033798038,,0.27858193503880835,0.1799400028834063,-0.07341405956185468,-0.011398007259306259,3652,37,0.0,0.06,6,0.07,6,0.8263018790275983,0.8224310245340021,0.6152655146491414,0.8945726158775154,0.6651331698216935,0.8186082473318725,0.5738558302692964,0.6868854084097129,0.7848494228918238,-19.099292771899275,6.621137332392001,0.5786767925001888,0.6574236239194946,36.30738403259008,35.98800057668111,-39.98364930351044,30.566279157991858,0.3678569525886031,-50.8930805394526,-5.994267755684283,-9.53319670455798,-4.279916307270105
112102A,tcn[nse],camels_aus,pub,0.16107195605939553,0.1947498056058782,0.16216545914462704,0.2241434082583886,-0.13973072155838906,0.06366242781026192,0.23892007051564698,0.26679869513846444,0.15758995695536612,0.20469396309487295,,0.07674015972536154,0.1738067812938472,-0.08238431294529135,-0.033677849546482674,3652,37,0.0,0.27,6,0.15,6,0.8554564312794675,0.8517553591971265,0.6403200193240778,0.9521566728481549,0.7561091577989563,0.81595611582203,0.6365902195247676,0.7451433015535152,0.8051726096398962,-17.26246909377751,4.945352629842118,0.49385305729644297,0.7033466023662468,33.443243643237096,34.76135625876941,-28.879216534643707,34.25031515963132,-1.4222738801345738,-41.148129812663754,-28.997329250203286,-23.646872682224497,-8.101988094393358
113004A,tcn[nse],camels_aus,pub,0.41534064662803016,0.5594475575879958,0.2886884834912315,0.5030900317525407,-0.2884395147973121,-0.5030900317525407,0.3334899587354753,0.45108734309892945,0.33337593673880916,0.5752728633715993,,,0.5072485780397354,-0.5066882333229354,-0.14410691095996564,3652,37,0.0,0.1,6,0.06,6,0.04068345830324979,0.04154850044446325,0.0996022267096461,0.0,0.6223559417388818,-0.52988784795115,0.3019957851610485,0.3920528803529124,0.4355323710426978,-54.69127603963866,5.281933940593881,0.6145275081402933,0.4510783452949815,65.50626478743456,101.44971560794723,-43.6049381706355,63.98859091951563,50.566400649572635,-49.58422938708317,-71.84164814030841,-75.81757168576186,-9.60644107306155
116006B,tcn[nse],camels_aus,pub,0.5642928213222379,0.3938102664700932,0.5139518007106353,0.2244220185925875,-0.5119382757410923,0.22092340274407904,0.6589662141359351,0.4399910895457854,0.5215979222596254,0.23597419352660565,,0.12571508483828728,0.5123475228768313,-0.4863642307692276,0.1704825548521447,3652,37,0.0,0.13,6,0.11,6,0.09942388218582839,0.09942388218582839,0.07621747024805015,0.5019707824276797,0.3421844897630718,0.2304252003860764,-0.027426514084399445,0.27419924664817263,0.2830543528544003,-69.69329981096215,3.543387665555864,0.811058265623949,0.29885237931814357,66.51332669704736,102.46950457536626,-73.03880590524754,88.351339589919,-14.892954013306557,-79.74030079581321,-2.2775349652595915,-35.396386409596694,10.755872387062583
116010A,tcn[nse],camels_aus,pub,0.6575068901084548,0.4792094717527732,0.5475467013905998,0.15954509507493533,-0.545503087613066,-0.06260974549380847,0.6121260191253376,0.17158334623654184,0.6478255505272708,0.37409008026672563,,0.0343919603455304,0.6078241394972345,-0.6028209881948917,0.17829741835568158,3652,37,0.0,0.06,6,0.06,6,0.053109336895337866,0.04352585172612253,0.0475783326044388,0.7763236372624877,0.35071111906961017,-0.6849262551113617,-0.03560379736436392,0.19483083916586197,0.22659255572809278,-75.04931659873293,4.855425916308233,0.8057846368170529,0.2478596948004297,73.87363091059565,121.56482789944691,-68.74760972559685,68.7892699975248,-35.780420870897764,-75.24535584459912,-48.69274719242329,-63.300188818768724,-1.2643518603257178
116011A,tcn[nse],camels_aus,pub,0.33328567516474134,0.3256170577215176,0.19514868926976237,0.2515046208132116,-0.12304561743594271,0.2478788939553173,0.37069546425461886,0.5161695052790928,0.24313203467529063,0.18905576339174973,,0.1629604568545928,0.3656817981322305,-0.33004561393832005,0.007668617443223724,3652,37,0.0,0.09,6,0.06,6,0.23958963859385488,0.2473393112671221,0.9322022968234334,0.49504116572440876,0.4937154830141779,0.43737375166951564,0.27984875576243917,0.4835253266467088,0.5380995217017278,-42.21837558718762,4.495861706709635,0.7115367291895914,0.5223676205945953,53.375729696861654,73.13635962644611,-47.78878153117203,83.77283792911832,19.02914438628969,-61.09841552519077,5.733723700503335,-20.205965767916087,-2.8726817255093864
116012A,tcn[nse],camels_aus,pub,0.604897172139157,0.38745239110619156,0.6596081715833617,0.5228584062756599,-0.6596081715833617,0.5228584062756599,0.763979842527084,0.7878838269094994,0.6576429075291305,0.2578798471764755,,0.25706633298304776,0.4885299266083409,-0.4196009185050545,0.21744478103296538,3652,37,0.0,0.65,6,0.06,6,0.1260019928903699,0.1260019928903699,0.0,0.1678580199954295,0.21040129395509044,0.23308434306447967,-0.16124763230958084,0.1638151846257182,0.19055137238236564,-78.74535552234742,6.705301762227473,0.8885936675696656,0.20869918488754213,75.94274668508137,97.7059853216683,-81.10903294684762,76.92172923362486,-47.35041944942523,-86.63869543298536,48.18165981655074,-9.053598177438788,22.640855321703246
116013A,tcn[nse],camels_aus,pub,0.4762565511438908,0.3402419237909127,0.3863526279619422,0.11745420740727953,-0.3812513263931308,0.02396494418907346,0.48331524375949025,0.24744122966911616,0.44113267482792967,0.22308837171770865,,0.05878875751781678,0.44377031809504053,-0.43164969753182353,0.1360146273529781,3652,37,0.0,0.09,6,0.06,6,0.1556544225610769,0.14954300239495297,0.2749026499854359,0.8327914976413643,0.48156038432386816,0.20843456674999794,0.15398938111378435,0.39422276773284626,0.4006853739142324,-58.437144353703836,3.942510475819869,0.7200275103606333,0.40041927404621114,59.642633837932436,88.75406361900822,-56.56746173404232,74.71642870409181,-5.929814969199698,-65.73921972731782,-32.59491669774523,-41.63030201768691,1.29548105229914
116014A,tcn[nse],camels_aus,pub,0.3296973831580557,0.6579366719258345,0.4097042366795996,1.0,-0.3839745977124752,1.0,0.48022043388749136,1.0,0.3491379061844399,0.9718361778593722,0.8390542907510539,,0.42986953904730074,0.16041576775570127,-0.3282392887677788,3652,37,0.13499452354874042,0.51,6,0.2,6,0.4782714397699949,0.48085162645664303,0.45476985287857286,0.0,0.4971594016214643,0.719986485361291,0.27077944470316173,0.476944708810379,0.5420409855476409,-42.93635752758914,2.512157594723139,0.7091125428156914,0.39828716113457974,825.1585359940972,85.97390780946019,-53.156282154830095,95.86641161357686,-26.78498857961931,-65.06608188103247,2812027931213.379,2927540540695.192,19.137084158193474
116015A,tcn[nse],camels_aus,pub,0.4180766263814837,0.31177652349462465,0.3836749449741896,0.2648851134547193,-0.36435558727911044,0.2648851134547193,0.45339120056253246,0.5324593746981904,0.39141660217616425,0.17391841685475537,,0.1875662650339146,0.38456468812237204,-0.3337905963036575,0.10630010288685904,3652,37,0.0,0.36,6,0.06,6,0.37202859858205173,0.37550676771776237,0.4707534824510066,0.11648658458776215,0.43402072234214706,0.2641273138076603,0.16614782943571837,0.404775336429961,0.42852751147581525,-52.80937260359866,5.337904266424891,0.7523159427114734,0.4206165322703471,56.00476816392066,76.91293762447448,-56.45145927745831,91.77874176057014,29.701871308389805,-65.93427891093329,15.001991176305182,-9.300254086643553,4.937586075735086
121001A,tcn[nse],camels_aus,pub,0.604803826278866,0.8695766519527872,0.6983456819263536,1.0,-0.6983456819263536,1.0,0.6069015391234179,1.0,0.6756387025068998,1.0,0.7504368600795869,,0.698117108599999,0.24956304286360506,-0.26477282567392124,3652,37,0.31051478641840086,0.15,6,0.41,6,0.19326317816545718,0.19326317816545718,0.0,0.0,0.31395160510410225,0.5248189283873805,-0.0897477840065306,0.21759307971361186,0.12075091988262676,-75.94183368230443,2.9579562252141187,0.828280384227405,0.19710752643344098,3110.26821955124,139.62342171999978,-75.3160498933055,-1.0590638340469979e+18,-87.96498908329664,-75.71824468834075,1491934061050.415,1601940393447.876,3.8248313008090413
122004A,tcn[nse],camels_aus,pub,0.4597601074152049,0.7788636832462594,0.6154203208760606,1.0,-0.5979365816099411,1.0,0.6668851104917414,1.0,0.5079224843277015,0.9986320109439124,0.7315630606477233,,0.559847559149613,0.2664550715214338,-0.31910357583105453,3652,37,0.2319277108433735,0.39,6,0.27,6,0.4466423534948848,0.4475073956360982,0.348509180215894,0.0,0.31096748950576036,0.5968216105138653,0.00039475012179035485,0.2672618566268218,0.3229130750423488,-63.35966640590095,14.64449692390112,0.8300798217606785,0.23307322267523145,900.4016332872441,111.96951182992254,-72.64559598252609,-504.1541473585259,-63.21680989095035,-79.02317597135192,8067669868469.238,9137499332427.979,55.68594436265128
126003A,tcn[nse],camels_aus,pub,0.35619704689988896,0.7228346920752509,0.5108008771256735,1.0,-0.4562474851506031,1.0,0.657199915817068,1.0,0.3756165188715629,0.9931388717235748,0.7577664587495934,,0.47392953826992856,0.23557122775615896,-0.3666376451753619,3652,37,0.16757940854326397,0.06,6,0.2,6,0.43677286823141465,0.441035154801396,0.6589123164905422,0.0,0.33473804161072984,0.6003530069409865,0.04871975576943799,0.29028343138475166,0.37589123768607835,-57.35163994090868,8.593205371887608,0.8156359226942315,0.2883004075996962,912.1356060337168,94.78590765398566,-69.45623458859268,-191.84517766715737,-63.34959200401774,-78.78260882932254,6387293338775.635,8202427625656.128,45.885869636088685
136202D,tcn[nse],camels_aus,pub,0.40514440106583305,0.8669506928254913,0.32610605224369993,1.0,-0.20961349181918656,1.0,0.282846961297914,1.0,0.2746389266201168,0.9975119608494085,0.30441537435677096,,0.6350041847719751,0.5543000815586906,-0.46180629175965826,3652,37,0.16073384446878422,0.06,6,0.41,6,0.26126609071096485,0.26999781131444117,0.8955770550569806,0.0,0.7678689369908173,-0.17505341989035195,0.757593943687642,0.7949563180485312,0.4294327662690318,-5.500241468797779,1.53127805141903,0.4817998163233177,0.4051549701338285,4087.3286651496846,127.00083695439486,-22.028831336146077,-235.59089166658924,-61.11065129875889,-25.387039306730316,2757024765014.6484,2922040224075.3174,22.922462666995727
136203A,tcn[nse],camels_aus,pub,0.49831858058743644,0.9526992132643788,0.30379937039102356,1.0,-0.19640781436300692,1.0,0.36488240194137594,1.0,0.2866893698891216,1.0,0.3154083552930007,,0.7571467171040338,0.6668712800516554,-0.45438063267694234,3652,37,0.5739320920043811,0.08,6,0.58,6,0.23133436331452284,0.23823864916982695,0.888533913675551,0.0,0.6501834773097592,-0.6315296179685832,0.5069778905467162,0.6095089235988502,0.42650603373233176,-17.550036341172827,1.2585186925564438,0.5914528913533527,0.2987469064668745,1523.9912026391364,151.42934342080682,-39.676089830247335,-1.1219244155389996e+18,-91.72992242513463,-45.01897861595253,2702021598815.918,2812027931213.379,32.201391366471356
136208A,tcn[nse],camels_aus,pub,0.5171424182591321,0.9637928335113166,0.2550990955915192,1.0,-0.10201062026982424,1.0,0.33934984477732144,1.0,0.23497439456551028,1.0,0.15026611761459677,,0.7821692018586238,0.7417852845063062,-0.4466504152521845,3652,37,0.5276560788608982,0.07,6,0.62,6,0.1825876166051081,0.18993543012723596,0.9312789853227675,0.0,0.7413268859720621,-0.8718599529231965,0.6363544696191186,0.7112792681562179,0.3700513143917755,-11.350235824106559,1.1498476669397533,0.508599168331937,0.3145256748078703,16739.699003092075,156.43384037172476,-36.09247251947221,-1.1114699822620975e+18,-92.21869680762943,-41.465997456815764,2371996641159.0576,2482008934020.996,31.635366417950205
137101A,tcn[nse],camels_aus,pub,0.5035748604670899,0.9196554778289028,0.44062659758303063,1.0,-0.39610080997193625,1.0,0.5016327987805711,1.0,0.30744725662288663,1.0,0.2642726782706687,,0.7227610688690402,0.6374429368682939,-0.4160806173618129,3652,37,0.20153340635268346,0.07,6,0.44,6,0.17520417322219287,0.17908656299731646,0.5359091225159861,0.0,0.4846057732435378,0.02596236345290781,0.2081812550629738,0.4327592601611493,0.3996990191473395,-47.57814993179203,3.1644521664651077,0.7179096229724617,0.30609155078933403,8387.13592751128,144.5522137738081,-60.021109650366824,-475.1615004970692,-77.73077792624493,-64.04295396686256,2592015266418.457,2702021598815.918,51.654115783675046
137201A,tcn[nse],camels_aus,pub,0.44477377925424827,0.8979703008485781,0.4537336242156966,1.0,-0.41644428918591425,1.0,0.5237182042739176,1.0,0.2921790414562545,1.0,0.3149185170134284,,0.6701310979365712,0.5816954526729884,-0.4531965215943298,3652,37,0.2634173055859803,0.06,6,0.48,6,0.23483050949234577,0.23830867862805635,0.5297975316271928,0.0,0.4660954614378765,0.15560327377662297,0.1379835586879855,0.38479395763915847,0.3463651421528193,-53.65169758339749,3.3737438007882865,0.7306877161702691,0.29059819908596374,4259.862263501347,134.02621958731427,-64.30831745121851,-1536.3315941666642,-79.00688090229822,-68.45784148732193,2482008934020.996,2592015266418.457,66.90190555011316
138004B,tcn[nse],camels_aus,pub,0.3909425001936952,0.852770431286746,0.4391778130811253,1.0,-0.41877468994652733,1.0,0.4719280866829131,1.0,0.32761360309059967,1.0,0.49935685280976183,,0.5992563401842707,0.4555092868714286,-0.4618279310930508,3652,37,0.2469879518072289,0.08,6,0.35,6,0.3066708306615471,0.31014899979725774,0.41929095232600505,0.0,0.44219446211174296,0.41701256943205245,0.182376220142472,0.40933569552008453,0.3962744702831691,-50.73565780581371,3.719446670159818,0.7468638014311961,0.3478155240794628,5243.543706837889,119.85126803685411,-58.53697897804542,-1026.1114088357428,-79.86016173404245,-59.987847346000756,2537012100219.7266,2647018432617.1875,22.466167154667605
138009A,tcn[nse],camels_aus,pub,0.30907398355535015,0.7218938685163152,0.32310824961422596,1.0,-0.28822731615089586,1.0,0.3302886222633606,1.0,0.30785359789502004,0.9632375861018173,0.6899454355329508,,0.4659156825782549,0.27417785443219944,-0.41281988496096506,3652,37,0.07612267250821468,0.52,6,0.24,6,0.38275390797063225,0.38900814147818513,0.6389726329352341,0.0,0.6200529333234872,0.3979734143424134,0.39915751418485734,0.5723605193697625,0.6233214704500292,-32.125233391131566,4.143588340246834,0.6163984642068091,0.45709636796776265,1094.9793570844247,93.1831365156509,-41.99174794382817,-77.09648186262885,-70.20401461405542,-45.84641405691791,11997711658477.783,8328.414354465605,20.153743737306993
138010A,tcn[nse],camels_aus,pub,0.4601711447935664,0.9293261156030936,0.3246934130585177,1.0,-0.2206627657457098,1.0,0.40190987165489256,1.0,0.32237828647164746,1.0,0.4140122195541534,,0.7097106317409546,0.5807520007935095,-0.4691549708095272,3652,37,0.4950711938663746,0.09,6,0.57,6,0.24288691528271578,0.24955269886266504,0.8340366057587311,0.0,0.6538038206284728,-0.3528178959815347,0.4541273782368409,0.6112819441696211,0.24213389835448818,-28.024166120364217,1.9813042149876148,0.5883843806318513,0.33256649666064764,7772.198807618967,141.94212634819087,-43.63328510623526,-1.112112999867965e+18,-92.00117149550326,-47.178113071309994,2426999807357.788,2537012100219.7266,24.60044513723648
138113A,tcn[nse],camels_aus,pub,0.3307919016251202,0.7964572200981397,0.3947318457190971,1.0,-0.37529606922067793,1.0,0.40666095588936674,1.0,0.28134487062216107,1.0,0.4620246022748159,,0.5276221346141552,0.417854894432617,-0.4656653184730195,3652,37,0.21905805038335158,0.09,6,0.28,6,0.30451358632018943,0.3060245560253605,0.3252779966511842,0.0,0.5421352488798001,0.39492440042003507,0.2723386592094974,0.48016125170418533,0.5220760277992552,-41.96751753223034,5.195543361919732,0.6766570409891557,0.38877914469521047,474.6847614150055,105.52442692283104,-53.52496718850991,-398.6318173642705,-68.59085852421275,-56.26826171489684,4132127761840.8203,5562233924865.723,30.305986858965245
143009A,tcn[nse],camels_aus,pub,0.3523942792483515,0.8620553429021934,0.22597805572635696,1.0,-0.11993829721576033,1.0,0.21958674867053468,1.0,0.2411216094027604,1.0,0.3893535872550711,,0.6043945435098768,0.511367387624059,-0.5096610636538419,3652,37,0.24096385542168675,0.37,6,0.34,6,0.31968184827206597,0.3277946295166573,0.9320790294287212,0.0,0.7917650707741688,-0.03001629241665027,0.8439976492476708,0.8540788143180869,0.6236043203412813,-1.6519377320410429,1.0593259069350085,0.45632765555665283,0.4672984134081183,9603.662474505969,120.87890870197529,-18.822681399198483,-852.2034581015731,-72.65213367113935,-21.266967051692713,2922040224075.3174,2977043390274.048,11.652449212421212
143110A,tcn[nse],camels_aus,pub,0.4599872270026514,0.9108351161540714,0.4680839403797112,1.0,-0.3033295930367645,1.0,0.5370499442071144,1.0,0.3315385405463858,1.0,0.2696710221251495,,0.6851151936801431,0.6027330998364986,-0.45084788915142004,3652,37,0.4397590361445783,0.06,6,0.48,6,0.30030323027626915,0.30785698440188336,0.9283054482443702,0.0,0.6219287787717284,0.006963702543748007,0.4271205588064251,0.5849837421336248,0.4962456810249065,-28.70636059100345,2.7825399877909964,0.6148749638977601,0.2447734888790276,2183.9229626655374,137.0230387360286,-45.50768057865487,-1.131616685441796e+18,-86.04193070902383,-58.439881743889764,2867037057876.587,2977043390274.048,72.13167663928982
143303A,tcn[nse],camels_aus,pub,0.2116700506594798,0.5170581571960894,0.22741558751272484,0.8748141120259957,-0.1379749965211005,0.8748141120259957,0.28907189839593866,0.9320181600144753,0.19280682784715183,0.6789872774917967,0.4710998118874495,,0.3213714440928245,0.2323046089994998,-0.3053881065366096,3652,37,0.0,0.63,6,0.06,6,0.5595890022794373,0.5662826434251904,0.9010993904633363,0.0,0.7496030404322465,0.682573750682308,0.6303620977889226,0.6931747420748168,0.8147471137172115,-9.49029297147707,4.833445025884877,0.5003968021158345,0.5536570564563186,200.84103368117678,64.27428881856481,-30.14959128161109,-384.88812094618345,-31.082315807190735,-41.63085119994361,695.640571909359,254.85058309564582,18.50012909772984
145010A,tcn[nse],camels_aus,pub,0.34089621396713565,0.3537048278414524,0.47545880233875387,0.6661411249308181,-0.4522077164088731,0.6661411249308181,0.46647367580239524,0.7970561900549453,0.39731336096696357,0.4364081013895364,,0.740540254615875,0.3010886799034059,-0.09152701564803276,-0.012808613874316754,3652,37,0.0,0.06,6,0.06,6,0.4175235141599225,0.4222518875422546,0.454040207245315,0.0,0.6606646884807494,0.6152722477984036,0.34671451557776867,0.527671393772713,0.5029752414767229,-45.85703995030356,1.851975643762398,0.5825249449759645,0.4540595559660867,75.87565156729839,60.217735980681354,-49.33300872143826,68.76273212184634,-37.0507447377686,-55.1835596494822,161.92003634068124,120.86479730851815,1.6299274332314488
145011A,tcn[nse],camels_aus,pub,0.3080547397365381,0.6936763390484632,0.2583114295828364,0.9966408650479945,-0.14285182119016654,0.9966408650479945,0.36439936356740976,1.0,0.2760027797011669,0.8761962514228946,0.39793910633883484,,0.46479790638231105,0.365382798398928,-0.3856215993119251,3652,37,0.03888280394304491,0.06,6,0.06,6,0.3443625980149724,0.3528020892597774,0.9469792694087715,0.0,0.7190697281197298,0.4597515651447893,0.5034949414809988,0.6191945278644382,0.6891748824911471,-19.337732229809042,1.845833533066818,0.5300285576082389,0.45021674699323333,724.6937984496183,92.9595812764622,-37.201936917414045,-44.44300521495906,-45.98768583977638,-45.41594567160485,4882.039781058611,1167.2070854739136,23.828728748954788
145018A,tcn[nse],camels_aus,pub,0.264308651740223,0.7478864227091022,0.2110245123255692,1.0,-0.10140140155368882,1.0,0.19333749650625787,1.0,0.17924756577291123,0.9792670488003545,0.2899605401573574,,0.4774721232631113,0.4214244010258732,-0.4835777709688792,3652,37,0.13910186199342825,0.4,6,0.16,6,0.38326148120783027,0.39267743274109845,0.9585753095904156,0.0,0.873906957896333,0.3044238570965462,0.868565564142263,0.8172858186626575,0.737675717686527,10.706470910698007,0.8862498481232688,0.35509582101690096,0.5248586479127015,1577.3724831275263,95.49442465262227,-5.4562555657843275,-135.87606418849293,-50.43913397171734,-9.057030359063816,3692096471786.499,4407149553298.95,10.576181273727212
145101D,tcn[nse],camels_aus,pub,0.3171237406115666,0.5428252281321583,0.4072555677360568,0.9905579154274011,-0.38282219937578804,0.9905579154274011,0.4378853188606077,1.0,0.3690798092465648,0.7766114050463571,0.9228779278548234,,0.3610232826296715,0.0736756710407971,-0.22570148752059166,3652,37,0.03176341730558598,0.68,6,0.06,6,0.39714643459924254,0.4006246037349533,0.38411794848183556,0.0,0.6064702095747135,0.5080929007994484,0.32734785786026965,0.53376754069859,0.5083619868242419,-42.427877815755316,2.0610683112026704,0.6273195281714784,0.44438201079147244,1047.1679133509053,72.20465652593434,-51.97099675792785,87.35213272509003,-57.74466617810262,-56.64605839976364,2364.4816479903266,612.0903679928305,14.725274982529255
145107A,tcn[nse],camels_aus,pub,0.2996748428766301,0.25406390302501985,0.3351674705436661,0.5184632172357483,-0.30529085955437363,0.5184632172357483,0.2707604668678524,0.7374167381700432,0.3564523974115682,0.28534526228652984,,0.6684425276664043,0.24473165244591555,-0.1109262931495981,0.045610939851610244,3652,37,0.0,0.06,6,0.06,6,0.33704855665290195,0.34131084322288335,0.3404283657744297,0.0,0.6331105793642197,0.6977489902327729,0.5260928457402837,0.5455645788221118,0.6042582127201347,-36.017602677680465,2.1418248814577723,0.6057139759290521,0.517781895020514,50.661156980572194,48.9463304891831,-28.179261575136188,20.629186533906214,-39.26435696881084,-38.49110049635903,90.44376846862927,55.37267830757992,-5.011666672266464
146010A,tcn[nse],camels_aus,pub,0.2694039912606626,0.5052372044163123,0.3707125579545626,0.960918959807984,-0.36300213581650975,0.960918959807984,0.3565104163261065,1.0,0.3196748578832655,0.7060532646013232,0.8691126260870062,,0.3199379172773343,0.10676263219423099,-0.23583321315564965,3652,37,0.011500547645125958,0.09,6,0.06,6,0.42655696043874075,0.42896050095610233,0.3050054779297705,0.0,0.5483746832873793,0.592704051603749,0.2456025985527024,0.4510797239732657,0.5330520849024396,-42.30577617361642,4.7863866233084735,0.6720307408985252,0.4651413611227795,669.1468448477589,63.98758345546679,-53.654571895688164,70.85690403377346,-49.76989845414159,-56.22156635957737,1520.9482880523096,390.1909355753562,22.66864691140007
146012A,tcn[nse],camels_aus,pub,0.20881026092745175,0.5392591267415227,0.17065634559233028,0.8743425551125955,-0.10681788871022015,0.8743425551125955,0.2618938403989192,0.9600081446364441,0.14317397217755706,0.682304772630372,0.20499365883414883,,0.3433325812255823,0.3052439198866358,-0.3304488658140709,3652,37,0.0,0.67,6,0.06,6,0.34905388412715865,0.3566076382527729,0.9432654858053127,0.0,0.803657638526107,0.5878631472119673,0.6467768285548212,0.6246512275475069,0.8206199798176151,3.5703084097931055,4.154758470059068,0.4431053615946133,0.5663456632025687,252.92853618015602,68.66651624511644,-30.051219363960808,-160.56083754675754,-29.37305244303308,-38.57782051916988,546.0862264014252,348.4583455368129,19.138022086312308
146014A,tcn[nse],camels_aus,pub,0.49007996131529896,0.3415582599196038,0.48882142443438026,0.5027948537291556,-0.4756472536886059,0.5027948537291556,0.4945585740506423,0.6303978657011903,0.5248337389415958,0.22931863285247492,,0.30721199154376705,0.41299665811232456,-0.3367539547619104,0.14852170139569515,3652,37,0.0,0.06,6,0.06,6,0.1262920210649517,0.1295108065649421,0.23275847048621062,0.0,0.16471665652143863,0.28577902648391496,-0.14344067788176962,0.08317766755831413,0.2927607639932943,-66.99666346615818,13.329647285622078,0.9139383696281502,0.3084179170235518,64.4888878693197,82.59933162246507,-70.00211762283722,-564.6737698355604,-29.354127140034905,-75.47293128165836,84.33688656033792,5.527340485898532,-1.6704370164097
146095A,tcn[nse],camels_aus,pub,0.3048540065079576,0.680912775396841,0.18865147811368788,0.9649467687841831,-0.0824415857170836,0.9649467687841831,0.2948017625367345,1.0,0.21068480829213468,0.8299121137153241,0.09318792041066286,,0.4735641959013949,0.4543775881737533,-0.37605876888888345,3652,37,0.011774370208105149,0.13,6,0.06,6,0.17078865230318652,0.17778377543227386,0.9378269758658228,0.0,0.7573482480662239,0.328469523315965,0.5713411701580082,0.5084470635695881,0.7155256387577373,12.491406660914848,5.00593048934815,0.4925969467361487,0.3945386513646927,793.5169187174503,94.71283918027905,-35.6395766210035,-24.212976478748192,-32.28093360777475,-43.88817904954043,1894.4153769609902,841.1452877698451,38.672155946301764
204034,tcn[nse],camels_aus,pub,0.3620182431451497,0.6502357347563221,0.2742893122552863,0.9631663925031327,-0.1730903546957738,0.9631663925031327,0.31820421173175734,0.9940160801020844,0.3246107688107295,0.802117653166637,0.12341162881365098,,0.4773511143609042,0.3609931694053657,-0.28821749161117244,3652,37,0.002190580503833516,0.12,6,0.06,6,0.5137887801937367,0.5176711699688604,0.8193953688528388,0.0,0.793892218919637,0.2120811377947145,0.6674922460974669,0.5913731783886425,0.5426384807245301,13.543158649240024,0.9656388610459019,0.4539909482361547,0.25181100565729264,1098.1721332201262,95.47022287218086,-35.098430896293856,-19.72314501169393,1.0875435792765038,-41.098936017089265,1564.2344436293693,496.9485028721756,24.056986833811656
206014,tcn[nse],camels_aus,pub,0.391660714488577,0.7562726483256025,0.27804045231714675,0.993891500082454,-0.07599079936068241,0.993891500082454,0.2974711377676795,1.0,0.3264555040887684,0.9061131124566081,0.10089413707557633,,0.5554622805500952,0.505506445187353,-0.3646119338370255,3652,37,0.029025191675794086,0.08,6,0.11,6,0.2951826566445322,0.30490473720813194,0.9961824262133014,0.0,0.4852670009396487,-0.2578511421369514,0.2993037722628854,0.17444039587243731,0.3278574413231975,47.23213653743035,0.7791331683312473,0.7174489522330849,-0.08062681606559874,1147.780327743638,111.0924561100189,-29.833022794119092,75.97307604026649,-11.211968153181674,-49.430389579091994,6320.606418208615,1734.3872571795885,48.048837831398544
206018,tcn[nse],camels_aus,pub,0.44869891030902675,0.8567933430500745,0.27539367238947327,1.0,-0.09346089993180784,1.0,0.3443425071230347,1.0,0.3312297582551289,0.9833741183360476,0.08239391446961757,,0.6530591236814772,0.6152180065466116,-0.40809443274104773,3652,37,0.08351588170865279,0.07,6,0.39,6,0.20299429854741072,0.21241025008067896,0.9756767044556985,0.0,0.46950359198915725,-0.4452228032184078,0.24719311856998016,0.10777976481363061,0.26199289410217586,59.92409176004873,0.43764361619826186,0.7283518435556011,-0.1579071261757905,5926.03969038379,130.61182473629566,-20.85840033001383,-108.22109557356455,-45.86462451772835,-45.88148217186338,3345346450805.664,38082.13966057143,45.371989466066026
208007,tcn[nse],camels_aus,pub,0.2251599708899997,0.49048864572008555,0.1689880821885532,0.6797580039108927,5.354236667035523e-05,0.6797580039108927,0.19029336516527015,0.8377061243760304,0.1922391621433564,0.5969179425462742,0.04996511462606398,,0.33811415212574353,0.27616831002522035,-0.2653286748300858,3652,37,0.0,0.17,6,0.06,6,0.6209721214321628,0.6303540128866547,0.9808434287045473,0.0,0.7270470943533793,0.24489275963419777,0.5433639528171086,0.4098435089398459,0.5083099885711464,38.09329823956702,1.181946943394504,0.5224489502780351,0.3443717665544227,173.20284169238735,67.62283042514882,-14.624935685960438,-534.7560771970404,-35.00270726842297,-28.214596654892123,180.23854313490725,190.98478721643917,-1.050536928712419
208009,tcn[nse],camels_aus,pub,0.287051170707748,0.3365710361397958,0.2988546207133645,0.6466623407379837,-0.2387867755868389,0.6466623407379837,0.3563467369950911,0.8214099617354034,0.2744153254297736,0.32503336040369035,,0.5787241955104759,0.29034755871449625,-0.10627141027825442,-0.04951986543204778,3652,37,0.0,0.18,6,0.06,6,0.7132156713125434,0.7203471387989283,0.7449925642943906,0.017378103654556956,0.592810676748212,0.5340449359094837,0.4951007650908157,0.6325041519874935,0.6088810585959852,-29.325948059105926,0.7050250447677208,0.6381138795323198,0.5320854261167454,80.51045961040472,58.06951174289926,-31.849040935063456,84.91619836761826,0.7971599747544786,-46.56747331538046,59.42460253769725,13.420917446946833,-3.5596697353772146
210006,tcn[nse],camels_aus,pub,0.409908863818717,0.816173291363023,0.33294747273981523,0.9921863423440963,0.15590357561784648,0.9921863423440963,0.2799813807548657,1.0,0.3182527084763739,0.9766369369327009,0.015824332747608652,,0.5996118575542461,0.5704510722533346,-0.406264427544306,3652,37,0.019715224534501644,0.29,6,0.21,6,0.2667618104989089,0.2762553601132078,0.8066289158251377,0.0,0.6041329676420555,-0.4868802934216887,-0.08387031786726085,-0.16535270242343292,-0.13489337282470637,106.35510948190321,0.3253960865770706,0.6291796503050179,-0.34635250222964564,17850.98022134423,119.92237151084926,41.52371003428795,-72.30598774804199,-62.567260173710046,-4.22188328574563,18764.586675298844,7800.698188957744,3.3440365040082902
210011,tcn[nse],camels_aus,pub,0.2522960572534887,0.5399611507576576,0.262152830527315,0.8951677573057761,-0.22355545157652976,0.8951677573057761,0.4047933918138794,1.0,0.19602725478551516,0.6433501637932604,0.2412612874487873,,0.3639802646551384,0.3092024539697763,-0.2876650935041689,3652,37,0.011226725082146768,0.06,6,0.06,6,0.3440712876084804,0.347549456744191,0.7299137108334735,0.0,0.6103372132687155,0.6094819274330939,0.429413349602941,0.47931189807845365,0.735815417326691,-10.358081738570421,3.3804896174572847,0.6242297547628474,0.4411437497484323,421.92868247138557,72.79605293102766,-52.625708125934565,-16.287434030571575,-35.21250049789691,-58.57224553660511,443.94938847282435,241.8997640872347,36.13714235611819
211008,tcn[nse],camels_aus,pub,0.558006125001142,0.9192720987404125,0.2819493521072893,1.0,0.03674781762399706,1.0,0.32210592313874453,1.0,0.44245550018504354,0.9911804214367774,0.039844742610332363,,0.7523351746692865,0.6684805904617005,-0.3612659737392705,3652,37,0.11829134720700986,0.06,6,0.5,6,0.22281396017449548,0.2321398671687641,0.9910286489969795,0.0,0.5000137950725783,-0.44480239799997334,0.4078635258513885,0.27763785014431397,0.35375874022441156,47.54103716750622,2.454208276533064,0.7070970265298969,-0.16545480718439842,5146.025113976874,150.46703493385704,-10.549042228097424,-158.990648320824,-56.74666888618612,-41.5317366167197,4954957962036.133,5460834503173.828,40.87398071837137
212209,tcn[nse],camels_aus,pub,0.5907756539385115,0.32428912656869435,0.6529167740612157,0.198336291797498,-0.5999487929533011,0.15778271439995561,0.2597394409368041,0.2439275482901231,0.7435119315805284,0.2589889535367452,,0.10150004114149322,0.45703626242423095,-0.3616753916395471,0.26648652736981715,3652,37,0.0,0.12,6,0.15,6,0.5632154154413095,0.5698811990212587,0.5149837993328322,0.8007506704781848,0.3005714604840827,-0.2651366727466906,0.34811194191691475,-0.1539747581946711,0.2602409286510935,-54.536283316473934,2.7960334546929464,0.8363184438453556,0.216856124769493,72.53233373830504,91.40725248484614,4.712757316609028,-723.5411874077428,-33.08023851136137,-13.651523262821122,-27.15762551891742,-40.20374073645829,-34.38159846123819
212260,tcn[nse],camels_aus,pub,0.23499493385518802,0.5470243623383286,0.16700115886766567,0.9340202893435442,-0.006446458772011993,0.9340202893435442,0.1422874334328739,0.9949126856032667,0.2046729310806151,0.6818042305748341,0.04693917913484376,,0.3570744086362113,0.2850094906466423,-0.31202942848314064,3652,37,0.004928806133625411,0.45,6,0.06,6,0.5859350274535763,0.5955913887872823,0.9904911938061677,0.0,0.6030505417472982,0.4193010494080287,0.5470907289106026,0.5226162759107849,0.539886552227454,40.506259247123495,0.6021393747315478,0.630039251358756,0.3583743872160786,825.2484307336822,71.41488172724236,21.00161637599002,87.7500933752329,-23.197072030041745,3.8756852109367905,822.3610682656179,284.1739482142268,-5.5423614177090545
215002,tcn[nse],camels_aus,pub,0.3691111563069728,0.45089103423086374,0.34870772140508544,0.9240089553327598,-0.28288046043197546,0.9240089553327598,0.26036288851744765,0.993726779666854,0.4479547653168087,0.5550011547021381,,0.9117197458790051,0.3590395163674745,-0.027477070071394497,-0.08177987792389096,3652,37,0.0002738225629791895,0.08,6,0.06,6,0.48328042706302526,0.48943296597358865,0.5344868059281414,0.0,0.597363705629631,0.43115303011503414,0.642826329129309,0.6921019602827001,0.5591606207427697,-20.887203859507835,0.562065154634886,0.634536282942409,0.34919099728164904,906.3515063473808,71.80790327349499,-10.264048448692709,-11.00651905132494,-48.84226971723065,-37.514686459454886,372.7027401979098,155.66172876967062,-17.906300143511846
215004,tcn[nse],camels_aus,pub,0.5239558074884461,0.43598270732350103,0.6205860785680389,0.8682963470035167,-0.6135775375630586,0.8682963470035167,0.7035295660944308,1.0,0.5799151673087287,0.38548721402212804,,0.41613438971723243,0.44169124756111877,-0.28686943943100246,0.08797310016494503,3652,37,0.011500547645125958,0.62,6,0.06,6,0.3358745754191105,0.3358745754191104,0.10739761038600475,0.0,0.3563221142275047,0.2814408946981709,-0.02495475211929632,0.2732969800809627,0.24030206663610698,-70.1297889632298,2.9737477666659435,0.8022953856108704,0.25990327816028846,512.4256368926351,88.33824951222375,-72.99475210020184,-4.984739211589178,-34.45327734415369,-79.01800369713108,275.64746292341283,24.045253049334708,1.8862700030477901
215207,tcn[nse],camels_aus,pub,0.3649495965679377,0.44416377440354843,0.41265517575859323,0.8658726258321018,-0.38043143951080466,0.8658726258321018,0.37152477434875364,0.9950464591144681,0.4591916081265814,0.5716625160313978,,0.9522516528865084,0.3486907319673895,-0.017958481673622358,-0.07921417783561074,3652,37,0.002738225629791895,0.2,6,0.06,6,0.44584309009498907,0.45080278081560743,0.45218235991596484,0.0,0.5590750529384969,0.5724987135820692,0.3097640275539799,0.514988200231448,0.4996537338647604,-42.03194184845187,0.7663509687922991,0.6640217971283044,0.42050367420533397,632.5450232253626,69.73814639347792,-45.37563747533334,-12.556066818697532,-58.14825654042688,-53.518928405786035,454.6163645894726,221.76476398038014,-3.876857162854258
216002,tcn[nse],camels_aus,pub,0.31685445870107465,0.47816984225988146,0.4172242217600224,0.9460786176385468,-0.34798363096637325,0.9460786176385468,0.22140710382758308,0.9906588257860451,0.36338027893138103,0.6174863497666163,0.9225885912284839,,0.3417285234894129,0.06878424861452127,-0.1613153835588068,3652,37,0.0,0.6,6,0.06,6,0.6518306145781202,0.6590792799253663,0.70480831000209,0.0,0.5720385417013456,0.5398811150344326,0.7187953528017892,0.7273472801117145,0.7214286186561761,-13.626174479943586,1.5340993910314153,0.6541876323339157,0.3854235013068019,774.6347625193224,68.3457046978825,-3.5309165646567577,-111.7072774605033,-20.26434619300362,-20.493637736729767,969.4200580298188,249.09550644051885,-14.718515647109369
216004,tcn[nse],camels_aus,pub,0.506640355142534,0.9358664834489769,0.2942844959426888,1.0,0.0891772378614984,1.0,0.2139033081343851,1.0,0.31915374913686695,1.0,,,0.7470745476451437,0.7079570079410491,-0.4292261283064429,3652,37,0.2836801752464403,0.13,6,0.52,6,0.2266362307141932,0.23619149728700686,0.9503652043788204,0.0,-1.036959438582762,-0.5187126404075935,-0.5222991251708133,-0.24143543951724222,-0.21735269996203987,119.29015495957184,1.8809874373065665,1.4272208793956045,-0.404450492850545,8432.47135676552,149.41490952902888,83.42254254094327,-3820.2239124078847,-72.4996454334891,29.600484744207503,4081165790557.8613,4633033275604.248,12.847035847616572
218001,tcn[nse],camels_aus,pub,0.6030117541218502,0.5307330081803999,0.4467470491126099,0.9166725875863287,-0.41636078374608454,0.9166725875863287,0.2892624737407062,1.0,0.6428766966020746,0.44585569355059207,,0.4167740059427936,0.5559890786794535,-0.37275949807946207,0.07227874594145023,3652,37,0.016703176341730557,0.06,6,0.06,6,0.20124661997062135,0.20712306611360176,0.4201526527834908,0.0,0.6725745953671272,0.037056924929157686,0.3163719915034955,0.1473148662575009,0.2685968222041041,-58.22349688754151,1.2878453198011621,0.5722109791264695,0.33440029565845686,344.5060009322239,111.19781573589047,-30.442459471377415,-5.697033512636398,-47.71567042484869,-35.93833220113102,345.3810882774976,93.37399114819218,-34.74989755184006
219001,tcn[nse],camels_aus,pub,0.6167774295044586,0.408049766330156,0.4582816942120571,0.2519130340566678,-0.4163171545585422,0.23826384936375947,0.2918714245151111,0.5801666115886954,0.6373809705080098,0.25451265962237984,,0.13848920288690922,0.547814150229447,-0.5082426058655658,0.20872766317430258,3652,37,0.0,0.06,6,0.11,6,0.26728522770381746,0.2744834291986306,0.47770465414551244,0.5432560068270034,0.6827935834780108,-0.7589065030800377,0.29264943062645954,0.20364293251118903,0.25389139790419857,-58.81540953731136,1.3693569941025605,0.5632108100187613,0.33912864479749316,72.0047462375335,109.56283004588929,-29.696556443395217,-310.0957658974316,-34.75182670637531,-35.217153508212206,-27.56566398086466,-39.285440270722184,-35.2845408384699
221207,tcn[nse],camels_aus,pub,0.2638571049880133,0.21744040805487755,0.29637990192845365,0.228125996018823,-0.14680639349875424,-0.06003066565984726,0.2640336106005695,0.295563820118088,0.2959163867175232,0.21196831964704219,,,0.23496740172538905,-0.15849580175086317,0.04641669693313574,3652,37,0.0,0.26,6,0.1,6,0.7790977614424682,0.7787536533592605,0.9440075510608026,0.9564116621514742,0.6678658934293258,0.41434148697703777,0.7002962132416832,0.7261673569273799,0.7042534024656542,-19.692767818660418,1.1254056960205225,0.5763107725617094,0.5520589917282785,40.903668083334274,46.99348034507788,-6.507828107753968,-1684.5038645756554,-9.876302428993109,-25.499616333085037,-48.24542569863691,-36.25956482347015,-19.091258577160247
221210,tcn[nse],camels_aus,pub,0.3673939796813843,0.8425997316072492,0.20095516488014306,1.0,0.056539363613514096,1.0,0.15675816806200102,1.0,0.24519911441410835,0.9847233705700453,,,0.6038919734840895,0.5738125342591552,-0.4752057519258649,3652,37,0.08461117196056955,0.38,6,0.29,6,0.27056425234775355,0.27942966127597446,0.986686745270184,0.0,0.4364127997381392,-0.18332042929113945,0.1062131387902574,0.09326277739936839,0.12190072758500003,83.2196667180386,1.3204441331979426,0.750724450289093,-0.021115543668526637,13826.112680500844,120.77839469681781,43.97646811009808,-109.51222205090892,-51.80810935389099,11.135690990782036,5138909816741.943,28129.844599817654,-3.2629579819627916
222206,tcn[nse],camels_aus,pub,0.23438737550614439,0.4866471709510257,0.2116870430858424,0.8180298853950034,-0.06810730625785259,0.8180298853950034,0.1926896443695231,0.896961182843526,0.20857185686101712,0.6097344199204862,0.3957383443175616,,0.32877591500117725,0.23670038810798438,-0.2522597954448813,3652,37,0.0008214676889375684,0.63,6,0.06,6,0.5482183768940462,0.5576149069572413,0.9452509476870652,0.0,0.7079726156887418,0.49319946672602577,0.7237155559296368,0.6457438337636117,0.6954520263668282,22.603140905732886,0.4900023814874402,0.5403955813209969,0.4095515727475333,248.54694688875725,65.7551830002355,3.646554653386038,-11.221274412462092,-35.270810092712885,-15.81225811569082,378.21255347556274,201.68264430063505,-5.200212352221173
222213,tcn[nse],camels_aus,pub,0.22712937570499148,0.4222152019522932,0.2697459099403131,0.7896340867425208,-0.1850942810066449,0.7896340867425208,0.30667938356548047,0.9664288923345149,0.2392960871778476,0.5369972192190592,0.6847375717645038,,0.27975841477823604,0.13632491037623745,-0.1950858262473017,3652,37,0.0013691128148959474,0.13,6,0.06,6,0.619193203159737,0.6267547498194636,0.8100279608223818,0.0,0.1514802439269608,0.5911251859257985,0.18694184368537015,0.20132767161440923,0.8042539883924671,-4.548137683200293,1.0924887110634574,0.9211513209419173,0.4628376807324758,246.62337339632887,55.951682955647286,-25.20602870013226,93.54135464590625,-31.38917542147217,-56.71220674139722,313.2506875801285,147.22591220773603,-0.45068991912711376
223202,tcn[nse],camels_aus,pub,0.29298469880628447,0.43797831259551634,0.343497891176836,0.8416117996431538,-0.22995625895240296,0.8416117996431538,0.2607317222747713,0.99618406418089,0.3370720564498111,0.564086288398419,0.9135478720435807,,0.3144611587215961,0.06308931179728691,-0.14499361378923187,3652,37,0.006845564074479737,0.47,6,0.06,6,0.5977817463357792,0.6065134669392555,0.7453964840340463,0.0,0.6925539020202532,0.674486796773571,0.8084414859697139,0.799215993847743,0.780725290097877,-10.079176381518723,0.34153063563979097,0.5544782213755078,0.4295979828780453,338.36044049148455,62.892231744319325,8.33182934219189,-13.370407176069682,-48.706655207791,-13.468332321748125,308.92855858316597,136.71613821445166,-18.40313013271643
224206,tcn[nse],camels_aus,pub,0.2728655263696894,0.4877107739015426,0.3864856867913308,0.9168240048234984,-0.37431808205760997,0.9168240048234984,0.4280024703954902,0.9991845420391259,0.31371961443506274,0.6538411209378053,0.8112694416780649,,0.31921423393749615,0.12666376355464018,-0.2148452475318532,3652,37,0.008488499452354874,0.06,6,0.06,6,0.5416620709637034,0.5447079378489175,0.34651330030603134,0.0,0.5387741807547852,0.604488892049963,0.4471529213646648,0.5543380755366676,0.7352558940612731,-20.049639994301394,0.8662493136602687,0.6791360830093,0.5045527455444216,422.18878251396285,63.84284678749914,-40.10690703519915,94.21404861211576,-43.32314826812864,-57.013275948125276,757.3094658093718,337.44549517167,4.988580418915714
224213A,tcn[nse],camels_aus,pub,0.2125751722857611,0.40318079287780983,0.19888624812391226,0.6614714651300716,-0.10494407397251916,0.6614714651300716,0.26206401511119604,0.8341442261151354,0.18439482205391772,0.4732377962006167,0.23922502393193784,,0.2834052794564343,0.2275576872862708,-0.19060562059204875,3652,37,0.0,0.35,6,0.06,6,0.461052458715277,0.4683908861614983,0.9328743602223518,0.0,0.5927828682634445,0.6048455436711015,0.6194931783893354,0.5175002959382422,0.7192341084860796,25.15228690414839,0.6462541632145953,0.6381356687543454,0.47077617759120527,102.52543791084415,56.6810558912869,-14.408464072915695,79.45934438849767,-26.874434365560194,-38.17872794011603,189.34871779469626,149.77203527617831,5.664514863108297
224214A,tcn[nse],camels_aus,pub,0.2711595369896552,0.2515754787719001,0.30468029867563945,0.36041390366825776,-0.07245957096160381,0.36041390366825776,0.28096111682248914,0.4327031668708663,0.2926049030231905,0.2590178634457945,0.14354534366747904,,0.24818039531184669,0.11954239314013358,0.019584058217755107,3652,37,0.0,0.18,6,0.06,6,0.831239084980668,0.8405694999660349,0.9465712496330629,0.00978627966100225,0.3808651680090195,0.4724852452095535,0.5087985141763198,0.5024279311719008,0.5541228883117453,39.09654542774914,0.9026130306778096,0.7868512133758075,0.19371831343560608,91.3774514494629,49.636079062369205,25.926495188838764,-887.6442680651094,23.619004874560904,1.9086596967561897,53.80134993760948,33.03990087880509,-19.970216912581
225020A,tcn[nse],camels_aus,pub,0.40891961796608134,0.3734035579447381,0.41166030638860146,0.4050814012217826,-0.4068993267610897,-0.40460742315039183,0.48612641733523015,0.49853866790735846,0.45316341065901855,0.39356849330043325,,,0.37829570271092156,-0.3603243396703505,0.03551606002134322,3652,37,0.0,0.07,6,0.12,6,0.30018320674897564,0.3022563086075704,0.2488205518062338,0.02931422183125514,0.0901578398636077,-1.2164873035607529,0.27761503448300007,0.33383209911932843,0.40801473951492173,-49.69611310231726,2.574597794076495,0.9538564672613968,0.4478282780450331,53.225400454850416,75.65914054218452,-39.5035248510537,-163.9084103326861,18.840880449079993,-61.72679954324056,-71.0781220969718,-63.99541531345223,-9.307330618858815
225110A,tcn[nse],camels_aus,pub,0.23736704696195385,0.5545046849828156,0.15933333283950563,0.850996076887535,-0.06006304734224419,0.850996076887535,0.17716976512086854,0.954352973414554,0.16631984824017002,0.6588348600275159,0.10838649900945559,,0.37601226926643866,0.35174864075121176,-0.3171376380208617,3652,37,0.0,0.24,6,0.06,6,0.25518197753502797,0.26417302274351173,0.9802668389880257,0.0,0.6866415820431355,0.45384900395767425,0.5462693638421552,0.415336748743536,0.585933259652694,38.8503905004007,0.8494661241378376,0.5597842601903562,0.41522412996968705,243.7844341433581,75.20245385328772,-14.873751194512701,86.55307966965701,-36.30750060893202,-30.998625417690185,497.0691344178603,304.83674152935583,6.5397427412391
225219,tcn[nse],camels_aus,pub,0.33482846487494416,0.42384014817790333,0.4878301517126476,0.8154951729603175,-0.4867757782237037,0.8154951729603175,0.5623369205943386,0.903307164648302,0.3996081250308405,0.5684770433574765,,0.9903139738668859,0.317984442086412,-0.005339530453149323,-0.08901168330295917,3652,37,0.0,0.06,6,0.06,6,0.44866720197928295,0.448572040057403,0.12260429966167818,0.0,0.31321502294518555,0.6473127876914809,0.17337318853924666,0.355149764603956,0.5456990019980072,-42.2416177655671,1.3195353124067246,0.8287249103621868,0.46685137408609545,119.71044560285533,63.59688841728235,-60.978657036092265,85.73913532960478,-39.96773643560423,-73.70271788341351,475.0190685079777,222.32868130646276,13.236133777829501
226220,tcn[nse],camels_aus,pub,0.39338365284065197,0.41650835034782024,0.42031555883789523,0.530506519644801,0.42031555883789523,0.530506519644801,0.443238512421056,0.5974263626092811,0.40054531048893305,0.46462983502112903,,,0.38893582527216275,0.3865105672446509,-0.02312469750716828,3652,37,0.0,0.4,6,0.06,6,0.14083956835746111,0.14083956835746111,0.00978627966100225,0.0,-8.21743031582542,-1.2075511860678816,-1.5843402163767921,-0.5839734196480171,-0.569166123853875,155.95289623873285,1.2401432699703423,3.0360221204440228,-0.5636743083302085,155.4668745450428,77.78716505443258,210.02854768122148,23.575253209166185,38.552866734270616,154.34123216037844,138.30937613472972,125.85871856030381,-10.286108903385125
226222,tcn[nse],camels_aus,pub,0.290926311556752,0.18239616596653563,0.3988339210591004,0.1411407040012566,-0.0021454557628368077,0.1277967397431546,0.3774994044569214,0.20261053972986703,0.30474092320681795,0.1130803296852055,0.01827709828793237,,0.23850363842163091,0.09263628432919599,0.1085301455902164,3652,37,0.0,0.06,6,0.2,6,0.9158844818614555,0.9235475612578073,0.9741761486202952,0.6738646469875291,-5.022503358548972,-0.6344704142765119,-0.8509852758674004,-0.016039808734599648,0.3221011513803119,56.50369984580773,1.3931964668214327,2.4540789226406257,0.1819876632323365,71.80809085950575,47.70072768432612,149.50925961137827,37.50481890753654,87.87774333482263,23.891345052957437,-9.41384760695336,-12.98114500329963,-8.655787399275107
226407,tcn[nse],camels_aus,pub,0.1956025152482135,0.3493569253045781,0.14375127661906348,0.48541650501843614,-0.032977925706116455,0.48541650501843614,0.20334388067950115,0.5567819022161019,0.15569633704024807,0.39033120660292975,0.07778776076722152,,0.26433472782965733,0.2354244971945348,-0.15375441005636462,3652,37,0.0,0.25,6,0.08,6,0.42253823112682043,0.43175699599028955,0.9798508254003044,0.0,0.7031418310255084,0.6087080828677558,0.6095817532131638,0.48902505370507865,0.6726189926119639,30.277409338746377,0.7729422846929017,0.5448469225153901,0.5001770952890037,86.04502072690798,52.86694556593146,-16.351765919122077,-9.392784671366991,-25.601745021142207,-30.614844743586165,127.85554942454056,108.82117081861053,4.648568696119529
227225A,tcn[nse],camels_aus,pub,0.25942767419616025,0.2536872254560783,0.31876408788946503,0.24085980547282315,0.2998306367253435,0.031818659019213165,0.24191138835077927,0.12191602177842505,0.274275494449546,0.25023171932893157,,0.07615873135038413,0.2537419665645176,0.11013984612812239,0.005740448740081949,3652,37,0.0,0.06,6,0.19,6,0.8676627706815394,0.8614131145243775,0.5091940309694725,0.9915560673335777,0.5250971085158886,0.15478709630806575,0.3251946078721111,0.29312799588307914,0.3324595064249328,63.01500012454892,1.3639766565632299,0.6891319840815048,0.21872366395332532,74.75170446979324,50.748393312903495,54.312313279696546,-965.2056748594998,32.76241066907983,25.79643089425114,-47.246738147659194,-31.772664701767436,-18.04802009483868
227226,tcn[nse],camels_aus,pub,0.22424645625366024,0.5879086693551901,0.15143412114605187,0.8578826589018896,0.022435506882805722,0.8578826589018896,0.22133847652636315,0.916137562536203,0.1389257398871169,0.7079753203319502,0.03577071529374232,,0.38729483540671017,0.36710390830023076,-0.3636622131015299,3652,37,0.0,0.28,6,0.06,6,0.2542875034544383,0.264351714762527,0.8920001648356237,0.0,0.5914254519746975,0.3974927729451089,0.47175012340129985,0.34753851882391584,0.609784851589283,35.47692126227644,1.0364278992505576,0.6391983635971721,0.418905467252232,241.32649110965306,77.45896708134207,-20.647551097270888,68.78467402246243,-47.40958202772662,-40.592212984046604,750.5484746958558,482.7958582048883,13.52560057950249
227227,tcn[nse],camels_aus,pub,0.3479361991719517,0.786925510471953,0.4929045348542061,1.0,-0.4927105408450966,1.0,0.8730692065475676,1.0,0.2633262375848169,0.9815928514929665,0.45616241047546485,,0.5267292661222178,0.41740684548367923,-0.43898931130000135,3652,37,0.09529025191675794,0.06,6,0.19,6,0.2848542747377224,0.2848542747377224,0.08825228238310684,0.0,0.26945895106102524,0.2357777265002342,0.15896395073079939,0.24643496207142535,0.5603995568502507,-26.38783098540153,2.5619398031676575,0.854716940828351,0.2945554785825373,4569.296399924823,105.3458532244439,-73.30871469260485,85.44462769130243,-62.64594854096394,-91.01570487519409,13830810785293.58,218969.18512951917,42.41818169212619
229650A,tcn[nse],camels_aus,pub,0.26101453391072404,0.48797775135579874,0.19522007036590056,0.7424433299875522,-0.06025372248718011,0.7424433299875522,0.2230967676150731,0.8916764696135036,0.20433700911684807,0.5642185395220211,0.08573268661598882,,0.3571918616932178,0.3354151787744462,-0.2269632174450747,3652,37,0.0,0.21,6,0.06,6,0.20136700506715527,0.210688120743322,0.9862211528991447,0.0,-0.20381933892669268,0.145177730763018,0.17162131574512174,0.20584483318044677,0.2740420884965893,70.79255805984496,0.8890601020393664,1.0971870118292015,0.15456778562107376,168.26672340291626,71.43837233864376,42.41696051584913,81.14830140736477,-27.527117836242166,-15.854029731774382,242.14930598366053,191.42053843145294,-5.4667384181294185
229661A,tcn[nse],camels_aus,pub,0.1867415183360612,0.37469999745957444,0.13425848586582836,0.5937280069311746,-0.036478627894185656,0.5937280069311746,0.1400296356377519,0.6938560346104641,0.13859867947222776,0.41034271602347655,0.139643588857956,,0.26865472160823206,0.23822902978591268,-0.18795847912351324,3652,37,0.0,0.21,6,0.06,6,0.38523864903074384,0.3949607295943436,0.9769368090315187,0.0,0.6354239120134835,0.5815431937366389,0.6269926164400059,0.5854685277907334,0.6386018058537134,33.93824111639129,0.49243897792564945,0.603801364677587,0.5089021514117997,93.35470695621173,53.73094432164649,13.501584922947174,69.64164148364075,-28.87482313767821,-8.701282840241944,120.91697850723064,99.24642592295724,-2.71737208005087
230210,tcn[nse],camels_aus,pub,0.8447106376329178,0.9960742020138739,0.5553618280936358,1.0,0.525158138989077,1.0,0.3475300350947766,1.0,0.7635939866647953,1.0,,,0.950549050474773,0.94903555783892,-0.1513635643809561,3652,37,0.6429353778751369,0.06,6,0.71,6,0.007253838766636236,0.012213529487254573,0.14507677533272473,0.0,0.4666689993760076,-5.248166251706844,-3.082928908773548,-3.16364926745372,-3.1307981496372115,406.84504597759525,0.770779242023746,0.7302951462415674,-3.564467808480579,39607.02035609025,190.10981009495455,37.530727839963824,-1.2039343951594634e+18,-79.68268248929355,-8.542873393422092,4520361423492.432,5414843559265.137,92.62944354438446
231213,tcn[nse],camels_aus,pub,0.5758651798853164,0.9430711533269621,0.30311944253948575,1.0,0.17190059121883075,1.0,0.35472045964544363,1.0,0.41946493734475776,1.0,0.02322511897476872,,0.7847988624894602,0.7782235476505557,-0.36720597344164574,3652,37,0.291894852135816,0.06,6,0.44,6,0.023699924123501973,0.033532231659346316,0.4739984824700395,0.0,0.20564210643220215,-0.9804185239694274,-0.7680936534825211,-0.8929637919485569,-0.7511658015248401,171.35519248240266,0.8139266829546982,0.8912675768633109,-1.0886279259205067,4668.379803413726,156.95977249789226,-9.31736453873393,-353.74603061760956,-75.77174150244419,-39.161981390732315,10105711221694.947,10979497432708.74,25.061929182791385
235205,tcn[nse],camels_aus,pub,0.18122435849206606,0.2739560718827786,0.11830161630290409,0.35338602419271403,0.06430312498387256,0.1258118053460974,0.09187115241553094,0.5636207325666335,0.1688059835382808,0.2850258957609864,0.011987573730588412,,0.22345097227101843,0.05347563170660997,-0.09273171339071254,3652,37,0.0,0.06,6,0.09,6,0.9718934728426386,0.9709503330857161,0.7455567822892364,0.9713880745899637,0.6540752192655273,0.6893350584068931,0.7031347829817649,0.6939931494473419,0.7238033912553838,24.388507777339775,1.744837620957903,0.5881537050248623,0.5474172867741458,61.78059683175089,44.69019445420377,5.805122318144227,-500.1241127615724,8.201067689658661,-5.794361336436593,-17.02506639695353,-10.549934910097813,-19.40534182227504
236213,tcn[nse],camels_aus,pub,0.5731030827345871,0.5847576329609152,0.36150092616920704,0.6229508196721312,0.2232489842605832,0.6229508196721312,0.28375084969703207,0.5405405405405406,0.5311840605155257,0.5690834473324213,,,0.5944767916220834,0.5841810129529516,-0.011654550226328109,3652,37,0.6861993428258488,0.06,6,0.06,6,0.06898618764884588,0.07785159657706679,0.7595622681565863,0.0,0.6148586464606988,-1.2457357367329553,-0.1449776346978855,-0.27434012913902817,-0.22396680950106096,112.45747228675158,0.3887981312966124,0.6205975777742782,-0.6054479803163246,5611.818609600784,118.89535832441673,23.717488069393262,-4668958953038282.0,-39.78287651033143,-3.862437396179616,0.0,0.0,47.56026192816165
238208,tcn[nse],camels_aus,pub,0.3789029907008318,0.6825535207096901,0.35098660946006904,0.832447535397438,-0.05871156604152157,-0.8312658397286803,0.4578835399771902,0.9231722439712373,0.332270835289547,0.7836390608602667,,,0.5131215652881463,-0.3874801114668637,-0.30365053000885833,3652,37,0.0,0.48,6,0.26,6,0.6396422814303494,0.6500000915860756,0.9947913384883537,0.13305163199972886,0.26529233623064996,-2.486926700362353,0.4196743750045475,0.42696474602204704,0.7363447025195349,-1.8703402720722915,0.7756626731807307,0.8571508990658239,0.2183998596061153,79.40851409189843,102.62431305762898,6.853639370959319,-398.67201541673,118.62803272209615,-34.53956651536998,-99.99999999730164,-99.999999997659,-12.996393537727155
302214,tcn[nse],camels_aus,pub,0.27329516785599817,0.5862082761622677,0.18474048920781758,0.891285735205847,-0.053549832384559404,0.891285735205847,0.2021159013079419,0.9821097104101084,0.2082564444495716,0.7131321524002677,0.09449274033415266,,0.4068732108813926,0.36715286340014647,-0.3129131083062695,3652,37,0.001095290251916758,0.61,6,0.06,6,0.3650652091482955,0.3742731826452815,0.9654721643868964,0.0,0.7595181313260116,0.47516467711963206,0.6294574379165639,0.5375146438254544,0.7212577176966626,18.157365284049728,1.474868648314326,0.49038950710021145,0.4048561309231933,461.5185901730658,81.3746421762786,-17.976032846152687,-16.41578457023282,-19.967269503536084,-33.52294807076779,534.5143558472747,337.12894603997205,21.54594144670952
304497,tcn[nse],camels_aus,pub,0.38636520511048705,0.5642911977988427,0.48833866414263316,0.9539542376216905,-0.48833866414263316,0.9539542376216905,0.527541818116794,0.9762932947903561,0.4661392728695988,0.7956975574925934,0.9648002357850518,,0.40505303473599896,0.033880668420041456,-0.17792599268835568,3652,37,0.0,0.66,6,0.09,6,0.2375331672937037,0.23753316729370372,0.0,0.0,0.2782675154847938,0.2774399348172595,0.18342302332379012,0.347972822573293,0.4423156721621463,-39.42329075198104,2.919179160408387,0.8495484003370297,0.37859347876122107,417.1845645191761,81.01060694719983,-57.07156276102949,96.97328332495253,-69.27289340082834,-68.54998852046494,2041.3762695910432,788.7366830359506,13.721689957845415
304499,tcn[nse],camels_aus,pub,0.4350644781715418,0.31714553880572316,0.6606278936981174,0.5061142487048419,-0.6540545002854287,0.5061142487048419,0.6429999228353178,0.5467369573822588,0.5977765016178418,0.41176395898265145,,0.8749120420998838,0.31793565359136317,-0.08054189410526502,0.11791893936581865,3652,37,0.0,0.14,6,0.58,6,0.10189971104732143,0.10341068075249257,0.0595107868499278,0.0,0.019747400211413635,0.13190600062691693,-0.02187767290439302,0.12747578288895012,0.21848176138708353,-46.10755968588158,2.4989767734288435,0.9900770676005917,0.3621426597889911,65.35175177066424,63.58713071827239,-68.71257190796372,16.285342030024033,-90.62668988098255,-74.70662669057388,166.06657869831915,129.93327910153644,26.03344800631878
305202,tcn[nse],camels_aus,pub,0.40465149603931005,0.8433272595655633,0.35801834442761943,0.9893973885215825,-0.3475582349821801,0.9893973885215825,0.5605362265666377,1.0,0.22508784709600138,0.9489689520465324,0.24033620863601438,,0.6237642184693292,0.5674532409532614,-0.43867576352625326,3652,37,0.029299014238773274,0.06,6,0.58,6,0.15376535119781054,0.15527632090298166,0.2915052988257584,0.0,0.47816353331806194,-0.42131772549339974,0.2982390358050817,0.22261456098540122,0.4809800656530704,28.420143993473623,1.8149555636766674,0.7223824933384932,-0.0382846048571821,1896.362743480805,124.7528436938659,-59.42882513698589,90.4241470988712,-74.04191165268993,-69.72376677078242,4826.779696221314,2927.7361302051236,72.40028224133998
307473,tcn[nse],camels_aus,pub,0.5301153736636343,0.3466060257508373,0.7440845998210158,0.5672608554336631,-0.7440845998210158,0.5672608554336631,0.7695111769326969,0.6196706260773277,0.6801151293129918,0.40846195024868426,,0.7348404786724512,0.3846552099293036,-0.17170727717255133,0.18350934791279694,3652,37,0.0,0.23,6,0.06,6,0.28027917688747117,0.28010037685408096,0.0,0.0,-0.08960527180143463,0.14283755923368624,-0.12473195263074266,0.05366646634530681,0.19637556628685904,-62.25639849673496,6.850275857429935,1.0438415932513108,0.28179246612508413,74.86828515127445,76.93104198586079,-81.8939005539536,85.88045447115779,-64.86012805462234,-86.92372263185398,164.98265188112327,100.86025191150397,70.51034970228272
308145,tcn[nse],camels_aus,pub,0.40336443124745425,0.28126484215736797,0.620251195698853,0.4559143161850688,-0.620251195698853,0.4559143161850688,0.6701594305665391,0.5240235870880234,0.5268101390688925,0.33153857984697754,,0.869772186234345,0.2956174059280292,-0.07455337785478713,0.12209958909008628,3652,37,0.0,0.23,6,0.06,6,0.45300345946984777,0.45299921402706417,0.0,0.0,0.12858550894199727,0.37625819087712087,0.07095656660758576,0.22651197041557347,0.43477159382315134,-42.72903744143283,5.396377119750126,0.9334958441567925,0.3935938209719001,60.03484414588084,59.12348118560574,-66.75362411649863,71.8495022085978,-45.07214610200353,-79.28752196235152,109.07270332227057,73.001698472999,37.60424754737661
308799,tcn[nse],camels_aus,pub,0.38374875986218293,0.30890431015586184,0.6037530884060129,0.48408883975538297,-0.6037530884060129,0.48408883975538297,0.6626793117286404,0.5772210856273854,0.49897303717966945,0.37753468495989084,,0.9430346100617365,0.2970196138703114,-0.03382870495512077,0.07484444970632109,3652,37,0.0,0.06,6,0.06,6,0.41697487632111857,0.41697487632111857,0.0,0.0,0.195333646862216,0.46834014742038943,0.10615545703432439,0.261340712958806,0.4590830993585632,-42.00467936079581,5.927949437974028,0.8970319688493738,0.40333051568165956,68.20465511467717,59.403922774062224,-68.4961840652687,88.62533302957863,-52.13018889446719,-79.1085662752267,117.36102297517921,94.7799425358468,44.34027795130574
312061,tcn[nse],camels_aus,pub,0.2656984105499284,0.4141967491858024,0.37577619900901865,0.6819415013270758,-0.37577619900901865,0.6819415013270758,0.3623364494274253,0.7658745791395833,0.31111565902275207,0.5639967608211401,0.923650898855101,,0.2910466394369533,0.050066013778991586,-0.14849833863587403,3652,37,0.0,0.07,6,0.06,6,0.31068785548612415,0.31068785548612415,0.0,0.0,0.5671248656330923,0.5761218042480669,0.39152912425001685,0.5332712722906701,0.675949194488324,-26.647024416094073,2.4468915823118333,0.6579324694578524,0.5360691881862545,92.60498751669104,58.20932788739067,-48.96805006265264,88.36438967689419,-52.840106270681176,-51.63791308311261,326.6204808458827,236.3936186945931,13.886243427986772
314207,tcn[nse],camels_aus,pub,0.27793965202211945,0.46809620369292376,0.4008009703818939,0.7400199146945639,-0.3983479364534901,0.7400199146945639,0.4649593484777343,0.7800731362424296,0.32780635027261257,0.6277685513062443,0.8161972945974234,,0.3206242439786706,0.11717756610819463,-0.1901565516708043,3652,37,0.0,0.07,6,0.06,6,0.30722694818194163,0.30882984786255213,0.09335600848334705,0.0,0.5027040357110897,0.45054725297952203,0.370349205996349,0.467324162294644,0.6787978145424415,-20.27704469956101,2.255140119774132,0.705192147069797,0.47665144484018473,118.57654371534633,64.1248487957342,-51.35410417889881,90.84056586954117,-61.21123491330772,-62.566844647596604,437.9380840732705,312.23001209870216,21.76989771464318
314213,tcn[nse],camels_aus,pub,0.3049890253254762,0.6792482023214979,0.43618911043094205,0.9342464347979205,-0.4359570211552042,0.9342464347979205,0.5186060886453445,0.9599275368323396,0.2877621639321106,0.8714952217807058,0.5611720590905099,,0.44545692607152293,0.3152974579977268,-0.3742591769960216,3652,37,0.0,0.06,6,0.22,6,0.2192354908447434,0.2192354908447434,0.06502872382929377,0.0,0.46047795258935453,0.09903901308664109,0.32736718719475866,0.34029522552654035,0.6628800823343401,-3.6885786242676013,1.7639718347720028,0.7345216452975674,0.31346069845855395,449.2932496192721,89.09138521430458,-60.140092981258206,79.74717461204,-75.68916801705065,-67.743898782834,1862.7187792456507,1297.0236052725695,31.641954344108544
315450,tcn[nse],camels_aus,pub,0.3542344673779032,0.4880536356820168,0.5417134440693884,0.8375520832209967,-0.5417134440693884,0.8375520832209967,0.5782467109137575,0.8970394836366526,0.43398854218149824,0.6534952665568163,0.8976622229651328,,0.35603981545836616,0.07830852012922265,-0.1338191683041136,3652,37,0.0,0.07,6,0.06,6,0.3497700314715436,0.3497700314715436,0.0,0.0,0.30318600666146833,0.43518849390584013,0.21980983999127146,0.3542381850186195,0.5509018529830838,-32.431792998218604,4.125875098937519,0.8347538519459085,0.40597011143957495,152.25834804467465,71.20796309167304,-58.011277750315045,88.28164061338377,-55.38618710057525,-72.71875817421704,631.4369233944743,313.4306177143147,43.20927738642063
318076,tcn[nse],camels_aus,pub,0.25689006180174984,0.21734638554154076,0.33272907341124036,0.1018953862917229,-0.3024070851153605,-0.09084173537489482,0.36991042342574526,0.03560515432835911,0.2780360552753505,0.21465794258692886,,0.013872811255465682,0.23824533175953758,-0.1987915783259927,0.039543676260209076,3652,37,0.0,0.13,6,0.06,6,0.638637151208819,0.6355102803267944,0.4512955673514901,0.2760468914833617,0.5905224726078505,0.6090114360431111,0.5519225795502833,0.619321498713103,0.6739010751362748,-30.60788794543163,1.2536817140300858,0.6399043111217094,0.5815468235467303,36.748966734085926,47.6490663519075,-30.54330214576785,72.17743065082814,31.389426892836024,-41.578027263553906,-29.503977942391312,-41.296891918908464,5.84197372185484
401009,tcn[nse],camels_aus,pub,0.30282435281601,0.7346765402568881,0.22333531101133927,1.0,-0.15986549541572448,1.0,0.3745345995834029,1.0,0.180169354484678,0.9298160134647871,0.15832065486333796,,0.4970063265628035,0.4549053710565585,-0.4318521874408781,3652,37,0.08680175246440307,0.16,6,0.13,6,0.36429885560229863,0.3707142661881258,0.8545160337688898,0.0,0.4503423000867184,0.20655439845722712,0.3527007660912982,0.2174642239718475,0.43278578394196743,50.006203730011755,0.41416334093009205,0.7413890341199293,0.14933046201492783,1571.7467108815313,99.40126531256058,-31.37647712364801,90.24940065345795,-26.7232558482729,-55.278320220868565,5082857608795.166,6142.272699473789,16.532563817443968
401012,tcn[nse],camels_aus,pub,0.3494994116010773,0.31826593148331417,0.3755293172624546,0.2516236215197818,-0.3663966097332447,-0.20276718479392983,0.2908068376243099,0.1892531473705504,0.3636679623687236,0.30849572353169125,,,0.3387504872127781,-0.3152796174915162,0.031233480117763113,3652,37,0.0,0.48,6,0.11,6,0.4194435898171362,0.4184892635902689,0.2427184650418619,0.2701171760603762,0.5284345056655986,0.16553700108956637,0.4163417823566923,0.4561757289354682,0.520336740140674,-45.58957273185963,0.7082262487528005,0.6867062649593357,0.5032577519941615,49.01816545042816,67.75009744255563,-33.275336471234944,39.049465011894,6.741878802254515,-35.66471633586028,-53.14289229398582,-63.665666142685595,-7.517072903741603
401015,tcn[nse],camels_aus,pub,0.6517631670253377,0.9779998195285519,0.4680475541509077,1.0,-0.4231870483234614,1.0,0.5524005664278718,1.0,0.39462567084555095,0.9972640218878249,0.17125119580991874,,0.8529527341173209,0.7919907208813924,-0.3262366525032142,3652,37,0.6478641840087623,0.07,6,0.68,6,0.08439382107418694,0.08827621084931059,0.5601919707864902,0.0,0.4156660367596623,-1.913878254210457,0.29957829818723114,0.27072188072958847,0.33494752896591684,9.821017347832205,0.3674733348488304,0.7644174011888647,-0.26007783165956044,3518.5301513683967,170.59054682346417,-60.3346690571765,-1.0946590956644774e+18,-93.045631507896,-70.37480768827265,1638114452362.0605,2212238311767.578,88.14040268844894
401203,tcn[nse],camels_aus,pub,0.1723114830130946,0.20343652772264628,0.17919839867184845,0.13639115564256843,-0.02036447371106405,-0.07853383985753648,0.14220550418007327,0.11726366547602632,0.1776141837051816,0.2196490503348855,0.030860778029912113,0.02835575701088782,0.19036566361557272,-0.07629425742449288,-0.031125044709551686,3652,37,0.0,0.14,6,0.06,6,0.8713947226796905,0.871457540194582,0.9974062070927703,0.6279148984823835,0.5955219563225713,0.7330739583811694,0.7199857994813506,0.7598979577119457,0.8930168180623725,4.049837345517127,0.506081744477094,0.6359858832375358,0.6389335411462321,36.53508161870111,38.073132723114504,26.629080140197093,37.87385304065991,23.844164524844803,10.96972962401657,-37.66527796172567,-44.14787747659473,-7.26881948643527
401208,tcn[nse],camels_aus,pub,0.2527471602169183,0.4947911761784073,0.16834313844145649,0.6098054703361347,-0.06705324335881789,0.6098054703361347,0.2546005894473839,0.8149418588562801,0.17155944560233108,0.559309081814335,0.08437884948029861,,0.3701113606936243,0.3144124039972678,-0.242044015961489,3652,37,0.0,0.51,6,0.24,6,0.4619292273558501,0.4691813937806324,0.9531158490028069,0.0,0.6297047482753496,0.21537414505528596,0.3567554977076265,0.2106202185621907,0.402728567452327,54.38531164054462,0.5562779417045401,0.6085189000554135,0.23422166244001785,165.28890882048955,74.02227213872482,-25.38966124228495,65.58520700959457,-30.76666813416147,-38.47345367948946,110.37172569781929,68.54107793950558,8.547732802271385
401210,tcn[nse],camels_aus,pub,0.24085815365458296,0.19981252958223852,0.39796316078837984,0.12627152971348127,-0.39122293806580805,0.019190629528096678,0.39219632910812036,0.05636586228740635,0.30278792759672124,0.2309395519764023,,0.012130560838040951,0.20482763312248883,-0.06524116918852282,0.04104562407234444,3652,37,0.0,0.06,6,0.07,6,0.7184523008458631,0.7120120927860236,0.1881718954047535,0.997440475830256,0.552242241919263,0.6427520444626244,0.42055179755217276,0.5668356377962593,0.6707251428586489,-26.87264350482316,0.8606225603840083,0.6691470377134886,0.5943185384391486,39.09910516328394,40.96552662449775,-47.19762434393981,2.872592142448628,-43.460385611132054,-51.336714582985884,-29.854321686630442,-33.216383030289535,-0.817841076924725
401212,tcn[nse],camels_aus,pub,0.2894127907069494,0.3322489223508064,0.31181708746843495,0.39380092969454156,-0.25713030939927384,-0.38592015785896994,0.20334942656516003,0.3852624606366487,0.3011381201137325,0.35708604190974974,,,0.305077784940514,-0.2362741863050009,-0.04283613164385697,3652,37,0.0,0.46,6,0.06,6,0.6956211947349928,0.7018832330447842,0.5720197468122656,0.2957416494467776,0.5228086881753525,0.24609143945137424,0.6371901962329358,0.5197846479379096,0.676808942778858,-28.043887293256144,1.026173595441475,0.6907903530193855,0.5339310260824266,47.80818499044883,61.01555698810293,-1.4516829288809656,10.65778573955793,3.7651977908051957,-17.978049864991274,-66.79262673010385,-68.97291286552353,-13.404795672236448
401216,tcn[nse],camels_aus,pub,0.21084897227752356,0.28318647924382045,0.11894331303912194,0.2647486374729243,0.04761360238964159,0.2344475921668427,0.11638354812425637,0.27204774064455484,0.15815554468354623,0.2799909492356966,0.017168055896624262,,0.2617465489668441,0.240340445117329,-0.0723375069662969,3652,37,0.0,0.12,6,0.06,6,0.41809221115403217,0.42740274312279136,0.8279216217878054,0.5063463848520537,0.2715067825593902,0.43687275005457427,0.3666193579072293,0.3306409863043226,0.39925525028901865,58.55025596928293,1.3979149234537502,0.8535181412486847,0.3515890375915709,88.07012461424058,52.34930979336877,10.88632269846595,-31.135205784556902,-7.378836278807043,-8.455884566450598,17.347234138710004,48.12758172404619,-3.9300895485045166
401217,tcn[nse],camels_aus,pub,0.2113799281645715,0.24932883722091365,0.23011580289534259,0.22639241502826518,-0.11194134323843714,0.20952844581347357,0.1850190242898543,0.41428032348543037,0.21394262305937295,0.25107249916034496,0.011107138517367096,0.8605799909182797,0.228694901756139,-0.016534363011981985,-0.037948909056342156,3652,37,0.0,0.17,6,0.08,6,0.912895358332851,0.9216265369334277,0.846247032223,0.5639625511205045,0.48568629949486375,0.717836289444917,0.7158698436069602,0.7271492160723585,0.8566296094254521,1.336748875547448,0.6497489304657883,0.7171566777944248,0.5527917310867396,54.109618204337515,45.73898035122772,28.624446222339166,64.44771819719962,-6.507814469054507,16.71246359355454,-10.702552660461677,-27.771447639255904,-10.75436395061546
402204,tcn[nse],camels_aus,pub,0.27782989116713747,0.618075445171313,0.18416341780813275,0.9966212937928316,0.055612843991386246,0.9966212937928316,0.24433318644187518,1.0,0.20940332841644005,0.7649287936460728,0.03289642153264557,,0.41999985838856174,0.3779772312760405,-0.3402455540041755,3652,37,0.04079956188389924,0.17,6,0.07,6,0.4640402664015814,0.4740368571182728,0.8029447834620631,0.0,0.5578303675416894,0.3397983517110572,0.3151440343071379,0.17154823383302553,0.3563673378850063,60.76460624397987,0.5998647360904323,0.6649583689662915,0.16654493672123238,680.7313291908191,83.99997167771241,-13.49173594031236,91.18383121894423,-0.12444089526220381,-36.3349564630378,3442.653860668375,376.45915279876675,10.605413695256713
402206,tcn[nse],camels_aus,pub,0.25944640512692874,0.6052767066335568,0.2455262321950082,0.7867176841609014,-0.2052513817220621,0.7867176841609014,0.2625393792244501,0.8780412684553949,0.15818898957601,0.7547700005904835,0.3042601133036654,,0.4155700224285385,0.3599369091355738,-0.3458303015066281,3652,37,0.0,0.06,6,0.18,6,0.3086653961717712,0.3149950716139369,0.5161919289529455,0.0,0.5359155977957215,0.13524047008792006,0.5460451972184397,0.4755824921511931,0.48904215013779206,40.99674551855512,0.51756124353999,0.6812374051711184,0.2693246937717403,276.0749733851728,83.11400448570777,-2.432673921920282,65.87646193324308,-62.260092358264664,-5.190497727976946,362.6817859013093,332.26670659518055,-0.3357370386118354
402213,tcn[nse],camels_aus,pub,0.37080813772224835,0.7419052791079198,0.1802626527130733,1.0,0.01409253504688661,1.0,0.27973256622879866,1.0,0.2638415086276552,0.9001917346949867,0.045611330510900654,,0.5446040960124303,0.5321362358173245,-0.37109714138567146,3652,37,0.08680175246440307,0.06,6,0.14,6,0.13692133546430393,0.14633728699757217,0.8501905661473221,0.0,0.5285748783153907,0.12908710814095015,0.10024025326742725,-0.0468179821168444,0.1280441259960542,83.54390607341787,0.6820558307681598,0.6866040501516207,-0.09149742212313217,1146.8918274596213,108.92081920248609,-17.900217869210515,89.17762524174019,-19.246706617544007,-40.322788965390764,5187243223190.308,5268.805615936538,21.96639919148406
402217,tcn[nse],camels_aus,pub,0.3886001926570397,0.7134983627956589,0.3328504273384043,0.8455990494327166,0.24410454798407286,0.8455990494327166,0.22846267586297908,0.949472780102752,0.3265359290664383,0.7985933073890031,,,0.5443135442220132,0.40524733151346576,-0.3248981701386192,3652,37,0.0002738225629791895,0.4,6,0.15,6,0.4328083406804083,0.4404359902178045,0.6011017799840758,0.0,-0.5185670208250588,-0.19867163694880574,-0.14522942470705646,-0.135067367675753,-0.1258063208314273,101.5654346345611,0.8056917757280528,1.2323015137640052,-0.35007507718831943,594.1644053445066,108.86270884440262,66.88664134914578,90.85109755300883,-47.676705816678165,2.5638168287623646,538.6908847055774,358.0228367500048,0.7756223132354486
403209A,tcn[nse],camels_aus,pub,0.2802723366470055,0.40359233979446435,0.5089221828667394,0.8436973592125134,-0.4976081793368284,0.8436973592125134,0.5674284957366658,0.9792377327841114,0.33484710031859966,0.4611768323707811,0.6912317255861642,,0.2841301004104511,0.123130500672694,-0.12332000314745883,3652,37,0.0,0.06,6,0.06,6,0.4505563032434706,0.45206727294864174,0.19751389284262574,0.0,0.4173836024765296,0.6842568819396958,0.3298361128955507,0.44131106323480573,0.6474298836328153,-24.112822147558976,0.7751159272956591,0.7632931268676998,0.466697412859148,320.3140686536065,56.82602008209029,-55.013803144902205,88.47718646339558,-38.13212219209108,-66.85389388635612,200.38557971530147,72.59329846325592,7.744528634360318
403213A,tcn[nse],camels_aus,pub,0.30861572135013776,0.7944561460497876,0.10621143261008675,1.0,-0.0023596191340759833,1.0,0.1393190907789657,1.0,0.13861846723411295,0.9353334372568947,0.054367898779246034,,0.5532201427763742,0.5428750191241983,-0.4858404246996499,3652,37,0.06133625410733844,0.19,6,0.13,6,0.1606236540328736,0.1700396055661418,0.9617522448738501,0.0,0.7141806797454662,0.09000899408642249,0.2323988850687181,0.08995350827588933,0.2120828624579969,74.85326649155678,0.633461722477756,0.5346207256125913,0.1296490475829295,2674.2036066081346,110.64402855527469,-8.06864867114936,85.29789896817918,-55.540970460189996,-19.077788118412165,7640320062637.329,5411.115277540348,7.164680238993187
403214,tcn[nse],camels_aus,pub,0.2730642209310189,0.5587940043408636,0.27781713148537157,0.8213386127246267,-0.26831698280639876,0.8213386127246267,0.3658386347297696,0.8641079431939725,0.1725198189745524,0.669819469402212,0.24666150183231245,,0.39598412794385807,0.3466571099471137,-0.2857297834098447,3652,37,0.0,0.06,6,0.06,6,0.2917027092916542,0.29494806152324793,0.35601065828213274,0.0,0.6012691130298137,0.3733101431747615,0.490716266141513,0.3804740481548339,0.5959534546134799,28.838389357608033,0.4228841613768919,0.6314514129924695,0.30717516660288713,230.51808078931367,79.19682558877153,-39.3094814062186,68.23667372295617,-24.48865401475541,-49.2869277746959,547.2034570847024,240.27047098219063,9.275632496436398
403217,tcn[nse],camels_aus,pub,0.42286730839509473,0.8194665560741781,0.5318222189131583,0.9808737390173436,-0.5312034887659636,0.9808737390173436,0.6507473688220833,0.9990289469758319,0.27346784212775627,0.9314311795463813,0.3551052904853356,,0.6062290571874395,0.5060171363405847,-0.39659924767908333,3652,37,0.00547645125958379,0.06,6,0.58,6,0.12135797875024325,0.12222302089145673,0.07953926357101562,0.0,0.3130041335545998,-0.25093437092048165,0.2327163365331082,0.186496297320488,0.5089702564616986,18.031932384870217,1.4493771063438305,0.828852137866218,-0.04023316346914907,1795.2124854563465,121.24581143748789,-62.5970215397207,87.20912091707788,-80.19480067795895,-78.15570332613176,3630.7117111504353,2632.6246305000855,21.50039553564839
403221,tcn[nse],camels_aus,pub,0.31692041780281427,0.6720461537595306,0.38487844117636455,1.0,-0.3829130417489952,1.0,0.4983869099131663,1.0,0.3206456821589511,0.9571029058447547,0.7814168173856423,,0.43422635456826486,0.204379677368439,-0.3551257359567163,3652,37,0.13608981380065718,0.06,6,0.17,6,0.4648678419318692,0.4650612248651772,0.16691880346224133,0.0,0.4521198759651808,0.4912565343796623,0.24447936903398138,0.41061310816077823,0.5779283489844149,-36.63438303133906,0.7154587320586205,0.7401892487971028,0.4238344124238701,1162.1250858258654,86.84527091365291,-60.66762861264096,64.62594259536596,-47.57523727441735,-68.27431189396246,3203904628753.662,3725838661193.8477,10.72449102403051
403222,tcn[nse],camels_aus,pub,0.3384157363287807,0.5949001703088267,0.5488806326876497,0.9490231803213293,-0.5380544845825547,0.9490231803213293,0.6264972497294211,0.9967361917752772,0.3868914508245689,0.7414422942553117,0.6426517551313886,,0.4069217199729464,0.23297082018741483,-0.256484433980046,3652,37,0.002190580503833516,0.06,6,0.06,6,0.15008510992922733,0.1509501520704408,0.10494937185353852,0.0,0.32788484509838434,0.35989177037199904,0.27257264833196404,0.3437328520135089,0.620797766067237,-18.11149702090478,1.0683824959220733,0.8198262955660885,0.3440502629472153,3239.63431649127,81.3843439945892,-60.27111150497215,90.09583809048004,-76.33388006344526,-72.62756650010019,736.4354794342318,453.88330212420055,10.585613728814243
403226,tcn[nse],camels_aus,pub,0.3142424311118975,0.8113747703134312,0.11581949609617635,1.0,-0.05190825971067097,1.0,0.1538126100383355,1.0,0.1337790278464947,0.9585523475576169,0.1157498788657587,,0.5663257353164017,0.5514472817037004,-0.4971323392015337,3652,37,0.1196604600219058,0.23,6,0.14,6,0.1678697133142881,0.17542346743990236,0.9432961235561408,0.0,0.6920546237675619,0.0684887659757275,0.28894489705605886,0.15461315718980861,0.2528570705535287,69.57861893490809,0.6068567201293835,0.5549282622397583,0.1498901317726058,2498.215965847274,113.26514706328028,-9.842699600522904,83.65130010071708,-53.6269312518958,-19.199340061121664,6492072343826.294,8579796552658.081,6.264902441963996
403232,tcn[nse],camels_aus,pub,0.3357933918879786,0.7812700134626568,0.37526531414422065,0.9996793075213642,-0.3629592955216066,0.9996793075213642,0.44003870710309395,1.0,0.19066845014473907,0.9202471821092615,0.3147422583952,,0.5408350050979076,0.4773470657873171,-0.4454766215746782,3652,37,0.018893756845564075,0.06,6,0.11,6,0.10232922298143134,0.10537508986664536,0.19883919306680423,0.0,0.4588645793999703,-0.3086465633004496,0.34372961820398673,0.2173442430249859,0.4225230282712076,44.46411425879034,0.9326185061619161,0.7356190730262707,0.051292558581235714,52282.47717258711,108.1670010195815,-43.300934046383134,93.76462118164636,-76.27079125670954,-46.4274107925827,95799.61495017938,1937.003185104155,10.178110628067817
404207,tcn[nse],camels_aus,pub,0.40901620447390563,0.8491317767839346,0.1927889917865712,1.0,0.053344810519074144,1.0,0.2545562013441892,1.0,0.2673175051710936,0.9830252049983544,0.035761014752148476,,0.6329369780188334,0.6219246001174566,-0.44011557231002896,3652,37,0.11883899233296824,0.14,6,0.3,6,0.10660666162112094,0.11643896915696526,0.7107597955308975,0.0,0.5561538533516455,-0.04634999441517618,0.056731529918697565,-0.09103972224290646,0.07511625137111555,87.80174977982635,0.8309268815536369,0.6662177922033864,-0.15044938084077408,9288.769077154653,126.58739560376686,-21.43175038819171,84.89914332417916,-42.7455073871965,-41.046310064302254,4769700765609.741,5448210239410.4,22.134018750863195
405205,tcn[nse],camels_aus,pub,0.36344696590623443,0.37022278209781406,0.41198359057969347,0.4037818535322414,-0.39838230568808947,-0.4024474014600864,0.41011942697327686,0.4187415363158924,0.36282723461131666,0.37104410796093984,,,0.3605052085079266,-0.32784037585562853,-0.006775816191579631,3652,37,0.0,0.43,6,0.1,6,0.5031924706796642,0.5063041649865212,0.17023329090748815,0.13853446967940913,0.15174811168096525,-0.9483153328340559,0.35099867550498143,0.4346027709396616,0.46148270694538185,-45.44140225395659,0.7591652168738492,0.9210059111205718,0.4992275931990947,49.63986123093843,72.10104170158527,-39.373961733840595,19.39920450432194,30.188923066252023,-51.510983033158354,-71.78171894225576,-75.25874202934263,-3.001451358657518
405209,tcn[nse],camels_aus,pub,0.3679083496951189,0.2648582106366625,0.530679604191185,0.23467904202262876,-0.530679604191185,0.2201153768818974,0.5285455011271001,0.33835222213122945,0.4513502754397627,0.2695955321740291,,0.32053561648715495,0.2963644706198127,-0.18773490922592903,0.10305013905845639,3652,37,0.0,0.06,6,0.08,6,0.5221246692478512,0.5221281162047359,0.0,0.6041751164372766,0.2685561261702236,0.48885669063049264,0.17228153393470202,0.38236025318612554,0.48499223875022024,-46.638927162774756,1.0278560978637963,0.8552449203764828,0.4631491203454887,50.656001731014186,59.27289412396254,-66.64536366822196,55.74668549783886,-39.259138447928976,-68.58482686912447,-23.2146447249397,-37.15004155775582,1.339291576217846
405215,tcn[nse],camels_aus,pub,0.2547441331437911,0.2588644742484937,0.37008123439078616,0.3100973553473688,-0.3658174121445193,0.2862971911467169,0.38183353451818663,0.5803873007343836,0.2940194400086588,0.26446498542236474,,0.20485139845979258,0.23607437918599897,-0.14586274404497543,-0.004120341104702607,3652,37,0.0,0.08,6,0.06,6,0.6514717759920129,0.653866708459621,0.16750258478384294,0.6781232169391075,0.5740650597711756,0.7777385727581547,0.4618726675665725,0.6137791205853322,0.6492080783409901,-33.84488487792717,0.929645759839281,0.6526369130142919,0.5897187865600841,44.05884743417553,47.21487583719977,-36.660601972692234,63.026405088867854,0.02719784873667433,-52.00850695329064,-10.35010492632036,-29.289343122217666,1.9210856721814726
405217,tcn[nse],camels_aus,pub,0.27390563944142304,0.2837796062275304,0.3485730919246102,0.3998247294867253,-0.3391791243590562,0.3998247294867253,0.34872805505837934,0.6572699088288173,0.25463689337448203,0.23281044694117178,,0.9089082136333474,0.2722833461212039,-0.02858906233008843,-0.009873966786107358,3652,37,0.0,0.06,6,0.06,6,0.760290979809086,0.7623640816676809,0.2389152190515002,0.02413620280270478,0.6202824073529828,0.6704697297122609,0.47182988506719714,0.6083285138201491,0.6736208128792464,-24.002915349330863,0.5894946168629722,0.6162122951118528,0.5177142752267494,71.3214115037176,54.45666922424076,-42.58080842614605,87.0215564870679,8.417445482231415,-51.35981026681057,29.16063529038105,4.248594357397862,0.8325019879443917
405218,tcn[nse],camels_aus,pub,0.3515038380982163,0.27413513962834,0.4794358419139328,0.14466749302293166,-0.4735446984087545,-0.059972282477229015,0.5298357049383994,0.15926203531562752,0.3837859535978125,0.26468203079222846,,0.03691711463315256,0.3100976456055099,-0.28831575913341256,0.07736869846987626,3652,37,0.0,0.06,6,0.06,6,0.36160780738697673,0.35403023735181727,0.11679792485966038,0.864972692886839,0.44929880757223584,0.6176457298436978,0.2436016754964746,0.4677172684439487,0.4911751368449643,-50.10451227024771,1.494522370211947,0.7420924419691689,0.4799261784934382,45.58636756890988,62.019529121102124,-56.70686864575285,43.273290971816934,3.282360377542317,-66.53520040140263,-40.2848252026582,-47.06980014215203,3.5570478110030916
405219,tcn[nse],camels_aus,pub,0.23788691348413726,0.2439241163202345,0.34567266079330217,0.16975424463970906,-0.33580840495364966,0.06465664409815393,0.3554519377350083,0.2666742886480304,0.2506725872826589,0.23551339684202455,,0.08811176072424562,0.23567030842587566,-0.11673569905490054,-0.0060372028360972385,3652,37,0.0,0.07,6,0.06,6,0.7694622497729362,0.7669240568095546,0.22414936339989114,0.9287915875990855,0.6659345443635436,0.7809114330206919,0.48883753761597704,0.6492551515427292,0.6824161294617328,-29.272625828709476,0.9904148879139174,0.5779839579404054,0.5959943064551882,44.52337911346477,47.13406168517519,-42.28277752800986,55.4894217486407,-3.0773297486573896,-49.77361750801916,-35.277764840138836,-42.14982619378598,1.324350948938802
405226,tcn[nse],camels_aus,pub,0.521949954258552,0.9277280319059795,0.5626442063944243,1.0,-0.526362066239807,1.0,0.7071158652258962,1.0,0.3137077020278156,0.9958960328317373,0.28924858029989503,,0.7313023678272855,0.6363828611616795,-0.40577807764742757,3652,37,0.36856516976998904,0.06,6,0.6,6,0.12867022530648337,0.13171609219169736,0.46480507797721005,0.0,0.2228130960338518,-0.6264824525393522,0.1903181751443742,0.207178666324765,0.5042762289844025,-5.522756951387756,0.3558555774089649,0.8815820460774756,-0.14650558970450667,12048.725443221485,146.26047356545712,-61.29204430455226,-1.1087247581296221e+18,-93.62441460806917,-79.06250335004097,1742500066757.2021,2368819713592.5293,34.93879624252448
405227,tcn[nse],camels_aus,pub,0.2476445570201919,0.2647875349491129,0.37745422239537235,0.13121708808019183,-0.3763256915401215,0.018967705609449843,0.444791595669273,0.20253858015215065,0.26205213840594904,0.27849506819081893,,0.05846073408635767,0.2501233090675198,-0.14538902407419024,-0.017142977928921,3652,37,0.0,0.07,6,0.06,6,0.755689796001376,0.7480412508508525,0.08414960073644832,0.9060518997294651,0.5860392987795207,0.6768742476835649,0.3894425713759806,0.5605079900255705,0.6515657201123242,-31.568534828317762,0.9870851092543499,0.6433977783770155,0.58703443711932,43.89636738363233,50.02466181350391,-55.00374649130302,55.77761022303643,-0.870864292784282,-61.04820607382473,-41.4526689433174,-55.51412066159757,2.2778106160565224
405238,tcn[nse],camels_aus,pub,0.5000858444792645,0.9333738462988236,0.2492942644457895,1.0,0.16918313394073406,1.0,0.27970188225707493,1.0,0.31296754379058944,1.0,,,0.7419542462191931,0.7358062715425444,-0.43328800181955907,3652,37,0.3893756845564075,0.1,6,0.41,6,0.08797271294081814,0.0955264670664324,0.6936805243666748,0.0,0.640924544594374,-0.4756867312166764,-0.2779298005958173,-0.38769809697084123,-0.2933563670104522,126.84458717078606,0.5351301555644498,0.5992290508692197,-0.44708318192408836,3734.797803953628,148.39084924383855,37.05812014781195,-4.4499767198961965e+17,-82.91065387263978,6.452454182209486,3256100416183.4717,3986805677413.9404,18.94288221897938
405245,tcn[nse],camels_aus,pub,0.5487205501422142,0.9178419546653506,0.32335885651973933,1.0,-0.217400021949208,1.0,0.5878870623827809,1.0,0.3870284753893456,0.9871163101419541,0.10090392702203661,,0.7498798666301894,0.7150391013135657,-0.36912140452313635,3652,37,0.08433734939759036,0.11,6,0.54,6,0.1133069135234312,0.11678508265914184,0.8697186424185407,0.0,0.284198854980117,-0.6061428242572082,0.16259174770999274,0.1111183748420419,0.45199437568246126,25.92530207275052,0.8594487647438174,0.8460503206192188,-0.22791750988909198,3316.273710330239,149.97597332603794,-63.84516795305373,58.912292327139916,-59.93476760473718,-78.16946798772713,3047329187393.1885,15284.40816136187,102.14443248493558
405248,tcn[nse],camels_aus,pub,0.7447112446667831,0.991874720152643,0.30025611414202397,1.0,0.013948521613124596,1.0,0.350845063386284,1.0,0.5930156180666899,0.9986320109439124,0.046886907815857054,,0.9127980676776939,0.8983005318027987,-0.24716347548585993,3652,37,0.6596385542168675,0.07,6,0.68,6,0.052576356743818276,0.062079733443528545,0.8957483562373577,0.0,0.5750862753823938,-3.7874340351744067,0.11409555198218813,-0.013056369431128312,0.043094759183274656,69.4603408800563,0.3547041873104379,0.6518540669640761,-0.592280229027389,7754.130941403957,182.55961353553877,-39.55698208397455,-1.1083850808671694e+18,-91.10986562572087,-55.530327203968724,1690310239791.87,2269653081893.9224,113.86518393237989
405251,tcn[nse],camels_aus,pub,0.47596469659087437,0.689152975110027,0.4115068635504212,1.0,0.3739096060196933,1.0,0.2675518131332916,1.0,0.4704241557604908,0.8219558635163704,,,0.5532365099909826,0.5445624751625507,-0.21318827851915267,3652,37,0.062157721796276016,0.6,6,0.08,6,0.15724529698305761,0.16160657662369282,0.3422533314971449,0.0,0.32902616386876216,-0.08811497280433334,-0.8487915027411925,-0.9517519936641805,-0.8400504021772555,183.02812753921697,0.828988170306822,0.8191299262822949,-0.9497114493396457,481.81196796776993,110.64730199819654,73.83443964927656,88.09526799527146,16.965413117017206,25.18025037809628,4560929536819.458,642.0953117021953,11.11629312574237
405263,tcn[nse],camels_aus,pub,0.2720464034273676,0.30251567259227946,0.2166082489523902,0.14371391616218307,-0.1880231964190318,0.0027990833447019436,0.33223544227896934,0.17728986711513586,0.15401123479492576,0.2781118233330624,,0.05189334347192896,0.3169511038579161,-0.13661458502013438,-0.030469269164911883,3652,37,0.0,0.23,6,0.06,6,0.9064507252490439,0.8999622405184572,0.5258231571355447,0.8816402911003168,0.3995127129664544,0.06595691290821237,0.623923678301739,0.6418969902765959,0.672030060561488,-5.883361955903445,1.1955738655569075,0.7749111478315083,0.44998943432055405,66.82108787534459,63.39022077158305,-19.251215437048444,63.1030107380502,122.16720343088141,-46.32078805821018,-40.6839162463407,-51.75597500568661,-2.9570223986103645
405264,tcn[nse],camels_aus,pub,0.2250921256345551,0.2966141572645613,0.2747810741754222,0.17878180835958998,-0.2735657768332351,-0.07170137744283944,0.34214870216683263,0.22058829993488852,0.20335078401177467,0.31899142805558556,,0.03340809555901075,0.26271516071760576,-0.20392908520967842,-0.0715220316300062,3652,37,0.0,0.06,6,0.06,6,0.7000447763697122,0.691028201980917,0.14616964458379872,0.6773805461959295,0.6972514861975131,0.5910112007530254,0.5318473918944858,0.6812104452696421,0.6917001341541675,-29.08740632498026,0.7652466786078861,0.550225875257141,0.6420006708023565,41.1306311334347,52.54303214352113,-41.01923479550081,64.65897068877766,21.088852487732378,-49.75374250977153,-54.69040396492099,-62.86568207303956,-0.8976840560646115
405274,tcn[nse],camels_aus,pub,0.41288025329027167,0.8327648964201314,0.25906073906360405,1.0,-0.1971076462140786,1.0,0.4506349108647892,1.0,0.28052267646212353,0.9729708532369467,0.12353242265226391,,0.6198012054142857,0.5847921513991432,-0.41988464312985974,3652,37,0.08680175246440307,0.1,6,0.18,6,0.17553091869058285,0.18194632927641005,0.8979227648151558,0.0,0.46152638258712675,0.10464419583205697,0.3554535189134729,0.30197309118795423,0.639210273239819,16.22268531756107,0.8217036653004645,0.7338076160771795,0.1743317978828156,3810.2737526231926,123.96024108285724,-47.00682225722469,-104.21645516681325,-40.2207500107757,-63.22782924858529,2734166383743.286,44111.44857511497,46.6291800511155
406208,tcn[nse],camels_aus,pub,0.5981484086893228,0.9646518814669127,0.23364378169531844,1.0,0.1691391664905758,1.0,0.21904318282298205,1.0,0.41416457844181914,1.0,,,0.8206881638863093,0.8171153626724238,-0.3665034727775899,3652,37,0.42634173055859803,0.06,6,0.7,6,0.043465159465744814,0.0531215207994509,0.6528103600109799,0.0,0.7119917039655855,-1.1448746499835183,-0.6996453510859484,-0.8205833457599405,-0.7392077278276836,169.37471194237492,0.5694597993110211,0.5366640439179939,-0.9087239299349719,6533.5489345242095,164.13763277726184,15.140931934386696,-1.667003247658643e+17,-81.8079907139229,-8.246131208709999,4926282167434.692,5343824625015.259,42.83858323734279
406213,tcn[nse],camels_aus,pub,0.4975277538550266,0.9394069673747956,0.20217980580937162,1.0,-0.006866770545015576,1.0,0.2170306769008376,1.0,0.31111153256538354,0.9986320109439124,0.054213113122367915,,0.749793142309929,0.7336417038361228,-0.44187921351976894,3652,37,0.33953997809419495,0.07,6,0.48,6,0.12555536516467464,0.1350587418643849,0.9595642658156024,0.0,0.8142253111549117,-0.5538359146486269,0.25767057117726544,0.11035837089426848,0.2070315424844209,71.43405973526333,0.44275832738392895,0.43101588003818175,-0.06804975689246917,14053.127769945095,149.9586284619858,-9.000839191279423,-1.1539121311811436e+18,-83.66087787736086,-22.239423211087654,3047329187393.1885,3673642873764.038,40.96758994322552
406214,tcn[nse],camels_aus,pub,0.6055917212157723,0.9696881953844881,0.35081578267949276,1.0,-0.09887560753398995,1.0,0.3971669784044119,1.0,0.37141809017569755,0.9958960328317373,0.07734236738129947,,0.827307615929659,0.8009286771484061,-0.3640964741687158,3652,37,0.5117743702081051,0.13,6,0.68,6,0.09830611082996675,0.10808682053970171,0.9853339735183259,0.0,0.529092260125282,-1.6120742084950694,0.32581428187948536,0.23707703089173882,0.4093083367020446,31.44519704576361,0.5837346893167988,0.6862271780356108,-0.22287451158511917,6934.74824328584,165.46152318593167,-40.582810509852116,-1.1052359175768877e+18,-92.07948401259404,-55.446237937334075,1690310239791.87,2316623926162.7197,80.50968941481607
406224,tcn[nse],camels_aus,pub,0.9044847106922802,0.9986844866910501,0.5931380492730304,1.0,0.38051856809384654,1.0,0.4616750440999886,1.0,0.8834636191054424,0.9986320109439124,0.024881669948547423,,0.9761259325208319,0.9654716704573624,-0.09419977599876994,3652,37,0.8940306681270537,0.06,6,0.07,6,0.025759652499499176,0.035746012141084894,0.5151930499899835,0.0,0.35369630644246897,-12.06246195787605,0.041832595905353154,-0.04102723271860276,-0.11240156202322171,59.61279616436284,0.5456654638280656,0.8039301546512179,-0.9430252026104002,15044.402267231675,195.22518650416637,-55.11946136203911,-1.1136144115392622e+18,60103734923738.414,-69.39495639252833,1951271295547.4854,2473205327987.671,266.39797226727876
407214,tcn[nse],camels_aus,pub,0.4806933113953295,0.9093480368785261,0.27968993930262026,0.9885024347332283,-0.16922738522599917,0.9885024347332283,0.3633204313997512,0.9948388095591998,0.2449031540935144,0.9719689063433821,0.198715231287411,,0.7220207884987144,0.6717098464973783,-0.42865472548319655,3652,37,0.0,0.17,6,0.64,6,0.17735766117371818,0.18547044241830946,0.8877070817531703,0.0,0.5012645594877787,-0.8325279752384878,0.34457816888172677,0.31033667337442816,0.481728025211397,10.667832271868088,0.6585343116363466,0.7062120365104388,0.01689189086754206,4079.4236727832276,144.4041576997431,-50.17377036476126,-159.6100931940003,-77.03370306040532,-60.463934641169985,6902.971676844211,5217.417516368809,49.374705239974276
407215,tcn[nse],camels_aus,pub,0.3861359852098515,0.8953456291444745,0.2465208886468644,1.0,-0.06730555347644007,1.0,0.28301503859093613,1.0,0.22533896033538428,0.9986320109439124,0.1269516084218018,,0.64968980051819,0.6093111892587403,-0.509209643934623,3652,37,0.3138006571741512,0.35,6,0.4,6,0.2550274894572093,0.2646109746264247,0.9916160597295001,0.0,0.5397865683651625,-0.3192990853771116,0.3511356289115093,0.2858229647261997,0.6051400664058735,21.255866357364106,0.6639235586231077,0.6783903239543128,0.12195094205464374,11717.511490499759,129.93796010363812,-38.20954635704426,-1.1281501456965487e+18,-90.16900295380134,-53.613529940839165,2160042524337.7686,2786362171173.0957,36.76555283020666
407220,tcn[nse],camels_aus,pub,0.7882803337334132,0.9927409680896023,0.44682598067134244,1.0,-0.20751306198780153,1.0,0.890463336262816,1.0,0.6263555155138426,0.9986320109439124,0.07444298246806433,,0.9231696250999007,0.8898796697125269,-0.2044606343561891,3652,37,0.7806681270536692,0.07,6,0.66,6,0.055616585193700184,0.06203199577952735,0.8785227992489645,0.0,0.12958464622816002,-3.4475463189334103,-0.12318961764466851,0.04006728681294469,-0.02011863948583925,-55.048788954560834,1.6602642910584655,0.9329605317331704,-0.16922256877232655,8636.040647927794,184.63392501998015,-85.20475853214938,-1.1232901007296285e+18,-92.931649264268,-91.6038022878004,2264434099197.3877,2739385962486.268,8.266840781714997
407230,tcn[nse],camels_aus,pub,0.5443140267475183,0.9626220683970292,0.36690006168684586,1.0,-0.24841729104405008,1.0,0.5033042419737616,1.0,0.2767580164330596,0.9986320109439124,0.1671799800238345,,0.7888498784306214,0.7434367663848958,-0.41830804164951096,3652,37,0.5769441401971522,0.07,6,0.65,6,0.133715480443817,0.1401308910296442,0.8056250189518914,0.0,0.3915569273250623,-1.3133553474743889,0.2516801627634564,0.25146719533960704,0.43817860166763034,0.08260525035783346,0.8702530909447995,0.7800276102003939,-0.10599269223337249,3756.429404243799,157.76997568612433,-59.978298379815556,-1.114939634783234e+18,-93.35236545706283,-71.13753090372798,2032171487808.228,2525395154953.003,89.80120413353262
407253,tcn[nse],camels_aus,pub,0.4531107875927558,0.8686857708774897,0.5663317995170035,0.994535519125683,-0.5282304194516587,0.994535519125683,0.6600383487611072,1.0,0.3056510162568738,0.9986320109439124,0.2712151302435452,,0.6447214008098849,0.559133433563864,-0.41557498328473386,3652,37,0.2502738225629792,0.06,6,0.32,6,0.12852151975966453,0.13156738664487852,0.4279432275002212,0.0,0.2700586902101405,-0.419230293775231,0.14999466844911213,0.21085610230943164,0.4373636948745371,-21.91685969694097,0.5427538248293524,0.8543660279937747,-0.017772363373051547,4724.505670643889,128.94428016197702,-70.06294805068562,-928.2801463740246,-82.03239312096113,-78.27754189667431,1899081468582.1533,2421009540557.8613,85.57973657965441
408200,tcn[nse],camels_aus,pub,0.877480746370098,0.9977680074234877,0.5108194777376439,1.0,0.48215916718359725,1.0,0.3667866464836536,1.0,0.8361383535618574,0.9986320109439124,,,0.9663194060965206,0.9648832514329416,-0.12028726105338972,3652,37,0.4882256297918949,0.06,6,0.07,6,0.01047609523264267,0.01689150581846984,0.20952190465285342,0.0,-0.9928499569685267,-14.41884821888449,-6.007749764222877,-5.986315143895683,-6.0022540083412785,694.1414884795066,0.1829564407143325,1.4116833770249355,-6.251930229806294,1113773.1828875127,193.2638812193038,134.4423783482436,-1.1141970770586893e+18,-86.87566800336933,67.71583853069639,1951271295547.4854,2525395154953.003,136.87385372716133
408202,tcn[nse],camels_aus,pub,0.6364348551359015,0.9655094972856578,0.4300376205000593,0.994535519125683,-0.26316710349741207,0.994535519125683,0.8551768363460303,1.0,0.43196786369440726,0.9958960328317373,0.10107889200372851,,0.8284777884729986,0.7903257192493122,-0.32907464214975635,3652,37,0.5197152245345017,0.09,6,0.56,6,0.08153701789562351,0.08843354000330478,0.9356595609496019,0.0,0.24448218703479518,-1.545116818210769,0.11024363450678243,0.21682865760177794,0.29877326007333904,-32.290823255028826,0.919138213258129,0.8692052766551782,-0.16778556084311846,3201.6923865994954,165.69555769459976,-76.91179332772059,-1.1135291445071837e+18,-93.52715406626942,-87.17951613815194,2107852697372.4365,2577590942382.8125,23.476765653922346
410057,tcn[nse],camels_aus,pub,0.19019294461612662,0.3721145553615524,0.2349983776931179,0.5240974045850524,-0.21336943253544272,0.5240974045850524,0.29975701861687953,0.5768879823416111,0.1809033172516863,0.46039835917272326,0.5732596011843317,,0.2579329488134265,0.1470932868342736,-0.1819216107454258,3652,37,0.0,0.2,6,0.07,6,0.6471799665725352,0.6530564127155156,0.5559195134875099,0.0,0.6278323422548862,0.5912409506800873,0.5399594250131899,0.5343841773126322,0.7857137993354633,1.056875225226113,0.9472285237604082,0.6100554546474557,0.5591772624756097,87.49244316639948,51.58658976268524,-34.17036855612554,36.337382301967985,-47.702102663472324,-45.8756425954888,88.65569225367062,68.7581186194116,2.857630423471218
410061,tcn[nse],camels_aus,pub,0.2568210582693603,0.3504240847858354,0.2681343485806568,0.6439329018228213,-0.2259299706728241,0.6439329018228213,0.33077031735133444,0.8829439276332522,0.220898866776686,0.34534669478897934,0.9910166016951178,,0.28437183226006907,0.007853299407165122,-0.09360302651647512,3652,37,0.002190580503833516,0.07,6,0.06,6,0.8143470461206118,0.8201694631700377,0.7134387725823705,0.0,0.5268291882479262,0.6362161635423802,0.3861728576490967,0.4706270799271417,0.7126783155890226,-17.621071045765174,0.9849124597590678,0.6878741249328062,0.5057342356222045,92.09031060924914,56.87436645201394,-43.3685425860996,94.45591449573222,10.720427041262713,-54.077324125475336,116.98256332685214,29.262603362277527,5.738717637412229
410705,tcn[nse],camels_aus,pub,0.3938012646059833,0.8843702616499896,0.3027084734891608,1.0,-0.17812825315090824,1.0,0.4100530409447129,1.0,0.2273305149773982,0.9964811620492595,0.2134925122060722,,0.6424127050691978,0.5939281221627434,-0.49056899704400625,3652,37,0.08625410733844469,0.1,6,0.39,6,0.22489158261365666,0.23140617362548369,0.90993037989585,0.0,0.4941899250705506,-0.6174228990702995,0.34837870245302616,0.32905896996880923,0.4952245553291543,5.725629053059479,0.6612127618384189,0.7112032585199883,0.07514478784993228,9388.388264598389,128.4825410138395,-51.66799123070083,18.73271945175637,-87.07716679178615,-60.91227626681413,3569257259368.8965,47944.01298251775,48.93161302508376
410730,tcn[nse],camels_aus,pub,0.2882726930725269,0.49428875539267786,0.1839026707018916,0.658924716255612,0.1375584757467036,0.658924716255612,0.1305395484284376,0.7250061020782594,0.23517216155988116,0.5359999886137349,,,0.39030291216917884,0.3801347021350418,-0.20601606232015096,3652,37,0.0,0.06,6,0.06,6,0.27200373919212145,0.2811125229796219,0.6775714677904044,0.00978627966100225,0.07983311034960128,0.057654006612420594,-0.056066442627088264,-0.07730713172047321,-0.018275418504127172,99.85386452978739,1.143245646746321,0.9592532979617004,-0.049566666681116756,201.6383377818873,78.06058243383582,27.704819865204914,43.01325048037958,-22.717114060644814,4.639490797708832,155.44247246654433,159.40324228149586,-3.6544588668696667
410731,tcn[nse],camels_aus,pub,0.44868907160015037,0.7606229455781434,0.31969925564576623,0.9989249898750114,0.20757752569641302,0.9989249898750114,0.2202369303166669,1.0,0.36644323855347555,0.8689797951243625,,,0.5940367908960048,0.5844384455119938,-0.311933873977993,3652,37,0.03806133625410734,0.21,6,0.07,6,0.12388046748878345,0.13274587641700433,0.6602505655292983,0.0,0.44443417552383446,-0.3901547044194309,-0.5682245789996623,-0.6688278220378574,-0.5750319887500301,155.20203928648246,0.5737405465014486,0.7453628810694598,-0.7076157065096147,3739.865461951831,118.80735817920107,47.87086451254472,91.34251335507584,-20.39816812609982,8.635923267187039,37772.7738090021,1016.3555312311464,9.50087851457381
410734,tcn[nse],camels_aus,pub,0.29305490935960765,0.728094125685664,0.20601022883312498,0.998936962895935,0.1265441537061727,0.998936962895935,0.18102586810465113,1.0,0.22812144297491585,0.9132896543301653,0.012111824749496078,,0.48399973686554626,0.449112553218298,-0.43503921632605635,3652,37,0.03943044906900329,0.42,6,0.12,6,0.394596767855701,0.40418025302491645,0.8206297262670825,0.0,0.6829928221294185,-0.03881002796957378,0.30469917436046945,0.17018741753365996,0.2655435096960107,66.75791519307873,0.44604862223364583,0.5630339047256228,0.0998261046011214,3575.184113015016,96.79994737310889,11.998274836604772,89.76875641867808,-39.461475822274714,-10.426970452715238,12461.569958892482,2225.1351668283373,3.754722141723342
410761,tcn[nse],camels_aus,pub,0.34481558193304834,0.6468103525879831,0.5008674707025376,0.9537670513482496,-0.493801110044814,0.9537670513482496,0.5337395386938899,0.997553073697242,0.37883928191940447,0.8351035551430035,0.6830027725120692,,0.43760985264244195,0.24299322107175375,-0.3019947706549348,3652,37,0.002738225629791895,0.07,6,0.06,6,0.324373339161641,0.3258843088668122,0.2916477200488875,0.0,0.4157260358959344,0.19310409023330288,0.27558345352900315,0.35654795759754476,0.538683010468773,-20.945030377186875,0.2832488144884735,0.7643781551719447,0.2738951014977161,6131.405652975229,87.52197052848837,-60.97382071918427,85.46071968748734,-77.4367656582415,-70.44396574496623,1883.6791489906634,829.2168654559509,14.219514347108474
412028,tcn[nse],camels_aus,pub,0.3526454074533679,0.8126925305890554,0.31257931646445825,1.0,-0.2518048352626034,1.0,0.3838356497179531,1.0,0.28762111990049083,0.9960609113431704,0.40491188566181835,,0.5590161774687374,0.4561123275547501,-0.4600471231356875,3652,37,0.14786418400876233,0.19,6,0.26,6,0.2814358780836455,0.2878512886694727,0.8335342493946868,0.0,0.5718825151929499,-0.12328053163039576,0.47154697823909464,0.43720354731853217,0.6346563993397764,7.7891021578836614,0.2927995582734069,0.6543068735746631,0.20350534158534062,13387.269499621212,111.8032354937474,-41.640439194300185,65.21109309095111,-76.12079712076866,-56.045815606619854,3360486030578.6133,3986805677413.9404,27.355062402687064
412050,tcn[nse],camels_aus,pub,0.3893834371949246,0.7492878958341089,0.48639049507493376,0.9627872212647559,-0.4295164136669185,0.9627872212647559,0.38305005299983785,1.0,0.35058818724147617,0.8920578951080476,0.37074152489167855,,0.5375248229589387,0.4244707004272906,-0.35990445863918435,3652,37,0.012869660460021906,0.06,6,0.26,6,0.3037936158448849,0.3076760056200085,0.6678111065181762,0.0,0.4853587772936985,-0.11623873839704912,0.5625248898526796,0.5190504484201026,0.5209971491465374,9.43752331447112,0.49957186979235374,0.7173849891838423,0.0752977411227409,972.8229661438721,107.50496459178791,-29.419505656620814,81.80666772571749,-59.671929907810046,-37.185347000160725,1591.9226502782174,1171.1509456241445,13.791145355520266
412066,tcn[nse],camels_aus,pub,0.34309304738168267,0.7547413685390115,0.4127916296516448,1.0,-0.39797049721923466,1.0,0.5093433141330633,1.0,0.3415117311082478,0.96791614964596,0.5553644963061538,,0.5027316836872607,0.3548020217681247,-0.41164832115732886,3652,37,0.06818181818181818,0.16,6,0.31,6,0.27019772855966306,0.2727779152463113,0.4135609743989047,0.0,0.49107969370630955,0.08875497046986192,0.30879577498303157,0.41112742521127854,0.5667082877967997,-23.657477240309788,0.4297714704502467,0.713386505544989,0.278612265532022,3287.428398725077,100.54633673745221,-60.79248044745899,75.61014206792531,-80.07921510639575,-68.15476781400265,3360486030578.6133,11670.049940031095,28.799977325358647
415207,tcn[nse],camels_aus,pub,0.5537448380002455,0.9584340629723388,0.3766436755441078,0.994535519125683,-0.23957936152656134,0.994535519125683,0.5350943845669356,0.972972972972973,0.28845851735154765,0.9958960328317373,0.1384534323941112,,0.7911439220417599,0.7526631404028623,-0.40468922497209325,3652,37,0.27683461117196057,0.06,6,0.66,6,0.11638900069550835,0.12226544683848878,0.8644887798177212,0.0,0.28284250294391533,-1.5635986772344523,0.16889822397103282,0.1478532411955078,0.41121385222754314,12.12664858065678,0.720128679822575,0.8468515200766216,-0.2897193571441814,20529.861514499942,158.22878440835203,-65.2844037514672,-4144.773227859063,-90.05515900031786,-77.33103133872397,2003467082977.295,2525395154953.003,75.27817740718932
415226,tcn[nse],camels_aus,pub,0.9346541598166327,0.9987704764174189,0.714328573811385,0.994535519125683,0.500862291659643,0.994535519125683,0.5230356155394512,1.0,0.9270767331008555,0.9986320109439124,0.0221921678638957,,0.9854033657986653,0.9747066709372827,-0.0641163166007862,3652,37,0.9449616648411829,0.06,6,0.06,6,0.02201455453633688,0.03179526424607184,0.4402910907267376,0.0,0.2904281498972343,-19.682300685760282,-0.07559771058374731,-0.1372391625011895,-0.26115455359921635,69.69670959626258,0.7503146147034443,0.842360878782227,-1.224531357646578,26143.918889405144,197.08067315973307,-60.81646875967408,-1.1195765897810427e+18,56705802027657.84,-75.10898969227404,2160042524337.7686,2681976556777.954,248.93191048382954
415237,tcn[nse],camels_aus,pub,0.7545081782823908,0.9897290385896123,0.3307386693334327,0.994535519125683,0.05200780572514995,0.994535519125683,0.3157250724073527,1.0,0.6176228733733392,0.9972640218878249,0.042573715094653075,,0.9143389656064719,0.8991381811488004,-0.23522086030722145,3652,37,0.6804490690032858,0.06,6,0.7,6,0.049882121032789634,0.05937773398487703,0.8272790673503051,0.0,0.3874925332432404,-4.1654296554547,0.015974823271366123,-0.06603114680056943,0.04040036787411794,64.67725834151541,0.6077002981483142,0.7826285624462983,-0.7347361192764876,8486.542178831947,182.86779312129434,-48.61424227340799,-1.1023480714211546e+18,-91.81977061178414,-62.71725545793613,1846885681152.3438,2421009540557.8613,159.81556555058296
416003,tcn[nse],camels_aus,pub,0.35225297465405403,0.8095852384538774,0.3700352288239433,1.0,-0.3175147673228315,1.0,0.3664170206195215,1.0,0.29476643992924545,0.9892921178601761,0.4479099320353257,,0.5543528267528991,0.4413173253039471,-0.4573322637998234,3652,37,0.10679079956188389,0.07,6,0.34,6,0.3159045935739096,0.32257037715385883,0.6529402478885096,0.0,0.6643099727700067,-0.027710457638475683,0.44213445126019835,0.5352313813978535,0.5447805789308173,-17.421048911321368,1.3908656021397097,0.5793876312366301,0.3169735091184618,2447.824286567527,110.87056535057971,-38.8294238177853,77.67941852882052,-77.55184050307581,-44.589943477392254,3360486030578.6133,3986805677413.9404,35.91276950097372
416008,tcn[nse],camels_aus,pub,0.5710070016108372,0.8971491519110205,0.790202701638781,1.0,-0.790202701638781,1.0,0.818476461317717,1.0,0.4866322556064076,1.0,0.4265834043600416,,0.7088607495640192,0.5187539962093392,-0.32614215030018334,3652,37,0.20153340635268346,0.06,6,0.45,6,0.09981342396856327,0.09981342396856328,0.04143704562697396,0.0,0.18788417465403906,-0.19523103811359288,-0.10652528011479667,0.11198341973995807,0.10423720546064474,-65.72738904944967,0.9554499588027539,0.9011746919138158,0.03482789853383761,4447.515469460948,141.77214991280417,-85.69234332634504,-81.88778916481901,-88.87237505666644,-88.60102917868909,2293138504028.321,2734166383743.286,45.94787178451888
418005,tcn[nse],camels_aus,pub,0.4866541488431484,0.7984198543478437,0.7624293219903409,1.0,-0.7622599346125255,1.0,0.8142660810626787,1.0,0.5227454264175267,0.9820826731418553,0.5845940201618377,,0.5865293226856366,0.35643438583109893,-0.3117657055046953,3652,37,0.1328039430449069,0.06,6,0.63,6,0.14909188808156537,0.14899270765556547,0.0399865086108841,0.0,0.17494851688733004,0.02128556279999494,-0.08811897641548438,0.055446047987133706,0.14041986279788266,-61.93010936681442,0.8365516153244386,0.9083234463079051,0.0844169853969855,1489.1298154739766,117.30586453712739,-88.01815636331615,-147.3992541025221,-84.37799434217962,-89.73906774622425,2786362171173.0957,3203904628753.662,61.088421823685294
418014,tcn[nse],camels_aus,pub,0.46735517077611677,0.8347184691374514,0.6591091300091309,1.0,-0.6562782221125718,1.0,0.716398831745796,1.0,0.43653699953836667,0.996126032836499,0.4930161453969756,,0.6117246167351901,0.43420786499519887,-0.36736329836133463,3652,37,0.12979189485213583,0.06,6,0.43,6,0.13782364685893345,0.1386886890001469,0.11498950444584413,0.0,0.3020404981745589,-0.21867962007954977,0.08471830903851063,0.20527428077259946,0.24822385419777626,-41.913981037017074,0.5946520255746187,0.8354397056792556,0.06783524636401372,5516.488804549791,122.3449233470381,-77.69495051063811,-40.68386223044676,-84.89671101869085,-82.87571754625897,3047329187393.1885,3412681818008.423,67.08804681776162
419005,tcn[nse],camels_aus,pub,0.4705760486950321,0.6226067607507018,0.7840629142902236,0.979173509204094,-0.7831540995861417,0.979173509204094,0.8315506165669071,0.9993033823625321,0.6104955037767729,0.8349238353230652,0.8696908078675953,,0.4601133036048184,0.11789589163731513,-0.15203071205566965,3652,37,0.007119386637458927,0.07,6,0.11,6,0.2318472434160155,0.232712285557229,0.06832039538810566,0.0,0.1329820425916045,0.25968048531120924,-0.12405525179882293,0.028627839064776728,0.15728628951064338,-63.65676156854666,0.6968474482831052,0.93113799053008,0.16344727430245698,1382.7734824946076,92.0226607209636,-87.09881086736873,81.4387398301587,-77.84030459307344,-90.67082352190916,3122.716981775078,794.6313963288055,32.73245920864843
422202B,tcn[nse],camels_aus,pub,0.7217270326528274,0.9873781676213096,0.421022059876179,1.0,-0.2749283710257644,1.0,0.515524488167838,1.0,0.5276435921406073,0.9986320109439124,0.0982422876049728,,0.8945856358072152,0.857378798766398,-0.26565113496848214,3652,37,0.6377327491785323,0.1,6,0.71,6,0.06944683941896525,0.07503313315348724,0.8359346117889574,0.0,0.5747035775827085,-2.397530880613667,0.5531311905219469,0.5437528594322594,0.40690010878396266,1.7943658604417032,0.47040681276340757,0.6521475465086805,-0.08760280426052569,19924.614455920862,178.91712716144298,-45.32032170425552,-1.086921852155576e+18,-90.85216576552438,-54.25591250200092,1690310239791.87,2160042524337.7686,83.73888274580081
422306A,tcn[nse],camels_aus,pub,0.5538471627937482,0.9219476817287301,0.30038333491674685,1.0,0.18483148750702943,1.0,0.2238604885989876,1.0,0.4441829674970033,1.0,0.011646464513847788,,0.7554238629300288,0.7490894039136188,-0.36810051893498186,3652,37,0.22535596933187294,0.06,6,0.39,6,0.05518538251429032,0.06496609222402529,0.7395055587187183,0.0,0.8439838927226546,-0.8315053456708141,0.2086826797111102,0.06253901737116285,0.11996647530775684,76.95669700684357,2.0911704388854773,0.3949887432286461,-0.0555460009546076,2970.564569997571,151.0847725860058,14.484669914753141,73.69842949941223,-51.257440008623846,-2.298864368445734,5187243223190.308,5813562870025.635,38.02929513176647
422313B,tcn[nse],camels_aus,pub,0.4933615861359598,0.9073088789002532,0.260035137315318,1.0,0.10710842421641875,1.0,0.2223275300376621,1.0,0.3255619343815072,0.9878446686253435,,,0.7204185851561224,0.7092863594279936,-0.41394729276429343,3652,37,0.06325301204819277,0.12,6,0.43,6,0.10733550861009798,0.11716781614594232,0.899772997710979,0.0,0.7982599609645661,-0.40296499742200154,0.3484523812578131,0.19938241645926835,0.30817580219723006,60.39039852771002,2.0366878598029112,0.449154805201318,0.07372693701614519,6042.001851088834,144.0837170312246,14.169617663746534,-105.72315667205298,-56.66168854732071,-0.8001029294143014,4821890592575.073,9536.285326506237,28.391364294604752
422319B,tcn[nse],camels_aus,pub,0.43470307876093833,0.8934257408151277,0.4051259401710431,1.0,-0.14143381131233584,1.0,0.44662630150208044,1.0,0.32946885198365705,1.0,0.3944309983149082,,0.6595391339891912,0.5371918707561157,-0.4587226620541894,3652,37,0.3953997809419496,0.06,6,0.41,6,0.34380019401797923,0.3525319146214555,0.9926883093578616,0.0,0.6244341316403814,-0.09260572988973892,0.40984679500608345,0.5106317097568065,0.45465990453174676,-19.625912350700055,3.050248981236495,0.6128342911094471,0.23068533528647106,3233.9257648133766,131.9078267978382,-39.41045137516516,-1.6981614698635194e+17,-90.54341136581058,-53.97994627769096,3203904628753.662,3778028488159.1797,43.82255616282539
422321B,tcn[nse],camels_aus,pub,0.31320040145133277,0.46938213591331596,0.24935571106513912,0.7576913995788003,-0.07133641395842666,0.7576913995788003,0.14370414479215332,0.9534555429304721,0.26037423658590103,0.4918822903885385,,0.7215060366350337,0.3775680670073931,-0.047722951814797014,-0.1561817344619832,3652,37,0.004928806133625411,0.28,6,0.08,6,0.6933681526622248,0.7034053524172184,0.988996738101813,0.0,0.8882385352848953,0.48193459538287853,0.9118845566834505,0.8875204828496596,0.6763144526437375,-2.7168440532976077,1.3951474619418789,0.33430744041242155,0.5006778573599964,139.4681026752005,75.51361340147842,14.710259695521676,95.18967086638177,6.341264357000861,2.9151721350621864,186.63975689914477,48.47049253657611,-23.376301086024892
422334A,tcn[nse],camels_aus,pub,0.556076381951025,0.9316075349665152,0.4184050688169529,1.0,-0.0506736794999928,1.0,0.4203584934397926,1.0,0.3960714617438256,1.0,0.06212988472692114,,0.7595090121100456,0.7319973996019848,-0.3755311530154901,3652,37,0.21987951807228914,0.2,6,0.5,6,0.10329006434430336,0.11294642567800947,0.9829142001692274,0.0,0.6618536712850264,-1.604630503295045,0.4898586684407762,0.46404016429747563,0.248093079762561,5.555244675353206,1.6541212185454375,0.5815035070530302,-0.009617081392589322,5533.837005966674,151.90180242200915,-30.79339078990971,-591.2542234028986,-76.63006644403671,-44.06461889980993,2473205327987.671,2890747785568.2373,149.1891943025375
422394A,tcn[nse],camels_aus,pub,0.3027571252042984,0.6764495952123977,0.24961535727224154,1.0,-0.1115178360157465,1.0,0.232581658448093,1.0,0.29804589946200305,0.9773304043766446,0.8240319905336717,,0.4391279403299715,0.17484925040428492,-0.37369247000809924,3652,37,0.1484118291347207,0.06,6,0.15,6,0.48814366889313776,0.4976812973350493,0.8359775548769275,0.0,0.724483821722913,0.3708816197424878,0.7075762812113602,0.753799755483517,0.6529963536222314,-7.0783093212019175,1.6765639326185182,0.5248963500321631,0.4473769251525215,1418.8119568194788,87.82558806599427,-5.411646023618144,-138.1290257131118,-51.291360918141066,-12.948104347567513,3569257259368.8965,4299962520599.365,-7.009593736536675
424002,tcn[nse],camels_aus,pub,0.6982095775170971,0.9803019705174448,0.6473587392826672,1.0,-0.5607104518755074,1.0,0.8289562882774607,1.0,0.449013678621562,1.0,0.19318780941329391,,0.8661965323950568,0.7811447993207304,-0.2820923930003477,3652,37,0.42059145673603504,0.06,6,0.71,6,0.08910712914741727,0.09118023100601208,0.37786432798539227,0.0,-0.8308465385787749,-2.1849871163261576,-0.031579080485140354,-0.08197354054857131,0.14395434515893435,54.03219098741144,0.1993560044737717,1.3530877793324332,-0.9199966926290388,225180.26607530343,173.2393064790115,-27.199165014769594,-1.7024122824003424e+17,-94.45559540253686,-90.88990197526417,1638114452362.0605,1846885681152.3438,39.15568204191121
424201A,tcn[nse],camels_aus,pub,0.7169621313541978,0.9756726607360424,0.7767426256731099,1.0,-0.7577946283759447,1.0,0.8524395431051203,1.0,0.49180870719323877,1.0,0.23696078478141447,,0.8618793463541886,0.7391520211690947,-0.2587105293818446,3652,37,0.45947426067908,0.08,6,0.71,6,0.08016372962327706,0.0816746993284482,0.22050843385755087,0.0,-0.15450479131423545,-1.4193519701770856,0.047434913678237156,0.11454150297396382,0.2724616623235592,-25.88416469883077,0.37246540858875077,1.0744788463782036,-0.3586460642900522,157441.2942789533,172.37586927083777,-62.351146936635956,-1.629325854799441e+17,-94.87418534898897,-89.99456364231601,1742500066757.2021,1956490874290.4675,57.67376674301286
604053,tcn[nse],camels_aus,pub,0.9554389078718469,0.9893901215969427,0.9692726060670159,1.0,-0.9692726060670159,-1.0,0.9787378689866632,1.0,0.9508697365622306,1.0,,,0.970291384336044,-0.9695822700988943,-0.0339512137250958,3652,37,0.0,0.11,6,0.33,6,0.014632571482164201,0.014632571482164201,0.0,0.0,-0.1263606646490596,-1.0504396296771872,-0.4974184066218197,-0.26895418159957907,-0.06649506013581852,-97.60649766652003,0.1945424308315052,1.061301401416704,0.022373078622833442,98.20705502804205,194.05827686720883,-97.32006918657459,99.9999999999999,70.50855322273696,-98.8918653098804,-99.99999978701062,-99.99999982892736,-24.936797437771045
606001,tcn[nse],camels_aus,pub,0.6745171687211244,0.7418150789757739,0.8794984676546683,0.7759562841530054,-0.8794984676546683,0.7759562841530054,0.9010186572486324,0.8378378378378378,0.7796524151740843,0.7770177838577291,0.7195567474699299,,0.6771413812231264,0.21970095280255084,-0.06729791025464948,3652,37,0.338170865279299,0.25,6,0.41,6,0.20073770343689787,0.20066738874032672,0.0,0.0,-0.00451013021586677,0.4659693961066218,-0.268846670395644,-0.04963571934945765,0.08719506799779109,-81.48454239893346,0.30685558997932394,1.0022525281663632,0.08349947398252544,2386.798292171605,135.4282762446254,-92.85043215801439,-6.532276008831899e+17,-88.7651140141635,-94.77596895297766,0.0,112736225128.17383,19.618483456486775
606002,tcn[nse],camels_aus,pub,0.5310156134075076,0.9572519415502725,0.4152420164448572,1.0,-0.38621168301782627,1.0,0.4720729759749126,1.0,0.2709411544487351,1.0,0.2766740233067437,,0.7739516434193836,0.6919040745819207,-0.4262363281427649,3652,37,0.5216319824753559,0.06,6,0.66,6,0.18003286948549033,0.18391525926061397,0.5676108377760081,0.0,0.47102066661717923,-0.5685148730649203,0.44166092575015026,0.37207559778640786,0.5586694027273691,18.02469832349926,0.13869770254137015,0.7273096543995692,0.014215508354556317,1808.6347771181233,154.79032868387665,-42.62312053471595,-1.9351302399572624e+17,-87.39629351024298,-62.147454095155894,1169800758361.8164,1629394292831.421,21.305365809350103
606185,tcn[nse],camels_aus,pub,0.42036451232765903,0.6842939149587307,0.5590941716866683,1.0,-0.5578606415458786,1.0,0.6764121763168278,1.0,0.35481735231739514,0.9152941900228153,0.3999411403397877,,0.50036021352944,0.3162767092677968,-0.2639294026310717,3652,37,0.08406352683461117,0.26,6,0.27,6,0.4078984534329042,0.40789845343290415,0.1445340922950568,0.0,0.17275589264531233,-0.022419936851396427,0.20898304351442398,0.18937422331193,0.3866465489526363,6.544507310899078,0.3927632355594919,0.9095296077394555,-0.19576423646931462,1058.6095778067304,100.07204270588794,-51.12289805123466,83.97634725686017,210.3006420094923,-78.68443104244076,1654672920703.8887,8619.06399792,15.013199743910045
607155,tcn[nse],camels_aus,pub,0.5509030161642307,0.9531973420948832,0.28357776922009204,1.0,-0.25504220350967677,1.0,0.4847230475975915,1.0,0.3006173109533896,1.0,0.1347182906459974,,0.7867773423897163,0.7536228604410703,-0.4022943259306525,3652,37,0.3436473165388828,0.11,6,0.56,6,0.10104973709700472,0.1010497370970047,0.6424257230904876,0.0,0.10859523548930783,-1.6206610838142645,-0.57312670181686,-0.6980197673866197,-0.6185285620923258,145.22647780888906,1.2415530782391306,0.9441423433522576,-1.0771238081517067,3242.147547099974,157.35546847794325,-50.92644578686968,-9.177888314561282e+16,-90.33930513610322,-65.98904834814637,22173196077346.8,26033771038055.42,46.814134863818424
608002,tcn[nse],camels_aus,pub,0.4215398989133242,0.621135279301524,0.24554207547879453,0.9197163584438028,0.21785995095827038,0.9197163584438028,0.20970608632881685,0.9997898287968289,0.36881457237038956,0.6943435654770623,,,0.5123005449920055,0.48793731323859846,-0.1995953803881998,3652,37,0.009583789704271631,0.06,6,0.07,6,0.29865987646194064,0.3038607202287914,0.4310448477371967,0.0,-1.961737129088306,-0.23033930767073985,-0.9979756880267374,-0.7748084434182183,-0.7561388056121043,174.4654184260307,0.8169010657400594,1.720969822247998,-0.7766368175640417,467.7778632593588,102.46010899840144,69.92427531364906,86.46384389886346,2.759369839975904,54.61574193489076,371.93256170577683,253.53310054403764,12.860752978727158
610008,tcn[nse],camels_aus,pub,0.57059563628177,0.9349442401170113,0.8332679850712962,1.0,-0.7846545526384918,1.0,0.5174209225841061,1.0,0.43423552218953426,1.0,0.46777147638495603,,0.7491453761994636,0.5321429289870562,-0.36434860383524126,3652,37,0.5725629791894852,0.06,6,0.56,6,0.3130954336117087,0.31837653164633695,0.48934572204813254,0.0,-0.32212793877189627,0.10622378578944602,0.391172381541966,0.3446084346568862,0.5507041632811356,-12.12868901088648,0.5257226711179611,1.1498382228695898,0.08722716315039403,1176.9621359654866,149.82907523989272,47.124316156757416,-1.2880673404288378e+17,-82.21278217580824,-24.04582234069337,1307678222656.25,1542073488235.4749,-20.196777152619248
613002,tcn[nse],camels_aus,pub,0.24684718602795253,0.6432661696519719,0.17521718616836632,1.0,-0.04940987147084836,1.0,0.1969389832818806,1.0,0.20009628238763866,0.9463727882033218,0.8952278433112164,,0.40075386992610634,0.104676532303759,-0.3964189836240194,3652,37,0.1333515881708653,0.41,6,0.13,6,0.6249246546756677,0.6343306677783548,0.9531450140574004,0.0,0.46747576116969713,0.6411556662525115,0.6886383551410422,0.6223116366809786,0.8403236535484867,-6.223177865201893,0.372271146756802,0.7297425839501919,0.5670164215524693,418.52386693849377,80.15077398522119,34.284744243473,82.16227170957839,-2.348990334025159,8.128901139275248,2410703897476.1963,2686458826065.0635,-9.736755218425545
613146,tcn[nse],camels_aus,pub,0.2632638520745353,0.6652898316913016,0.18162451573727795,1.0,-0.08250843838064846,1.0,0.1952451460483944,1.0,0.18416246083878385,0.8498006873846252,0.29429044390744047,,0.4348592279380017,0.3631277542523784,-0.40202597961676634,3652,37,0.07311062431544359,0.31,6,0.09,6,0.4611960017067473,0.47032517349830627,0.8959550405160787,0.0,0.7415585923646371,0.6432586706910834,0.8332111943186917,0.8144051828989916,0.8207878795545718,10.83519061042907,0.3473750732711499,0.5083713284945984,0.5312546968270883,381.9379094370591,86.97184558760004,7.393839940619407,90.41039295297912,-30.523029101506843,-11.503124319170192,2272826433181.7627,563.3556495461877,7.971077887294596
614044,tcn[nse],camels_aus,pub,0.8683687199562686,0.9956079973134001,0.6768475387208559,1.0,0.6768475387208559,1.0,0.5955082462934277,1.0,0.7861651734451348,1.0,,,0.9539855718778497,0.9539855718778497,-0.12723927735713148,3652,37,0.7045454545454546,0.07,6,0.69,6,0.0,0.0,0.0,0.0,-46.837823069326916,-3.3666019091370885,-10.753375313397475,-9.097880643951497,-9.096168293712095,1008.9184425163046,0.5197605253948514,6.916489215586685,-9.089184425163046,8204.987741018947,190.79711437556998,566.6367128384378,-7.642734518420293e+16,-75.30798338072137,404.716271918863,2043026685714.7217,2272826433181.7627,17.512916960403945
616002,tcn[nse],camels_aus,pub,0.8686810921493096,0.9974496492740752,0.5975475618354027,1.0,0.5918909726822269,1.0,0.4986232931946972,1.0,0.8002919516007154,1.0,,,0.9597437634570873,0.9594296041089934,-0.12876855712476565,3652,37,0.7259036144578314,0.06,6,0.69,6,0.005098346896464454,0.005098346896464454,0.05316939107953252,0.0,-22.839572393814503,-5.461592169877636,-9.847364753067112,-9.140157377555711,-9.133683629774474,1012.0689688453635,0.12656706826319214,4.882578457517555,-9.124197817262731,39620.41089829656,191.9487526914174,396.85242079112686,-2.9924228887379565e+17,-74.60446658183317,233.90251886845695,664246082305.9082,940006971359.2529,26.64290837694196
616013,tcn[nse],camels_aus,pub,0.7226776808739745,0.7481165890893566,0.6193005934374897,0.7750127871194442,0.611574686224788,0.7750127871194442,0.567410678995176,0.7447908091309277,0.691922898116789,0.7366986498090741,,,0.7459007179426866,0.7454560277336902,-0.025438908215382083,3652,37,0.0,0.06,6,0.09,6,0.007412105015862885,0.00892307472103402,0.06166062536562376,0.0,-32.509463549836646,-5.252596075395276,-6.617192917417799,-5.165032569972085,-5.159725997447818,615.6158340232091,0.0820925327426031,5.78873591985648,-5.162874906777147,774.3183963904323,149.18014358853748,450.6583236007502,-251.2065770518567,0.3407899561039499,286.11903881499734,370.52817519460496,418.2877667516011,-0.07654217115639105
616065,tcn[nse],camels_aus,pub,0.8385816074399356,0.995482412459755,0.5549914108324989,1.0,0.5532781132723815,1.0,0.4771847526925878,1.0,0.7391623557881255,1.0,,,0.9461721271860516,0.946086274652234,-0.1569008050198194,3652,37,0.7248083242059146,0.06,6,0.67,6,0.00393701294685629,0.004802055088069752,0.06899859642787512,0.0,-18.82612007477006,-4.53827630106193,-7.9433197596489205,-7.174567741648943,-7.1714988545051614,815.2752960101612,0.3111062670166668,4.45265315006346,-7.155826808432993,17559.352338390116,189.23442543721035,341.5279578832861,-1.0378302228122949e+17,-76.96491171542844,229.96482999430395,1583433151245.1172,1813232898712.1582,13.013198914936165
804001,tcn[nse],camels_aus,pub,0.358012564682829,0.7197616208338063,0.4055598844281997,0.9954965354794043,-0.39853216396360874,0.9954965354794043,0.4417788648632226,1.0,0.35108617934864317,0.9672133393115957,0.7669663307581773,,0.48778856402969734,0.22040169487736275,-0.36174905615097736,3652,37,0.02190580503833516,0.1,6,0.22,6,0.4722176801913156,0.4752635470765297,0.3321421672842515,0.0,0.6346071141824301,0.7370886533821714,0.3112737034286638,0.5244691969636367,0.5066699823287159,-45.7257843801518,1.63783207229861,0.6044773658438916,0.4501390224225622,2646.0643751691828,97.55771280593953,-47.60728638171997,-58.2441573111131,-47.099780302235004,-57.31135880408966,7402.948875317809,4613.395418633443,9.846126467245952
809310,tcn[nse],camels_aus,pub,0.6279819467508505,0.9723705949570312,0.5188459792480451,1.0,-0.4891525239684803,1.0,0.5478293054147955,1.0,0.3830582915857506,1.0,0.22530156357342757,,0.8309968846225094,0.7403427010480553,-0.34438864820618065,3652,37,0.5739320920043811,0.06,6,0.67,6,0.13920713186176623,0.1417873185484144,0.4073465805519197,0.0,0.6829785918221862,-0.12772605422908456,0.46590945496200253,0.6148690267586576,0.5167088350783318,-35.769023618597664,2.2551723047330148,0.5630465417510474,0.23231326342284453,14605.160208206355,166.19937692450193,-49.556324822276174,-1.1235772702143004e+18,-87.2444490284382,-52.02849346010723,2457225322723.3887,2807235717773.4375,55.33263375835889
912101A,tcn[nse],camels_aus,pub,0.3140281669938006,0.2871362856865171,0.3386193789100537,0.23517284790570916,-0.1522659212603835,0.14893066886748071,0.4761092993449454,0.3158772903007095,0.3271916153860359,0.26785860409066353,0.19533368765727746,,0.2971163576963596,0.01960593499264901,0.026891881307283483,3652,37,0.0,0.06,6,0.06,6,0.9316858628942103,0.933727193845291,0.9532646988410246,0.8228466617230705,0.4200514506217876,0.3977436553140328,0.38563552321863914,0.49120720831129194,0.5353822938017812,-22.286111550013544,0.955925793685041,0.7615435308491645,0.30443605472327295,72.25499212900485,59.42327153927172,-43.53633396767489,-1476.5271732321237,30.39548553322477,-57.495983263722366,-63.1083818456559,-38.873118600936664,34.98528104396248
912105A,tcn[nse],camels_aus,pub,0.40155793462385236,0.38481267083752074,0.5650699888956054,0.6276683226274785,-0.5210772182010591,0.6276196463281561,0.45522220098826616,0.7772707501703595,0.4817833786764362,0.42504271877145955,,0.5373977434037285,0.3541313167672643,-0.07820867728728839,0.01674526378633162,3652,37,0.0,0.12,6,0.06,6,0.8573069537620411,0.8619276170383965,0.47995963737451025,0.1382761674121701,0.5643177043342077,0.1235042727048411,0.4499759912159378,0.5213837884326991,0.2583544948527646,-38.95170418766389,0.6644486490996093,0.6600623422569964,0.32438145295114995,90.19623495912008,70.82626335345302,-35.48621155441377,-820.9446395593917,31.505585441615523,-45.73533765238409,-72.21561264556529,-53.57515473935802,15.42341029009656
915011A,tcn[nse],camels_aus,pub,0.6096499622476894,0.9085412071111193,0.3099660548191598,0.912568306010929,-0.1542029510795942,0.912568306010929,0.2845915798757853,0.972972972972973,0.4101494294591667,0.9151846785225718,0.09823270838778564,,0.8005584818955492,0.7643670944508436,-0.2988912448634299,3652,37,0.33378970427163196,0.09,6,0.23,6,0.12974755588669407,0.1394234556235153,0.9756532180673798,0.0,0.7220146839924616,-0.45467434026706766,0.7167727064910681,0.654171850486089,0.5793863844944156,24.745784941318018,0.5401782819603237,0.5272431279851245,0.22220134961221472,6518.472885970012,160.1116963791098,-0.3500581814647448,-9.316254386193262e+17,-85.24534051294394,-15.557957708376774,313425064086.91406,969690084457.3975,31.477022289598086
917107A,tcn[nse],camels_aus,pub,0.39619988223547054,0.6208628267017536,0.28058344213008923,0.6755129138554461,0.05853247847039122,0.6536549903581783,0.25926541998827624,0.6216216216216216,0.29592082100534406,0.6985248160686331,0.14240194568368175,0.8206543538785129,0.5144592468849434,-0.007012908743414421,-0.2246629444662831,3652,37,0.046823658269441404,0.11,6,0.29,6,0.740819491871618,0.7503660109150724,0.9594615746769442,0.21782865198757287,0.14889651871197152,0.2719805487090723,0.3339563858432183,0.5896674500570486,0.43406839256713625,33.50881719035226,1.1140437807669847,0.9225526983798967,0.2482620879604991,445.1459928442322,102.89184937698872,52.55230668903844,24.72138279536957,6.48744949368743,23.66996338673489,-99.99999977714512,-99.99999996786562,-11.154019156234254
919003A,tcn[nse],camels_aus,pub,0.24551730629147572,0.47384738374705127,0.2890160515372615,0.9371840187918049,-0.23501651565296766,0.9371840187918049,0.29438555988485166,1.0,0.2498526990450371,0.6284870476389449,0.33265640835854327,,0.3066581670334683,0.19014375447217333,-0.22833007745557554,3652,37,0.017524644030668127,0.39,6,0.06,6,0.678619376325974,0.6832400396023295,0.6942803847395549,0.0,0.6972407055872414,0.8606408644021599,0.6645662271722632,0.7514825133550076,0.8009696556528624,-16.467572917932255,1.7558850910090933,0.5502356717014616,0.5098744564207762,755.1960938744046,61.33163340669374,-28.868139961373576,-18.7894491513917,-11.958140127620869,-36.06595845735504,559.9229649212962,280.59157630839934,14.345385548385014
919201A,tcn[nse],camels_aus,pub,0.358963355568539,0.7123382202469761,0.26437865774438274,0.9234972677595629,-0.1469419600983122,0.9234972677595629,0.3079544390241333,0.972972972972973,0.3220923962967039,0.9200259088613922,0.17522929532206333,,0.5083055641609813,0.38821077609453825,-0.35337486467843715,3652,37,0.17113910186199344,0.07,6,0.22,6,0.5507470964086386,0.5582137970359512,0.9301811035087522,0.0,0.611980685432923,0.768375213333201,0.608234852850301,0.6086130442524798,0.8369621808780545,-0.06677168153466234,2.6208921459876264,0.6229119637373142,0.352635516159468,1856.741843800457,101.66111283219624,-26.247905360579328,-162.07758262787598,-20.137528341119843,-44.83019287444913,424987077713.0132,1100945472717.2852,17.24733778564368
919309A,tcn[nse],camels_aus,pub,0.37785506396634994,0.8545837363339485,0.2720879929610147,1.0,-0.24051977883018288,1.0,0.2727749652628376,1.0,0.22297864618118796,0.9936416813109198,0.3026958901080793,,0.6151137432376158,0.5400394740876998,-0.4767286723675985,3652,37,0.10898138006571742,0.26,6,0.3,6,0.2482920849952302,0.2532517757158485,0.6052959041968187,0.0,0.7629489319493086,0.6175249488547117,0.6790666726563191,0.7742391628064,0.7915065522029125,-16.18217754449863,1.1872163411574848,0.4868789049144474,0.5223678852081015,8379.831660474743,123.02274864752316,-26.689736973192254,68.46194293922849,-52.36090601104866,-36.348727219044804,2063465118408.2031,2632230520248.413,13.885108870298486
922101B,tcn[nse],camels_aus,pub,0.3887776878162623,0.6056367416440285,0.21538613076238888,0.6338797814207651,-0.1014418837022002,0.6338797814207651,0.18030835596164393,0.6486486486486487,0.2938437965656564,0.6250973457656737,,0.23749208010468223,0.5143803006810981,-0.3087637016715966,-0.21685905382776616,3652,37,0.09802847754654984,0.08,6,0.13,6,0.5072825149720451,0.5165158110637152,0.9780422331439922,0.0,0.7380006421017691,0.6115784735421046,0.7576698600170308,0.7813127783829021,0.7681535276416015,-16.064833636803648,2.864036290529861,0.5118587284575999,0.5205779913284477,95.6127081886184,102.87606013621968,-5.645120357679642,7.898910634863479,29.169763970974472,-19.250188006772834,0.0,389.7480148536613,-15.798195237163826
925001A,tcn[nse],camels_aus,pub,0.25851942228335534,0.24890991240345756,0.19348627305312843,0.38250725940503005,0.059656276060314276,0.3823518721757099,0.22828250731851538,0.5600849723085337,0.26939446557729785,0.2391035086676979,0.023773855878054757,,0.24787344890708016,0.18057356347419648,0.009609509879897782,3652,37,0.0,0.06,6,0.06,6,0.6657972825072882,0.6757111055636655,0.8490443956049937,0.06189561206760528,-0.3903440807428431,0.8053931406919556,-0.03773510828947324,0.21291463126721288,0.2439914468026969,74.91475191528585,3.209681874693998,1.1791285259643425,0.11960273092956475,139.43359096415023,49.57468978141611,58.90112334544795,19.87521880036887,17.00028138954204,-4.760201890298291,31.619666982780036,29.36938363392988,-1.223460957685214
926002A,tcn[nse],camels_aus,pub,0.4476348987129921,0.7738766939933335,0.25047598242776486,0.8143520867603914,0.1925812922904459,-0.8143520867603914,0.2945994578225021,0.7640827073202954,0.2985015379317092,0.8279480481183106,0.3589128412428587,,0.6324542199524456,-0.45621236498404844,-0.32624179528034136,3652,37,0.0,0.1,6,0.49,6,0.5465946359718618,0.5524710821148421,0.7229450229408007,0.0,-3.0273017772344373,-1.9357252241946226,-0.6832208206624604,0.044092808253339166,0.47852703014007236,43.963142449759,4.924654475057079,2.006813837214214,-0.011804579776259372,103.25558658810365,126.49084399048934,171.6449894421539,-1123.615329296816,157.68771481256533,101.26125891013902,-96.58981500332312,-94.94201737069217,-28.217421447558888
A0020101,tcn[nse],camels_aus,pub,0.501413331456336,0.9297744896802387,0.6390458155696478,1.0,-0.6351023104333536,1.0,0.6645832234033099,1.0,0.3101145848705134,1.0,0.359802744463585,,0.7179478062472604,0.611412269164561,-0.42836115822390264,3652,37,0.3828039430449069,0.07,6,0.57,6,0.16987875501593513,0.1698787550159352,0.21797289997844516,0.0,0.33585326951665373,-0.45571473441531163,0.21192186838851845,0.3250071229520979,0.4245011936693849,-29.036708698852827,0.09620101181472732,0.8149519804769765,0.04376989792572472,67230.08687117991,143.58956124945215,-61.950828438604724,-2.624713355016105e+17,-92.99365828646664,-76.5683809496016,526368618011.4746,664246082305.9082,9.271915313980083
A0030501,tcn[nse],camels_aus,pub,0.6042977130252608,0.9624092918927468,0.46752756346324104,1.0,-0.38261308636918195,1.0,0.6703142056342155,1.0,0.38100383214594824,1.0,0.15809607605346102,,0.8113913631782561,0.7577825760153233,-0.358111578867486,3652,37,0.3313253012048193,0.06,6,0.63,6,0.09417867562517637,0.1013101431115613,0.6581166306012414,0.0,0.1153319624022926,-1.934578064950578,-0.22505899361326476,-0.33579824334726505,-0.13944158714230892,91.34210759816231,0.0756924963783407,0.9405679335368113,-0.9478922744890166,476023.8598569977,162.27827263565104,-46.340664634732306,-3.775508877200066e+16,-95.16775988757412,-82.11756847775364,1721310615539.5508,1859188079833.9844,8.587428946866314
A2390519,tcn[nse],camels_aus,pub,0.6804769427028338,0.7088527484011447,0.289993720519664,0.7595628415300546,0.02502451749667172,0.7595628415300546,0.37636226136560486,0.7027027027027027,0.7103652368165327,0.6880984952120383,0.04634213745928812,,0.7132446389837972,0.6640978139068765,-0.028375805698310885,3652,37,0.7491785323110625,0.06,6,0.06,6,0.12102413937771686,0.1300351775770535,0.8360111988606242,0.0,-0.29089755605466605,-4.445843679455891,-1.745484575905818,-1.8339281233620888,-1.8125964088332607,269.50654751785277,0.10084719365453741,1.136176727474501,-2.3357809378177454,18201.37121494853,142.64892779675944,5.834034262012433,-1.5218952129666022e+17,-50.82448442926265,-34.90991300233999,0.0,0.0,48.618714270668924
A2390523,tcn[nse],camels_aus,pub,0.842063399404544,0.963912626831247,0.7785610627892456,1.0,0.7785610627892456,1.0,0.7692905283484985,1.0,0.8137528513557396,0.9964880980217042,,,0.904853937373935,0.904853937373935,-0.12184922742670301,3652,37,0.16237677984665935,0.06,6,0.55,6,0.0,0.0,0.0,0.0,-190.69634154408126,-4.021093496579759,-21.08001423148291,-17.63051970546501,-17.6342471062309,1862.4907744636516,0.45241274291657907,13.845444794013707,-17.624907744636516,7707.004123026533,180.97078747478685,1140.4235144473587,60.58910340724614,-18.644181969436644,833.0305675856598,2656292915344.239,3157246112823.4863,-8.79836336107328
A2390531,tcn[nse],camels_aus,pub,0.6783840530943599,0.685224825172244,0.3977803783658706,0.7595628415300546,-0.10920455661141303,0.7595628415300546,0.6508970411703642,0.6486486486486487,0.7361404387610412,0.6716826265389877,0.05990734072806962,,0.6881485927531,0.6627372858986625,-0.0068407720778841385,3652,37,0.8559693318729463,0.07,6,0.06,6,0.044195337987461676,0.04915502870808001,0.8183085197746325,0.0,0.0020475260733694434,-6.78215862479246,-1.1908372556022444,-1.2996501817513693,-1.2643528711910834,206.14542122683713,0.08612034865577656,0.9989757123807517,-2.3447003267611493,31522263.024599127,137.62971855062003,-46.94100135658547,-6.671424396752626e+16,300851527208035.1,-72.50138985265356,0.0,0.0,56.768038005421936
A5030502,tcn[nse],camels_aus,pub,0.3121068062099435,0.699016105192365,0.1761530566139757,1.0,0.015331252264276523,1.0,0.2256823457496595,1.0,0.2618363995791405,0.8965838796192861,0.04671108116972122,,0.4759441898916261,0.4585157503918802,-0.3869092989824215,3652,37,0.05914567360350493,0.59,6,0.07,6,0.20693156052378536,0.2164460591332601,0.8507404135626698,0.0,0.6855089673811798,0.40955288118679845,0.5001115336036377,0.37554469919792277,0.49988692914241206,46.25049259699499,0.4419263036106865,0.560795000529445,0.289061718492294,457.3244452442443,95.18883797832521,-19.26937771407924,91.96957556095175,-21.399714781612943,-29.51238294468669,4382276535034.1797,1429.2546111968459,22.010151744500714
A5040517,tcn[nse],camels_aus,pub,0.44044099473323683,0.4601446732003787,0.40850763650936806,0.47483598999436394,-0.03888784213191856,0.473846593578192,0.1960872350345041,0.5479557893880151,0.44919936098193236,0.4589849345689053,0.045962267621688375,,0.45159180793977394,0.18294397351392686,-0.019703678467141883,3652,37,0.0,0.16,6,0.14,6,0.9432487920850943,0.9525932733818696,0.9825791808531384,0.27361847828193164,-5.612468186220043,-7.043840586065349,-2.013893545053917,-1.5760902242973627,-1.6708063293993343,249.7021742682389,0.9820849172052394,2.5714719882238737,-1.8768945714880232,354.0801198503458,90.31836158795457,211.63810410088334,72.85004044534654,243417265946812.3,26.037974587510686,-34.61122202940219,-53.97556728930973,-7.390303781463184
A5040523,tcn[nse],camels_aus,pub,0.32761441325630214,0.4867300778579931,0.2052271562672678,0.9007438173432215,0.1035536157790828,0.9007438173432215,0.14938633829263934,0.9992508670308682,0.3224954650669238,0.5962416108269568,0.018815292568540178,,0.37596056797675154,0.3191339481588835,-0.15911566460169096,3652,37,0.0052026286966046,0.06,6,0.06,6,0.47835303845990396,0.48807511902350365,0.7068137197263409,0.0,0.6567865138147542,0.5191992723054442,0.3347126082287467,0.22457157288407104,0.3276366583537035,64.75041764346716,0.6547498550835894,0.5858442507913223,0.16033629057263366,1806.8152005948982,75.19211359535049,2.727012252026903,-14.023595686350976,39.980827718653636,-17.047358258530547,600.7167077365737,232.79315155681206,16.04772601270671
A5050517,tcn[nse],camels_aus,pub,0.6034803196920097,0.9573775634497136,0.45858480842863836,1.0,-0.40056653554269656,1.0,0.4585471115603872,1.0,0.37083054326445564,1.0,0.15867514223461887,,0.8085837921516276,0.7548466362595392,-0.3538972437577039,3652,37,0.3491237677984666,0.06,6,0.59,6,0.08898522292301095,0.0932475094929924,0.6688970260083945,0.0,0.3182962153619783,-0.9084336333029004,0.25299596851351225,0.19928069231431167,0.5087923733365065,19.611715171394213,0.4404101577612737,0.8256535500063096,-0.202249170113582,3162.8529161874185,161.71675843032546,-49.11104476546801,-1.9186117919005245e+17,-88.9952485675209,-63.905994348881784,1387512683868.4087,1757210493087.7686,49.1629264622726
A5130501,tcn[nse],camels_aus,pub,0.6795263733910153,0.9082550140522067,0.5512363657633267,1.0,0.5475267717084701,1.0,0.4053496046654104,1.0,0.6555948789070627,1.0,,,0.78970727885349,0.7887768272068716,-0.22872864066119136,3652,37,0.2505476451259584,0.06,6,0.27,6,0.024241264345441955,0.024241264345441955,0.05316939107953252,0.0,-12.406041101889013,-0.6033775594881923,-4.668384994629384,-3.9510202242625283,-3.934818114197329,493.1095273457823,1.4956184365331664,3.6614261022023937,-3.9346260155517188,3123.3984075059084,157.941455770698,238.49700088068877,63.076642940380964,-23.622831008254387,128.16930186748743,5169790983200.073,5782306194305.42,-1.0836074941449663
G0010005,tcn[nse],camels_aus,pub,0.867376666883347,0.9563444248654035,0.8075609944300146,1.0,-0.7955939857464376,1.0,0.6201236241257568,1.0,0.89020893762722,1.0,0.9611197417648435,,0.9060122012492171,0.03885416814892526,-0.08896775798205647,3652,37,0.4252464403066813,0.06,6,0.41,6,0.11692329010787131,0.11915271198785575,0.18247142701458474,0.0,-0.24859185783948767,-0.028124514420463376,-0.22770382648249154,-1.2745278921884706,-0.3156866926424058,-83.56323739477952,0.6596986287568376,1.1174040709785729,0.023790226765910805,1881.9563128665645,181.20244024984348,-30.135713000158063,-1.439250352072558e+17,-92.60229928576481,-78.0830358950154,940006971359.2529,1031923294067.3828,-15.369882834533247
G0050115,tcn[nse],camels_aus,pub,0.4469299737583936,0.4117916443461568,0.5725873836860681,0.40437158469945356,0.20486030948566125,0.40437158469945356,0.7535561931490481,0.43243243243243246,0.4579801521402879,0.4240766073871409,0.027752755742810005,,0.413686607671016,0.3952599771730219,0.035138329412236824,3652,37,0.9759036144578314,0.06,6,0.14,6,0.02798075330744283,0.038444369885262,0.5596150661488566,0.0,0.05241425299019853,-5.802167156805933,-0.22960830561873213,-0.16527954386385368,-0.09967138866868708,-49.99939220745811,0.20685095416323998,0.9734401609805308,-0.3185602100453748,32304.32074182661,82.7373215342032,-79.81492110203138,-0.0,886828267914490.0,-92.16329401315518,0.0,0.0,155.3127649925013
G0060005,tcn[nse],camels_aus,pub,0.5235996971039436,0.35386236347244054,0.7889538654936394,0.36065573770491804,-0.7856732264976393,0.36065573770491804,0.571502047151028,0.40540540540540543,0.6501966315166492,0.36388508891928867,0.4244751558249766,,0.39794461600182657,0.1904734450266469,0.16973733363150306,3652,37,0.8721248630887185,0.09,6,0.23,6,0.04571886257311344,0.0441196040044487,0.07903872902018069,0.0,0.003478026248563082,-0.05429975265314546,0.0466724138840211,-0.061761041502846004,0.05100822481067979,-59.04848220217682,0.1845352892026458,0.9982594721571325,-0.04036682585628126,87.15693395377288,79.5889232003653,-34.053405275424325,-0.0,893098138697449.0,-64.4493801335885,0.0,0.0,-29.134706242003734
G8110004,tcn[nse],camels_aus,pub,0.3696619095373194,0.3402164309744805,0.2567573571095538,0.5080491293418286,-0.1563773317789083,0.42281078226940677,0.2434837684513648,0.9492970378083643,0.33113750938529085,0.2316271866386627,,0.2517525753122363,0.3592987897822168,-0.2508880792470132,0.02944547856283891,3652,37,0.0,0.07,6,0.06,6,0.5360648784688251,0.5376594959336126,0.8216104038737132,0.9032128074725367,0.5494864903608512,0.5134727615698239,0.6640516439879967,0.6432763911944032,0.5781201490589057,-21.32923642283751,1.3043604073808264,0.6712030316075374,0.476113180702864,135.90831540987398,71.85975795644364,-9.398274105853034,-161.24900707045128,2.501515091117502,-14.810553582617024,-40.455679658488314,-33.082247657514046,-20.833587400565854
G8110016,tcn[nse],camels_aus,pub,0.5956563697043072,0.9468800145527898,0.6418808982755637,1.0,-0.640685996688494,1.0,0.7218853560770261,1.0,0.4370291324417692,1.0,0.37937744857482136,,0.7760601353813272,0.6088838102702218,-0.35122364484848256,3652,37,0.47343921139101863,0.07,6,0.62,6,0.1530542119112429,0.1530542119112429,0.11889218601967158,0.0,0.24869625508643245,0.16005175144856565,-0.0967872419966489,0.183828217819215,0.18014828833886787,-70.60693944004937,2.026336125904542,0.8667777944280571,0.15841877867262788,5605.84093288484,155.21202707626546,-80.48610052638767,-4.884110286403764e+17,-90.82802542966047,-83.93504192410977,1675355434417.7246,1813232898712.1582,77.30565577138569
G8140001,tcn[nse],camels_aus,pub,0.24820221058067363,0.19391798181845038,0.2673106740102559,0.21719541610688656,-0.23608610252195683,0.0364718508860556,0.30553993903602394,0.22801790696180244,0.2467196982077011,0.1532428025745413,,0.37452980537489944,0.22324335128666326,-0.12172967280904001,0.05428422876222325,3652,37,0.0,0.16,6,0.07,6,0.8012750879552726,0.7960634436957836,0.5370913488537459,0.932689152024837,0.6580543424737704,0.9030940986054561,0.5719910616742689,0.6674820443017324,0.706591533353758,-28.164880837406237,1.2765229300563745,0.5847611970080004,0.5915515576828514,39.54790671360873,44.64867025733269,-25.465010999105655,-80.14658495860152,-4.286446021964519,-42.2904210492827,1.2651409263076212,9.264775457345534,1.218316102440769
G8140040,tcn[nse],camels_aus,pub,0.2457239150421706,0.20028941869049896,0.28479872767835673,0.09395497872087409,-0.23748874171184045,-0.09256791777796188,0.376277038644605,0.10599545087042606,0.25587484540782435,0.17666474460102655,,,0.22809925234732292,-0.14344544800881773,0.04543449635167163,3652,37,0.0,0.17,6,0.06,6,0.6320112516501778,0.6378480954671344,0.7960139570800404,0.2265709612480898,0.6060038903238236,0.8233274881312389,0.7388890077843002,0.7482247982997176,0.8186930467799712,-13.027905038213413,0.8081492103398074,0.6276910941507585,0.5295363442418508,42.750153180823204,45.61985046946467,-1.3607951654721502,2.1918270231773356,32.97992785704584,-51.20176360438267,-36.918591254320354,-38.028789942359,-4.060656318248401
G8140161,tcn[nse],camels_aus,pub,0.3772729136792581,0.3920751644873065,0.42049859480581014,0.2802757750946243,-0.34073920739521296,0.11397408917739625,0.6600851228661839,0.45276207946536307,0.3249892573444664,0.31839635391055404,,0.11032580120113097,0.39920517467155436,-0.13654870085850387,-0.014802250808048423,3652,37,0.0,0.07,6,0.1,6,0.882773506938051,0.8840354254932887,0.8150262846290733,0.9170997842015962,-0.12171124308611181,0.5356013792207159,0.5073865868985653,0.5220038910585441,0.7566561138363812,2.9332197670296365,3.708168795424077,1.059108702204883,0.23771754003058487,165.76470950878667,79.84103493431071,16.17981233316743,-404.9716101067522,50.67016753744502,-44.59436416797921,-48.082406175318845,-56.12674770539423,-18.05512844687071
G8150018,tcn[nse],camels_aus,pub,0.356833381173302,0.8936048391298663,0.25121715553653057,1.0,-0.22881380892528913,1.0,0.30161671556872827,1.0,0.20697122610968335,1.0,0.4173591713182908,,0.6302394900829442,0.5341681321641594,-0.5367714579565643,3652,37,0.4879518072289157,0.07,6,0.46,6,0.33326277038196933,0.33742937426739883,0.6543695936252426,0.0,0.7312934523389956,0.7864614389600916,0.5669087300102262,0.6991591132162278,0.7467104732460885,-22.169768137992293,3.6006515856325576,0.5183691229818809,0.5822087142108412,326.5556194369358,126.04789801658885,-35.81463677693856,-1.1106569374223441e+18,-73.19903299989691,-42.82372792711284,2226865291595.459,2410703897476.1963,11.510030387785962
G8170002,tcn[nse],camels_aus,pub,0.25610256133375686,0.26309746254442107,0.22563000382547305,0.25060584513166456,-0.1734431565361559,0.2485698100192361,0.25276966679204427,0.4816462492672451,0.22098418168918998,0.1881190281300473,0.21625235051196787,0.24231753357079014,0.27061399560381794,-0.02210103030575455,-0.006994901210664206,3652,37,0.0,0.52,6,0.06,6,0.8179752653976999,0.8241278043082636,0.8004834275362459,0.3368691038203416,0.8129081214550486,0.8755135417380674,0.7614681932220803,0.8106456033465383,0.8334924540098106,-6.86118509186904,2.6583588472226407,0.4325411871081774,0.5673872476287884,62.14914030613096,54.12279912076351,-25.41555753479721,-364.22132135244306,34.52445756325747,-31.653307397936146,-7.243646358546431,-18.875937329809005,21.190581964847457
G8190001,tcn[nse],camels_aus,pub,0.6582872732395202,0.8583934825686496,0.381561200661847,1.0,-0.36551010628226566,1.0,0.5337774106961194,1.0,0.6698380568236619,1.0,0.9272378085922639,,0.7410507637656937,0.07264548673627395,-0.20010620932912937,3652,37,0.27656078860898137,0.07,6,0.32,6,0.32968758125612324,0.3329952611949116,0.49516318218470606,0.0,0.4978576030277281,0.07097425488261666,0.2862136530282615,0.3223210311928112,0.14367085329791385,-54.06231616090114,4.2641390407177,0.7086200653186951,0.18431939426561228,319.9727839885032,148.2101527531387,-45.31571002254754,-1519.8145803543666,-41.318808840019216,-61.98695030460541,1629394292831.421,1905149221420.288,-9.910277791036105
G8200045,tcn[nse],camels_aus,pub,0.3948817615054255,0.3580011821324324,0.33065815515615105,0.14774856346053156,-0.31469373156671276,-0.11955133585807447,0.44928427007855176,0.06481659702317165,0.2700667218471857,0.24691757790327976,,,0.423367253517065,-0.1651738894793507,0.03688057937299305,3652,37,0.0,0.08,6,0.06,6,0.8408853394129249,0.8364194426051251,0.5238883182640276,0.4886976973758229,0.4814087600700667,0.05925365482089018,0.529288638926016,0.5494062259724596,0.591708774682819,-4.026327561256731,2.425545865237718,0.72013279326103,0.16313519691920675,232.05532711565934,84.67345070341311,-39.039511021019905,-865.3504756650262,388.9787113803555,-59.09520354579405,-50.42010739668708,-54.58351613825048,9.29047803890324
G8210010,tcn[nse],camels_aus,pub,0.45956541357406466,0.3374378135837595,0.5887782861328851,0.518003509439581,-0.5706360151850874,0.518003509439581,0.6600163434767296,0.713443054460482,0.4862604814146587,0.27747227974947186,,0.7680532253189866,0.3816175094418575,-0.09944903209042356,0.12212759999030515,3652,37,0.0,0.37,6,0.06,6,0.5766838351238723,0.5777440174441016,0.23433431308359584,0.0,0.28000709775183086,0.5401402469720362,0.2084509530062273,0.2797279862260509,0.42952139596570027,-51.590017143350934,4.8543492924184335,0.8485239550231738,0.2918131363135984,173.3374344896232,76.32350188837124,-52.69383133098476,-533.2247431036001,-11.272672382424236,-70.18233978933692,66.51637995093147,46.46486314942052,11.786332988333433
G9030124,tcn[nse],camels_aus,pub,0.7213702392986715,0.9898693050337538,0.38545063668772656,0.9997247206003773,-0.02563515524449633,0.9997247206003773,0.3459552854820334,0.9997612892613882,0.5047686366470923,0.9997317752404695,0.05438114522353981,,0.8988306974457562,0.8166697986914102,-0.2684990657350823,3652,37,0.0,0.06,6,0.3,6,0.16695438740716909,0.17441446543627337,0.9413731812253078,0.0,0.4221724759145543,-1.5933711716970187,0.26400655620226243,0.1268127875182784,0.11321387500675573,59.23022437455352,0.7688353785605828,0.7601496721603224,-0.4107400736223379,854859.0601625154,179.76613948915121,-17.87869300450225,-9.151186395728098e+16,-81.35600559031111,-51.51844558620204,496540.1640964923,518661.7393479917,57.60596242549375
G9030250,tcn[nse],camels_aus,pub,0.40357521705757365,0.6762133240007221,0.416685499133294,0.8511411171788057,-0.37394945385819417,0.8511411171788057,0.37530179725566176,0.9089969908055034,0.331400850663722,0.7757472871020653,0.2366329522755287,,0.5250028062358201,0.44691713778850056,-0.27263810694314844,3652,37,0.0,0.06,6,0.06,6,0.22404969115553477,0.22933078919016303,0.650603888506126,0.0,0.45343746768377136,0.46998347636957605,0.637432746963398,0.6416650675071202,0.7563591266017162,-1.0412442170493692,0.5933556613847129,0.7392986759870659,0.24950285129569827,366.2682839980631,105.00056124716424,-15.641970984611495,95.00552084197159,-32.54796586563981,-45.56026393080068,749.306071196908,598.5740676569183,-0.6808157539495114
G9070142,tcn[nse],camels_aus,pub,0.38394419891141857,0.8240741309108613,0.30651542463880094,1.0,-0.1983049658112954,1.0,0.3977226595278286,1.0,0.2843932546199617,0.978107322976494,0.18622940455428674,,0.5892655577685348,0.508714545338055,-0.4401299319994428,3652,37,0.09830230010952902,0.19,6,0.37,6,0.36071090003682543,0.36737668361677467,0.859091612566034,0.0,0.6319774941505476,0.34473878699171345,0.5771641599971014,0.6467693695671246,0.557123125808682,-11.699870589858564,1.0641282454447711,0.6066485851376002,0.3491428973842845,2167.643467476875,117.8531115537069,-37.815511042992455,91.05312490229332,-43.6602602158848,-53.28909371359704,2686458826065.0635,131142.38785500912,26.112951539060145
102101A,transformer[nse],camels_aus,pub,0.40848894159612414,0.648417733118667,0.6747704255424398,0.9977175488307085,-0.6721177639854196,0.9977175488307085,0.7525719422654674,1.0,0.46949733323114484,0.8946988966210158,0.8569675805934704,,0.4496744853148443,0.13471458415085552,-0.23992879152254287,3652,37,0.025191675794085433,0.06,6,0.12,6,0.2960598858447371,0.2969103980909051,0.0433831114185302,0.0,0.1902916519785508,0.6280338385820066,-0.0835643915922677,0.144729851768169,0.30613188299355487,-64.25210432644238,8.177316277462557,0.8998379565352027,0.2622331551908247,8729.41613006306,89.93489706296889,-81.25789872246496,90.5912548800686,-50.72217791761397,-86.75481800002008,12124.695398958565,1868.0847078858537,29.97959950675666
104001A,transformer[nse],camels_aus,pub,0.3186058526920202,0.8075975984792261,0.20081766678161814,0.9672131147540983,-0.0877330850307099,0.9672131147540983,0.22286270490505622,1.0,0.2447993557726159,0.9671682626538988,0.09536300291440761,,0.5478769618704928,0.43808564681598366,-0.4889917457872059,3652,37,0.23877327491785322,0.11,6,0.34,6,0.5420732974495612,0.5516058911468932,0.9755606092088586,0.0,0.6569303329184777,0.717172140291604,0.6140831955778565,0.5461786368063544,0.7451459190274323,13.255943632174505,2.9068549942441853,0.5857214927604436,0.4524552525927731,17831.82642416298,109.57539237409866,-17.951045748004766,-763.0646530421811,-53.68767350622931,-33.97081531610543,1106905937194.8242,2261990308761.5967,13.807141808753649
105101A,transformer[nse],camels_aus,pub,0.46649607301106016,0.8916556539421758,0.4200547129540955,1.0,-0.4080928713139609,1.0,0.50165427335469,1.0,0.31423977402346487,0.9989494295482546,0.29992077352453433,,0.6787785632141331,0.5830018397602736,-0.42515958093111567,3652,37,0.1486856516976999,0.08,6,0.5,6,0.18910637876541664,0.1899714209066301,0.3753679451251881,0.0,0.42507212623257495,0.06813977117510572,0.33217360422898634,0.44567034041158815,0.6192214416794422,-24.44262594429349,2.620429268630139,0.75823998428428,0.25641232720272045,26773.862160140645,135.7557126428266,-54.08064406694587,80.89798594176169,-74.05777996258612,-67.82799908689326,11227655410766.602,13537824153900.146,37.07830292222626
105102A,transformer[nse],camels_aus,pub,0.5199230298537069,0.8805844224837635,0.42280784620504736,0.9726775956284153,-0.38881015940488745,0.9726775956284153,0.594094716789102,1.0,0.4042858360420116,0.9699042407660738,0.1932040333574345,,0.7017056304601603,0.6160344124386388,-0.3606613926300566,3652,37,0.2677984665936473,0.06,6,0.32,6,0.21877408900780282,0.22028505871297394,0.6569508307643603,0.0,0.3253297651349989,0.503281239759791,0.17905214324114227,0.30422341467168035,0.5226065769112576,-32.92122992336205,3.663956228720611,0.8213831230704715,0.2049729504998138,3972.175699536713,140.34112609203194,-65.59655895401359,-1677.5668709404029,-58.95149832178809,-77.38942227691662,996893644332.8857,1656943559646.6064,60.324975142855685
105105A,transformer[nse],camels_aus,pub,0.39237055962362716,0.8462734487285726,0.2930458336570508,1.0,-0.19060675366301857,1.0,0.29154849509963193,1.0,0.24697083950897594,0.9917200491820942,0.2144189743575421,,0.6153274448592465,0.5595044281757618,-0.4539028891049454,3652,37,0.13499452354874042,0.2,6,0.24,6,0.2329526359934176,0.24070230866668482,0.8910649681101288,0.0,0.5091721974969441,-0.0824168507100409,0.5797769477438699,0.48943542386232153,0.6302448960671556,22.960995259398896,3.324917955701254,0.7005910379836842,0.20021853146234037,3437.1036459533093,123.0654889718493,-15.46709633748431,90.98451342038183,-65.51212891543125,-39.802861994490435,24003723114728.93,26439028382301.336,25.730171941647104
107001B,transformer[nse],camels_aus,pub,0.29859214230511016,0.7145755531709062,0.28919859855436547,1.0,-0.17380052698906495,1.0,0.26491163596553835,1.0,0.2974172618804459,0.9379646342860902,0.015372454913388343,,0.4625952988863294,0.31463878927758865,-0.415983410865796,3652,37,0.0627053669222344,0.14,6,0.17,6,0.3475552332884357,0.3571387184576509,0.7569238891363235,0.0,0.4867696256616817,0.35000147755383204,0.6722742722809745,0.6170829824771338,0.6162509923363725,-4.768123911224966,2.651845420887245,0.7164009871142824,0.41964775128326115,1585.5221280941096,92.51905977726581,30.594170688010205,88.53219338402313,-64.85735578626898,39.34321341012547,19001103043556.215,4791.153514753196,-0.8457224295679676
108002A,transformer[nse],camels_aus,pub,0.23280603997432012,0.5618703911012417,0.19520100718394923,0.8156144287966379,-0.054891606720195336,0.8156144287966379,0.25563563557661023,0.8614755439528609,0.21818198813588688,0.7124622965745848,0.41901956942178736,,0.36600883092425696,0.2918559595452803,-0.32906435112692156,3652,37,0.0,0.06,6,0.06,6,0.3638463683529253,0.37306513321639434,0.9858834802573583,0.0,0.6558540021110781,0.2544551699599237,0.69074932076074,0.6019478820662971,0.5983346212958617,21.531638844170782,4.663037342733561,0.5866395809088591,0.41666815589694084,186.3988199361436,73.20176618485158,-8.531974283284422,65.46900099886713,-74.99781497666258,-29.88640923010754,529.7830839962027,428.39515843068796,6.336295400489012
108003A,transformer[nse],camels_aus,pub,0.21437228223314092,0.45664800370137715,0.20549401472943712,0.7805283537097548,-0.08331163476159946,0.7805283537097548,0.23580482486173154,0.8774376490644418,0.23073873371408285,0.6049005843850457,0.6965822303785191,,0.29329705946019097,0.15946970721140322,-0.24227572146823623,3652,37,0.0,0.36,6,0.06,6,0.4722756649658584,0.4811410738940792,0.9408550608333275,0.0,0.6811170674297458,0.4994887926714878,0.797966359337878,0.7782640355075969,0.722937991200484,4.131261632281806,6.481063146298901,0.5646972043230374,0.5203399449351596,125.2311141309886,58.65941189203827,-2.7120119450825073,67.25673891508721,-59.855179816728274,-27.879885111750497,368.4840415529122,238.30623614216813,0.24894002708353102
112002A,transformer[nse],camels_aus,pub,0.252413935710884,0.407988191951011,0.19901727801146887,0.6517585067300502,-0.10136932692131406,0.6517585067300502,0.1807621930079914,0.7111382691389245,0.2797187251839599,0.5346005381826769,0.8382524725799547,,0.29865140957273123,0.09056626229167283,-0.155574256240127,3652,37,0.0,0.11,6,0.06,6,0.43412880668337556,0.443712291852591,0.9455786351191465,0.0,0.7106434685428211,0.46331154525768525,0.8083085807054883,0.823300494829379,0.6270102176769983,-3.2357798126374573,6.1547890894704045,0.537918703390372,0.5098178416332527,92.98542822213996,59.73028191454615,-6.332770730144213,76.37527461995582,-65.66099505175927,-20.912055749342173,264.2915393076311,197.50353139509696,-14.761823584357957
112102A,transformer[nse],camels_aus,pub,0.24249556878410292,0.374607430801246,0.16164962305610991,0.6053019161961555,0.0003150185542823807,0.6053019161961555,0.11590718924291542,0.7271375443876864,0.2895701500248924,0.4756724191769568,0.050144243871739935,,0.2792812534610019,0.09992410562343454,-0.13211186201714306,3652,37,0.0,0.06,6,0.06,6,0.4456845293774168,0.4552822157285376,0.9886796749205565,0.0,0.6728641662299342,0.46751663460212,0.8301567683347391,0.8362790717631742,0.615002922786711,5.2594742470058575,5.727479943505074,0.5719578951024855,0.5059257739005598,81.86863034360876,55.85625069220036,17.357397367892,77.25008664486909,-61.66829339171072,-1.19444245586937,176.0833188790619,155.0728809095314,-18.342647645469448
113004A,transformer[nse],camels_aus,pub,0.2729036029331644,0.3178148575072553,0.21135286804767975,0.5684600667473099,-0.19303440577294917,0.5684600667473099,0.16250041101009258,0.6266420500771809,0.3255532833763047,0.4161163096832391,,0.841983208323425,0.2645768904867872,-0.04562120899537702,-0.0449112545740909,3652,37,0.0,0.06,6,0.06,6,0.2726180279664633,0.27928381154641246,0.5315704530118809,0.0,0.7787741045408816,0.5228678349500814,0.623790592446291,0.712240289967019,0.5635533181593855,-27.206010107381793,4.0426823477880625,0.470346569519879,0.5708712150272395,61.5777294163865,52.91537809735747,-18.94673200495878,30.344339583555712,-80.06799675345482,-23.49391408638816,153.23241363398822,119.5284147065074,-6.280666567456884
116006B,transformer[nse],camels_aus,pub,0.41941483493493,0.8509640774772022,0.2981572539825555,0.9709676556997036,-0.2707598290384883,0.9709676556997036,0.4778747344129473,0.9838195027220424,0.21111315340679468,0.9409014143103012,0.17248721468572856,,0.6467918601382208,0.611890635767145,-0.43154924254227217,3652,37,0.0,0.06,6,0.63,6,0.10430223911524995,0.10581320882042107,0.6219101906999563,0.0,0.4494522854294276,-1.111327823309519,0.08512965744827461,-0.017483562422492493,0.1313961902196521,63.50041027217483,3.2416348785545974,0.7419890259097991,-0.2922631537647451,1265.4644839223579,129.358372027644,-56.87618137923513,73.97404368474066,-82.56306284901262,-66.62683339349842,4230.058730667749,2830.5932689750557,40.71807523308762
116010A,transformer[nse],camels_aus,pub,0.5157325892954198,0.27870826454134173,0.5459405575796834,0.42180451629874627,-0.5405373568329416,0.42180451629874627,0.44233804602836274,0.5880062514490767,0.6255636632847317,0.21391095821468892,,0.43264882369184243,0.38056298476745787,-0.2916525321155354,0.23702432475407803,3652,37,0.0,0.06,6,0.06,6,0.28889182578269634,0.28971407556999096,0.12174760359399195,0.04589781466173613,0.5734319179759927,0.25207047649416225,0.16760498119185985,0.3210192361272731,0.28108202948992533,-62.72286466720198,3.9355236572009695,0.6531217972354064,0.3443306298697849,59.596078848867386,76.11259695349176,-55.56666697587448,67.71170686284749,-61.888024224276975,-57.369262579070615,42.4971176570077,3.2251852255029614,-4.541815076644563
116011A,transformer[nse],camels_aus,pub,0.26636566808052725,0.47564106359683955,0.21106123127497406,0.8290105839658771,-0.13119783010471814,0.8290105839658771,0.2704232428609808,0.9212838604550623,0.32621889763756623,0.65809838042633,0.8976563683912784,,0.32052876499722877,0.0780812817721947,-0.2092753955163123,3652,37,0.0,0.06,6,0.06,6,0.2675503756162123,0.27654142082469607,0.8659702634304829,0.0,0.6319361454255739,0.4193808241703926,0.4990303208734649,0.6202726806160107,0.5420528098986306,-20.994890045270672,3.833338806669681,0.6066826638156279,0.5045311803929887,152.3023493459896,64.10575299944557,-32.23725949635066,89.62765389000745,-82.4586977942508,-44.41710270911982,492.2562956001182,309.8635182419697,0.011350040648392576
116012A,transformer[nse],camels_aus,pub,0.38330967443973063,0.577650358355136,0.5901595135005706,0.9049413151490167,-0.5901595135005706,0.9049413151490167,0.675199064575127,0.9615807002678544,0.4782609296665099,0.7524402182550475,0.7820392376834585,,0.4123089070942204,0.16065456590984328,-0.19434068391540538,3652,37,0.0,0.11,6,0.06,6,0.25113454677807767,0.25113454677807767,0.0,0.0,0.33030973361200666,0.37311601928056404,0.053329082254224947,0.26563912794712896,0.21605061322800445,-54.47733468662514,6.17521534042697,0.8183460553995439,0.26021923069099506,277.80949134167906,82.46178141884404,-74.6379463186955,77.96069612190851,-74.34970584893752,-79.55991147174474,888.1214987674973,459.0895841991792,37.5031929821581
116013A,transformer[nse],camels_aus,pub,0.3769164279589331,0.36373626000961845,0.39016533859415004,0.6549185865037431,-0.3836627716562615,0.6549185865037431,0.3690786332367494,0.7921793638431293,0.47499036318325577,0.46043142509445517,,0.8148699235884214,0.3267710863435212,-0.08687538670724698,0.013180167949314647,3652,37,0.0,0.08,6,0.06,6,0.26863160647700335,0.27210977561271393,0.22772940196549993,0.0,0.6194274352108604,0.5450578433416955,0.3229687468457504,0.5174465289254391,0.43568533191225867,-46.615853712023785,3.377866679973242,0.6169056368595925,0.4398485206372146,82.1708219972361,65.3542172687042,-45.33533490686514,65.03485359476177,-69.65385659819059,-50.981814909522036,165.68506376263332,111.3265449929822,0.7489993848099686
116014A,transformer[nse],camels_aus,pub,0.38196741937249895,0.7891863608345407,0.4643645165148267,1.0,-0.44841121694797664,1.0,0.4524188825195852,1.0,0.38741549854419255,0.9937004887827657,0.6060778585073787,,0.5431656877250985,0.34801872385702626,-0.4072189414620418,3652,37,0.13499452354874042,0.08,6,0.22,6,0.26522822467532287,0.267808411361971,0.3354605348137388,0.0,0.5585844672017641,0.23518401745680795,0.3055777838988749,0.5103942721177973,0.34586618274093583,-40.86450953674415,2.3537239086017436,0.6643910992768008,0.3312112081556038,3807.3815707707863,108.63313754501971,-51.8077900347132,61.28993894150168,-77.8206909622922,-60.93288590897449,10017561912536.621,11612683534622.193,19.923913309410157
116015A,transformer[nse],camels_aus,pub,0.32080467516452343,0.2889114202683555,0.35209877283396424,0.5071653182029898,-0.3196026958590037,0.5071653182029898,0.33240136711341645,0.6962559080182255,0.41051151933872565,0.3326245635048805,,0.7919295778832084,0.2705227872931,-0.07915890108595491,0.031893254896167955,3652,37,0.0,0.25,6,0.06,6,0.5020241865227503,0.5081767254333137,0.47418773651652624,0.0,0.5753964755702474,0.6183734753584489,0.38462991969356464,0.5635102661096903,0.5360163195420912,-37.299480227006306,4.623408985144345,0.6516160866873627,0.47308595010454024,60.42961364841949,54.104557458619965,-38.168479947582576,66.56956467105701,-44.46694486475396,-47.07917635979661,96.60708385970264,74.49176247658707,-3.4878707579112587
121001A,transformer[nse],camels_aus,pub,0.48562362125156444,0.943891199612829,0.2697763259232056,1.0,-0.20345595791611776,1.0,0.20162066668182765,1.0,0.251974392056035,1.0,0.22254157126786986,,0.7462138218947504,0.687676879876777,-0.4582675783612645,3652,37,0.31051478641840086,0.1,6,0.58,6,0.1630222750227964,0.17161208539322234,0.7805903362003352,0.0,0.8382978514654493,-0.9851331220126212,0.675614863567866,0.5604234375289434,0.33278025155590507,28.405754159484452,1.4360589285290595,0.4021220567620615,0.17447032573883992,29046.073023667817,149.24276437895003,-12.522990971434375,-1.3522038533920962e+17,-94.62258198628818,-11.914169003095813,18295675516128.54,21158638000488.28,20.114513964104155
122004A,transformer[nse],camels_aus,pub,0.4613365023720126,0.8951811753299512,0.45817974328179306,1.0,-0.420314484716127,1.0,0.47316573676672746,1.0,0.324878570254807,1.0,0.3277027498421041,,0.6758231234669918,0.5729239240722404,-0.4338446729579386,3652,37,0.2319277108433735,0.06,6,0.5,6,0.20821620500459317,0.21028930686318795,0.5492077972945889,0.0,0.49724296372366095,-0.07589609236104877,0.2828544133080242,0.4297052861065943,0.5400405909353776,-31.951098091475327,12.509319329600428,0.7090536201701103,0.2325514835880984,4140.757733436318,135.1646246933983,-57.48337113247254,71.45232274897194,-81.1882748842783,-64.69772272382487,39074838012456.9,42362707257270.81,67.23295010645806
126003A,transformer[nse],camels_aus,pub,0.4261064910169346,0.8752093193507169,0.3295803305064066,1.0,-0.06780279866541375,1.0,0.37519951100343524,1.0,0.2686258539315131,0.9984794314604961,0.07879754249082904,,0.6517879405133643,0.6200407083715652,-0.4491028283337823,3652,37,0.16757940854326397,0.07,6,0.36,6,0.17183551373534564,0.1801160709891407,0.959685102817817,0.0,0.6151219367627742,-0.3691239411927807,0.5187209618116669,0.4528601913297259,0.5629499523845425,14.63470614060838,6.536126147864526,0.6203854150745534,0.1365635992456954,5821.267417364635,130.35758810267288,-33.60066039704899,68.17908860242095,-75.81956141916024,-51.330835217387566,28486554026603.7,34530125558376.312,43.50643328678722
136202D,transformer[nse],camels_aus,pub,0.4625820496642048,0.81382493496317,0.3192374499405532,0.912568306010929,-0.1097792828349503,0.912568306010929,0.28459133683960247,0.8648648648648649,0.35602201961256813,0.9077425291197767,0.10125444335264246,,0.6434147243965334,0.48712640832614507,-0.3512428852989652,3652,37,0.16073384446878422,0.11,6,0.16,6,0.4898536189872399,0.4983104465972206,0.9740481177811985,0.0,0.6815250013065768,-0.014441276410821269,0.6936399640767764,0.6456464799356425,0.5769055717754612,8.403202214105367,1.793597953662375,0.5643358917288739,0.25816601638038283,2441.150151017065,128.68294487930672,-21.11790707299209,-137.9657501387413,-39.249967425798474,-27.11987010297224,0.0,501859188079.834,24.655849416198272
136203A,transformer[nse],camels_aus,pub,0.5101991968285231,0.9449857791447837,0.2550393002100464,0.9836065573770492,-0.06981376825868113,0.9836065573770492,0.329561833844409,1.0,0.2742359576745945,0.9849521203830369,0.12599880415678125,,0.7642086910179264,0.7164047204207609,-0.43478658231626055,3652,37,0.5739320920043811,0.11,6,0.6,6,0.22223187848558282,0.23122069283647903,0.9720482180437319,0.0,0.7294099501063925,-0.47731745882836707,0.5608129427706268,0.6013165499839477,0.5620822119590889,-6.7962825196940635,1.1068669565486045,0.5201827081839683,0.301529529065653,1679.3465423518605,152.84173820358532,-34.710113609874554,-1.0468602658771516e+18,-89.06121185863002,-43.528218713061314,1216912269592.2852,1766955852508.545,34.428775188850125
136208A,transformer[nse],camels_aus,pub,0.5812091503377738,0.8774612443077769,0.2882025261801447,0.8907103825136612,0.016444444411243316,0.8907103825136612,0.289563414677396,0.8648648648648649,0.3656435841169664,0.8782489740082079,0.039893533374520236,,0.7751481559698005,0.719862574252129,-0.2962520939700032,3652,37,0.5276560788608982,0.07,6,0.65,6,0.23478935303714812,0.24467128952012568,0.9659311305904955,0.0,0.589158653033127,-0.7338707800646456,0.5645334606469274,0.5509127466853248,0.4800505564626819,2.576182763153277,1.4491112728038813,0.6409690686506432,0.17480394957525525,22442.906526100134,155.02963119396009,-31.598394545582327,-7.8923201808969e+17,-83.81496733474786,-39.60877948268716,0.0,501859188079.834,23.696502557125065
137101A,transformer[nse],camels_aus,pub,0.5858019898592479,0.9280246430664206,0.3177004480376239,0.9781420765027322,-0.19839777344423754,0.9781420765027322,0.35866448613101587,0.972972972972973,0.4059604063869591,0.9658002735978112,0.12854846276748857,,0.7865918305430313,0.7361520625228336,-0.3422226532071727,3652,37,0.20153340635268346,0.06,6,0.4,6,0.15900380226424257,0.165160869635,0.826179928329015,0.0,0.47226481535014153,-0.4849207644801161,0.4252690275676787,0.5081081784107695,0.5402489115258934,-16.692917427340962,3.2021139720050593,0.7264538420642144,0.2657946788071275,11588.357189288323,157.31836610860606,-45.675367452505114,-461.70827382086816,-71.58671546765602,-50.74213645066095,1656943559646.6064,2592015266418.457,53.64449570612679
137201A,transformer[nse],camels_aus,pub,0.5806285482421517,0.9313142436759579,0.282640765175203,0.994535519125683,-0.07089876859040482,0.994535519125683,0.2912183024126539,0.972972972972973,0.4411329693351896,0.9835841313269493,0.07397025811444946,,0.7823000204551973,0.7562042334680463,-0.35068569543380623,3652,37,0.2634173055859803,0.08,6,0.43,6,0.11613847598101774,0.12481449454090277,0.9734090905249937,0.0,0.6273813104144665,-0.47585214828999,0.559836476528617,0.5714048959242631,0.6258167745265885,-2.078145225799943,2.8184647678929573,0.6104250073395859,0.2662098534466639,7163.339965316756,156.4600040910395,-34.36525937596472,-1546.788709176186,-71.42229259475063,-42.493083059975405,2096974849700.9277,3032046556472.7783,67.2612015895872
138004B,transformer[nse],camels_aus,pub,0.4409153789155321,0.7499246156215607,0.4057783000964987,0.819672131147541,-0.34809425372281405,0.819672131147541,0.481683129695698,0.7297297297297297,0.3242825496844383,0.7838577291381669,0.2806330117796905,,0.5997892413245717,0.4169549291241768,-0.30900923670602853,3652,37,0.2469879518072289,0.14,6,0.25,6,0.5131340030014677,0.5171808928584535,0.6691288420638621,0.0,0.3711437728533532,0.4969494815589023,0.21882039944022746,0.40184556062790455,0.4906222289532519,-41.84632014137922,3.949231643916257,0.7930045568259031,0.30585106516438443,4102.399317385766,119.95784826491438,-55.614452591083406,-608.2865633050994,-60.05256515950076,-59.32576102944947,0.0,116831064224.24316,24.152503616754032
138009A,transformer[nse],camels_aus,pub,0.26079837088853536,0.5833331836523914,0.19182626703024994,0.6721311475409836,0.0028942027188246953,0.6721311475409836,0.17288436597008222,0.8108108108108109,0.24184147948145698,0.7976641968484498,0.04802182389114403,,0.3951614571472961,0.18284041516328192,-0.32253481276385604,3652,37,0.07612267250821468,0.62,6,0.06,6,0.8427226324605411,0.8520920972662974,0.9804253183352134,0.0,0.6972384962345801,0.699468663228042,0.6849569261500343,0.6170054410532599,0.7830776169186361,12.425727804927288,3.698838600143824,0.5502376793399557,0.4703441627594208,561.1602444144769,79.0322914294592,-5.786124714615831,-21.97651757735323,-13.257019890213673,-17.806085395836163,0.0,840.4613527858564,4.480650265845194
138010A,transformer[nse],camels_aus,pub,0.5178835395061032,0.6173850993292976,0.3694956000295412,0.6120218579234973,-0.18485295470909333,0.6120218579234973,0.3887187802358533,0.7297297297297297,0.4328641724365426,0.5978112175102599,0.5150766239158778,,0.5921670379118751,0.2909191758349872,-0.09950155982319442,3652,37,0.4950711938663746,0.12,6,0.1,6,0.4569584051219408,0.46584370074376813,0.9444573722678747,0.0,0.5861771911700473,-0.021893554823425587,0.4213819571527877,0.5562589468366059,0.3807161780689474,-24.932810741834803,2.1661934593786225,0.6432906099345402,0.251487483363932,6671.657994349294,118.43340758237495,-43.39898456752546,-6.338258280074392e+16,-67.95745896413382,-50.11400815393968,0.0,0.0,14.126803630198273
138113A,transformer[nse],camels_aus,pub,0.4538880412295839,0.8640888852080942,0.22898183659249893,1.0,-0.1066734496489096,1.0,0.2596439367734691,1.0,0.3480688715513465,1.0,0.09453336325057933,,0.6608553620406115,0.6291907234612486,-0.4102008439785103,3652,37,0.21905805038335158,0.08,6,0.23,6,0.185571997064797,0.1929198105869248,0.9359022677065187,0.0,0.6250380714888473,0.081229701527189,0.4653040484777833,0.4523341234072161,0.6688150716764786,2.8579815168573206,4.701711268439651,0.6123413496663057,0.23693938847352314,966.0984667212236,132.17107240812234,-40.020773869118734,45.14748488571599,-42.33087012595224,-46.408730592373495,4957187175750.732,6112277507781.982,41.4646807990328
143009A,transformer[nse],camels_aus,pub,0.37078239210512287,0.7174456318755057,0.22807945391935022,0.7868852459016393,-0.02984229455438223,0.7868852459016393,0.18568176688739543,0.8648648648648649,0.28626744040950786,0.7811217510259918,0.12213428401244329,,0.5491211349934675,0.3413937496625985,-0.3466632397703828,3652,37,0.24096385542168675,0.1,6,0.12,6,0.641515790497857,0.651818174705761,0.998455471906297,0.0,0.7297454227333166,0.42177675049418306,0.7803926419852948,0.7533102582551212,0.6958546448282739,4.447699356098879,1.2068112022428823,0.5198601516433852,0.436359503662614,4415.274255387447,109.82422699869359,-14.127443993722219,-437.1256068838661,-52.92101132498693,-21.469453710626407,0.0,0.0,3.7386477872383783
143110A,transformer[nse],camels_aus,pub,0.536125685188508,0.9238959873370322,0.43413895625856375,0.994535519125683,-0.21030629458377365,0.994535519125683,0.5191950431341804,1.0,0.39021736316873695,0.9863201094391245,0.11477688274353107,,0.7428210969009176,0.6924116822497599,-0.38777030214852415,3652,37,0.4397590361445783,0.06,6,0.47,6,0.2011109535765506,0.20800627173177955,0.9259024228803646,0.0,0.6653161309747032,-0.09832736853702828,0.5078819186484088,0.6044171630204289,0.586498366553472,-16.48090096196957,2.618014180977243,0.5785186851133651,0.17948671843893826,2107.394447262491,148.56421938018357,-45.29141401012245,-1.08572859512043e+18,-84.59159940677014,-58.875580106222344,1491934061050.415,2151983976364.1357,75.83832876338248
143303A,transformer[nse],camels_aus,pub,0.2995788515426476,0.757284900868456,0.16613240992917944,0.9716912250510855,0.022155962962258954,0.9716912250510855,0.20163202182573126,0.9862040462687297,0.18781360637537287,0.9039518152962258,0.03214941017526922,,0.5185315666944047,0.499858518693317,-0.45770604932580844,3652,37,0.0,0.39,6,0.32,6,0.1840265849458161,0.19428353129280534,0.9302968411056106,0.0,0.7326021038353061,-0.12937646229407784,0.49326671385232956,0.36153237274066496,0.5210268166860419,36.60320481807398,4.994836202722639,0.517105304715291,0.31039837941314863,892.4809320077259,103.70631333888069,-19.763416943691432,57.930652826327595,-66.87289409453619,-33.54561315083942,3301.3179590394325,1444.6629251900852,27.21021395641218
145010A,transformer[nse],camels_aus,pub,0.28811001121637786,0.3073064911296807,0.346690632310958,0.5457498434755498,-0.29538753903389753,0.5365035469993493,0.3271890248628854,0.6738872455375123,0.3112917006593669,0.35561486373356205,,0.7060752160322026,0.26825351660054364,-0.0733982065476665,-0.019196479913302866,3652,37,0.0,0.06,6,0.06,6,0.6284984102163441,0.633297896059171,0.5715149919548612,0.12242892766340448,0.7983438263519127,0.7145514218225635,0.590610430239882,0.6782420980659991,0.6577172089244355,-30.359070408520328,1.4276656303055717,0.44906143638491974,0.5336410090367107,62.177771059580486,53.6507033201086,-28.86404000838927,-7.65311453095549,-23.606144561392405,-36.00414933805881,105.4409429043671,73.65231511129079,-9.728405169046995
145011A,transformer[nse],camels_aus,pub,0.39624007773457653,0.7450482494240468,0.2619196282835875,0.9978496220183647,-0.12396141166846938,0.9978496220183647,0.4210203054325217,1.0,0.33064904145401763,0.8989963918927146,0.22609746448333554,,0.5508895669921555,0.45726995892034183,-0.34880817168947026,3652,37,0.03888280394304491,0.07,6,0.06,6,0.32239283108531275,0.3299465852109271,0.9559019086605118,0.0,0.6383890009030917,0.22776408704831097,0.4352924011292916,0.49298147157856986,0.6016255317050281,-11.660647918038554,2.094180337883943,0.6013410006784075,0.28158220609343165,1107.3127093506669,110.1779133984311,-49.1745707196045,-45.072463835759514,-37.38553644821363,-58.08731443227098,4969.262264906492,1441.2021276151067,46.50944532101043
145018A,transformer[nse],camels_aus,pub,0.2996425811396437,0.77981311157287,0.2005062520154466,1.0,-0.1101050595664463,1.0,0.24223094699714554,1.0,0.18929462464063374,0.9808620941154849,0.1597530060889733,,0.5226034770564644,0.4743238268448247,-0.48017053043322633,3652,37,0.13910186199342825,0.4,6,0.17,6,0.3675736967939476,0.3759502105036976,0.9347714092629594,0.0,0.838511354474374,0.2399964293896183,0.8138670239510315,0.7451801198583763,0.7298891926642832,11.638182384845098,1.0029553710214942,0.4018564986728795,0.4745337924278541,1686.7967031952805,104.52069541129289,-18.057060208069228,32.19940256948358,-45.76820215302185,-22.899097928003133,5262460708618.165,6167280673980.713,17.935101092678025
145101D,transformer[nse],camels_aus,pub,0.27437939253255667,0.5079219862038248,0.2325206717128687,0.906056358298845,-0.09518548066305074,0.8066482636693604,0.19901251865243005,0.8648648648648649,0.26103497198239256,0.6343243842039615,,0.4149917904262184,0.3564525122207271,-0.11021323496928209,-0.23354259367126812,3652,37,0.03176341730558598,0.41,6,0.06,6,0.7855910640267646,0.7952004415549233,0.9577447744062887,0.4217097066393779,0.8545804638403429,0.6770794416807184,0.790625663706866,0.8509549677643011,0.8030276087718482,-12.829525059658542,1.252895808950417,0.38133913536333647,0.5935779109293926,289.51135666950387,71.29050244414547,-9.773530590396494,3.6549326946848546,-4.537245679640724,-16.690810998449372,-49.74142442481099,25.319753895358033,-8.82952697018834
145107A,transformer[nse],camels_aus,pub,0.23551203289590747,0.26391061691327755,0.20417472879575166,0.4031477869469267,-0.03896699221923442,0.2249439722480886,0.13008238540759276,0.5357008057457388,0.2331073967126746,0.25878556421473514,0.016469898686529497,0.2843387830306158,0.243285584459017,-0.1308790097131444,-0.028398584017370082,3652,37,0.0,0.06,6,0.06,6,0.743242531363022,0.7463943799894279,0.9530201126205983,0.8375184497806908,0.606173868268838,0.7219090034894959,0.745079534852982,0.7232686635286537,0.8072572347487101,-2.117490274890904,2.219057878360091,0.6275556801839673,0.5995944397686124,49.15885742867422,48.65711689180346,22.62884043870077,-411.7518011294961,-1.180814319316679,9.981884087071835,-18.561411214541717,-15.56381296408146,-17.2012730617632
146010A,transformer[nse],camels_aus,pub,0.19851893114962016,0.4747846507168707,0.18279614157956328,0.9155045711651985,-0.06130109578242212,0.9056267575775613,0.17771965538523948,0.972972972972973,0.19668629428412107,0.6346522037187085,0.380746804448709,,0.2891313285613649,0.16483551797428486,-0.27626571956725055,3652,37,0.011500547645125958,0.65,6,0.06,6,0.7836064076634064,0.7916517523661528,0.9627677877243543,0.05354230044762124,0.6964733899982661,0.6397528436387753,0.5814925550230401,0.6185409862590179,0.749839219427483,-6.1221174653595805,3.9238917900040677,0.5509324913287779,0.5886597666792259,392.10112561808785,57.82626571227303,-19.785901558686607,-13.88560520055754,-21.75240755456776,-25.44609694471939,609.2157955214132,176.41591995699102,9.375019250637076
146012A,transformer[nse],camels_aus,pub,0.29456857042312223,0.7682758697881085,0.13961559884181857,0.969514607371191,-0.043932604038706524,0.969514607371191,0.23280306612130242,0.993142687314786,0.1466408967194181,0.9124687742251081,0.10825511933940396,,0.5271267786111097,0.510400481304878,-0.47370729936498623,3652,37,0.0,0.21,6,0.37,6,0.15729768232630756,0.16602940292978385,0.985105133779071,0.0,0.7673410616127737,-0.4013416722202927,0.4254333602293474,0.2859415752568355,0.4079435556286891,44.20644708220403,4.522709026954676,0.4823473213227439,0.23885478350479994,1149.2749477029379,105.42535572222178,-25.26226977676857,84.01275755284199,-75.41639161268957,-35.941904844115065,2982.245896292707,1806.4468073163894,31.06120895099448
146014A,transformer[nse],camels_aus,pub,0.2822853025062173,0.37606586957355426,0.28558406757217986,0.6959110241796653,-0.208650475898898,0.6792978121730567,0.31759633039767454,0.8127802971272219,0.3128044383335493,0.4405973519903953,,0.6682548201918601,0.29624455075372624,-0.07980741911026511,-0.09378056706733695,3652,37,0.0,0.07,6,0.07,6,0.7113932073446234,0.7177529791126268,0.7571537754511709,0.2976441365893415,0.28980247678291426,0.5563733141476934,0.1350435744495827,0.26480686266154474,0.5113678872018685,-35.850307297991996,12.291116181778055,0.842732177632423,0.4577374630326808,90.5014176739383,59.24891015074524,-46.031942879470456,-66.76379393621254,-31.84433428467794,-56.99024891567738,57.212795886750435,21.075450278501062,-6.666828057750997
146095A,transformer[nse],camels_aus,pub,0.41426525761259914,0.8559958388948852,0.18082264461695388,0.9937848833924441,-0.014890750491099152,0.9937848833924441,0.22949128193165994,1.0,0.24737180115104787,0.9597659426775473,0.05677676407995964,,0.6482916880852054,0.6364949326015337,-0.44173058128228604,3652,37,0.011774370208105149,0.06,6,0.5,6,0.08532551757700123,0.09443430136450161,0.9228655649515343,0.0,0.7139500903796105,-0.9878699920009015,0.19651962201231343,0.05114921797115457,0.14766155288621696,68.66741575603476,5.43518094142612,0.5348363390985971,-0.08536537954219314,4141.945511119105,129.65833761704093,-29.046064211305698,92.98133821206106,-81.72517738835329,-38.81333011116654,10495.421479145185,4398.33090504086,53.81394502841493
204034,transformer[nse],camels_aus,pub,0.24243601276746668,0.5004940470629443,0.3195445854529341,0.8779044413154174,-0.26621587445722844,0.8546871827603726,0.3375079532869935,0.9591401366934222,0.21869032885618442,0.6575026536105922,0.39141027701178266,,0.32471306738493727,0.22294005673513587,-0.25805803429547763,3652,37,0.002190580503833516,0.06,6,0.06,6,0.5951167577855835,0.5991014242191207,0.6862663326188758,0.17556130446658025,0.8287757417534268,0.7136895585909518,0.7851719708275307,0.8106370335121773,0.7354106889211025,-15.876320255933926,0.8801368162828258,0.4137925304383504,0.5305454789538198,329.73665929350165,64.94261347698756,-30.957019277634668,-14.951553157273793,-20.289566570477145,-31.835179784337093,746.3679752366769,281.3316398096083,9.63950165587153
206014,transformer[nse],camels_aus,pub,0.32457608935948745,0.6209431444196067,0.27390324473327254,0.9167028956705484,-0.05124179560899439,0.7619933965804793,0.32438460203247377,0.8918918918918919,0.2690349638164365,0.7710086924698518,0.07924559036036463,,0.4451591369018351,0.37495049111439704,-0.2963670550601193,3652,37,0.029025191675794086,0.12,6,0.08,6,0.4386926676020915,0.44814971471034853,0.9780133525620094,0.5048373083185425,0.5038261173517475,0.42587733713273346,0.5616946957472808,0.46142777212238684,0.6459495241508899,28.168152363391272,0.7649580821337123,0.7043961120337424,0.24285456202584554,409.2559103500098,89.0318273803671,-6.58758083336239,-23.860019463345015,-11.0684506200479,-24.109829054071497,1722.3731242067101,670.6244857711052,19.00494203402634
206018,transformer[nse],camels_aus,pub,0.4080959286698437,0.644438463736942,0.2354952108800876,0.5355191256830601,0.06372780614119415,0.5355191256830601,0.32686907153403355,0.5675675675675675,0.3242534288717791,0.7484369347769352,0.0299190218336855,,0.5408998460154136,0.45377127454753924,-0.23634253506709835,3652,37,0.08351588170865279,0.07,6,0.08,6,0.3882614893410812,0.39706351627345987,0.8698282284184083,0.0,0.4746988197610691,0.35161037890892666,0.32068746242942514,0.24388157343937178,0.33067067818298745,63.327804440788924,0.4354953902861726,0.7247766416206658,0.039256683470439535,1591.3656739345174,108.17996920308278,17.81851056033262,-43.004065859431385,-19.84556609456876,-3.7597306061069555,0.0,4857.185401157693,21.825565422888904
208007,transformer[nse],camels_aus,pub,0.17493665154761093,0.28413217365581284,0.1926217906201218,0.46075276649080577,-0.05010956465198053,0.4541644897087681,0.22759775225837506,0.6547313684029711,0.1761212147768904,0.3380463584113602,0.776536714580028,,0.20733155867097297,0.07042745649300448,-0.10919552210820191,3652,37,0.0,0.27,6,0.06,6,0.8128257453407773,0.8228281102576429,0.9936742787644419,0.0759122193816605,0.7363172734176817,0.7461261633720273,0.8066433856427961,0.8550674241756542,0.8451666623809269,7.169991547948347,1.1617026000257655,0.5135004640526806,0.6021638411337922,61.51090972978288,41.46631173419466,9.030145261631572,-23.239500441056105,-18.414067456479778,-0.624843657879191,62.555372488602856,58.37315192867147,-10.489407544592314
208009,transformer[nse],camels_aus,pub,0.33009933004187036,0.3013226111458873,0.3076537453118841,0.32900447481868844,-0.25100168117348426,0.2621412665611882,0.371743040907014,0.5855786547522853,0.3170689391057222,0.24084849629010407,,0.14733799631486272,0.32032438917088146,-0.27294792118114847,0.028776718895983044,3652,37,0.0,0.39,6,0.06,6,0.39998916180929744,0.40366278753943313,0.6177510905525156,0.6558920778489138,0.5569458355724219,0.5141335463515935,0.5258066925588631,0.40611587484927314,0.5908402038634486,-38.82614943503131,0.7354188634490837,0.6656231399429996,0.5120651734061664,53.31900051588073,64.06487783417631,-20.522093101199363,40.97991506819925,13.127011803436792,-27.436280370072726,-10.30806056916363,-31.075756479948833,-10.74906463164266
210006,transformer[nse],camels_aus,pub,0.48863790099836035,0.7463341349276968,0.4094458241350268,0.6334909905367849,0.2754777313539887,-0.4921920695725047,0.308564151984055,0.10810810810810811,0.39930999340007267,0.855820709812119,0.3182916314307668,0.021416501227993375,0.6369333729397136,-0.23898548217746785,-0.2576962339293365,3652,37,0.019715224534501644,0.26,6,0.06,6,0.8906024519587487,0.8894429389571278,0.6861024925796693,0.549851856949171,0.5465428457590338,0.06461309356742384,0.11749304010962247,0.1516848716712912,0.12255440703995768,80.15629567271525,0.3482617571592391,0.6733922736718667,-0.1440247325307722,487.8234947823543,127.38667458794278,62.17804065366806,99.99999999999999,328.1329470311622,24.227487505138228,-99.99999792225066,-99.99999947531074,-15.548612727755637
210011,transformer[nse],camels_aus,pub,0.3682831352262118,0.5207193860682735,0.47054979423442833,0.7128338173968268,-0.4548158251366063,-0.405191464618303,0.6156966624676491,0.05405405405405406,0.3642207619284417,0.6572565693346445,,0.01256872164001547,0.41686392731095206,-0.3456830911138108,-0.1524362508420617,3652,37,0.011226725082146768,0.06,6,0.06,6,0.6759594655572204,0.6697555113144975,0.39895993985879163,0.8273724315284179,0.4357643915249444,0.4913628859211283,0.13060787046623956,0.38085823205059754,0.4237953563619503,-55.03175559480392,4.067854266928286,0.7511561811468076,0.4028142641474446,82.16807670643172,83.37278546219045,-64.89663075227905,47.00394001450165,9.34137705955812,-72.1622270703381,-99.999999994819,-99.99999999768285,15.479967005791586
211008,transformer[nse],camels_aus,pub,0.5180892930607702,0.80057664307899,0.3156150776097623,0.7704918032786885,-0.23083654326553915,0.7704918032786885,0.4028126823921524,0.8378378378378378,0.4476968468988384,0.8488853182948456,0.34350404387565187,,0.6720853821588448,0.24931618732538563,-0.2824873500182198,3652,37,0.11829134720700986,0.06,6,0.12,6,0.7139222052097784,0.7178946853516215,0.7606072897150239,0.0,0.5332565110667171,0.18816627641645411,0.5357905999386605,0.6085066288729413,0.5799182878115647,-13.647914974029108,2.3712183084548437,0.6831862768918028,0.20118365053873422,2038.6779711311654,134.41707643176915,-33.679965147080146,10.328907712417719,-45.497323915671906,-52.90149810774805,0.0,0.0,23.255853526308915
212209,transformer[nse],camels_aus,pub,0.7215202656148844,0.8138146537775734,0.7233588752345796,0.9640647961038589,-0.7148584630142979,-0.9521291261636371,0.4030261699844898,1.0,0.7945041042616549,0.8903830545697099,,,0.7442560933320418,-0.7188336283554602,-0.09229438816268909,3652,37,0.0,0.12,6,0.13,6,0.28971343796150995,0.29229362464815817,0.277511698794351,0.17056215039789593,0.2932929523507716,-2.6648158116904654,0.06893829766011028,-0.32573768458048447,0.04317468529878776,-74.058572884579,2.810544072963285,0.8406586986698159,0.1965823621273517,83.02618922075298,148.85121866640856,-39.27075641355339,99.99999999999994,456.2547152923375,-49.6180238076893,-99.99999999864323,-99.9999999990055,-35.65160911908573
212260,transformer[nse],camels_aus,pub,0.22735681571552788,0.4001287127926596,0.27667297067073693,0.8745546184066431,-0.20099473240105115,0.8636256566580093,0.19690079176014225,0.9651601041452931,0.24773656004374206,0.5097771654221005,0.9741673983136879,,0.26562756564923706,0.02432133813404619,-0.17277189707713173,3652,37,0.004928806133625411,0.06,6,0.06,6,0.7789176956190427,0.7867920741558687,0.7018694657616249,0.040040855511377246,0.6961471889810722,0.7081721564757151,0.805375942469307,0.8001068714324855,0.8400238215765761,-10.476164329185083,0.5268185391405172,0.5512284562855294,0.5584897867761255,419.8500382642373,53.1255131298474,-4.002587105108702,-9.064078996555926,-2.174717866848216,-15.376716178664118,442.21368408706894,151.29079266096565,-10.120330132584774
215002,transformer[nse],camels_aus,pub,0.5214924634653894,0.7655586437458275,0.41310421078498916,0.9495797675844907,-0.3578719225003251,-0.7158567771997429,0.3050057817860709,0.9726819219548317,0.476704321770806,0.8481430484184147,,,0.6355092818216902,-0.5728487618992133,-0.24406618028043814,3652,37,0.0002738225629791895,0.09,6,0.17,6,0.4167733255715085,0.4161922483845724,0.4707179729201026,0.6138461205248986,0.5170732267908901,-0.5623640491519695,0.5196749971904511,0.34917126640240703,0.5146863884750563,-38.89757678570147,0.615560641102104,0.6949293296509437,0.32894283652782663,137.630342116209,127.10185636433798,-13.604180114860803,92.828514921172,104.49308203432595,-36.76994520616511,-99.99999998156046,-99.99999999225116,-33.10400882756195
215004,transformer[nse],camels_aus,pub,0.6348733457173553,0.7034822922381866,0.6596993079701645,0.6979325894775726,-0.6584245645844965,-0.4725153489091344,0.6532645113651484,0.1891891891891892,0.6293705316270024,0.7505836260611337,,0.014227248765056107,0.6692888167707899,-0.6479101158420332,-0.06860894652083127,3652,37,0.011500547645125958,0.11,6,0.07,6,0.2014672500020467,0.19552798901086507,0.10150137111080604,0.713342469446842,0.4682706262439238,-0.40891041219250934,0.018987660491841418,0.12706860240260387,0.22107830787069205,-73.95937142890875,2.7028077816538936,0.7291977603888236,0.24769941556013542,90.96247395757202,133.8577633541578,-70.81244722999885,70.42815291171141,54.8064449599487,-71.62847198501593,-99.99999998698134,-99.99999999618719,-14.673427572441868
215207,transformer[nse],camels_aus,pub,0.5138234499950198,0.748375101235359,0.3934522137778632,0.865115919867364,-0.357654267883216,-0.5986551280967829,0.32201153223564466,0.7515481169815288,0.4746298219766995,0.8439062618772399,,,0.6273068526978851,-0.572979109450843,-0.23455165124033917,3652,37,0.002738225629791895,0.08,6,0.1,6,0.40965277313735904,0.4082612500082859,0.40853495570032716,0.7288307097132168,0.5532899213651745,-0.32249799917220123,0.4297784543593447,0.3627167607245082,0.47013098649692686,-45.044391523457335,0.7713620184726975,0.6683637322856659,0.42209321139386247,178.3263308745428,125.46137053957702,-29.654043687284418,99.11006276570706,189.04165179775714,-31.609108999921993,-99.99999997039995,-99.99999998698128,-31.348940529436362
216002,transformer[nse],camels_aus,pub,0.4388747441585865,0.5251875449568754,0.5252943011066704,0.916838504765706,-0.4868276377371618,-0.34351249305126175,0.35194551804795315,0.9937366071839262,0.49790577593330515,0.598648217690927,,,0.4391502698192735,-0.3139304728381,-0.08631280079828885,3652,37,0.0,0.16,6,0.06,6,0.6343983852415966,0.6314935663765622,0.3565978237171673,0.962599627397241,0.48728376700002896,0.43133074877930033,0.4670127435557042,0.27252803714997775,0.5066978676050018,-43.27711257295329,1.679150805227234,0.7160420609153983,0.3577743396091939,153.56845535908167,87.83005396385465,-24.244801765290628,-32.16302581046063,-6.90783584307789,-26.07805161268381,-99.99999997861563,-82.82349483871259,-18.10774762871977
216004,transformer[nse],camels_aus,pub,0.4631411085443864,0.5662672677745363,0.2881482844614831,0.4262295081967213,-0.01787570213127674,0.4262295081967213,0.2374303782017593,0.40540540540540543,0.3205500849541099,0.44049247606019154,0.05711795288551312,,0.5708330436849718,0.29090365326296014,-0.1031261592301499,3652,37,0.2836801752464403,0.28,6,0.16,6,0.6254165870567722,0.6351581362071554,0.9794895258149265,0.0,-1.7957115208879921,0.20805681830018496,-0.2238215534471959,0.191276218757633,0.312894674467998,61.09674809524818,2.203641195125244,1.6720381338019754,-0.015659375402320874,1958.2928968097847,114.16660873699416,45.94197828628878,-271.2527379015992,-44.73945404770143,-0.841649915766519,0.0,0.0,11.703817878454243
218001,transformer[nse],camels_aus,pub,0.5484743655095499,0.6568790425489797,0.4149375533108719,0.6974941465559318,-0.401703288362142,-0.14488979512808992,0.33071473209992325,0.3783783783783784,0.538775177754583,0.714140601456653,,0.03342521921930545,0.6071360142123146,-0.5527836919393853,-0.1084046770394298,3652,37,0.016703176341730557,0.06,6,0.11,6,0.26879971286096205,0.26315673708718185,0.1944435231661988,0.9559340351187103,0.6958422880189559,-0.01671915810607838,0.26777858255521414,0.2525929877266757,0.3565300449896581,-59.58129906253814,1.2412433474248965,0.5515049519098121,0.3814234075373216,96.95059293374216,121.42720284246292,-43.42632397765186,63.567805977944346,12.13033829487416,-44.476180810375425,-99.99999998262625,-99.99999999329832,-24.576612818761387
219001,transformer[nse],camels_aus,pub,0.3202635724234793,0.50744716709745,0.3128481130199995,0.7630454913902176,-0.28525070099258965,0.7406782353007828,0.3615665981467328,0.8267462475638009,0.3293393240127114,0.6193967566168386,0.9396314247990212,,0.38184067746848566,0.044139644231130724,-0.18718359467397067,3652,37,0.0,0.07,6,0.06,6,0.6641955462677201,0.6665014338761428,0.43651331826275397,0.25691212073028097,0.5933324608554114,0.07502613027987448,0.42027392471937475,0.5271256039368242,0.3016189972818263,-20.305479268309394,1.5504774572685522,0.6377048997338727,0.389628171716496,171.52700822293085,76.3681354936972,-44.19043365483688,-355.5430036705775,-35.913278294836125,-49.99998859351742,46.25425292240812,69.64627339021426,-9.604075988942641
221207,transformer[nse],camels_aus,pub,0.5767574863977902,0.7152282756515234,0.4233289692801936,0.7695285860387427,-0.38275285286182703,-0.7695285860387427,0.3931143966787117,0.8030931448371544,0.5350612097332197,0.7403626339579615,,,0.6540232009570011,-0.6492496000662703,-0.13847078925373313,3652,37,0.0,0.07,6,0.15,6,0.08272767813417664,0.08800877616880493,0.5638288096254895,0.0,0.6070562738704981,-3.89101732953534,0.2858442401015445,-0.14800178480970905,0.30778430517858135,-63.413766715155106,1.2241018402921033,0.6268522362802114,0.3206935621024023,77.49404715331009,130.80464019140047,-34.832884467452864,-1175.9720613870907,25.245843985941217,-41.306447917743604,-99.99999999949927,-91.06726383419588,-30.669803227937848
221210,transformer[nse],camels_aus,pub,0.4126158150862896,0.8170449114712179,0.20380819327064192,0.9562841530054644,0.16595689120014576,0.9562841530054644,0.19198256901433736,0.9459459459459459,0.3082219727144915,0.9459496236046054,,,0.6169793307902607,0.6042824565500367,-0.40442909638492835,3652,37,0.08461117196056955,0.08,6,0.29,6,0.1678456774333304,0.17503707372897925,0.7754117836188159,0.0,0.5025263215964956,0.06561258716828688,-0.0680019681625168,0.00013616797473936515,0.020811142847342534,96.1741349009688,1.2405792823802202,0.7053181398514462,-0.013037547667167804,7363.856248305928,123.39586615805203,59.455633019982415,-96.7224113971406,-41.36701252365892,40.74295664953986,2149635553359.9854,17141.135921034525,5.364398375124301
222206,transformer[nse],camels_aus,pub,0.22331625629752552,0.329641175295701,0.23581565006564248,0.6255100981599524,-0.05620868565024269,0.5541126162150587,0.23197676184895308,0.7791348132467424,0.2250516524628173,0.38167933804018883,,0.6088642248447359,0.24707735302472045,-0.04652121658339671,-0.1063249189981755,3652,37,0.0008214676889375684,0.18,6,0.06,6,0.8132483685981579,0.8191982863588788,0.9505649917672331,0.42949120067092716,0.2956255504953884,0.7465795508969477,0.43045594681990107,0.4943292977721525,0.848585327434792,4.439238731879661,0.7610062061008122,0.8392701886190237,0.5062057810549391,143.52534195284613,49.41547060494415,39.782656166109774,-0.420843247645576,-12.296985428444746,25.1870099875926,60.05507587028134,39.272168958945315,-21.156264945269864
222213,transformer[nse],camels_aus,pub,0.20850132220866552,0.3255820656533425,0.22586294924723163,0.6682642005902759,-0.050135859324297295,0.657335238841642,0.35705022379213214,0.9352435898719259,0.20947402069606583,0.37651156592252855,0.12646109658734928,,0.2321903663593311,0.10033053141172714,-0.117080743444677,3652,37,0.0013691128148959474,0.07,6,0.06,6,0.8214187364201518,0.830454878206179,0.9844046631212594,0.043383111418530275,0.004409121772913194,0.7530495512606958,0.33847032499903507,0.29614855214955793,0.8102788281289562,15.790526326172706,1.183386016754165,0.997793003697203,0.42267448013938913,143.14859591874458,46.43807327186606,11.96657668357512,-5.413114294506223,6.775541568603069,-26.90820943501121,171.84476927190718,69.82948293801988,-6.247990339154452
223202,transformer[nse],camels_aus,pub,0.2461067722621099,0.4973756990044013,0.23274413911489805,0.7778836171711073,-0.025917810293961622,-0.08766748950350332,0.28116221061839153,0.5912265570417474,0.22779541925878047,0.652264934318014,0.031706401728416427,0.028144773159402114,0.34004522921561964,-0.1745197039598196,-0.2512689267422914,3652,37,0.006845564074479737,0.56,6,0.06,6,0.8799997765226572,0.8800484173322707,0.9736628121513966,0.9970418264797198,0.17689210087017282,0.5808211661222573,0.28856982750472926,0.48258583059078297,0.7835378014606089,13.575135447355722,0.5588220812178886,0.9072529410973695,0.42978953190704694,149.28540480892957,68.00904584312383,61.28263503644452,36.02063709627108,-1.3206504533066297,42.70024607163225,-99.99999996794837,-99.9999999873664,-27.260529657202238
224206,transformer[nse],camels_aus,pub,0.29010897198215974,0.37185352969406643,0.4065622911264956,0.8080418638031435,-0.3762451254929369,0.8080418638031435,0.4568953135236013,0.9971204647394263,0.32999831099992033,0.4591869613815028,,0.9842763836156985,0.2772224746716201,-0.00680682135817488,-0.0817445577119067,3652,37,0.008488499452354874,0.06,6,0.06,6,0.712371808651878,0.7162541984270014,0.420788083086733,0.0,0.3903669992902483,0.7429790821646522,0.42337357918943364,0.5333232478275237,0.7146903667375859,-26.27434887201364,0.9959105480607426,0.7807899850214216,0.4938599913336982,157.4346592292656,55.444494934324005,-28.97891821016267,76.54238572316662,-19.100057410225283,-57.46201105855983,285.12861426228,133.6436023628993,1.260925831920653
224213A,transformer[nse],camels_aus,pub,0.2220132423818283,0.19072457913419974,0.2326270774112361,0.25952568700485634,-0.11604944613107762,0.19280460034750727,0.23063654570565947,0.4774525113945342,0.2348379850011162,0.1633885175702905,,0.22051200769470483,0.20053219086149823,-0.07219819305499169,0.03128866324762855,3652,37,0.0,0.16,6,0.06,6,0.9108220938691239,0.9135898561988427,0.9101463495629055,0.8308002944133642,0.5293368900441752,0.7636549260708041,0.7211391216829194,0.7341179431662228,0.8668298228457478,-4.793160470828035,0.6947769689090277,0.6860489122182359,0.5664535554178998,40.5300562204683,40.10643817229965,-1.8778754293555857,-10.367082556824599,16.603752347882413,-35.969869889942174,-3.259812799463559,-6.021141597547686,-4.308970043819939
224214A,transformer[nse],camels_aus,pub,0.27716002046381344,0.22576982049974856,0.3220224609160302,0.2816741523353929,-0.014530558360556238,0.17736916967466507,0.33455847833326874,0.37340355015304144,0.33373680714638587,0.2376552237031651,0.07817755432037782,0.3793342147507766,0.23626979319411687,0.012138255047379158,0.05139019996406488,3652,37,0.0,0.18,6,0.06,6,0.9184823288400666,0.9224608127183145,0.9812455238871417,0.7240884894083094,-0.6245726449949176,0.5174699219813149,-0.019861453111161165,0.3663203457822861,0.4164326978074897,55.25051133585107,1.462104952591771,1.2745872449522306,0.05901520396596294,73.66555834072201,47.253958638823384,83.29871290085948,-852.4207362351766,28.148043957595302,52.415503381204694,-11.53593188941023,-6.2783947510111116,-28.11007468959875
225020A,transformer[nse],camels_aus,pub,0.40818197351933333,0.4730479577758523,0.3958817522617688,0.5818056936497018,-0.39342020220810064,-0.5809466904245169,0.48898847836253806,0.561243653322282,0.43144601670848826,0.5312011801523928,,,0.4234620878590473,-0.4094706112021423,-0.06486598425651896,3652,37,0.0,0.08,6,0.19,6,0.2430099030917727,0.24300990309177262,0.1687196723630649,0.023855169248277294,0.0886711950439697,-2.080929878387344,0.27341026991225337,0.3162568759028812,0.39880134818739776,-51.19090007545081,2.5767003292288764,0.9546354303900679,0.4428959692243052,57.10153439530215,84.69241757180913,-43.41177242894993,-225.6147404126019,55.59391043363708,-64.07701028342869,-82.21569066564844,-77.93400157894789,-6.99750023794451
225110A,transformer[nse],camels_aus,pub,0.21495444427253194,0.5016749129107834,0.2192825749493189,0.7980446334377385,-0.20996403663947621,0.7980446334377385,0.3185239563274927,0.9475317077233277,0.15169484690485022,0.6068359894913521,0.29487903006672556,,0.3304974098024396,0.2797341107753704,-0.2867204686382514,3652,37,0.0,0.07,6,0.06,6,0.3667956043984419,0.3698414712836559,0.5694985193469778,0.0,0.6103098891751811,0.5693429193547193,0.5361384044371158,0.4754013299950749,0.781639795605483,12.980630490368366,0.9472946264500477,0.6242516406264536,0.5092231979253874,193.91539672908712,66.09948196048805,-40.23235537362464,73.26686958022496,-36.35360894042082,-51.74261565481395,356.8548218568052,252.59889408858373,7.815702067501271
225219,transformer[nse],camels_aus,pub,0.3349580169819432,0.30828447403686265,0.5251558798922739,0.56496827903876,-0.5207879111410976,0.5538092372926459,0.6034364854843017,0.67959390195572,0.40787196793419533,0.36258275563654857,,0.8675166372768486,0.27513390419086003,-0.057784566469986726,0.026673542945080564,3652,37,0.0,0.06,6,0.06,6,0.5780769931693719,0.5765121332118082,0.17515337903191397,0.10825947025895395,0.27287397681154735,0.7470011783045494,0.1440609640583227,0.32850304264194496,0.5331442939691604,-43.97752294225175,1.3577364196524166,0.8527168481908004,0.46931206708692863,68.08794626935529,55.026780838171895,-62.897366310420445,-56.093158896734195,-33.17016125509433,-76.47182865770361,149.97691953016724,86.3710759830558,10.897888248251125
226220,transformer[nse],camels_aus,pub,0.2606323911562411,0.18754037449767483,0.3401984668997708,0.17730149216416152,0.32968580505825557,0.15983449983749673,0.35527103935947774,0.24830783309069795,0.2989274008847173,0.18841372079038812,,,0.21412932886027503,0.14480861962178238,0.07309201665856627,3652,37,0.0,0.06,6,0.13,6,0.6575620043688286,0.6556145490222973,0.19639285144110075,0.567577571820558,-2.6004824705168543,0.2518208087180178,-0.5770767948181708,0.17081724289928168,0.29676502007411976,68.54207823457546,0.7750813369138808,1.89749373398619,0.23756514201106826,61.64378763853344,42.825865772054996,146.15848470841425,-38.59746161970367,64.15073517553085,103.2376295830932,-2.525756064948188,4.669101260131487,-10.147259846401122
226222,transformer[nse],camels_aus,pub,0.32615867645847857,0.3914869304192207,0.4085861076270629,0.45058812886819516,-0.20681303771507092,-0.45058812886819516,0.4142635974666787,0.48036406436610174,0.2882043901999963,0.4284919729831712,,,0.3501742989166755,-0.2414102865520039,-0.06532825396074216,3652,37,0.0,0.06,6,0.15,6,0.6462682606043447,0.655909605532713,0.9682143768709615,0.0,-1.4191713151005478,-2.2004783051185277,-0.008804304918542005,-0.22773715684900186,0.6273979787976544,-10.962115725549573,0.8829927772268312,1.5553685463903877,0.4015939319845725,58.2381597137672,70.03485978333512,77.4178730238375,-136.05330202008616,136.59348545250674,-18.436728021878974,-69.64215557758558,-68.08110678734914,-11.572218487532018
226407,transformer[nse],camels_aus,pub,0.19550927278189564,0.1767346225198909,0.19109717655035333,0.09404475925160032,-0.060231959890673446,0.036806681043781736,0.19529119769758885,0.14359373991687374,0.18682572647741214,0.14777139371114367,,0.09669951446581446,0.19602728574824016,-0.15075535121963493,0.018774650262004755,3652,37,0.0,0.49,6,0.07,6,0.6723502959643498,0.673450882896718,0.9706294334898795,0.9401303311246793,0.7652481277861479,0.7724668604658765,0.8075931334711275,0.6880962464558765,0.8375166670694458,-13.13660531496346,0.6873486699383247,0.48451199388028776,0.6562012560492578,32.43835854339546,39.20545714964798,9.899076225408738,-91.05212385503165,18.663061926447313,0.023509443280110114,-8.434894020663743,-23.432157281459904,-12.386083566028121
227225A,transformer[nse],camels_aus,pub,0.28781157765522675,0.473263501844858,0.2817350738331392,0.5544392653608687,0.22697224598451307,-0.5225654878212019,0.26506434230907117,0.5000072080326933,0.24108659036042188,0.5354977295260261,0.3760387862882997,,0.37341714770428297,-0.24985604666695604,-0.18545192418963125,3652,37,0.0,0.06,6,0.1,6,0.6458055991196788,0.6501859481976789,0.7644955167072409,0.15315283069443647,0.563630600329016,-0.8729099842224926,0.552227500990627,0.7145561426897296,0.7037325815597657,15.469633391120409,1.3074698259671378,0.6605826213812955,0.37593464201911253,61.042290364423465,74.68342954085657,69.98878895523266,-860.0678970828147,122.23649984446774,45.27987254009805,-79.65258777426106,-76.36954731399922,-29.516225815875178
227226,transformer[nse],camels_aus,pub,0.1974990557662032,0.2849730165072847,0.19849774218257427,0.5745645272119818,0.011417233687132319,0.5671929099794543,0.1959528426911528,0.6684809212203384,0.2004756582002841,0.3223832145259583,0.016867480303260834,0.653568734222788,0.2162545363020817,-0.03542146004606108,-0.08747396074108149,3652,37,0.0,0.46,6,0.06,6,0.7344128972489807,0.7429880147631215,0.9947500736937098,0.10066764626539923,0.7677359755264325,0.8424682933816713,0.8759243530028524,0.8685287880312975,0.8745049736649078,-4.346412821444942,0.7814377978339986,0.48193778070780835,0.6177735730620832,54.86842530360387,43.25090726041639,16.706522467407467,27.711976041000298,-0.4637391294679823,-5.067097960097555,168.5474363963819,69.62634086247999,-7.313116885372562
227227,transformer[nse],camels_aus,pub,0.34990127612905314,0.6328114537410464,0.4955913743470761,0.994535519125683,-0.4940119478001041,0.994535519125683,0.8452906007575592,1.0,0.37412937241479377,0.9267904255123469,0.8979729339097213,,0.4182081168130963,0.10126011221327584,-0.2829101776119933,3652,37,0.09529025191675794,0.06,6,0.13,6,0.45513647705693727,0.4561032137951402,0.13950502377434604,0.0,0.32140142258034166,0.6747874801841283,0.121650148594588,0.34449964955555634,0.4444480606775614,-52.81340837029996,2.469181881958582,0.8237709496089665,0.40792958809794844,1132.4189249059043,83.64162336261914,-64.83000668851332,-78.3011456610272,-32.134168999959186,-86.56011030563252,3554593324661.2554,57117.32900494461,16.73243198460417
229650A,transformer[nse],camels_aus,pub,0.17656475375874067,0.2826803668532357,0.20310009835951254,0.5258068522575731,-0.15263872225365918,0.5258068522575731,0.24956858391732933,0.7825071609682602,0.17681562497824643,0.3194694511727523,0.2680417763248143,,0.20366632662981754,0.11339717482291196,-0.10611561309449505,3652,37,0.0,0.09,6,0.06,6,0.786527858171165,0.7932948537541358,0.7895351148918512,0.027119766163807645,0.45951793157801846,0.6914510542291812,0.7088930857247276,0.6950248485793544,0.8199184187076315,13.4951234864176,0.5957185285274765,0.7351748556785532,0.5786437500526441,69.1445442942586,40.73326532596345,10.133465837429425,60.38850695522819,-13.356144709809232,-37.36128337822343,58.07473705055553,48.87096313630594,-7.407826327518354
229661A,transformer[nse],camels_aus,pub,0.15446498080169632,0.22959955746773666,0.15225697057181742,0.3953373047382608,-0.12651133998316436,0.3897836361457254,0.17571480152864222,0.4685878943562338,0.15143243815157748,0.2472700231441682,0.5103567370241539,,0.17867870185523665,0.07935393832130769,-0.07513457666604034,3652,37,0.0,0.37,6,0.06,6,0.7919751171954001,0.7986409007753492,0.7262889852134273,0.19484514196546981,0.7548320567805019,0.8133657053059355,0.8190666415977981,0.8021702465046031,0.9011583696858314,2.8009749873008216,0.40382218358806715,0.49514436603832834,0.6700593893889275,47.058192483412746,35.73574037104735,-9.143029347220429,8.39442451479838,-17.792272046819335,-27.799164102351988,23.249560555579027,21.273989803266563,-5.19253108973781
230210,transformer[nse],camels_aus,pub,0.7470962569827752,0.8679356243987749,0.5268374825653627,0.907103825136612,0.5184555819074641,0.907103825136612,0.3466528616070246,0.8108108108108109,0.6424508977263318,0.8632010943912448,,,0.829817882647103,0.8232068768969415,-0.12083936741599977,3652,37,0.6429353778751369,0.14,6,0.07,6,0.032903315601060405,0.03598952331377581,0.17197018202486197,0.0,0.3992135839853519,-2.370816407169043,-1.750776193026904,-1.7765074869810178,-1.7606627232685894,270.77497905031254,0.8180722256078199,0.7751041323684502,-1.7932667907787008,23293.752638563084,165.96357652942055,114.18828172503592,-7.013815468267286e+17,-77.35763749880739,58.594136807952985,0.0,126123428344.72656,33.23187622470636
231213,transformer[nse],camels_aus,pub,0.40923875173111424,0.8343545469310822,0.32516409083245884,0.9508196721311475,0.22185721386573895,0.9508196721311475,0.29263670545392817,0.9459459459459459,0.30130639548939653,0.93296853625171,0.016168271963925757,,0.6203567234650054,0.6115118906797509,-0.425115795199968,3652,37,0.291894852135816,0.37,6,0.33,6,0.12512524100235103,0.13445957379323953,0.5992410021928861,0.0,0.15234185442290926,0.07850434138769236,0.04558464814102847,0.004103619879309739,0.10358909771870062,87.5078984426057,0.8407900204551857,0.9206835208567006,-0.13240476984919058,1575.022387177915,124.0713446930011,24.78586162224416,-7255.963862013996,-69.70126395514194,-5.768941648996983,1229858398437.5,2655512094497.6807,1.8063715262678757
235205,transformer[nse],camels_aus,pub,0.13182625333053966,0.3528361089050048,0.11805198210945783,0.5778424721278517,-0.08084828302806786,0.5778424721278517,0.19533016263840106,0.7413010181217562,0.0947006340097426,0.43830760621363213,0.30645219520459155,,0.22036809405351845,0.18117544821299034,-0.22100985557446512,3652,37,0.0,0.38,6,0.08,6,0.5446235327107773,0.5513408256651013,0.861471383016814,0.0,0.729134560054327,0.6603725429363729,0.6653516489014452,0.5856218184891162,0.8048882245220814,14.770536320497111,1.5439775372471733,0.520447345987731,0.6642877173762383,76.30295190152445,44.07361881070383,-20.73524483537959,42.24185031659179,-28.31439480730913,-34.54294834083293,164.79312353176016,115.11536831123362,-0.48790303845840105
236213,transformer[nse],camels_aus,pub,0.5650159813409642,0.2940258594873947,0.5429740558244496,0.26229508196721313,0.49911992161359786,0.26229508196721313,0.42443569262636016,0.16216216216216217,0.7001884744061119,0.253077975376197,,,0.4243370833689247,0.37435537279624165,0.2709901218535695,3652,37,0.6861993428258488,0.06,6,0.54,6,0.1415029223670543,0.1430908554586676,0.2583893928762254,0.0,-0.8553704323265143,-0.4740571257627404,-2.1923840822233616,-2.075310269907559,-2.0515507478663957,302.656315445757,0.85335435332322,1.3621198303844322,-2.2219003318283685,4991.4246743481435,84.86741667378502,171.99494640395397,-0.0,32.95571716764324,100.53666264198678,0.0,0.0,21.307001108347908
238208,transformer[nse],camels_aus,pub,0.42627548150144456,0.767777015424247,0.34900322878498224,0.936344557251603,-0.053952357907666164,-0.936344557251603,0.49217837359288075,0.9951234696894681,0.32279967928758657,0.8586570877902965,,,0.5912722530743106,-0.5360522746823381,-0.34150153392280247,3652,37,0.0,0.17,6,0.08,6,0.37536464315620655,0.3845871894629343,0.9891048179963645,0.0,0.37367886852985344,-2.9375372227414838,0.562317874420208,0.6033129935348969,0.6823709447534738,-15.167514255438551,0.7161667270551738,0.7914045308627861,0.26489874591964524,75.69601385909205,118.25445061486224,21.985856900727526,-497.106861082298,130.22803362709962,-13.946761533629433,-99.99999999730164,-99.999999997659,-22.940272480816283
302214,transformer[nse],camels_aus,pub,0.3167117424681886,0.46224348325469305,0.257405212299864,0.7423903777158088,-0.1496932172820203,-0.21823709280164463,0.17596166501054686,0.8499067189159799,0.31019949590787693,0.5135676137785427,,,0.37081618737022026,-0.23792539077337618,-0.14553174078650444,3652,37,0.001095290251916758,0.46,6,0.06,6,0.7753108466728956,0.7750389841078568,0.788647445035094,0.9965958387938715,0.7759711368345165,0.6573694717872687,0.7656064345915845,0.8060448590082745,0.7784144972145157,-15.195403373543224,1.4235219310348175,0.47331687394966543,0.5262757969624698,87.81260599159786,74.16323747404414,-1.9601602525605633,26.160479214446895,-2.117724916822019,-16.32884694758899,-99.99999999056504,-71.32152679772356,-17.62240205916531
304497,transformer[nse],camels_aus,pub,0.28564587496380034,0.7725094334225656,0.23344923510323687,0.9869489308904914,-0.23344923510323687,0.9869489308904914,0.36153627739792266,0.9938324625391354,0.1289296851325552,0.9358366254842023,0.2606268829651747,,0.5155444317240518,0.47849392811751656,-0.4868635584587653,3652,37,0.0,0.06,6,0.33,6,0.09977139524717067,0.09977139524717069,0.03387786531195542,0.0,-0.13725462569314706,-0.6741273099554141,-0.11497011780413025,-0.22466768442846852,0.02751748174011215,89.03995602830534,3.6643882299932033,1.0664214109315076,-0.14057689423182929,1625.2683863995048,103.10888634481046,-42.81568305147216,90.96140821273038,-81.53838035500317,-55.40161036456407,7520.3342923163445,3222.6203467170276,17.528397709649198
304499,transformer[nse],camels_aus,pub,0.5358523320005494,0.8380135756926708,0.44576737932967186,0.9968099534787142,-0.42212200918757425,-0.9968099534787142,0.3818934691868852,1.0,0.49409420222623845,0.972824175954181,,,0.6713789367961763,-0.6665488560728559,-0.3021612436921214,3652,37,0.0,0.06,6,0.24,6,0.130474767069003,0.13509543034535837,0.3262572983886096,0.0,0.21686864653996463,-5.332112159947736,0.22583252289142108,-0.07255762110792285,0.3243788600444111,-63.52607009499104,2.2336263488092496,0.8849470907687281,0.33696323666752137,75.84195425407518,134.27578735923532,-30.39853401794674,99.99999999999982,865.0387660307954,-45.14466551409457,-99.99999999973001,-99.9999999997683,2.9713054555614207
305202,transformer[nse],camels_aus,pub,0.3876999540227086,0.763899852269363,0.3645379718426046,0.979778016948818,-0.3363844529185758,0.979778016948818,0.5682643541622697,1.0,0.2877343094421697,0.8865680840634731,0.2461799470160764,,0.5575931544099162,0.4832304985961829,-0.37619989824665434,3652,37,0.029299014238773274,0.06,6,0.08,6,0.27960676261753803,0.2817815590731223,0.5578049187137928,0.0,0.4247299051438236,0.06835903382858388,0.3316612943078825,0.29296944068988984,0.6180691235214528,11.99633664581641,1.9056128952990303,0.7584656187700115,0.0898603045657872,1161.3468250139076,111.51863088198336,-58.610750312234536,71.18668435100736,-50.55816092531463,-71.96410571668399,2091.411726431095,1416.2113410835489,66.33901028661496
307473,transformer[nse],camels_aus,pub,0.5185693273698727,0.4248598825786725,0.7078584496680813,0.6167124429603571,-0.7078584496680813,-0.22922160528074764,0.7588823681383703,0.8117997037089114,0.639704019344631,0.4746446717514404,,,0.42358535499346595,-0.2652524262328335,0.09370944479120019,3652,37,0.0,0.07,6,0.06,6,0.5872872078844928,0.5773558696113422,0.0,0.991740026845099,-0.02911171106389765,-0.16773285791002635,-0.0703145882748788,0.1478738917456235,0.2407409631713252,-60.30997927241344,6.657401093058911,1.0144514335658938,0.2999763278915313,71.02059231758446,84.71707099869329,-76.89952425449549,-873.6292877988477,-47.65135221937532,-85.66947449385503,-83.37363797318314,-39.18618794231672,47.0240768604568
308145,transformer[nse],camels_aus,pub,0.37964198377656005,0.25972252435206333,0.5904692987950345,0.3600051596403953,-0.5904692987950345,-0.0826180401526956,0.6376489596769389,0.41879713802565466,0.48990349824693596,0.2812363988358614,,0.13265998266490012,0.28363001324249504,-0.12178455821609231,0.11991945942449672,3652,37,0.0,0.07,6,0.06,6,0.6719034697020152,0.66193417262121,0.0,0.997907336250923,0.2058111053305709,0.3985164067890913,0.13274569098871092,0.29996036835451856,0.46880825079664645,-41.95572303499074,5.151714752241669,0.891172763648794,0.42410438288930186,52.09546449355794,56.726002648498984,-68.33528921757987,-1392.3066539902304,-42.5605046492319,-76.48500570679592,-20.68818505674144,-0.41935887407929606,31.457717828029445
308799,transformer[nse],camels_aus,pub,0.3749523746605806,0.2570163584280174,0.5825943767299564,0.30879558547689046,-0.5825943767299564,0.18416872909453105,0.6206346447436467,0.32010148678508377,0.4943002104947707,0.2865336665197684,,0.8727812985450637,0.280016553925378,-0.06816548240485627,0.11793601623256322,3652,37,0.0,0.06,6,0.69,6,0.5514003788553458,0.5442689113689607,0.0,0.7480931429502472,0.24023119130889048,0.5217849769657443,0.12750995240198115,0.2914603694995934,0.4672510127381033,-42.99110119951777,5.760196512510693,0.8716471813131214,0.4165151350129711,60.95074620705482,56.00331078507577,-71.37688921231795,-394.8754496619413,-54.145091115525275,-75.87897659573082,22.889319169419196,38.619886042831844,40.31553507808315
312061,transformer[nse],camels_aus,pub,0.14463241766919946,0.24373043927942137,0.15786560084728415,0.3754394427385223,-0.13653941667161443,-0.08001578739079314,0.12286400346692446,0.280585224326747,0.13266117533302804,0.2755757364455265,0.5436272330569943,0.020883272114733467,0.18363582422527677,0.06690016437444304,-0.09909802161022191,3652,37,0.0,0.08,6,0.06,6,0.7446353054595497,0.7394236612000609,0.5859432224261474,0.9917169700186239,0.8254828498223852,0.8185766103545559,0.8518056410098436,0.8404013610241086,0.9075106351529895,1.6409475976256511,1.5536474030884941,0.41775249870900216,0.7067338806783653,45.0067102690978,36.72716484505525,-10.756657005836471,-773.1000797827153,-26.055466801321764,-13.041400353153902,12.500149727288166,33.465012709454776,10.517033493586865
314207,transformer[nse],camels_aus,pub,0.169535015569983,0.18434983832398594,0.1373331266373166,0.229766176022159,0.046952519643821376,-0.01994285663544192,0.10635355538536456,0.40092394977942764,0.1552513911708205,0.16232037156646129,0.011810466155497665,0.06069303607141954,0.17816249517766378,0.08724245418363252,-0.014814822754002949,3652,37,0.0,0.13,6,0.06,6,0.7854478825734287,0.785207472772991,0.921444668326328,0.8654794650809716,0.698411306187108,0.8500068485739378,0.6963699804229495,0.7659626874471064,0.7805087346383452,21.097177033922684,1.7561984602832326,0.5491709149371369,0.6198759333919777,42.53185467027558,35.63249903553284,19.63304462474111,-1298.3651502251291,-0.17010663926969435,-0.5700900534248904,21.332289326863393,22.069542703028183,9.360720407352392
314213,transformer[nse],camels_aus,pub,0.28629987645760463,0.6139130211290099,0.41592989323009927,0.9006937048295676,-0.40995289757028114,0.9006937048295676,0.40435317832957174,0.9392553098532838,0.3142738432348142,0.827076703536271,0.6763598675237895,,0.39456761730949697,0.23510924606382927,-0.3276131446714053,3652,37,0.0,0.07,6,0.21,6,0.23739974475197392,0.240445611637188,0.26686781518028707,0.0,0.5588078262580919,0.3305605634217139,0.4252941852334343,0.5136561476897273,0.6676159527360834,-17.19021585924155,1.595147869322922,0.6642229849545316,0.42332940754395565,314.83647229955073,78.91352346189942,-48.30566651224846,61.06775549885527,-68.96529246163404,-53.36806707937621,1129.7474030210185,871.173082740453,25.955496761636585
315450,transformer[nse],camels_aus,pub,0.29299259211514134,0.4359392412823712,0.4099282831761713,0.6279375220959618,-0.40647906689680613,0.5793936379525446,0.45361399254656737,0.6850384538683632,0.31463963627485103,0.524760266725231,0.6932256744576087,,0.330901545806172,0.14032664334955305,-0.14294664916722988,3652,37,0.0,0.08,6,0.06,6,0.47183003018832637,0.4711841026243686,0.14036326978178093,0.25909183302757566,0.479045015707953,0.5859572235736442,0.41688489210186686,0.4853836279637582,0.6967534415442604,-14.055932710596075,3.5674487570036693,0.7217721138226713,0.4525366329997217,117.29018345269122,66.18030916123445,-46.42025137196828,-587.5633284939669,-48.94750009155505,-61.76707427526007,248.77792536988352,162.46086766427976,42.65935430476781
318076,transformer[nse],camels_aus,pub,0.29735863760986775,0.26006237526813997,0.3066431902601183,0.20278931379965348,-0.24124836785838677,-0.14923080290723878,0.3072961859789728,0.24798717674101214,0.31130359772998106,0.24289321967203722,,,0.2808232790823523,-0.20781912012896164,0.03729626234172778,3652,37,0.0,0.07,6,0.06,6,0.6323094002105306,0.6301794625610152,0.8425725866919752,0.6931177999469931,0.6064250842849339,0.5126532694164161,0.6507361328377381,0.705403843845374,0.7515152766992175,-20.323709003730094,1.2290964402296596,0.627355493890877,0.5125066570870421,45.3330820567338,56.16465581647043,-24.099647924242888,-95.14272688542145,32.88145323134297,-42.57544353814023,-41.068527179146635,-41.57753990221767,9.8703107914872
401009,transformer[nse],camels_aus,pub,0.7701165015183612,0.6387105080697422,0.77361498383321,0.3989071038251366,-0.7606530952613738,0.3989071038251366,0.7676424052207874,0.4594594594594595,0.7766976580750387,0.567697556821564,,0.20656007806336704,0.727461357946986,-0.6044718755890103,0.13140599344861903,3652,37,0.08680175246440307,0.52,6,0.09,6,0.23493224698257595,0.2370175863880804,0.18990271559428107,0.0,0.08215996870421383,-0.565366829030755,-0.19087119822968202,-0.18548150373747818,0.08670685523908772,-83.53141478246509,0.5351912382917156,0.9580396814828632,0.13923606778485786,446.1667448622582,145.49227158939718,-73.09690503848638,99.99999999999999,340.87891194180196,-84.23700857585213,0.0,-99.99999989066248,-25.174062498125256
401012,transformer[nse],camels_aus,pub,0.4699837662810117,0.36648682322901666,0.5348073194627163,0.3242894499079262,-0.5240235425613394,-0.29064580122654776,0.4920061591879572,0.26665132389915985,0.5062789983084662,0.33014772356754696,,,0.4201873271657085,-0.4155117810030898,0.10349694305199503,3652,37,0.0,0.06,6,0.06,6,0.11571764924822073,0.11375044981768123,0.1027522772361031,0.22973642064613836,0.23603539474377955,-0.13328434038913817,0.14858913083160474,0.314138137429368,0.37674985666740424,-61.3342800007797,0.9014416666843768,0.8740506880360088,0.3751509906103768,57.59752126452584,84.03746543314193,-55.690273510403564,-15.5702609149691,-14.076565724870257,-61.448824023672394,-53.59180001338003,-59.301288723160276,-8.322742482829907
401015,transformer[nse],camels_aus,pub,0.540308597373595,0.7321980257616677,0.40562259319504007,0.7540983606557377,-0.26242457122042556,0.7540983606557377,0.3820472057063429,0.7027027027027027,0.3755364145743075,0.7455540355677155,0.17635336192558757,,0.6567845116858021,0.5903459874553275,-0.19188942838807266,3652,37,0.6478641840087623,0.17,6,0.26,6,0.15697691021052668,0.16339232079635388,0.8043780828822525,0.0,0.5714052524071258,-0.3254269452144163,0.5655179490682805,0.5924246578218255,0.6052662023361132,-4.875923266958591,0.3147159024053196,0.6546714806625336,0.15849833659925694,1650.161310307638,131.35690233716045,-35.351641934953946,-3.575539520535896e+17,-80.56956856290405,-47.31893605374112,0.0,0.0,35.035814932707275
401203,transformer[nse],camels_aus,pub,0.17148708148592318,0.16148734133513246,0.15192120508403917,0.13188026532237931,-0.04300583768192428,0.06218463019455382,0.1936320989306922,0.20951781534983852,0.15035397520247298,0.13815446956161306,0.12113976821124844,,0.17402070507171927,0.09249042866909184,0.00999974015079072,3652,37,0.0,0.18,6,0.09,6,0.8439363237093568,0.8458945995587601,0.9967260109033595,0.9480888814630843,0.5743516147348905,0.7790868200325088,0.6926279068573679,0.6612129314981414,0.7443637203955888,24.1313761248084,0.5191569721166454,0.6524173397949424,0.5784008389929092,44.63745323908771,34.80414101434385,1.390397934891067,0.4380804359746578,10.07320828623495,-20.282950332094742,-3.5711826947056533,-3.657152391203709,-3.0976817644105306
401208,transformer[nse],camels_aus,pub,0.4054598581649118,0.42073039837892784,0.5152274750584697,0.5162419478191852,-0.4856433910211576,0.29771925548688166,0.5389072584964449,0.7700711951142712,0.4232320959214519,0.4289284281636232,,0.21117873675053045,0.3942023501247991,-0.2594610533963976,-0.015270540214016026,3652,37,0.0,0.06,6,0.09,6,0.6726445430778364,0.6730350228880628,0.39244099556610745,0.8560118897187072,0.4416008622299209,-0.08556399644378598,0.24376130783363237,0.45570711976596034,0.4413096684212734,-46.32379414505723,0.6831092040827931,0.7472610907641847,0.40806579131740717,73.83111373280082,78.84047002495987,-52.26864008351516,-246.77600839411883,1.3962917498319583,-64.66130909541586,-62.59989087231485,-54.67515666277622,-10.550447129797867
401210,transformer[nse],camels_aus,pub,0.38752809696439233,0.1993381870140305,0.5576639152157331,0.12418906261334592,-0.5413919854806067,-0.05667372724117806,0.5349286181914717,0.12011973265855456,0.47521182176816656,0.16082079322053833,,0.025428089853893887,0.2820252745483591,-0.24691413991555128,0.18818990995036183,3652,37,0.0,0.06,6,0.06,6,0.5399945470089711,0.5336158738382758,0.21177817053914905,0.9573799378881208,0.24308580212275188,0.2878500500016997,0.215711167211039,0.3920537407666841,0.4630341104310356,-49.057889845169676,1.1189598215680734,0.8700081596613035,0.46020029068493773,42.03312924390623,56.405054909671804,-48.19046130212936,-21.963986690827863,-27.3135646471709,-58.301786148391095,-26.133707547380258,-32.781066463433994,-8.048306632606042
401212,transformer[nse],camels_aus,pub,0.2910929389871693,0.2814442420130444,0.3805404906077471,0.2973759323438144,-0.365471530057142,-0.2800358816744081,0.346070285164886,0.29657141590375974,0.3069308788002073,0.29802734705861894,,,0.2777556753816198,-0.20454830394717768,0.009648696974124904,3652,37,0.0,0.06,6,0.12,6,0.7152893638981058,0.7144528410081964,0.21909118890052842,0.5553083035097444,0.5029327030918644,0.40369412713808306,0.42850247826439236,0.5825489704166864,0.612618920072266,-34.54743971381658,1.047326680123331,0.7050299971690109,0.5449597563507292,44.403244123229115,55.55113507632389,-36.563798494402484,-17.787780399869927,-0.0683703367752522,-49.678478816135694,-54.22006874738484,-54.20832146837152,-7.108048937306267
401216,transformer[nse],camels_aus,pub,0.33123714210375704,0.5574485632985017,0.19176035660787016,0.6610396069432304,0.040841833765308144,0.6610396069432304,0.19792621601589822,0.743064475186516,0.24637036886864938,0.6037071896364151,0.01989869671721775,,0.4500291897207729,0.43949049366224874,-0.22621142119474463,3652,37,0.0,0.09,6,0.06,6,0.12856180953202304,0.13854816917360877,0.9810861608064496,0.0,-1.534822393371099,-0.5800810001056564,-0.3824395212669287,-0.3569769148921029,-0.2757449597081256,125.88710843530868,2.6076046838878884,1.5921125567531647,-0.33741511188919326,212.03113063424692,90.00583794415448,40.76525128722482,21.553986485696235,-27.89809815827872,-7.498934265031147,285.8336217763198,259.23465316129216,0.16883902555086297
401217,transformer[nse],camels_aus,pub,0.216380469450671,0.22386071456554973,0.2659478164891979,0.16207870805056834,-0.2019279717765358,0.06271159671011613,0.2589655536937333,0.2117083529328668,0.20098739732225315,0.22525062975114093,,0.1767081415694597,0.22282405605224465,-0.08345071579414849,-0.007480245114878742,3652,37,0.0,0.06,6,0.06,6,0.9082502253383243,0.908244174859531,0.622387647750005,0.9214005720581493,0.6268402456616915,0.7444853687427919,0.7517841381961491,0.7584226432652379,0.8196173314152522,-13.099514016082061,0.5534506805900161,0.6108680334886648,0.6032054502457997,43.037921228653104,44.56481121044889,-5.089565196104553,24.937354515687616,7.287551480422839,-19.495862837872828,-26.876390515818084,-30.09416415121889,-9.768254185986294
402204,transformer[nse],camels_aus,pub,0.27947976694253446,0.557985726236848,0.33610333532090475,0.996317333792662,-0.3030843156458587,0.996317333792662,0.46538191322645145,1.0,0.25174153289323437,0.7122783977508315,0.9565746357751087,,0.37100168291243474,0.04331936219233844,-0.2785059592943135,3652,37,0.04079956188389924,0.06,6,0.06,6,0.8053375271321204,0.8091892866353498,0.500432055215445,0.058937031935703474,0.4399424327662692,0.5044712335986556,0.35127384134386885,0.4511997775946469,0.6843847225928792,-21.40542901909049,0.6751110408751445,0.7483699400922853,0.46852726476727813,778.1799642317472,74.20033658248698,-48.795535959785724,-12.784195857098196,-12.29030259326854,-63.2510405254872,768.5524583984087,98.7857035343428,3.174984010751738
402206,transformer[nse],camels_aus,pub,0.35553639930689845,0.4316861732721809,0.48957513575286166,0.626069250705486,-0.46258195294763255,0.45534973560014347,0.4480285007382251,0.5602484843617164,0.42038117912393425,0.5281786045900891,,0.9476485826848355,0.35459147163335736,-0.02402550607625276,-0.07614977396528244,3652,37,0.0,0.11,6,0.14,6,0.748395927851921,0.7445173133861293,0.32729776670078004,0.6495748455694794,0.4331161852379961,0.4649581329777539,0.46851875052039504,0.5625257036214821,0.5592821837660296,-30.369435458661798,0.5720187839396096,0.7529168710833912,0.3972328339052703,114.7894971367631,70.91829432667149,-25.788274160353428,-219.5009730774932,-41.03308363442863,-41.70873813377872,22.952937270475402,61.2794120301174,-13.173526178120657
402213,transformer[nse],camels_aus,pub,0.3335908407542377,0.6687301612891521,0.40892081215694476,0.9836065573770492,-0.3849438406848043,0.9836065573770492,0.515424260762797,0.9459459459459459,0.2801008477119097,0.8667196696639707,0.6802213534546303,,0.45680472990855,0.18345750104656153,-0.33513932053491435,3652,37,0.08680175246440307,0.06,6,0.13,6,0.745261359896131,0.7488268918801899,0.45960028923898266,0.0,0.3885504717852415,0.3743424526398611,0.3301474095628386,0.3860187106689231,0.6548281705885916,-13.434355929699096,0.776772554176059,0.7819523823192552,0.31331683969690494,774.3062615656252,91.36094598171003,-52.01443664143793,-43.43461777080801,-27.5983595598102,-66.80199309781867,1168376207351.6846,2135.7941091362054,12.99958365273584
402217,transformer[nse],camels_aus,pub,0.3218577252226859,0.6401040621920081,0.22728225128487037,0.8717949933467194,0.004527204206059021,0.8717949933467194,0.35239832150521094,0.9648338780070541,0.27638731075172085,0.7408703457094687,0.04454512271795284,,0.46113689649457873,0.2972702585100821,-0.3182463369693222,3652,37,0.0002738225629791895,0.06,6,0.07,6,0.4873986342361092,0.49652024842927334,0.9377690115953635,0.0,-0.050256281616014586,0.2026035963234607,0.35208543574333273,0.28446250974712317,0.45546487116927037,37.310792348392056,0.6700382449776967,1.0248201215901327,0.14119139151585103,590.6925648068363,92.22737929891555,21.137967997952828,-18.103577045099875,-47.8621171632558,-43.48418266798007,621.006383331304,596.3250678500256,-0.6976322099800232
403209A,transformer[nse],camels_aus,pub,0.6065023691395232,0.5430810721791988,0.6811525129611938,0.7815925450118707,-0.6729633970439555,-0.11198687377984551,0.6707867671549752,0.8831499087592231,0.6520652756365275,0.49919125151400806,,0.04286311393514834,0.5540419361114604,-0.4854709439174051,0.06342129696032439,3652,37,0.0,0.25,6,0.07,6,0.3790570148999452,0.37281831193184906,0.22190648515365358,0.8606919611672067,0.12004745958820606,-0.008259463909371156,-0.06305291963828563,0.16859148258705792,0.23966993330350406,-72.9266975399894,0.952587621962733,0.9380578555781056,0.2424708976605574,133.91302340620157,110.80838722229198,-65.90745356235648,-22.889635427256955,-13.851905039816964,-78.33444525414421,-96.15958268262803,-73.715983268075,-16.880449592745176
403213A,transformer[nse],camels_aus,pub,0.29086836512587966,0.7440477905781187,0.31852529087813447,1.0,-0.27586271930584544,1.0,0.384376354601234,1.0,0.20953657854111718,0.9382706009176808,0.4136790842824107,,0.4843879816549274,0.3963429541682731,-0.453179425452239,3652,37,0.06133625410733844,0.06,6,0.12,6,0.37642731071258884,0.38138700143320714,0.5385227682287772,0.0,0.5265631915792452,0.14578728014037545,0.5098461414594815,0.4387694810085141,0.655802066658854,16.56365606076432,0.8152777619776704,0.6880674446743972,0.30056160981419244,2241.711203767941,96.87759633098537,-31.477952878998725,-62.07561223970292,-59.12083869341991,-43.17224170414112,11061577796936.035,7853.240524430979,3.9920774391263043
403214,transformer[nse],camels_aus,pub,0.3805936074096581,0.5166698115754976,0.4488313006643225,0.6493380062308861,-0.4326854531764342,0.12391428000399278,0.45632563162381945,0.5735594135313928,0.3794082063887712,0.5958760782090718,,0.03161710555636801,0.4276894984028907,-0.23052326352866045,-0.13607620416583954,3652,37,0.0,0.08,6,0.09,6,0.7932507047308038,0.786341452770447,0.3253433043344569,0.9187067942746854,0.5019670168874989,0.22174212899597712,0.3742436441079464,0.5305691403831816,0.5370272541518768,-39.929960978182585,0.47261829910197334,0.7057145195562446,0.4237904121659005,87.96792019023198,85.53789968057804,-42.00134318427636,-227.76368201743108,1.8195816104491038,-51.73624587092584,-99.99999998896641,-96.14730394210373,-17.15085476232766
403217,transformer[nse],camels_aus,pub,0.44713874866721676,0.7479545014289638,0.6658926894897647,0.9589238359935548,-0.6512019785639128,0.9589238359935548,0.7408922086363241,0.9935881886689546,0.4542870881500883,0.9167930962181191,0.5577517740592881,,0.5491155908744664,0.3460227195389211,-0.30081575276174705,3652,37,0.00547645125958379,0.06,6,0.23,6,0.3252129964556567,0.3277931831423049,0.25536528630250543,0.0,0.20281884579861753,0.003756454647292795,0.13841423252896712,0.19553124685131407,0.4223649880005659,-18.313226930882625,1.561287370822504,0.892850017752916,0.05815538583084279,1104.416624426999,109.8231181748935,-58.58128040754556,79.53858086172288,-69.65630314710424,-84.21785595220449,2185.9040523305953,1752.1692833862803,11.270143838037805
403221,transformer[nse],camels_aus,pub,0.6701646208572278,0.6073767824039373,0.6915446230571678,0.47540983606557374,-0.690999115317869,0.47540983606557374,0.6745005752380041,0.5675675675675675,0.6827649927050551,0.5845678695458116,,0.27878675936567743,0.6497352543592173,-0.47712661666478207,0.0627878384532905,3652,37,0.13608981380065718,0.26,6,0.08,6,0.22698702752791164,0.2264918198629756,0.05316939107953243,0.0,0.2275519124109191,0.15285568363754876,-0.13042828045946653,0.16933520921200018,0.18404119838405353,-78.23538057310309,0.8495255928613872,0.87889025912743,0.20473613173222238,156.4973841054499,129.94705087184357,-77.41182257282627,67.75785127239185,12.60145667043933,-80.45890154941745,0.0,0.0,-10.983755374132521
403222,transformer[nse],camels_aus,pub,0.36680885278728736,0.49460460340385376,0.574316462830441,0.9059510427349092,-0.5547596546600595,0.9059510427349092,0.6417581029875488,0.9932277830147621,0.4609907301784072,0.6520395329416943,0.9021035233943563,,0.35836696672360574,0.07743276893931313,-0.1277957506165664,3652,37,0.002190580503833516,0.06,6,0.06,6,0.42978184702861194,0.43326001616432264,0.3403905871689075,0.0,0.2748411152966814,0.5495954748386245,0.2297932196776976,0.39210298649987085,0.533716719923008,-38.001919625806984,1.1097406796546516,0.851562613495519,0.3876905897862849,2192.2701373225996,71.67339334472118,-48.418544365786246,87.62597363315707,-59.89837101516293,-71.67225703890806,477.4385614002064,263.70481805954006,1.3557137402223072
403226,transformer[nse],camels_aus,pub,0.39858620552190593,0.6998955758406323,0.4853969068926776,0.8797814207650273,-0.46170052365441994,0.8797814207650273,0.48913356938618835,0.8648648648648649,0.384045335402645,0.9037163964199286,0.7038830178205481,,0.5107515633229902,0.2231347817039496,-0.3013093703187264,3652,37,0.1196604600219058,0.06,6,0.06,6,0.5608971622830005,0.5642422443415687,0.41859865968391513,0.0,0.48344545567431774,0.3176460389382695,0.4524977518230051,0.5633117745731655,0.5769950458298594,-22.007279523552533,0.7859726158696817,0.7187172909605571,0.2860483159860955,2892.207473801114,102.15031266459825,-41.37383789458461,-85.87468913254295,-55.15605388081411,-52.35411434884581,3047329187393.1885,5709177255630.493,-3.106761780639153
403232,transformer[nse],camels_aus,pub,0.36664766233149615,0.7182746787478533,0.4865669821092439,0.9994442476197737,-0.45864286602357607,0.9994442476197737,0.5037049272575683,1.0,0.325860686772459,0.8848173870042488,0.4621824561195846,,0.5019259181641754,0.3679161039629165,-0.3516270164163572,3652,37,0.018893756845564075,0.06,6,0.08,6,0.36339121302903793,0.36866121316519257,0.38327570486041,0.0,0.2020658146127038,-0.05006543411012854,0.42136002062886657,0.3533042111210596,0.49168267355706985,21.586486401111483,1.13249054231463,0.8932716190427725,0.07195397518078683,30044.9502277963,100.38518363283518,-20.442778785984455,78.19079104118609,-62.96024559006989,-48.54762919625728,42855.54249978746,967.129524765861,-1.9373684187774338
404207,transformer[nse],camels_aus,pub,0.34302567423073527,0.8283983120861762,0.17508472069136516,0.994535519125683,-0.10534156073505667,0.994535519125683,0.35570998712646906,0.972972972972973,0.1943658928195519,0.9838471216045472,0.09917632993511079,,0.5819456303078636,0.5653633841627324,-0.48537263785544094,3652,37,0.11883899233296824,0.11,6,0.3,6,0.11198912059366291,0.11840453117949008,0.9174464793477908,0.0,0.5400201292667869,0.1524296414147993,0.37197239307421903,0.25314233098922856,0.523721502894249,39.09221680673842,0.845894099769936,0.6782181586578269,0.2160322236076574,7345.091827533595,116.389126061573,-39.36549701711122,-133.14740358691228,-52.1038789841924,-50.30548999513031,3308296203613.2812,5917948484420.776,20.995758788846988
405205,transformer[nse],camels_aus,pub,0.41558622220639546,0.6440063960285355,0.2921876808262384,0.7434537338518186,-0.23941795463773594,-0.7434537338518186,0.30994500267055264,0.7681113573722111,0.30683847830147876,0.6882743529942852,,,0.5379733181034463,-0.5253509777240803,-0.22842017382214003,3652,37,0.0,0.21,6,0.09,6,0.24233033749039168,0.24988409161600597,0.737121452747799,0.0,0.09442857005170391,-3.463725037115325,0.43034720139200144,-0.15335385361332232,0.40711510273245943,-51.79373996574719,0.7843957649590222,0.9516151690406663,0.42199290131049594,66.40041230975012,107.59466362068937,-3.9522217538471223,-1095.2648041633622,114.47767705949045,-30.238064643965572,-88.93421175981045,-87.50639822344543,-11.678169658739225
405209,transformer[nse],camels_aus,pub,0.26551602491331106,0.1988876147097221,0.3915527661684273,0.15665605155485757,-0.3915527661684273,0.02843052001488533,0.4622748482269925,0.13597188442525138,0.29353589099669014,0.19856680773079807,,0.08487346548214163,0.22354981963344087,-0.18519428150564407,0.06662841020358895,3652,37,0.0,0.06,6,0.07,6,0.5280229870985454,0.5183009065349456,0.0,0.992597704398077,0.4958188689225217,0.7006261119123793,0.34969745676162234,0.5480957882127453,0.6034867990969395,-38.47673660973839,0.8533655515976306,0.7100571322629458,0.5943901751739313,35.563840317754334,44.709963926688204,-56.42360048988081,1.0096336549981302,-8.0746644160376,-63.357386850898045,-21.778416732917012,-32.39510519321623,-0.9128518193645467
405215,transformer[nse],camels_aus,pub,0.37510982167689677,0.3015563894972004,0.4319232968984878,0.21950499727516193,-0.4316233936834364,0.10763867424429238,0.42796788122360263,0.4094534912047866,0.3836962162717736,0.2407459665943479,,0.07957238759611197,0.34290337290057776,-0.31961421206508067,0.07355343217969634,3652,37,0.0,0.07,6,0.1,6,0.21559063445112814,0.21467289347384771,0.09469026787958885,0.869707841504882,0.4431478427128409,0.5834948223710298,0.2947805778405186,0.44380449969357394,0.48751380041531667,-50.877891752317396,1.0629572839229244,0.746225272479537,0.4662581244559456,50.66896433988223,68.58067458011548,-41.68363910694678,21.124020065616204,7.6011632761360906,-56.44904002903527,-32.89080959767619,-36.989076647329604,-5.973811188118892
405217,transformer[nse],camels_aus,pub,0.2136875056165335,0.24234918893355395,0.26420316542702016,0.2484688888394118,-0.22834146747035625,-0.07057209672977029,0.25418058784223285,0.36458181697696296,0.2042494441089008,0.24487307299108776,,0.03505923039594564,0.22333117198025795,-0.13792719330434192,-0.02866168331702046,3652,37,0.0,0.08,6,0.17,6,0.8152758540409156,0.8113340873328839,0.5407354859898834,0.825438739178305,0.7710228146400171,0.7676249680297567,0.6253442938060213,0.7394074761755767,0.7454574594963665,-23.826307857626688,0.45776816880644366,0.4785156061822675,0.639279329397045,39.99868186162171,44.66623439605152,-25.278140632121538,-120.87253973051916,7.82969658440063,-33.4525260065683,-43.45472306862197,-44.860346549591945,-7.114680505393896
405218,transformer[nse],camels_aus,pub,0.47199194645627485,0.4067707902940538,0.5224454244871076,0.3222547616922445,-0.5200967549326333,-0.32004209802997063,0.5779798888029734,0.1421136744958348,0.47876290983058756,0.38505223099958147,,,0.4463793018528206,-0.44528034598601335,0.06522115616222107,3652,37,0.0,0.07,6,0.08,6,0.05398750169739354,0.05180667695339298,0.06899859642787509,0.12368333026333815,0.32260925823980946,0.2566814075053,0.11305737663472981,0.3498701035298605,0.3726595860869004,-62.39555403025027,1.6575400848304778,0.823037509327607,0.37085453230792687,59.72678549261982,89.27586037056406,-61.04039688254889,-154.3554088528719,3.3719434642396573,-71.35605885961714,-61.81694669860205,-58.537922800447454,-2.8435625609944566
405219,transformer[nse],camels_aus,pub,0.41023401339079313,0.22475307879341583,0.4653462660665838,0.10652318558235387,-0.46507130361028165,0.02245020335512084,0.4528866785145507,0.214053022778113,0.46419076819990146,0.1569648297806905,,0.06415929954217624,0.32158915780114555,-0.30565159589702723,0.1854809345973773,3652,37,0.0,0.28,6,0.06,6,0.31321898237883283,0.3055103270064873,0.07591221938166037,0.9233279857297554,0.4262386962067156,0.5581066079168846,0.17298085359734483,0.41683454850156176,0.4211351447999019,-57.149921059640086,1.297977017555061,0.757470331955836,0.42111683628781527,46.20341660171006,64.31783156022892,-55.78958833471862,27.052177316438947,-20.511191861848207,-61.87524817692641,-31.759746229238864,-33.967485648403944,-3.8922273674205763
405226,transformer[nse],camels_aus,pub,0.41484294210337164,0.6450419838362587,0.3628404575916492,0.6994535519125683,-0.2147527280033293,0.6994535519125683,0.489634993399606,0.7027027027027027,0.2929921508317274,0.6456908344733242,0.23672507208738403,,0.5430885635509382,0.42556767951175667,-0.23019904173288702,3652,37,0.36856516976998904,0.27,6,0.37,6,0.4214201466784717,0.42815724650576553,0.91921967273793,0.0,-0.22539691151047947,0.3263117528658004,0.405241800755784,0.40460959767576943,0.7152652710584304,14.637540932590102,0.4468373121794891,1.1069764728802864,0.015546584613329806,4033.082905334041,108.61771271018767,-11.534302538745214,-4.738800080189156e+17,-81.73902005873681,-46.02982306291281,0.0,0.0,2.428012910180062
405227,transformer[nse],camels_aus,pub,0.42533701486086667,0.28448513695655253,0.47741128506279046,0.12994091488836987,-0.47741128506279046,-0.06342901841695506,0.5057129427462654,0.13566187919793293,0.45973701521628374,0.24627531707528796,,0.030108683127425744,0.36128309896514277,-0.3556235086417587,0.14085187790431414,3652,37,0.0,0.11,6,0.06,6,0.13279013131401818,0.12295782377817382,0.0,0.6769230817599158,0.36868791845104953,0.38018733215948697,0.13856026598186488,0.3961893030888697,0.409349126889092,-58.58918461233809,1.2189814414726705,0.7945514971032088,0.41160871465839455,51.0517477195246,72.25661979302853,-59.357751209751584,33.021130989507654,-11.741108413587396,-66.97416014558638,-39.40531502851802,-50.507080634779975,-4.346151423672166
405238,transformer[nse],camels_aus,pub,0.43343181685953963,0.8966642007484633,0.2899665818711713,1.0,0.16368779769756733,1.0,0.324365154113949,1.0,0.3011940523095505,0.9986320109439124,,,0.6696476846370047,0.6155733979813203,-0.4632323838889237,3652,37,0.3893756845564075,0.29,6,0.41,6,0.2894581873948201,0.295321547352416,0.8786698124093437,0.0,-0.2297940702933745,0.05213844219533659,-0.3768770041188605,-0.03271009281787629,-0.04084332392450385,102.66730618391738,0.9903364465090352,1.1089608064730576,-0.22537618803425064,1936.2067955325087,133.92953692740093,111.34062975503954,-1.0935032077418254e+18,-85.04500923784722,84.99871107011141,1690310239791.87,2055656909942.627,-18.248606319398185
405245,transformer[nse],camels_aus,pub,0.46251494826700873,0.6235685655088543,0.6697727054598845,0.5081967213114754,-0.6649514654905473,0.5081967213114754,0.8654104559274071,0.5135135135135135,0.43927704304173093,0.6992836208932333,0.6983767117910649,,0.5303371929420893,0.09487816009290376,-0.16105361724184558,3652,37,0.08433734939759036,0.06,6,0.09,6,0.7521318374283349,0.7533491111037339,0.18168818538498427,0.0,0.11766854192389076,0.5885776182085203,-0.1777343828154383,-0.011633476660785513,0.20645977740664512,-67.2252112872455,0.9542005864065697,0.9393250013047184,0.15855341972813208,375.7814258911892,106.06743858841784,-86.7552886339758,13.568681263152905,-47.93099431560899,-93.2345709705915,0.0,-99.999999581222,75.50893320030545
405248,transformer[nse],camels_aus,pub,0.6753644233845134,0.768225625929088,0.4146126174731794,0.7759562841530054,0.2931391330141226,0.7759562841530054,0.3061346532221405,0.7837837837837838,0.5907394909544917,0.7729138166894665,,,0.7449009552053735,0.7206339994292993,-0.09286120254457464,3652,37,0.6596385542168675,0.06,6,0.56,6,0.08819076970714886,0.095256211350564,0.5248155595356433,0.0,0.4042642559702987,-1.5709205959632597,-0.3291894619750335,-0.3063593211240905,-0.313132336837324,124.81100384342518,0.4199936895733105,0.771839195707047,-0.5062830024972651,5679.180826886779,148.9801910410747,53.70376207009702,-3.745648923470326e+17,-73.096988939256,28.72258816574683,0.0,0.0,44.76137643299019
405251,transformer[nse],camels_aus,pub,0.44932691732669944,0.6411888924074212,0.4949655171410946,1.0,0.48425259398427717,1.0,0.4013659964807543,1.0,0.4913879999019175,0.8164262571491887,,,0.4935914877941465,0.4892776420896265,-0.19186197508072173,3652,37,0.062157721796276016,0.5,6,0.08,6,0.14582438348491258,0.1489245936048723,0.19490192959164382,0.0,-0.23348016559687967,0.0725649292552284,-1.109217276732653,-1.0496569913784368,-0.9988931896139082,199.2087581680087,1.1239878730584387,1.1106215222103701,-1.005929981401314,488.01778373483273,98.71829755882918,171.1848900721125,83.87255918626136,12.008877494969322,104.27160702579073,4299962520599.365,649.5625245308424,-10.594503723139079
405263,transformer[nse],camels_aus,pub,0.4076744937840015,0.3269411413885145,0.3782542424185129,0.18736842280282148,-0.3734548710925215,-0.11247862961514522,0.4270451800459086,0.1868228535176486,0.3826540330816343,0.26021769150658836,,0.016715427205854765,0.3888364952891997,-0.32951075344314945,0.08073335239548701,3652,37,0.0,0.28,6,0.06,6,0.5039627347285763,0.497754373969441,0.1488004544453386,0.7217001011064206,0.38904052565830527,-0.17162254963573909,0.2971256335034185,0.4688748734726863,0.48076294674678455,-42.90422008157566,1.205953900085276,0.7816389667497998,0.39264254284942424,59.44981202495018,77.76729905783998,-44.92119451754881,-20.58864095548467,81.59837266981621,-61.3155620535065,-51.02953226598448,-55.016129043087794,-7.28413131961056
405264,transformer[nse],camels_aus,pub,0.4732876446041465,0.3978731154058464,0.4604302924543438,0.2577619057224157,-0.4604302924543438,-0.20785063323478428,0.4790107503819635,0.12802228212097272,0.4744344423626915,0.3777713748613905,,0.020054603842849857,0.4489897105619819,-0.44554830898437237,0.0754145291983001,3652,37,0.0,0.07,6,0.06,6,0.07581785713358195,0.06603714742384699,0.0,0.45804443093530267,0.3168417027596705,-0.01659914892819736,0.14627803982849596,0.3477447364891828,0.3700103995865033,-62.36495534291274,1.1495321367495055,0.8265339056810249,0.37524225473096984,60.155191145333674,89.7979421123962,-53.896522870439284,-109.7063253784957,-5.870566508777735,-63.16209759482514,-62.21656551876754,-64.65692301426695,-7.853017406382879
405274,transformer[nse],camels_aus,pub,0.4197252557895509,0.7973698458809966,0.2252418849901342,0.9890710382513661,0.05874189005559577,0.9890710382513661,0.29001143439665267,0.972972972972973,0.3239881552870697,0.9539049774932551,0.02941021383355979,,0.6014965199247786,0.5836887044568987,-0.3776445900914457,3652,37,0.08680175246440307,0.06,6,0.14,6,0.15005660191872175,0.15971647314491402,0.7735010850538876,0.0,0.7215433508215587,0.1853129276648826,0.3560953708179023,0.2269096079966767,0.33384331336533557,62.23345429324717,0.5908970280037515,0.5276899176395559,0.0742554820989435,5792.728971417837,120.29930398495567,5.033923956798242,-94.57954748931076,-30.457337980482638,-16.730353152935596,1429343223571.7773,27207.327815833098,20.6746671126741
406208,transformer[nse],camels_aus,pub,0.48736802349938485,0.8765572867894473,0.23349659997273556,0.912568306010929,0.1872327656333126,0.912568306010929,0.25746864429517874,0.8378378378378378,0.26942325156150304,0.9151846785225718,,,0.7170523269480663,0.7091249489544914,-0.3891892632900625,3652,37,0.42634173055859803,0.16,6,0.49,6,0.11833574251200332,0.12608541518527056,0.6523469104388264,0.0,0.28803150114484954,-0.2127647716453842,-0.3068706018158551,-0.12331264089880256,-0.1200367649812688,110.47591781997487,0.8953461308391901,0.8437822579641923,-0.20212232322438983,2881.7507753569225,143.41046538961336,67.38265054069375,-9.394847531103645e+17,-83.77630601491931,49.13204805319474,437676906585.69336,1272761821746.8262,7.002554717863139
406213,transformer[nse],camels_aus,pub,0.3891979065669008,0.8779780270533262,0.22911483223759158,0.9562841530054644,0.0289799411694938,0.9562841530054644,0.23782857855080283,1.0,0.2171443322974632,0.9521203830369357,,,0.6492350859365174,0.6058400309751674,-0.4887801204864254,3652,37,0.33953997809419495,0.24,6,0.49,6,0.24536493435100554,0.25536493435100555,0.998505963361113,0.0,0.002063272076677891,0.18417188873104362,-0.041198452241614,0.36379666929941434,0.3608021917870865,61.65585368260343,1.0261833648605245,0.998967831275523,0.16398709050895144,7183.567629639411,129.84701718730352,64.95260028703441,-9.80035660500433e+17,-86.18988035538563,62.56426796716238,594252347946.167,959604978561.4014,-9.571294625976734
406214,transformer[nse],camels_aus,pub,0.5908148914954652,0.8937624565068364,0.39918316002638143,0.9234972677595629,0.15769849881216239,0.9234972677595629,0.3698359180383715,0.918918918918919,0.41712194037638944,0.9233926128590971,,,0.7710119773340331,0.7477789231530729,-0.3029475650113712,3652,37,0.5117743702081051,0.08,6,0.57,6,0.16795473191983348,0.17654686375856263,0.7942873623701401,0.0,0.5021178319058932,-0.6228684450940727,-0.1376244468844119,-0.11626992867792652,-0.10224315680705476,106.12506570028715,0.6002205692903821,0.7056076587552793,-0.33523611647826024,4322.23051742822,154.20239546680662,59.72191139609317,-8.171732840701364e+17,-83.83542965305546,38.51890919415669,20122528076.171875,385475158691.40625,22.928910419213626
406224,transformer[nse],camels_aus,pub,0.6037416530038977,0.5687139812119069,0.5340796212598443,0.6120218579234973,0.17543529640799296,0.6120218579234973,0.5671929784522166,0.5135135135135135,0.6532458439020871,0.5540355677154583,0.035821445858419135,,0.5842066571446949,0.5644640109980983,0.035027671791990844,3652,37,0.8940306681270537,0.06,6,0.09,6,0.04572425957916359,0.05609847989221306,0.74299623599747,0.0,0.3759865356082166,-3.7570875103814263,0.3045721977061674,0.40494951908428845,0.25810028167749877,-22.955759728547996,0.536173232387594,0.7899452287290452,-0.11350723949644914,4307.724599881976,116.84133142893897,-53.03275086277312,-0.0,1028978464675775.5,-61.67371475185929,0.0,0.0,146.86872026873093
407214,transformer[nse],camels_aus,pub,0.4564867249248095,0.8485844054212734,0.29799818100367537,0.9632342783044027,0.1924575628671236,0.1763490324027638,0.28907973985809804,0.970575041091553,0.3033999037266241,0.926400541637983,,0.09115301014120071,0.6650564815546193,0.06185556369393487,-0.39209768049646393,3652,37,0.0,0.26,6,0.14,6,0.8261619975183939,0.8245462499092955,0.7649785305059724,0.976982300789988,0.742057343555147,0.3346888813399893,0.34496684052660886,0.25808745680762757,0.2949499783836792,64.14438641951818,0.4735925660930979,0.5078805533241582,0.058873922398640866,1082.286017053701,133.0112963109237,36.242294832173926,89.67890533934576,21.961870713082213,17.647103994895748,-99.99999966402368,-99.99999978499895,7.0748933361200645
407215,transformer[nse],camels_aus,pub,0.33636477817494925,0.7792801248842048,0.25581316166400736,0.8961748633879781,0.11909268412969495,0.8961748633879781,0.24812059049638713,0.9459459459459459,0.22363295987873674,0.86593707250342,,,0.5565349634232514,0.5079863064463743,-0.4429153467092556,3652,37,0.3138006571741512,0.38,6,0.31,6,0.33796453304802737,0.3462450903018224,0.9099069491402307,0.0,0.6138817697546612,0.34666437078604684,0.28506369424478284,0.40067143061049537,0.3934303740805025,58.361772338391724,0.6081330241265301,0.621384124552067,0.23003839747741917,4914.028275163743,111.30699268465041,57.92066821156897,-8.412512922919203e+17,-85.98063053516616,38.45554608706271,72324275970.45898,437676906585.69336,-6.343518892330938
407220,transformer[nse],camels_aus,pub,0.6088975113433356,0.6677274339600263,0.5092080918214477,0.6830601092896175,-0.3489212216881869,0.6830601092896175,0.8795228456645532,0.6486486486486487,0.5478039801871576,0.6566347469220246,0.10960033224460847,,0.6510961564730725,0.5953036588401369,-0.05882992261669073,3652,37,0.7806681270536692,0.11,6,0.54,6,0.11148740565928993,0.11599124700604019,0.8681526778908552,0.0,0.08503839404046465,-0.8313407267116242,-0.10171118964080783,-0.1132551089837266,-0.04665033537854768,-69.72599642621917,1.702218831608844,0.956536254388476,-0.010571860076174167,2834.0200506208294,130.21923129461453,-81.25342450234776,-9.586769931241955e+16,-60.51533947874656,-83.90649910570332,0.0,0.0,-23.228798213607682
407230,transformer[nse],camels_aus,pub,0.5000720847210142,0.8178618482752916,0.28849222457612544,0.8579234972677595,0.07248857970925295,0.8579234972677595,0.26653334147224433,0.8648648648648649,0.2993459336001346,0.8440492476060192,0.025987960455853477,,0.690355210867264,0.67296789656908,-0.31778976355427746,3652,37,0.5769441401971522,0.16,6,0.32,6,0.13138139118953557,0.14137798190622697,0.9722162030255038,0.0,0.741346561605998,-0.32323140986530574,0.4360131180031803,0.325943417061483,0.3836115843720027,54.79466990358502,0.5674070493249836,0.5085798249970225,0.09188536471568531,2455.0379728657776,138.07104217345284,22.75492944106212,-6.351822892841211e+17,-83.23029923080452,3.711747337301725,0.0,20122528076.171875,34.28150866881952
407253,transformer[nse],camels_aus,pub,0.5027087407206474,0.42331966521001907,0.6294799198018061,0.2677595628415301,-0.5934663871944615,0.2677595628415301,0.6081259022587683,0.2702702702702703,0.492672047037547,0.2640218878248974,,0.533036746543641,0.48196654053673876,-0.1515026162121081,0.07938907551062835,3652,37,0.2502738225629792,0.1,6,0.25,6,0.672906866185701,0.6704286485203613,0.4314071010670307,0.0,0.3314247262732475,0.21161854525068213,0.04201384252549634,0.29146263653726623,0.28180189850620796,-58.76729678758182,0.5194384295023624,0.8176645239502277,0.24470494247815244,617.6715784773604,96.39330810734769,-64.71179550128133,99.99999999999991,198.28445522529717,-72.41445704197312,0.0,0.0,35.175665899890795
408200,transformer[nse],camels_aus,pub,0.8466244294351251,0.532471919862159,0.8305865273094268,0.44808743169398907,-0.41056242429357526,0.44808743169398907,0.37999313356153464,0.2972972972972973,0.8966187336322571,0.43502051983584133,0.02083209870569079,,0.7104388049403293,0.4998593654528525,0.31415250957296603,3652,37,0.4882256297918949,0.16,6,0.06,6,0.30822743129193936,0.31748784061852825,0.8865812834095725,0.0,-5.707941251645716,-6.361793580207166,-2.946179692402594,-2.242869354306257,-2.3016016900247043,322.60582450308027,0.3356642021663708,2.5899693534182435,-2.534831753735331,394947.3968312098,142.08776098806578,156.00317055586711,-0.0,135.87305167047018,123.76400029495903,0.0,0.0,65.6518105183132
408202,transformer[nse],camels_aus,pub,0.5223732925579744,0.6617628762481482,0.46901794682899295,0.6939890710382514,-0.31754909899872563,0.6939890710382514,0.8440768252693054,0.6486486486486487,0.37936320210001173,0.652530779753762,0.12958141897270242,,0.6094734929704151,0.5524205370378605,-0.13938958369017385,3652,37,0.5197152245345017,0.13,6,0.51,6,0.15305272044883358,0.15989277329414764,0.9057533894324805,0.0,0.13724766856909765,0.026154773476385174,0.2473338170664141,0.23821481111480158,0.307662938296994,-44.36845845294186,0.9822036393441058,0.9288446217914503,-0.00265204012456155,1761.489519945751,121.89469859408308,-66.53361185681406,-3.427180926290706e+17,-77.18704862533072,-73.84376055294642,0.0,0.0,-6.0698414653310975
410057,transformer[nse],camels_aus,pub,0.2868206792189596,0.2368308121872338,0.38408273708243784,0.3575638292226784,-0.36207149652060455,0.35691125058130246,0.39446031058555686,0.45192719878089926,0.342172316535276,0.2621798811199328,,0.7416160700566092,0.23723768222134586,-0.07695876620555131,0.04998986703172578,3652,37,0.0,0.1,6,0.06,6,0.6539589237122857,0.6570744823307849,0.27532798416001303,0.15843548752232345,0.49114365657687253,0.6967336696389888,0.36125189495586185,0.527744915021209,0.6265428784349565,-33.0508399471184,1.1076002605317572,0.7133416736901943,0.5209216796968061,48.17995031069513,47.447536444269254,-41.59596209441719,33.053655130685804,-35.29390018724804,-57.0513997496453,36.69492483362352,14.061026912432327,-5.2243978586939965
410061,transformer[nse],camels_aus,pub,0.6389092210361128,0.6828477495657933,0.6311772985219739,0.6904665256808883,-0.6150665058071263,-0.2820934679075097,0.5896147233032355,0.7291990731343724,0.589955277034572,0.642567975891654,,0.030405019056222345,0.6751096935212035,-0.6258211903791999,-0.0439385285296805,3652,37,0.002190580503833516,0.3,6,0.19,6,0.34242873477281266,0.3356878057832941,0.23835655240465883,0.9219985478487869,0.36460853123079373,-2.264906656179596,-0.020170663978284153,0.27221666848920156,0.17434551168179413,-71.4305156177187,1.1413250462882167,0.7971144640321152,0.25565921742227027,83.35981221855079,135.0219387042404,-66.45648956303486,79.22534033868594,67.5710453290599,-74.55698800605033,-99.9999999956868,-99.99999999764994,-18.363972791619318
410705,transformer[nse],camels_aus,pub,0.3933025250448684,0.8383169171441901,0.29175058776684465,0.9562841530054644,0.05504966923303817,0.9562841530054644,0.2827720408795875,0.9459459459459459,0.29948601727571034,0.9729346426386272,0.02889137656569855,,0.6095575144050736,0.5212186799168703,-0.4450143920993217,3652,37,0.08625410733844469,0.34,6,0.32,6,0.4668325181985037,0.47684145762558733,0.9601814097647328,0.0,0.5254941103929887,0.02424158043919078,0.48621471321481124,0.36782836477484826,0.5321253145861803,34.642616729031786,0.6404250237029498,0.6888438789791278,0.0966543944770637,3750.9736590946213,121.91150288101495,-5.474525232376584,-126.60289581347604,-64.78338731721041,-25.815849622761785,698637962341.3086,14035.170155532829,15.675685078437798
410730,transformer[nse],camels_aus,pub,0.4651005540634123,0.7264883101282791,0.2950380074431649,0.8885879005039304,0.28320607762575795,0.8885879005039304,0.1795172392762507,0.9383902196415771,0.3923406404267899,0.7967605330560795,,,0.5984457542842455,0.597843977105443,-0.2613877560648668,3652,37,0.0,0.06,6,0.06,6,0.01492908693577029,0.02080553307875071,0.2497841918656493,0.0,-1.6807414105810041,-1.1899347985894644,-1.2579268526269942,-1.2351082430171827,-1.1781887746718143,216.81632399661214,1.9513434587476095,1.6372969830122464,-1.187214511456482,476.09556688398095,119.68915085684924,60.21114438316569,60.28110957749942,-41.23673699642036,26.707589155351407,760.407719415509,573.7416757677944,1.7435936538195203
410731,transformer[nse],camels_aus,pub,0.4680127835474593,0.7555452718634368,0.3066548090916603,0.998252045179239,0.2197977741067358,0.998252045179239,0.1808878386048135,1.0,0.4126962578974032,0.8632319547877884,0.010291172154908029,,0.6010445089550904,0.5929601334913595,-0.2875324883159775,3652,37,0.03806133625410734,0.06,6,0.08,6,0.1134926029866902,0.12299597968640043,0.6334503120152533,0.0,0.6075197683718231,-0.2615731656598437,-0.3608413496422216,-0.49630754762130835,-0.36463070033802114,133.8766832513638,0.48223272086859253,0.6264824272301474,-0.5541287951662404,3585.2290920267455,120.20890179101829,9.294246710960573,82.26147174453855,-20.442661903143232,-13.929223311186021,32957.68983491478,934.7093561060832,16.777681603379648
410734,transformer[nse],camels_aus,pub,0.4143069387885274,0.7344399099417871,0.3257655085677804,0.9985869011533451,0.30558227924415715,0.9985869011533451,0.20951406910945183,1.0,0.37439824177089703,0.8760240288013357,,,0.5519943924986207,0.5346271578885718,-0.32013297115325967,3652,37,0.03943044906900329,0.49,6,0.08,6,0.2665857564860536,0.27084804305603505,0.33740143271042694,0.0,0.3143120970385309,-0.009230600427056812,-0.4012412971717172,-0.43560712178689553,-0.368129585588564,135.2012061227863,0.6560106622832027,0.8280627409571506,-0.4428368252360808,1921.719734976492,110.39887849972416,64.50050987337528,-44.65782769144043,-17.821165448477668,28.305475434482457,8110.5732623919475,1690.548268353433,-0.5194786076870289
410761,transformer[nse],camels_aus,pub,0.43924691811694433,0.5995501466925306,0.36829720431739715,0.8287193630653854,-0.3119429770836169,0.044311384855114815,0.268118010080035,0.7209016961921274,0.4192813717762069,0.6537098836979789,,0.019133031798719995,0.5071284857921188,-0.29487103568013207,-0.16030322857558627,3652,37,0.002738225629791895,0.1,6,0.06,6,0.7510946191110633,0.7478030454395075,0.5433448393212794,0.9846214264127291,0.7316678933702553,-0.12838197894986814,0.6045157923592581,0.5752914279095793,0.5364735100676872,-32.817927164949964,0.1919535524377312,0.518007824873085,0.40114614955654293,150.6928536994948,101.42569715842357,-18.835886929239955,63.060249791675716,-10.112713938618109,-30.067008832910513,-99.99999994274884,-99.99999997699386,-22.09249878149391
412028,transformer[nse],camels_aus,pub,0.3020253872550969,0.7182653062541962,0.27434445577351135,0.9672131147540983,-0.11450703563300678,0.9672131147540983,0.3014279941875318,0.972972972972973,0.29865934356069884,0.9710913757992574,0.5942442802551133,,0.4668500938207841,0.31084078789779374,-0.41623991899909923,3652,37,0.14786418400876233,0.19,6,0.19,6,0.5131536024046351,0.5217434127750612,0.9501453846927564,0.0,0.6535405625951165,0.43632507545723853,0.6141017878192063,0.6457727684541981,0.7955301464135193,-5.229341593053051,0.26339961295760517,0.5886080507475951,0.4222847558788899,6604.827090142743,93.37001876415665,-21.14921969951294,-163.9350163672308,-56.90644746740158,-40.797214892115264,959604978561.4014,1377147436141.9678,6.956600746333288
412050,transformer[nse],camels_aus,pub,0.35159074123575706,0.6131131080544188,0.4842853938044151,0.9148607106707325,-0.3789658340701323,0.9148607106707325,0.34541605466188047,1.0,0.3642897121591933,0.769251975125658,0.7036837264545689,,0.4341573966526834,0.2039872969810249,-0.2615223668186617,3652,37,0.012869660460021906,0.06,6,0.12,6,0.615499173221273,0.622630640707658,0.7849032951309877,0.0,-0.10349994121807682,0.29026945954836425,0.5131853138951803,0.5311013724911247,0.605058044761376,3.814249551413451,0.7315295060035168,1.050476054566727,0.16760773539422646,574.2475314446024,86.83147933053633,7.17424995177868,-18.739451689678884,-52.52691379464832,-4.340715695203448,292.122398037085,289.1665084773961,-10.658004315161355
412066,transformer[nse],camels_aus,pub,0.27174708427548844,0.6542806719181427,0.3273531344584962,0.9726775956284153,-0.2858411333362717,0.9726775956284153,0.4629376090171079,0.918918918918919,0.2613139151365427,0.9116348596155934,0.630728012709957,,0.40855907831343474,0.2645711795585263,-0.3825335876426542,3652,37,0.06818181818181818,0.63,6,0.16,6,0.5346582706654676,0.5406672646192715,0.6862658525357056,0.0,0.5098290606696692,0.5465673836884931,0.3417554450351794,0.47148162572570096,0.663626168624619,-26.685748520214357,0.4217804756490735,0.7001220888747413,0.43834396501474415,1368.3859980538623,81.71181566268703,-52.79434827972956,-65.56243073310334,-47.68714446571695,-62.6852806158181,1011794805526.7334,4488.019021658969,16.852437207082122
415207,transformer[nse],camels_aus,pub,0.5540886942751537,0.8303853367126185,0.2852585781480737,0.819672131147541,0.08423664325031312,0.819672131147541,0.2774310359100537,0.8648648648648649,0.36936965628283436,0.7961696306429549,0.028195020384361405,,0.7362048007186524,0.7095499865279731,-0.27629664243746477,3652,37,0.27683461117196057,0.07,6,0.28,6,0.12520499599210896,0.13560112683206518,0.804473785791691,0.0,0.5722374380147428,-0.5381972627890075,0.39117759382369366,0.2624630998609213,0.43916694801046074,42.135557385007274,0.5561657265432352,0.6540355968792961,-0.05392514517058644,11577.824430194778,147.24096014373032,-20.085294878130217,-2759.7809926825025,-70.71418681943268,-35.22557576723831,0.0,281095504760.7422,39.96280749668148
415226,transformer[nse],camels_aus,pub,0.6041299753731956,0.5832907570771668,0.7138804981403922,0.6120218579234973,0.6306429794896997,0.6120218579234973,0.3486885735630334,0.5945945945945946,0.617771016039876,0.5690834473324213,0.011987440117258273,,0.5913446365621986,0.5871736437053868,0.02083921829602875,3652,37,0.9449616648411829,0.07,6,0.11,5,0.016112266985698433,0.024225048230289762,0.3222453397139686,0.0,0.5279525776500384,-7.412076261410652,0.30787461399375415,0.18629080748627203,0.08601622787705054,45.349245642212146,0.6119811311563275,0.6870570735753774,-0.4863864717113211,30323.10520796326,118.26892731243971,-7.162969568231497,-0.0,1040680391331182.9,-34.01776966664401,0.0,0.0,101.74427720033084
415237,transformer[nse],camels_aus,pub,0.604476024658498,0.5947239887399278,0.44743673652449656,0.5901639344262295,-0.014690087843150726,0.5901639344262295,0.3973536628974889,0.6216216216216216,0.5749799503996202,0.5622435020519836,0.053476558738717414,,0.6165854666656367,0.580336915984609,0.009752035918570212,3652,37,0.6804490690032858,0.1,6,0.2,6,0.11307358255310412,0.12301019134535998,0.9429548104934351,0.0,0.7805283438571402,-1.3054435027839073,0.5022583180467042,0.36923093518214334,0.40185079538645563,36.478881951787805,0.3637667300776548,0.4684780209816249,-0.10245544799529216,4862.555186239545,123.31709333312737,-11.512248053272911,-2.043080170608667e+16,-50.12962379118441,-27.734910086561676,0.0,0.0,88.09543865060967
416003,transformer[nse],camels_aus,pub,0.3336377265424341,0.7203285723415545,0.2838589417938948,0.9617486338797814,-0.17700040135245707,0.9617486338797814,0.2474014055415641,0.9459459459459459,0.35354540725160327,0.9478973010795064,0.6660404012531158,,0.48730607968051004,0.27042470359359383,-0.38669084579912033,3652,37,0.10679079956188389,0.06,6,0.2,6,0.5180018913441686,0.5259273648284656,0.8188050901772781,0.0,0.7396109356273379,0.4125646756828474,0.6150608318548033,0.6626792982841397,0.6542084141118605,-7.392758924854162,1.2249752596333638,0.5102833177487405,0.4270674357671873,989.1193472424536,97.46121593610192,-9.574307498248498,-101.41813723538311,-65.74998058673255,-16.536833114302226,855219364166.2598,1324957609176.6357,-1.6427633693352526
416008,transformer[nse],camels_aus,pub,0.4904414543498683,0.7204381190548609,0.5427956087905559,0.7049180327868853,-0.5189140614724265,0.7049180327868853,0.6196951072156099,0.7837837837837838,0.43627406324931184,0.7318741450068399,0.45534428988261183,,0.6020767555915032,0.3389188076181226,-0.22999666470499258,3652,37,0.20153340635268346,0.13,6,0.21,6,0.5140765510156103,0.5174679921471645,0.32972819572730855,0.0,0.470399557821793,0.4393055061602198,0.33059910318731833,0.42757621321497186,0.42548534519061965,-46.003575256577925,0.7715660837500896,0.7277365197502507,0.22893380606962366,1765.4797355518085,120.4153511183007,-55.6142966592184,-254.0424399852866,-63.83646365290842,-60.17583343613349,0.0,72324275970.45898,-1.7234071164095182
418005,transformer[nse],camels_aus,pub,0.5960682204728396,0.6038371606240057,0.6946817346041321,0.5792349726775956,-0.6940537583657468,0.5792349726775956,0.7204534568740508,0.7027027027027027,0.6492166311791514,0.6578111690612847,,0.7147384441146734,0.5814307188367621,-0.17455336729797932,-0.007768940151166137,3652,37,0.1328039430449069,0.33,6,0.07,6,0.5877043462315742,0.5876767966504896,0.0399865086108841,0.0,0.38197526577967345,0.27489429391911246,-0.0442615469820391,0.258083266382803,0.13370057944940006,-73.28116424358893,0.7240276398105692,0.7861454917636599,0.20481808710578064,440.5220744647784,116.28614376735267,-77.10998600824189,37.012439657308846,-34.45429135635607,-79.69282018006473,0.0,0.0,4.4419530379614365
418014,transformer[nse],camels_aus,pub,0.40096700013083764,0.649714994944275,0.47314887220085616,0.7431693989071039,-0.451451626525807,0.7431693989071039,0.548275520674338,0.8378378378378378,0.4217413096922618,0.8203334856426651,0.8279044289735521,,0.4907814263586974,0.12382880091427344,-0.24874799481343735,3652,37,0.12979189485213583,0.44,6,0.13,6,0.6487481761525252,0.6518237347006575,0.4244286434040033,0.0,0.6096353856068257,0.4707142215578288,0.298526302687285,0.5121369774253606,0.4293575973571345,-46.22094689075404,0.4447162634790496,0.6247916567890246,0.3596343849455974,1808.996549612636,98.15628527173943,-53.424419159925726,-76.62530903215819,-57.58021291402903,-61.926773808382386,0.0,176703929901.12305,19.237974165934382
419005,transformer[nse],camels_aus,pub,0.6915089511426147,0.7497417648060366,0.680824565725808,0.8229934750557446,-0.6734789275710817,-0.6828243022303269,0.7021553866922609,0.32432432432432434,0.7010717749421991,0.7952382908418987,,,0.7153644189065793,-0.6714563953414039,-0.05823281366342192,3652,37,0.007119386637458927,0.57,6,0.06,6,0.296565399911918,0.29679999439710525,0.1162404105711412,0.5533987446891999,0.35356514710192777,-0.43503471956476636,-0.05570778598378534,0.11451056974473073,0.17677911747043185,-76.97506623471281,0.6017083656811831,0.8040117243536142,0.20309772167123374,91.37241915455034,143.07288378131574,-73.36119247441343,99.99999999999999,391.8531689275327,-77.86391071332521,-99.99999989155118,-99.99999997252445,-14.69879653177548
422202B,transformer[nse],camels_aus,pub,0.5503931826645513,0.2465577787537196,0.6468077734649976,0.19672131147540983,-0.5864347936378422,0.19672131147540983,0.5968723247114588,0.2972972972972973,0.605889064171433,0.2024623803009576,0.7496451779986721,,0.3856383816931216,0.04664824147837391,0.3038354039108317,3652,37,0.6377327491785323,0.07,6,0.51,6,0.35274231011542123,0.35100515187127024,0.48865723313532855,0.0,0.44099406060631374,0.3785665498828328,0.3584462350079226,0.2022875005763457,0.31600636321857634,-49.95202976701489,0.5393068658491542,0.7476669976625198,0.20072883112775375,1276.373694681671,77.1276763386243,-49.92286573507273,-0.0,8.69212588307931,-53.17090794297125,0.0,0.0,-6.329143141390126
422306A,transformer[nse],camels_aus,pub,0.5414776600236454,0.9094600369704532,0.3070905124377557,0.9890710382513661,0.14300053293153156,0.9890710382513661,0.19317884010039632,0.972972972972973,0.4276309210920758,0.9931600547195623,0.023109127944907402,,0.7406013649077757,0.7301452973672996,-0.3679823769468078,3652,37,0.22535596933187294,0.08,6,0.44,6,0.080882843121025,0.09083046079511269,0.8418828457472312,0.0,0.8333848588197792,-0.4641583990200133,0.399973853703001,0.2508982459874475,0.36280027292105355,53.97260145341492,2.161035717250896,0.4081851800105203,0.09334084709990509,2142.3436547265173,148.12027298155522,1.8262881195419216,-515.8668608113547,-59.80791196467447,-14.772392562456103,3725838661193.8477,4821890592575.073,41.650003600904775
422313B,transformer[nse],camels_aus,pub,0.44460387208493374,0.886173094936499,0.27276067913774815,1.0,0.021596080314366536,1.0,0.218451870789488,1.0,0.2858232884789679,0.9783970870813005,0.03811955704179067,,0.6782997359827483,0.6486648020785213,-0.44156922285156525,3652,37,0.06325301204819277,0.13,6,0.43,6,0.18990712154825742,0.19987641862906283,0.9942046499426489,0.0,0.8192489515997805,-0.07993627664242653,0.5867809665354025,0.45777769221766385,0.581818094685113,31.626533171294042,1.9278304555834382,0.42514826637329656,0.2734641654485661,4279.987123319548,135.65994719654964,-0.008555053086927883,-98.58378929919522,-66.31933105070691,-15.225030560509978,2942943572998.047,6640.341239941294,28.279626272621748
422319B,transformer[nse],camels_aus,pub,0.44060658364013683,0.834114770257255,0.4469445577939344,0.9453551912568307,-0.19628105489423134,0.9453551912568307,0.47303202320835636,0.972972972972973,0.38440147735330077,0.9398084815321477,0.5098661199140466,,0.6228671260629507,0.4416673573323429,-0.39350818661711817,3652,37,0.3953997809419496,0.09,6,0.4,6,0.4742931583228298,0.48236565467025855,0.9769701897107697,0.0,0.6793989336816202,0.30390588268061647,0.4092532881266374,0.5552186361187118,0.5351243012710187,-26.599959108075833,2.8182188392896035,0.566216448293742,0.30373381272088995,1502.404234387529,124.57342521259014,-40.000825645950066,-9.492934083127173e+17,-88.034671199124,-53.48958825492623,542056560516.3574,1168376207351.6846,30.74262508878939
422321B,transformer[nse],camels_aus,pub,0.30248904172149726,0.4113833141842524,0.2007564466876079,0.6918728828024173,-0.041387465051063436,0.688782976244106,0.14707696397998707,0.9427004432720918,0.2619678033636951,0.39860400463572776,,0.48559979479207843,0.3492593673627167,-0.12997547267636508,-0.10889427246275513,3652,37,0.004928806133625411,0.11,6,0.06,6,0.6617737156316481,0.6716953850510287,0.9945431858819476,0.08940035271669852,0.9141772207335442,0.5541228102401661,0.8753947171596234,0.8035220719172403,0.7303316075801702,-11.582363776637038,1.2225745703260018,0.2929552513037712,0.5756148710415007,108.35042642939527,69.85187347254347,2.7794467321498004,-2.657793419891918,10.952298395237161,-6.1916158306576,136.0796040643181,36.99539240235806,-18.24175701226248
422334A,transformer[nse],camels_aus,pub,0.5230614960937774,0.6658599560647845,0.42512306949091433,0.6010928961748634,-0.020587200977573092,0.6010928961748634,0.36692854556826365,0.5675675675675675,0.40115100135259313,0.5772913816689467,0.06539127070970904,,0.6284448154412072,0.1591836417245921,-0.14279845997100715,3652,37,0.21987951807228914,0.25,6,0.22,6,0.7522800994558261,0.7624561727818667,0.9936131592176458,0.0,0.7288406681039792,0.021595841787673264,0.5516190490223274,0.5933876759438048,0.45847609794240074,-7.091747770614321,1.4812462775932917,0.5207296149596456,0.26821018240389516,1377.9959047711213,125.68896308824145,-23.51057151547048,66.51577507837204,0.9168717337237285,-34.474087417969045,0.0,0.0,84.65415170147483
422394A,transformer[nse],camels_aus,pub,0.3441436221085159,0.6432917250881175,0.2779750094142304,0.9726775956284153,-0.19918489803300193,0.9726775956284153,0.23197880604698973,0.972972972972973,0.3319311369463807,0.925408097953013,0.9715137512690719,,0.4493485805063803,0.027545751251249726,-0.2991481029796016,3652,37,0.1484118291347207,0.06,6,0.17,6,0.5394711781028623,0.5480828145870195,0.7490772017771198,0.0,0.8145092918311233,0.5505588997496285,0.6011270894562348,0.7317653651942597,0.6405238585900095,-24.965518746377366,1.3756490288106338,0.4306863222449451,0.5287759781719733,675.8659629114849,89.86971610127604,-20.251735241729655,-112.37090949113114,-36.721578283831086,-23.156187643244973,1063990592956.543,1638114452362.0605,-9.795846036701384
424002,transformer[nse],camels_aus,pub,0.6842085911618359,0.9554413338952688,0.6384090122721174,0.9781420765027322,-0.5319298920174244,0.9781420765027322,0.7765754679020201,1.0,0.46746904230601405,0.9767441860465116,0.2332279628427438,,0.8396099299696583,0.7076531256190359,-0.2712327427334329,3652,37,0.42059145673603504,0.06,6,0.69,6,0.2249513868153641,0.2264547412885573,0.6417247440149196,0.0,-0.3501382785385909,-1.2431862500748547,0.1946461910374061,0.17130000539505463,0.332438186976318,12.756733741079058,0.1711955511111822,1.1619545079471016,-0.4840358763497141,101598.49682228109,167.92198599393177,-28.21328529559912,-9.126836741837793e+17,-91.32253562188134,-86.35638739148652,385475158691.40625,698637962341.3086,15.04372015603792
424201A,transformer[nse],camels_aus,pub,0.6657478816837891,0.9556531921612297,0.6750543353704005,0.9836065573770492,-0.6377529467204933,0.9836065573770492,0.7557476353887441,1.0,0.4731704948792174,0.987688098495212,0.27302188301210273,,0.8244126808690391,0.6815168214311822,-0.2899053104774406,3652,37,0.45947426067908,0.06,6,0.63,6,0.20123212507910318,0.2028152475359682,0.4484542197129702,0.0,-0.03634474596390325,-0.7050585834704588,0.13710259488167043,0.2148646877228224,0.26742081524615546,-34.808685603585,0.35289068971873494,1.018010189518702,-0.1333763958328551,84116.07211194337,164.88253617380778,-55.680557650450716,-9.502093031141196e+17,-91.4533895648469,-82.33833722034294,489866733551.0254,803023576736.4502,31.459516079575362
604053,transformer[nse],camels_aus,pub,0.5268700059977829,0.9349235729672998,0.42882816397706813,0.9990351642848183,-0.40510396354099887,-0.9791069122179139,0.4128264446615611,0.9952279747059936,0.3580785054537828,0.9992887275666856,,,0.7466383296147541,-0.6735470761384365,-0.4080535669695169,3652,37,0.0,0.07,6,0.5,6,0.4055133790774446,0.4065825960589216,0.24040259726121738,0.06166062536562376,0.007560838561940564,0.2644562248276312,0.3746066721361133,0.19240770930983553,0.5589892663088551,-36.61423108995761,0.18261125744071424,0.9962124077916613,0.31012395539435256,394.8969837392072,149.3276659229508,-18.084533030381873,99.9999999999999,187.73903770631753,-53.04804310404961,-99.99999978701062,-99.99999982892736,-18.41543671947778
606001,transformer[nse],camels_aus,pub,0.3409766877924782,0.4272776088529496,0.23595728392095858,0.36065573770491804,-0.16359588160594246,0.36065573770491804,0.26267255892745206,0.35135135135135137,0.2009128403717662,0.31874145006839943,0.3337487866688083,,0.4291681697731576,0.272340358828923,-0.08630092106047138,3652,37,0.338170865279299,0.29,6,0.18,6,0.43812636371893815,0.4460318562216217,0.7473969430812079,0.0,0.694958164140927,0.6272299739738434,0.8356497945756236,0.8271049542225921,0.8383560962113292,3.071315830446369,0.1690972644109643,0.5523059259677312,0.4886893626302561,4035.7563507593027,85.8336339546315,-2.596126745948697,-7.024517463117393e+16,-68.01046010125143,-16.66961650761779,0.0,0.0,4.888008218423015
606002,transformer[nse],camels_aus,pub,0.5217996979970234,0.7019246416420165,0.27221326981926985,0.7158469945355191,0.1856373445819256,0.7158469945355191,0.299693712809744,0.6756756756756757,0.34667012356842253,0.6867305061559508,,,0.651381187289384,0.6459407360140667,-0.1801249436449931,3652,37,0.5216319824753559,0.16,6,0.18,6,0.06645549021161429,0.07439140251173133,0.6887885942915248,0.0,-0.6643325431016285,-0.2699767336333192,-0.7323129388197214,-0.500447027289866,-0.4956195131182479,147.42031884950947,0.2460197468811852,1.2900901298365275,-0.5653282933698567,2001.0673804596531,130.27623745787676,87.82234405320358,-4.469240889980305e+17,-77.67091508465954,66.56814818272083,0.0,0.0,12.19160618037998
606185,transformer[nse],camels_aus,pub,0.4392107800922161,0.575407493239764,0.32958762664862457,0.33879781420765026,-0.3044742301371733,0.33879781420765026,0.38121637407022596,0.43243243243243246,0.259131818593104,0.6272510970616376,0.5096371226273968,,0.5407313843758258,0.08852309642855011,-0.13619671314754794,3652,37,0.08406352683461117,0.19,6,0.08,6,0.6704721254889451,0.6728612057146951,0.41582524292674733,0.0,-0.032999389915429944,-0.2589992907592382,0.2785519625796097,0.19369989693568723,0.2794548153765448,46.62971721927248,0.4388984230528985,1.0163657756513793,-0.2972562948170716,572.9773277298378,108.14627687516527,-4.29148456082661,48.666688518461136,381.15917448186275,-55.18199842834333,0.0,-99.9999995644087,3.009903954460648
607155,transformer[nse],camels_aus,pub,0.4407577585797611,0.7462678743461242,0.4903050806956079,0.8415300546448088,-0.4845080956655123,0.8415300546448088,0.5110057274485594,0.8108108108108109,0.39877982659662903,0.8385772913816689,0.6565967293722861,,0.5797066170975216,0.2925343491647821,-0.30551011576636306,3652,37,0.3436473165388828,0.32,6,0.37,6,0.29846843167302467,0.29992895467108616,0.25579863386942636,0.0,0.354888183358937,0.06983206806661302,0.3242913836647706,0.4360910223080693,0.41250672300348235,-25.148134642242127,1.0561979349101465,0.8031885311936812,0.10742790761080934,324.78956730728015,115.94132341950431,-47.280681172145435,-7.949465001538948e+17,-83.4283972121311,-66.17003671751245,0.0,618290901184.082,14.80535040471825
608002,transformer[nse],camels_aus,pub,0.2763598363695427,0.4128499312406328,0.33065981766369584,0.7809110784432522,0.29633425086683246,0.1097435255932705,0.3327065641954493,0.8225377441671131,0.29066926841062396,0.4837474559300241,,0.17779838051582586,0.30787850624827395,0.043342799025247784,-0.1364900948710901,3652,37,0.009583789704271631,0.56,6,0.06,6,0.8722337424069526,0.8663340378556031,0.41965804330759876,0.9489440897526368,-1.0293711449027572,0.5976780039621569,-0.4014278893709977,0.2334261695058355,0.2839696859114297,70.18087655061653,0.6762027742752975,1.4245599829079705,0.150850311641895,84.30667735260253,61.57570124965491,128.58541890079474,10.17215591031208,33.06027198386881,108.67236982527696,-60.143472867391196,-20.693792309911053,-8.504911563939823
610008,transformer[nse],camels_aus,pub,0.492523214663961,0.7019956840370954,0.7920434567739207,0.7759562841530054,-0.7104812656976776,0.7759562841530054,0.36155047556787434,0.7837837837837838,0.40198639994334623,0.7305061559507524,0.41741691851098156,,0.5903482259057395,0.429308625323437,-0.20947246937313446,3652,37,0.5725629791894852,0.06,6,0.46,6,0.32977604453664894,0.3374595891677443,0.631317784189444,0.0,-1.1431905405874376,0.06369661604588994,0.15482188354705684,0.31812099567185925,0.48939929343677424,25.548849532010664,0.6693455128980909,1.463963981997999,-0.12109011413910697,1812.0622193115246,118.06964518114795,119.49176232346372,-4.5414404735721683e+17,-79.16363381087292,19.51646498475921,0.0,0.0,-25.271178622278153
613002,transformer[nse],camels_aus,pub,0.35167080227626246,0.812989830521878,0.22377355870950963,1.0,0.1842384739186742,1.0,0.1917850129825631,1.0,0.24438175600464207,0.990824671455645,,,0.5714435545454487,0.5624192514441643,-0.46131902824561555,3652,37,0.1333515881708653,0.14,6,0.18,6,0.1897962433254829,0.19754591599875015,0.7156251411092655,0.0,-1.711017248324461,-0.3910316262147724,-0.7116224924345003,-0.43272888854650393,-0.4265989356949236,139.92113443955193,0.8399546279789932,1.646516701501828,-0.44076338871171195,3200.0021253181176,114.28871090908972,124.15593921376244,-146.00452280344257,-50.349471863974976,47.67338370421666,17898982763290.406,20886331796646.117,-11.469994388013134
613146,transformer[nse],camels_aus,pub,0.4567301367061451,0.8685992153801334,0.2293215258940107,1.0,0.1942449257748901,1.0,0.197873462013049,1.0,0.28207477235649964,0.9587348923878675,,,0.6794005748720008,0.674161560348747,-0.4118690786739883,3652,37,0.07311062431544359,0.15,6,0.1,6,0.0927598633165671,0.09921532796073781,0.6218189034318595,0.0,-0.4475806000881517,-0.3262908480447215,-0.619178930293073,-0.4638577992635937,-0.4509563874871021,143.1038637834212,0.8221271291296497,1.2031544373388445,-0.4629680914808083,1758.7491400038957,135.88011497440002,82.77153365307151,-78.63095118577354,-52.40011375198907,49.93388979718856,9100073873996.734,2748.9664530653954,4.784372033519754
614044,transformer[nse],camels_aus,pub,0.9317589781388771,0.9967508658783069,0.8100965849329191,1.0,0.8100965849329191,1.0,0.7475473759782226,1.0,0.8948406223888734,1.0,,,0.9762638209605218,0.9762638209605218,-0.06499188773942977,3652,37,0.7045454545454546,0.06,6,0.58,6,0.0,0.0,0.0,0.0,-193.019514052358,-6.831088759219781,-31.24825034845167,-29.524479546621173,-29.521573674337976,3051.667091154834,1.0467435534674483,13.929088773224112,-29.51667091154834,25389.509266707744,195.25276419210437,1026.1314963622697,-1.3248494323270856e+18,-86.84591684311323,697.7810043869417,14957588911056.52,17715144157409.668,17.94839713417983
616002,transformer[nse],camels_aus,pub,0.9577717625042725,0.999270375211368,0.8519982837847674,1.0,0.8519982837847674,1.0,0.7644692660181447,1.0,0.9426199393481626,1.0,,,0.9882120157488403,0.9882120157488403,-0.04149861270709543,3652,37,0.7259036144578314,0.06,6,0.46,6,0.0,0.0,0.0,0.0,-699.2542868167606,-13.903316715401747,-98.34770200797112,-97.71615379873559,-97.71530570897045,9871.081382816861,0.6859609259042689,26.462318243433636,-97.71081382816861,288548.0104652577,197.64240314976803,1176.4313545015564,-1.3905137657111299e+18,-89.84346388661247,735.9914061248172,25574183464050.293,31783282756805.42,22.907296595909553
616013,transformer[nse],camels_aus,pub,0.9486604414092845,0.9864247142569109,0.8828322115189833,0.9918780572746771,0.8828322115189833,0.9918780572746771,0.8361201686096501,0.9914166221717027,0.9326912142528343,0.9900519828067648,,,0.973492379852448,0.973492379852448,-0.0377642728476264,3652,37,0.0,0.06,6,0.51,6,0.0,0.0,0.0,0.0,-1759.3439429569594,-31.542192985718117,-71.7471660715639,-69.60057156977552,-69.59851692677209,7059.4414103364,0.5950023518232868,41.956452935835266,-69.59441410336399,14131.066706684634,194.6984759704895,1729.9164716783107,-682.6956177341605,-44.64632129797755,1121.536965033459,11539.002268670445,12181.6874880335,-10.176865530010092
616065,transformer[nse],camels_aus,pub,0.9306732397318379,0.99832234869881,0.7551250061416949,1.0,0.7551250061416949,1.0,0.6240889296218696,1.0,0.9051927225201528,1.0,,,0.979993448084308,0.979993448084308,-0.06764910896697207,3652,37,0.7248083242059146,0.06,6,0.5,6,0.0,0.0,0.0,0.0,-147.40445531697594,-10.540034725504286,-42.80857401868564,-42.255859405084976,-42.25355378663707,4324.529084313243,0.8511642283235609,12.182136730351369,-42.24529084313243,179084.45098266253,195.99868961686158,718.1953974129727,-1.3787646328990976e+18,-90.42780230507535,383.1445245524294,24450475275516.51,28975170850753.785,12.888705165352652
804001,transformer[nse],camels_aus,pub,0.35354063420201864,0.7474687745911469,0.3730653396749566,0.9960060549573323,-0.3608281419985797,0.9960060549573323,0.3879987115883936,1.0,0.31818435636039405,0.9788797371858182,0.7419452853760709,,0.5074099312022178,0.24465429543579192,-0.39392814038912827,3652,37,0.02190580503833516,0.1,6,0.23,6,0.4262865131567047,0.4297646822924154,0.37070283070238513,0.0,0.6676261684144533,0.6932486318956239,0.37075869716337095,0.5683802392906421,0.5426929710327681,-40.879441553764636,1.5620780844683162,0.5765187174633161,0.47638149599319723,3254.4156585794426,101.48198624044365,-43.50772342581059,-65.34356258588157,-47.35424616529451,-53.10886980223645,13698.650572898598,8103.5618323735125,-0.5685208604876266
809310,transformer[nse],camels_aus,pub,0.6492253860465604,0.9577985727546284,0.3022266292447513,0.9781420765027322,-0.12686378579880414,0.9781420765027322,0.33154219789268374,1.0,0.46671352131593674,0.9740082079343365,0.08713634642180591,,0.8448467982696182,0.8133055383582999,-0.308573186708068,3652,37,0.5739320920043811,0.09,6,0.63,6,0.11594043797119075,0.1250492217586911,0.9773923720605678,0.0,0.7065595951343042,-0.15209962201920124,0.5522875078795588,0.46433639991437625,0.6200936831749813,19.277253288633094,2.1696785259859612,0.5417013982497145,0.1334194512488589,32534.163879038748,168.96935965392353,-24.80557308971028,-1.0006931593082682e+18,-74.57864163681846,-39.277075233809185,750935077667.2363,1275944709777.832,54.32182436484973
912101A,transformer[nse],camels_aus,pub,0.4520624575345045,0.4926408074716818,0.35858665508695414,0.6427299448676855,0.12565731331950197,-0.616092540516606,0.32397301929851585,0.8278839083156907,0.48139137220787687,0.4842939763594846,0.01987176131077304,,0.46629981835714324,-0.29714665749497887,-0.040578349937177294,3652,37,0.0,0.19,6,0.06,6,0.6797772661892446,0.6830440133557997,0.9127345462549897,0.5140041154600969,0.4833078126706021,-0.7810657503233596,0.6008895529112623,0.518993727146297,0.5004100291151432,22.402827275809774,0.902288442494838,0.7188130405949783,0.0834169706860135,97.09616989039827,93.25996367142862,4.612062997430097,-779.5204937438306,94.51414605075578,-21.434125664454253,-99.99999999306783,-99.99999999369626,17.2326228262751
912105A,transformer[nse],camels_aus,pub,0.5175935170922065,0.4706656213852692,0.5463338496226275,0.4331883256772361,-0.39755140623705376,0.2556238507465387,0.3132498413099483,0.6499739637905859,0.5608852012530732,0.44389975096928536,,0.10404437463573037,0.49457721538292715,-0.3306723882192337,0.046927895706937284,3652,37,0.0,0.12,6,0.13,6,0.6780216271841035,0.6837633130470873,0.8382652687323884,0.8263390653611891,0.5991375436907378,-0.4796123747515688,0.7559925973048517,0.6963219536326934,0.4032462424452796,-14.292686651528273,0.6373443765422956,0.6331369964780625,0.23914111235754998,100.40932175045126,98.91544307658533,8.319626342139488,-555.6109583703193,68.57576872942865,-16.34015202666159,-99.99999999375176,-90.86636660941865,-2.0814156889422697
915011A,transformer[nse],camels_aus,pub,0.6946932007949653,0.9545469213099389,0.27936357900455305,0.9781420765027322,0.1938961808578746,0.9781420765027322,0.20270902020231696,1.0,0.5882218846616674,0.9740082079343365,,,0.8614872733696275,0.7756634783192566,-0.2598537205149736,3652,37,0.33378970427163196,0.08,6,0.55,6,0.21679300304043536,0.22543532402432145,0.72738151981219,0.0,-0.3087944682890802,-0.7826067510979653,-0.7419083224608596,-0.5997074709071042,-0.6066152270726277,155.82153842467022,1.172092580248313,1.1440255540367446,-0.6743736855983513,12174.259671875046,172.29745467392556,80.47110259401111,-8.629156107097064e+17,-72.46980542119847,36.04769598646698,50914287567.13867,707185268402.0996,16.12582871927705
917107A,transformer[nse],camels_aus,pub,0.38148809183487026,0.6312566594983923,0.28150432447528745,0.9827464654146604,0.13346861325316695,0.9827464654146604,0.2606683804900099,1.0,0.3594937748904831,0.7945662101396669,0.1549323806226722,,0.47553826573641933,0.07621158211220806,-0.249768567663522,3652,37,0.046823658269441404,0.13,6,0.07,6,0.6225154869659174,0.6310918626906085,0.9187326567614278,0.01975369772976509,-0.18032583730882457,0.4171840248484777,0.05676705844967733,0.4154045556938549,0.3000389653400508,54.31056721048242,1.311934134845131,1.0864280175459506,0.09178032170908879,626.8813711076725,95.10765314728414,74.58557366714334,-26.00195868230382,-3.809663092232431,42.241586789278536,2017.1273161010054,352.19499436161453,-21.824185877186075
919003A,transformer[nse],camels_aus,pub,0.41496039880853663,0.47956237198349416,0.3113291575958925,0.8629140918924509,-0.26144477050065656,0.7343269137171917,0.25588730371636453,0.918918918918919,0.42624809181657125,0.5691357367592118,,0.6636322460483867,0.41709153151485373,-0.14433803633535278,-0.06460197317495753,3652,37,0.017524644030668127,0.06,6,0.06,6,0.5000482071215413,0.5048592431911049,0.6480949425298772,0.4444295020811917,0.7555554398087139,0.7395975064711541,0.571827171090558,0.570621781970867,0.5825874268379201,-35.164616131693606,1.5777476341132748,0.49441334952778737,0.5020265386906162,424.7161395129778,83.4183063029709,-22.583789969475294,-10.590160808199492,-34.13942510025051,-27.58053993524078,321.1373864068569,167.61746900873715,-18.4654352305893
919201A,transformer[nse],camels_aus,pub,0.3607850899611354,0.6467334769507799,0.35684379537169425,0.8797814207650273,-0.2965318659688703,0.8797814207650273,0.37631209015237777,0.9459459459459459,0.396750165849602,0.8577797806943692,0.7539640003389195,,0.4597288283954612,0.20206522827869394,-0.2859483869896445,3652,37,0.17113910186199344,0.07,6,0.23,6,0.5138799684594627,0.5198909967767249,0.7306551711723412,0.0,0.5124755751490293,0.7957899786254727,0.34893722426414453,0.5243457640853534,0.6166340728166979,-35.80542630763511,2.9377894481885947,0.6982294929684442,0.4081474422516709,1092.5542591128092,91.9457656790922,-41.21524421130431,-155.22441202132842,-45.201936096302234,-56.72152189279455,313425064086.91406,1144695281982.4219,2.4314892455625357
919309A,transformer[nse],camels_aus,pub,0.32666378178310823,0.818008605920352,0.211453444186202,0.9890710382513661,-0.12525328171947592,0.9890710382513661,0.21984128410160989,0.972972972972973,0.2040416205470635,0.9848939692633478,0.16265487195726608,,0.5635640953232345,0.5092706708104251,-0.49134482413724373,3652,37,0.10898138006571742,0.15,6,0.26,6,0.35775599414737796,0.3658687975268318,0.9217631383951114,0.0,0.8134043528670755,0.6883746122305123,0.8268752414900726,0.8207914721617496,0.8463479309064227,0.8591590425380231,1.0533183780358737,0.43196718293514447,0.5529979095302657,8668.604268296924,112.71281906464681,-15.014892402218102,-153.52425731106618,-40.10089777445539,-26.204912632284167,1781272888183.5942,2238470315933.2275,2.728803551711454
922101B,transformer[nse],camels_aus,pub,0.296029240245581,0.579388204125227,0.21085331530329623,1.0,-0.1479494382683334,1.0,0.23842584634631522,1.0,0.2671249206630962,0.8255409776656941,0.9671599851624995,,0.3906720942014596,0.03274567862032566,-0.28335896387964593,3652,37,0.09802847754654984,0.09,6,0.11,6,0.5248194436579088,0.532569116331176,0.900067989520173,0.0,0.6951434182177344,0.7171957217729187,0.6039475464415923,0.7177986598647947,0.7387980845055033,-21.488476677659502,3.089414574825558,0.5521381908383676,0.570122869614462,482.19929277342135,78.13441884029177,-25.419559077026598,80.78478277066216,-15.993816270440563,-38.21966240262997,7094842195510.864,42714.11491269081,-0.6083710881269386
925001A,transformer[nse],camels_aus,pub,0.2502706136226981,0.3528826123093658,0.2168842991136918,0.5580734211804935,-0.021565649538892038,0.5580734211804935,0.2973296795016106,0.6725093269095394,0.22357024665570666,0.41903378612744946,0.06115015712660592,,0.28156125801127074,0.14159176249433295,-0.1026119986866677,3652,37,0.0,0.29,6,0.06,6,0.5179744743995432,0.5273904259328115,0.9725030660310774,0.0,0.2117404461073673,0.8416946192880056,0.44185800924847896,0.6070073043749584,0.6637792215591898,32.361356083601635,2.4167708010133824,0.8878398244574484,0.3680130586041721,100.52342581026838,56.31225160225406,38.571903171001736,8.036293827178909,-5.252642983020765,-18.323984174971997,137.3462034555075,122.79309446342805,-6.264734856909312
926002A,transformer[nse],camels_aus,pub,0.42127368453978575,0.5680212808169941,0.21797901324303337,0.46377481236384643,-0.06963724717449375,-0.46377481236384643,0.1869951422466526,0.31107857487403606,0.2929745148347302,0.5566173338774558,0.023088158673489602,,0.532482371127845,-0.4811278334903259,-0.14674759627720835,3652,37,0.0,0.11,6,0.06,6,0.4165371420661279,0.4265337327828194,0.930924556528654,0.0,-0.0971743665802447,-0.7296449715451123,0.3752433451199143,-0.03802537944950379,0.6380588769708523,-23.27419237798614,2.570434278677922,1.0474609141062232,0.39681758892922814,71.02543820938936,106.49647422556887,58.13014880094096,-1311.4556770161114,58.05647913796293,23.360174124694016,-78.06217849262785,-74.51092938128917,-25.143680415579514
A0020101,transformer[nse],camels_aus,pub,0.7258508996670412,0.2502187711895841,0.5714607314997131,0.01092896174863388,-0.5379245568423879,0.01092896174863388,0.3828794413296957,0.0,0.7177598251932756,0.013679890560875513,,0.38782291584973727,0.5514270899690696,-0.4740462065385949,0.4756321284774571,3652,37,0.3828039430449069,0.07,6,0.34,6,0.4433258711493386,0.4470473607068645,0.5177191191623673,,0.541199963966095,-0.09988015134857542,0.39056402137091717,0.3772449444293038,0.26524475823267346,-46.874252319946336,0.07995752490467664,0.677347795474308,0.24214572486533226,511.2630227702782,110.28541799381391,-29.926493095041415,-0.0,-99.99999999998977,-43.08368469183468,0.0,0.0,-23.93832867528894
A0030501,transformer[nse],camels_aus,pub,0.7134790251808412,0.804784942912341,0.3590138894963088,0.7486338797814208,0.12526977522177565,0.7486338797814208,0.44470679586335315,0.7567567567567568,0.5982859929585452,0.7455540355677155,0.028648540252688853,,0.8064229020860154,0.671837058230599,-0.09130591773149987,3652,37,0.3313253012048193,0.08,6,0.14,6,0.327813423243304,0.3375667030179356,0.8162440764916461,0.0,-2.7527501639616268,-2.829935599351656,-4.558454660173265,-4.575590062177049,-4.541051324725838,548.6441823661162,0.15589690260992234,1.9372016322421441,-5.002893704617277,1973075.3962068707,161.28458041720285,58.306590108084734,-5.5170634242227974e+17,-82.4498980936966,-46.666211433017445,0.0,0.0,-17.91014487764454
A2390519,transformer[nse],camels_aus,pub,0.4992028072270055,0.1549250456394672,0.4680984815711807,0.16393442622950818,-0.40612980484495387,0.16393442622950818,0.3236968808434021,0.24324324324324326,0.7964837509789103,0.12311901504787962,,0.8612360569610157,0.29843893287748785,-0.08329745904506108,0.3442777615875383,3652,37,0.7491785323110625,0.06,6,0.08,6,0.5599713518753233,0.5285255126956436,0.5814117881987599,0.0,0.6102872883025903,-0.02655215804514066,0.5801892004546105,0.6791244637291458,0.28847682521886364,-18.702241472415192,0.055410263312156205,0.6242697427373921,0.16420967479450088,2260.136591624505,59.68778657549758,-31.026626743328126,-0.0,-99.99999999997883,-43.71042064875493,0.0,0.0,-25.683184538906822
A2390523,transformer[nse],camels_aus,pub,0.7631285554606987,0.6859794283640213,0.6563359532113071,0.41530054644808745,0.6525867197184134,0.41530054644808745,0.7381136159767023,0.4594594594594595,0.6882326431443693,0.5328220566130459,0.3135096981300449,0.6856887657131249,0.7708172793756555,-0.0005669206865591282,0.07714912709667743,3652,37,0.16237677984665935,0.15,6,0.06,6,0.7634921474571469,0.7651436716828907,0.2545689493485526,0.0,-758.6420578208906,-2.261772504746262,-31.38304110090619,-17.97123623992624,-17.975156790593086,1896.1843433877602,0.9006009847529247,27.561604775863298,-18.296700460659512,5412.766400992382,154.1634558751313,2658.4745995353687,99.99999999999997,445.54645295346995,1470.8506037887169,0.0,0.0,-44.29229406152925
A2390531,transformer[nse],camels_aus,pub,0.44058541730645306,0.09834327862670088,0.8712639757134736,0.11475409836065574,-0.8628013186160046,0.11475409836065574,0.817970803383671,0.21621621621621623,0.7091591559652788,0.07797537619699042,,0.9436293419013078,0.20848722426358676,-0.04875673265382761,0.3422421386797522,3652,37,0.8559693318729463,0.06,6,0.24,6,0.39660427999055947,0.34245402074309156,0.10767786666379205,,0.18126911785809785,-0.30116884579454584,-0.13911759484487107,0.12379501401761683,-0.09840422281273131,-70.72708756481907,0.0780048194308378,0.9048374893548023,-0.06970974024065946,329000.6915005944,41.69744485271736,-78.38066050063381,-0.0,0.0,-87.8088373714441,0.0,0.0,-45.21987168952747
A5030502,transformer[nse],camels_aus,pub,0.34215663629635173,0.5481740282823541,0.2323036561926767,0.0546448087431694,0.20280519168261774,0.0546448087431694,0.1435746131479826,0.08108108108108109,0.30434007808976704,0.6625064145831325,0.583137561617069,0.06249431629491848,0.47387093667266295,-0.26362989813072196,-0.20601739198600233,3652,37,0.05914567360350493,0.06,6,0.06,6,0.5052661850347921,0.5038807995502962,0.32885621085509187,0.7112570174015438,0.5920604722848104,0.5945643780179302,0.3191663413626702,0.4041550882901408,0.4097837249304539,57.27108545746935,0.5033193334829663,0.6387014386356036,0.27206538254861623,80.36994491441108,94.7741873345325,32.45716889240728,100.0,391.30881183005283,19.309123084877207,0.0,-99.99999996883706,-6.530798422946226
A5040517,transformer[nse],camels_aus,pub,0.6088684721360743,0.5678826313335193,0.4854318999012908,0.24974649771937402,-0.15323501878116816,0.024283469999500363,0.18234587822443032,0.1280515128287036,0.6018435856789095,0.5505051395791176,0.037436353696541885,0.0998107840964921,0.6240446973796451,-0.13427079654227184,0.04098584080255496,3652,37,0.0,0.09,6,0.06,6,0.9807238638980332,0.9800462518603468,0.9701201121284534,0.9971430451201708,-6.997926192004073,-23.198755328966822,-1.915615564407168,-1.1903804385822672,-1.3254414776145067,210.62685003801295,1.0800800377265494,2.8280605000607877,-1.8363207083894895,341.56251242829734,124.80893947592887,271.82875369363745,-201.25484036208562,359721841817619.1,35.11436513711487,-99.99999999875622,-99.9999999992159,-20.850624320953923
A5040523,transformer[nse],camels_aus,pub,0.23820207774489296,0.44981990475225897,0.1428702888908019,0.7276137587202531,-0.006895277316571941,0.05811041490307341,0.14935450370078177,0.8339484706900003,0.20620421909861938,0.5419885939022496,0.05929972019995217,0.05755584887807405,0.3218947819309284,-0.1004296975954701,-0.211617827007366,3652,37,0.0052026286966046,0.06,6,0.09,6,0.8444260634360233,0.8447667623845284,0.9467589138502899,0.9685072190544058,0.8139908599208183,0.6452961185576632,0.7700217587785532,0.7067071222330772,0.8184588887958031,10.067673081502397,0.4820148088281489,0.431287769452348,0.581318698204404,856.8162012937794,64.37895638618562,-12.7236982215859,20.593246043573973,56.93163708285541,-25.545839213914796,-99.99999998621257,-60.930352878989524,3.700856322274176
A5050517,transformer[nse],camels_aus,pub,0.4665920868062057,0.6445256039975089,0.500223815492589,0.6557377049180327,-0.431921084825303,0.6557377049180327,0.33571473123925794,0.6216216216216216,0.3800438133588163,0.6484268125854993,0.5369982287052866,,0.5656863585021142,0.2426993544574927,-0.17793351719130324,3652,37,0.3491237677984666,0.06,6,0.35,6,0.569056462402305,0.5742417768492717,0.7399115527375206,0.0,0.5146701493759904,0.37370354386869176,0.377048506297305,0.5351143385512165,0.5219048479300767,-31.42352442379655,0.37160194329181484,0.6966561925541246,0.29140493212707297,450.58333962196764,113.13727170042284,-39.31201594483413,-2.7948158326700854e+17,-78.35730082116781,-48.58708278234494,0.0,0.0,-12.783749507670041
A5130501,transformer[nse],camels_aus,pub,0.6947600481873759,0.9327600512099041,0.48398421320400764,0.9836065573770492,0.48398421320400764,0.9836065573770492,0.3906582201818539,1.0,0.6093268422087287,0.987688098495212,,,0.8286144814649412,0.8269923778118063,-0.23800000302252822,3652,37,0.2505476451259584,0.06,6,0.32,6,0.00980949738290665,0.00980949738290665,0.0,0.0,-10.839800016510175,-1.1639763758101602,-4.667407481261861,-4.132921163499564,-4.113307253916795,510.6950975044687,1.4055384161266384,3.4409010471837425,-4.107101736215126,5591.180855868558,165.72289629298825,257.502707091336,-858.3710427666953,-50.68722754582401,131.9544721225376,5675119161605.836,8407372236251.831,-2.764611343621073
G0010005,transformer[nse],camels_aus,pub,0.8237357029562193,0.22576087149948876,0.827174280128459,0.0546448087431694,-0.7603447703896666,0.0546448087431694,0.508260628232571,0.05405405405405406,0.9370684034123514,0.036935704514363885,,0.4410439606083938,0.5512943392291938,-0.5033018019641128,0.5979748314567306,3652,37,0.4252464403066813,0.06,6,0.38,6,0.24629959696122394,0.23961838241635008,0.34637238809442866,,-0.31786482019566265,-0.8260143734891157,-0.047912722935206764,-3.367662069814683,-0.41343042057805035,-83.87356085551151,0.6777519324064695,1.1479829354984605,0.012631394392360051,192.5112604251923,110.25886784583872,26.968375712644217,-0.0,-99.99999999999261,-42.92650866522604,0.0,0.0,-35.283296613418855
G0050115,transformer[nse],camels_aus,pub,0.10381255822991058,0.019414743376405943,0.3812592673967261,0.01092896174863388,-0.15820532762862452,0.01092896174863388,0.6630256761378966,0.02702702702702703,0.10638911892421461,0.013679890560875513,0.3895277292700138,,0.038546124297262015,0.011513807514775935,0.08439781485350463,3652,37,0.9759036144578314,0.06,5,0.21,6,0.9396726965675888,0.9287915464065218,0.9396726965675889,,0.1431989079130347,-0.2044882266226149,-0.13549565979227451,0.028514618815111192,0.1045436802636005,-60.4473077710819,0.1966927146989556,0.9256355071446672,-0.07390576765114698,24126.328531034076,7.709224859452403,-65.5052987842859,-0.0,0.0,-84.25258481112526,0.0,0.0,76.62746305065176
G0060005,transformer[nse],camels_aus,pub,0.30557249101618744,0.04227230307962972,0.6243551746406889,0.02185792349726776,-0.5443504452522897,0.02185792349726776,0.36120620092638445,0.0,0.5068014692023729,0.03556771545827633,,0.9098060727379362,0.13019492715962064,-0.06273889720856385,0.26330018793655774,3652,37,0.8721248630887185,0.06,6,0.26,6,0.42333251157094937,0.45233598949060627,0.5389443088840445,,-1.4578210874795818,0.04735365824970095,-0.00468405669484695,0.08319437007872732,0.30988471579741117,5.442200700930951,0.2898085026660715,1.5677439483154072,-0.27185988080561874,85.21797766197723,26.03898543192414,96.60985807796455,-0.0,0.0,39.45069862314325,0.0,0.0,-30.919366368335655
G8110004,transformer[nse],camels_aus,pub,0.4513258832665794,0.7524241840508313,0.22187560456477917,0.8403730670579526,0.06372013361705879,-0.46495558655422153,0.1978454118758872,0.9274695636571206,0.33735252857022113,0.7854172823571334,0.09951585969141159,,0.6196153017170635,-0.4870738499393213,-0.3010983007842519,3652,37,0.0,0.55,6,0.25,6,0.620766256043526,0.6188497613841576,0.9633457336159662,0.8259025231834807,0.505797850796602,-0.8235655128606716,0.6899995636159044,0.7622054183251464,0.6556069338588575,13.16127181104171,1.366142534573088,0.7029951274393003,0.35102885040416676,133.88861475615286,123.92306034341254,30.587962586370118,99.99999999999999,665.3164582411865,13.17666428208607,-99.9999999973261,-99.9999999973261,-20.873712774541183
G8110016,transformer[nse],camels_aus,pub,0.6165814708238684,0.21414316624311147,0.5696663138341268,0.07103825136612021,-0.5643945937724295,0.07103825136612021,0.6186900542057284,0.10810810810810811,0.6203703002713007,0.07387140902872777,,0.5262713196467101,0.44481501998508594,-0.3190256620311923,0.4024383045807569,3652,37,0.47343921139101863,0.14,6,0.43,6,0.48016527004218584,0.4716102037487573,0.192046925125365,,0.33746770592441766,0.6325689687930325,-0.05385465019716751,0.24402332029332663,0.1956999154029485,-72.52042302029594,1.9028617505050738,0.8139608676561683,0.2537979449695129,263.55969903722263,88.96300399701714,-73.77529559988079,-0.0,-12.265549499367879,-76.7575059158875,0.0,0.0,25.899486956290485
G8140001,transformer[nse],camels_aus,pub,0.416514468401386,0.6231341395727666,0.4790060478518783,0.729913922777404,-0.45661722850972103,-0.17230659860286504,0.4061335430993518,0.5777578377460512,0.4203823509223843,0.732541005820454,,0.035340769227833566,0.5007486158266379,-0.36208835650693644,-0.20661967117138064,3652,37,0.0,0.17,6,0.11,6,0.7194518623321293,0.7140062630578786,0.2963722276554813,0.9573777946879719,0.5437184385950381,0.676404982986555,0.30586411534366575,0.4262959298406268,0.45651573980425386,-50.84982360793513,1.4745738690291932,0.6754861667014077,0.41385499532423375,82.92701098422846,100.14972316532753,-38.00704774824328,-162.72799051147794,1.2215444668953082,-50.39784636941877,-99.99999999167063,-99.99999999244133,-4.122496580446517
G8140040,transformer[nse],camels_aus,pub,0.38978092855093244,0.4736585205507061,0.4563040997832738,0.5176988757675048,-0.4118226938354161,-0.5085402505047516,0.505245864488173,0.3760675099551441,0.3760156858846689,0.5282957358979238,,,0.4204300805689119,-0.31631250774441017,-0.08387759199977368,3652,37,0.0,0.11,6,0.13,6,0.7313222983777632,0.7333659229943811,0.5587879847336793,0.4902938676469991,0.38660815921411196,0.24434566181436101,0.4883238063610772,0.45882467920980163,0.5952844336301759,-34.1629833560867,1.008357617577341,0.7831933610455901,0.3869953209298136,65.08914338769588,84.08601611378236,-3.1971233135737482,-1877.3625660466987,29.649084157986618,-62.042295800994374,-99.99999999802377,-93.79644529280012,-14.90847710990058
G8140161,transformer[nse],camels_aus,pub,0.3829115764434447,0.6237311577126042,0.42123273906468023,0.7976908250126941,-0.30957783700427055,-0.6510770409435352,0.5907464614427012,0.9775006794654828,0.3572455272502638,0.6672288547874035,,,0.48211912084492786,-0.2345271721205926,-0.24081958126915953,3652,37,0.0,0.09,6,0.06,6,0.894963716613481,0.9026697884992442,0.8882705310418519,0.7515824155747686,0.006480403877111018,0.3649716808611966,0.5494802321090093,0.5821740283564925,0.7864543059718708,6.9323395907072385,3.4898533482137837,0.9967545315286452,0.20130559150869765,178.36811682130084,96.42382416898566,26.617201624979213,-80.06505882425964,30.705910761723523,-43.007676828968975,-99.99999999720751,-99.99999999785253,-14.215024600905707
G8150018,transformer[nse],camels_aus,pub,0.31742817242499205,0.49805465397463056,0.24005348297045678,0.5573770491803278,-0.1750495651436275,0.5573770491803278,0.32362783594051214,0.5135135135135135,0.27473664957589367,0.5348837209302325,0.5418323800482204,,0.4055212077559809,0.2357194445567487,-0.1806264815496385,3652,37,0.4879518072289157,0.43,6,0.07,6,0.4255944174094364,0.4315406641472087,0.8693056242656324,0.0,0.6903145526328494,0.8418498746437629,0.5920772297531949,0.7063245918338055,0.7640487783575803,-19.70198724552034,3.8654705910137857,0.5564938879872362,0.5354939765613032,231.71443452544924,81.1042415511962,-31.320303636773392,-2.0909450600306163e+17,-72.37975648807794,-46.54299439130805,0.0,0.0,11.455853587698236
G8170002,transformer[nse],camels_aus,pub,0.32508475772009315,0.578757046713826,0.34361028777357017,0.8819272890367588,-0.2550083080639455,-0.751318811758434,0.3540237935038523,0.9601095919848058,0.3237454112990746,0.7202210531604468,0.2962573089170836,,0.4125131890294617,-0.1080070063072399,-0.25367228899373284,3652,37,0.0,0.3,6,0.07,6,0.9160039339163507,0.9200895345175217,0.8603832418815704,0.6388993738728911,0.5741873013229307,0.7666683389363368,0.6579554946859334,0.6885855024231645,0.8569911409360447,-5.83988541062213,4.010471568612128,0.6525432542575774,0.36786580276102077,87.20978018503502,82.50263780589235,-23.828569665025977,-138.62573010986395,3.9378503015496027,-45.45790400358815,-99.99999999545986,-99.99999999635702,28.21438639994106
G8190001,transformer[nse],camels_aus,pub,0.6528336302303357,0.4670313827554294,0.39885052539709476,0.41530054644808745,-0.32118621660413266,0.41530054644808745,0.5504478617798931,0.35135135135135137,0.6919288752508119,0.35704514363885087,,0.7884780561145965,0.5799664810630563,-0.12752970371425387,0.1858022474749063,3652,37,0.27656078860898137,0.07,6,0.07,6,0.4111013019901903,0.41341409948071495,0.7943263681020535,0.0,0.31445085449087506,-0.08224745684893575,0.18761632239715775,0.3293192714740988,0.15310674342598884,-52.636154546562544,4.982384141147209,0.8279789523346139,0.13700825109372106,377.77393531000575,115.99329621261111,-42.561965596611344,99.99999999999984,113.50597848866677,-68.89778732970058,0.0,0.0,-4.492258798764999
G8200045,transformer[nse],camels_aus,pub,0.4819745419923188,0.6692818231374287,0.5274202344227977,0.8761670317641072,-0.49413798653727004,-0.8459059419176558,0.6202833683008462,0.79376927753439,0.36013771211886475,0.763180474444431,,,0.570156852653814,-0.2967314059027989,-0.18730728114510986,3652,37,0.0,0.06,6,0.06,6,0.8512959280411008,0.8514369475011568,0.4790585405124608,0.25936883498205887,0.30309662443594765,-0.6314958362134964,0.30863339839199666,0.4084142493193039,0.5345531974382625,-23.6957554546443,2.8117919749177434,0.8348073883022672,0.098322883551058,196.12742058647825,114.03137053076262,-48.32757028777237,-1.7823377030908387,490.7360757026922,-73.72950626154018,-99.99999999719456,-99.99999999772584,13.53134044035668
G8210010,transformer[nse],camels_aus,pub,0.5470176185879819,0.6239968095423364,0.6555593411515298,0.7541421471599171,-0.6422494450847382,-0.26183003473364086,0.7360380387533119,0.8143587224043249,0.548673100265195,0.7001150670834442,,,0.5603099671077618,-0.3056909672716929,-0.07697919095435446,3652,37,0.0,0.32,6,0.22,6,0.7524251718999503,0.7452433077336758,0.2908825948953576,0.991014324507244,0.21409899670491372,0.44961047231279216,0.08684729359749332,0.23304666927804352,0.3744357066199987,-56.42923004438897,5.0716682388866685,0.8865105770914897,0.2311188051730374,177.88807602531048,112.0619934215525,-51.21753329684448,-150.27834156368635,-19.52915043194581,-78.89423527630487,-99.9999999908166,-99.99999999283098,9.241047726055633
G9030124,transformer[nse],camels_aus,pub,0.754434018893915,0.9912110670782507,0.3771504275032622,0.999466039411835,0.08651679417131909,0.36558625799106986,0.21555147603135424,0.999781839977538,0.593817733621953,0.9992571434430535,0.018737416607736094,,0.9142657132266854,0.2822776725000736,-0.23677704818433565,3652,37,0.0,0.07,6,0.4,6,0.8740292232925269,0.876264633159057,0.9342306076207361,0.8898743115288639,0.08807219852151027,-0.7654241352750122,-0.09612657507999489,-0.15302732242737038,-0.1840283813504624,101.79335709020884,0.9658606546770687,0.9549491093657764,-0.5602070163245465,703684.7867938612,182.8531426453366,36.64580198741749,-8.386130726972299e+16,-53.21941439209431,-18.805226647789688,-99.99998035363778,-99.99998035363778,30.964165307427155
G9030250,transformer[nse],camels_aus,pub,0.5672877223368732,0.821097516662377,0.5666990173766548,0.8294345387937301,-0.5397466064663358,0.1559083388658932,0.49545411474232137,0.7933853113070096,0.4345336412771698,0.840611877225959,,0.07114021995834778,0.7100274535965809,-0.33483654109129424,-0.25380979432550377,3652,37,0.0,0.06,6,0.47,6,0.8752365361500936,0.8685979579732727,0.4255471961757566,0.9729377863841073,0.333845625977109,0.1710526192264039,0.4120364253399471,0.5022851787385856,0.492025412441382,-28.35259355681196,0.6550622973309642,0.8161828067430059,0.1916779840514541,263.31985583016274,142.00549071931604,-29.107625075058266,99.99999999999999,347.39743412256144,-58.40519494519589,-99.99999997517959,-99.99999998011869,-15.17784082512485
G9070142,transformer[nse],camels_aus,pub,0.5534059095792945,0.5745417788413546,0.3817468626810067,0.2459016393442623,-0.18087521927936623,0.2459016393442623,0.3762630374474212,0.21621621621621623,0.5186504031416805,0.597301056641903,,0.13482488909247498,0.6038727185603675,-0.24547412031351096,-0.021135869262060125,3652,37,0.09830230010952902,0.06,6,0.1,6,0.8215416308957421,0.8148582409139346,0.9610019657586735,0.0,0.4872714825065305,0.5450786547999216,0.685358627624091,0.7031402026447837,0.6321399569858852,-9.85861441826385,1.2560314632029403,0.7160506389170179,0.26607487440689537,397.3777760419108,120.77454371207344,-10.72453640135122,99.99999999999999,240.18836420218278,-46.13642907304434,0.0,-99.99999535316003,-0.04637246383287437
