basin,run,branch,L,L_mode,alpha,pointwise_width,simultaneous_width,maxt_c
406224,aus_lstm_nse_s0,up,15,fixed,0.01,0.20187977390916528,0.2980816796522214,2.793308562119695
406224,aus_lstm_nse_s0,up,15,fixed,0.05,0.2559357745041511,0.3889988155327324,2.793308562119695
406224,aus_lstm_nse_s0,up,15,fixed,0.2,0.09618697688866595,0.13820351418402232,2.793308562119695
406224,aus_lstm_nse_s0,up,15,fixed,1.0,0.091489903304108,0.13126098347548476,2.793308562119695
406224,aus_lstm_nse_s0,lo,15,fixed,0.01,0.29729729729729726,0.4131811957017235,2.6307236212284013
406224,aus_lstm_nse_s0,lo,15,fixed,0.05,0.16393442622950816,0.21614214359908113,2.6307236212284013
406224,aus_lstm_nse_s0,lo,15,fixed,0.2,0.11764705882352944,0.1568665584182687,2.6307236212284013
406224,aus_lstm_nse_s0,lo,15,fixed,1.0,0.09148990330410767,0.12362091838238998,2.6307236212284013
406224,aus_lstm_nse_s0,up,30,fixed,0.01,0.22439804540976185,0.32581406082598297,2.713664549414366
406224,aus_lstm_nse_s0,up,30,fixed,0.05,0.3013958945530698,0.45718186657880655,2.713664549414366
406224,aus_lstm_nse_s0,up,30,fixed,0.2,0.110865959937272,0.15339164356610913,2.713664549414366
406224,aus_lstm_nse_s0,up,30,fixed,1.0,0.11460346585173176,0.1580355943071008,2.713664549414366
406224,aus_lstm_nse_s0,lo,30,fixed,0.01,0.32432432432432434,0.4297837837837799,2.603235997346497
406224,aus_lstm_nse_s0,lo,30,fixed,0.05,0.18046448087431688,0.24517351699612422,2.603235997346497
406224,aus_lstm_nse_s0,lo,30,fixed,0.2,0.13683310533515736,0.18107655625825392,2.603235997346497
406224,aus_lstm_nse_s0,lo,30,fixed,1.0,0.11460346585173165,0.1516045703036797,2.603235997346497
406224,aus_lstm_nse_s0,up,60,fixed,0.01,0.26487582591699416,0.38313454309168016,2.77800863948036
406224,aus_lstm_nse_s0,up,60,fixed,0.05,0.34896372428562056,0.5590885431053354,2.77800863948036
406224,aus_lstm_nse_s0,up,60,fixed,0.2,0.12691414157769243,0.17905422219350853,2.77800863948036
406224,aus_lstm_nse_s0,up,60,fixed,1.0,0.12179691084948963,0.1779420838860859,2.77800863948036
406224,aus_lstm_nse_s0,lo,60,fixed,0.01,0.32432432432432434,0.4354444330522018,2.568822471787331
406224,aus_lstm_nse_s0,lo,60,fixed,0.05,0.19672131147540983,0.2556446356103117,2.568822471787331
406224,aus_lstm_nse_s0,lo,60,fixed,0.2,0.15321477428180574,0.19770156029399044,2.568822471787331
406224,aus_lstm_nse_s0,lo,60,fixed,1.0,0.1217969108494894,0.16454290935853555,2.568822471787331
406224,aus_lstm_nse_s0,up,90,fixed,0.01,0.2918507983182969,0.39481413445929864,2.646070275779825
406224,aus_lstm_nse_s0,up,90,fixed,0.05,0.3760628025361548,0.5912938818145768,2.646070275779825
406224,aus_lstm_nse_s0,up,90,fixed,0.2,0.13341096182813483,0.17475001118323985,2.646070275779825
406224,aus_lstm_nse_s0,up,90,fixed,1.0,0.1158774190116596,0.15932283408487202,2.646070275779825
406224,aus_lstm_nse_s0,lo,90,fixed,0.01,0.32432432432432434,0.4296561870498727,2.568673563168008
406224,aus_lstm_nse_s0,lo,90,fixed,0.05,0.18579234972677594,0.24928102330153856,2.568673563168008
406224,aus_lstm_nse_s0,lo,90,fixed,0.2,0.14363885088919293,0.18810551343519855,2.568673563168008
406224,aus_lstm_nse_s0,lo,90,fixed,1.0,0.1158774190116596,0.15466269194313242,2.568673563168008
406224,aus_lstm_nse_s0,up,30,adaptive,0.01,0.22439804540976185,0.32581406082598297,2.713664549414366
406224,aus_lstm_nse_s0,up,30,adaptive,0.05,0.3013958945530698,0.45718186657880655,2.713664549414366
406224,aus_lstm_nse_s0,up,30,adaptive,0.2,0.110865959937272,0.15339164356610913,2.713664549414366
406224,aus_lstm_nse_s0,up,30,adaptive,1.0,0.11460346585173176,0.1580355943071008,2.713664549414366
406224,aus_lstm_nse_s0,lo,30,adaptive,0.01,0.32432432432432434,0.4297837837837799,2.603235997346497
406224,aus_lstm_nse_s0,lo,30,adaptive,0.05,0.18046448087431688,0.24517351699612422,2.603235997346497
406224,aus_lstm_nse_s0,lo,30,adaptive,0.2,0.13683310533515736,0.18107655625825392,2.603235997346497
406224,aus_lstm_nse_s0,lo,30,adaptive,1.0,0.11460346585173165,0.1516045703036797,2.603235997346497
616002,aus_lstm_nse_s0,up,15,fixed,0.01,0.25188566692547126,0.3865595897573033,2.8572680291740067
616002,aus_lstm_nse_s0,up,15,fixed,0.05,0.20642088786755888,0.29242421774708316,2.8572680291740067
616002,aus_lstm_nse_s0,up,15,fixed,0.2,0.30771009340585065,0.4691385460656605,2.8572680291740067
616002,aus_lstm_nse_s0,up,15,fixed,1.0,0.08626314861367756,0.12338138786255604,2.8572680291740067
616002,aus_lstm_nse_s0,lo,15,fixed,0.01,0.29729729729729726,0.43060831104297187,2.7427840582971026
616002,aus_lstm_nse_s0,lo,15,fixed,0.05,0.1639344262295082,0.23512483718123556,2.7427840582971026
616002,aus_lstm_nse_s0,lo,15,fixed,0.2,0.11080711354309164,0.15200472832389267,2.7427840582971026
616002,aus_lstm_nse_s0,lo,15,fixed,1.0,0.08626314861367845,0.11843778751754797,2.7427840582971026
616002,aus_lstm_nse_s0,up,30,fixed,0.01,0.25579000492243154,0.38802422733864383,2.7226789267123337
616002,aus_lstm_nse_s0,up,30,fixed,0.05,0.21804157427452342,0.3154518951725047,2.7226789267123337
616002,aus_lstm_nse_s0,up,30,fixed,0.2,0.36192890447132314,0.5606421502808525,2.7226789267123337
616002,aus_lstm_nse_s0,up,30,fixed,1.0,0.10572331309208333,0.1453969024094519,2.7226789267123337
616002,aus_lstm_nse_s0,lo,30,fixed,0.01,0.29797297297297287,0.43575963781517446,2.697202013524417
616002,aus_lstm_nse_s0,lo,30,fixed,0.05,0.1639344262295082,0.2275351241508805,2.697202013524417
616002,aus_lstm_nse_s0,lo,30,fixed,0.2,0.12452120383036935,0.16675698206306244,2.697202013524417
616002,aus_lstm_nse_s0,lo,30,fixed,1.0,0.10572331309208494,0.14403638052634238,2.697202013524417
616002,aus_lstm_nse_s0,up,60,fixed,0.01,0.28018909309823675,0.4538487524708976,2.9456104476350435
616002,aus_lstm_nse_s0,up,60,fixed,0.05,0.23686573118700088,0.37069800239640854,2.9456104476350435
616002,aus_lstm_nse_s0,up,60,fixed,0.2,0.39097462004534655,0.6699450805671231,2.9456104476350435
616002,aus_lstm_nse_s0,up,60,fixed,1.0,0.1141156122404029,0.1687862635839381,2.9456104476350435
616002,aus_lstm_nse_s0,lo,60,fixed,0.01,0.3243243243243243,0.46957044780359314,2.743327419401671
616002,aus_lstm_nse_s0,lo,60,fixed,0.05,0.16939890710382516,0.24574271844464757,2.743327419401671
616002,aus_lstm_nse_s0,lo,60,fixed,0.2,0.12452120383036935,0.17386507396041406,2.743327419401671
616002,aus_lstm_nse_s0,lo,60,fixed,1.0,0.11411561224040451,0.15719525481719387,2.743327419401671
616002,aus_lstm_nse_s0,up,90,fixed,0.01,0.28077328106254446,0.44911686511580834,2.899431138300252
616002,aus_lstm_nse_s0,up,90,fixed,0.05,0.24321499158261606,0.36780059212361244,2.899431138300252
616002,aus_lstm_nse_s0,up,90,fixed,0.2,0.39426201455718557,0.6773182027744675,2.899431138300252
616002,aus_lstm_nse_s0,up,90,fixed,1.0,0.10815412186474915,0.15871620604567727,2.899431138300252
616002,aus_lstm_nse_s0,lo,90,fixed,0.01,0.29729729729729726,0.46330200717296066,2.801415932872779
616002,aus_lstm_nse_s0,lo,90,fixed,0.05,0.16939890710382516,0.23720698418324648,2.801415932872779
616002,aus_lstm_nse_s0,lo,90,fixed,0.2,0.11768125854993156,0.16710769285803884,2.801415932872779
616002,aus_lstm_nse_s0,lo,90,fixed,1.0,0.10815412186475032,0.1533508082147934,2.801415932872779
616002,aus_lstm_nse_s0,up,30,adaptive,0.01,0.25579000492243154,0.38802422733864383,2.7226789267123337
616002,aus_lstm_nse_s0,up,30,adaptive,0.05,0.21804157427452342,0.3154518951725047,2.7226789267123337
616002,aus_lstm_nse_s0,up,30,adaptive,0.2,0.36192890447132314,0.5606421502808525,2.7226789267123337
616002,aus_lstm_nse_s0,up,30,adaptive,1.0,0.10572331309208333,0.1453969024094519,2.7226789267123337
616002,aus_lstm_nse_s0,lo,30,adaptive,0.01,0.29797297297297287,0.43575963781517446,2.697202013524417
616002,aus_lstm_nse_s0,lo,30,adaptive,0.05,0.1639344262295082,0.2275351241508805,2.697202013524417
616002,aus_lstm_nse_s0,lo,30,adaptive,0.2,0.12452120383036935,0.16675698206306244,2.697202013524417
616002,aus_lstm_nse_s0,lo,30,adaptive,1.0,0.10572331309208494,0.14403638052634238,2.697202013524417
230210,aus_lstm_nse_s0,up,15,fixed,0.01,0.2814054483487367,0.39364711594507956,2.6634547046561656
230210,aus_lstm_nse_s0,up,15,fixed,0.05,0.1561824884238724,0.21503515893037112,2.6634547046561656
230210,aus_lstm_nse_s0,up,15,fixed,0.2,0.1705018114374114,0.23906899684576866,2.6634547046561656
230210,aus_lstm_nse_s0,up,15,fixed,1.0,0.09561782149762765,0.12742874370594537,2.6634547046561656
230210,aus_lstm_nse_s0,lo,15,fixed,0.01,0.32432432432432434,0.45459818923407475,2.6694509313919976
230210,aus_lstm_nse_s0,lo,15,fixed,0.05,0.18579234972677594,0.253528763454675,2.6694509313919976
230210,aus_lstm_nse_s0,lo,15,fixed,0.2,0.13820109439124484,0.18522785089332316,2.6694509313919976
230210,aus_lstm_nse_s0,lo,15,fixed,1.0,0.09561782149762843,0.1277156236136805,2.6694509313919976
230210,aus_lstm_nse_s0,up,30,fixed,0.01,0.31417978862748186,0.44186680145539076,2.7363765925693824
230210,aus_lstm_nse_s0,up,30,fixed,0.05,0.17711373863008056,0.25776846873577697,2.7363765925693824
230210,aus_lstm_nse_s0,up,30,fixed,0.2,0.21182616728666792,0.3108295180348226,2.7363765925693824
230210,aus_lstm_nse_s0,up,30,fixed,1.0,0.11343557511347924,0.1578978103053683,2.7363765925693824
230210,aus_lstm_nse_s0,lo,30,fixed,0.01,0.35202702702702693,0.4684848636698029,2.6035362412753376
230210,aus_lstm_nse_s0,lo,30,fixed,0.05,0.20218579234972678,0.26498010200418376,2.6035362412753376
230210,aus_lstm_nse_s0,lo,30,fixed,0.2,0.1586867305061559,0.21235530993220286,2.6035362412753376
230210,aus_lstm_nse_s0,lo,30,fixed,1.0,0.11343557511347935,0.1502324909021553,2.6035362412753376
230210,aus_lstm_nse_s0,up,60,fixed,0.01,0.31721848437730477,0.46283901647965464,2.7733369459813804
230210,aus_lstm_nse_s0,up,60,fixed,0.05,0.1773744832439575,0.264588349512102,2.7733369459813804
230210,aus_lstm_nse_s0,up,60,fixed,0.2,0.24350794058321834,0.37030335832913464,2.7733369459813804
230210,aus_lstm_nse_s0,up,60,fixed,1.0,0.12822712651860835,0.18021574532675522,2.7733369459813804
230210,aus_lstm_nse_s0,lo,60,fixed,0.01,0.37837837837837834,0.4819007066517451,2.606530379976606
230210,aus_lstm_nse_s0,lo,60,fixed,0.05,0.2132513661202186,0.2820195244346273,2.606530379976606
230210,aus_lstm_nse_s0,lo,60,fixed,0.2,0.168296853625171,0.2240711103802872,2.606530379976606
230210,aus_lstm_nse_s0,lo,60,fixed,1.0,0.12822712651861046,0.16937639540156813,2.606530379976606
230210,aus_lstm_nse_s0,up,90,fixed,0.01,0.32054954495674126,0.46037817089972666,2.7708116479874088
230210,aus_lstm_nse_s0,up,90,fixed,0.05,0.18260620636893415,0.27291358233327945,2.7708116479874088
230210,aus_lstm_nse_s0,up,90,fixed,0.2,0.2656050460257081,0.39925075017083667,2.7708116479874088
230210,aus_lstm_nse_s0,up,90,fixed,1.0,0.13021281461698175,0.18096595193196663,2.7708116479874088
230210,aus_lstm_nse_s0,lo,90,fixed,0.01,0.37837837837837834,0.4971351351351318,2.697520897431526
230210,aus_lstm_nse_s0,lo,90,fixed,0.05,0.19672131147540983,0.2771369111443749,2.697520897431526
230210,aus_lstm_nse_s0,lo,90,fixed,0.2,0.15601915184678516,0.22013676849936598,2.697520897431526
230210,aus_lstm_nse_s0,lo,90,fixed,1.0,0.13021281461698142,0.17617922077621273,2.697520897431526
230210,aus_lstm_nse_s0,up,30,adaptive,0.01,0.31417978862748186,0.44186680145539076,2.7363765925693824
230210,aus_lstm_nse_s0,up,30,adaptive,0.05,0.17711373863008056,0.25776846873577697,2.7363765925693824
230210,aus_lstm_nse_s0,up,30,adaptive,0.2,0.21182616728666792,0.3108295180348226,2.7363765925693824
230210,aus_lstm_nse_s0,up,30,adaptive,1.0,0.11343557511347924,0.1578978103053683,2.7363765925693824
230210,aus_lstm_nse_s0,lo,30,adaptive,0.01,0.35202702702702693,0.4684848636698029,2.6035362412753376
230210,aus_lstm_nse_s0,lo,30,adaptive,0.05,0.20218579234972678,0.26498010200418376,2.6035362412753376
230210,aus_lstm_nse_s0,lo,30,adaptive,0.2,0.1586867305061559,0.21235530993220286,2.6035362412753376
230210,aus_lstm_nse_s0,lo,30,adaptive,1.0,0.11343557511347935,0.1502324909021553,2.6035362412753376
G9030250,aus_lstm_nse_s0,up,15,fixed,0.01,0.39765726698629383,0.555125776579782,2.693411537201353
G9030250,aus_lstm_nse_s0,up,15,fixed,0.05,0.3556570993755781,0.5089955431241839,2.693411537201353
G9030250,aus_lstm_nse_s0,up,15,fixed,0.2,0.11403022909466001,0.1569687189466058,2.693411537201353
G9030250,aus_lstm_nse_s0,up,15,fixed,1.0,0.10650239901056935,0.15149227974609558,2.693411537201353
G9030250,aus_lstm_nse_s0,lo,15,fixed,0.01,0.40497711264395053,0.606530569777795,2.8102551735891828
G9030250,aus_lstm_nse_s0,lo,15,fixed,0.05,0.19996091558686446,0.28400843005647936,2.8102551735891828
G9030250,aus_lstm_nse_s0,lo,15,fixed,0.2,0.07306039383595675,0.10895413365872364,2.8102551735891828
G9030250,aus_lstm_nse_s0,lo,15,fixed,1.0,0.1065023990105689,0.15806420854558723,2.8102551735891828
G9030250,aus_lstm_nse_s0,up,30,fixed,0.01,0.4220867990484658,0.6141393831710039,2.7632877187266214
G9030250,aus_lstm_nse_s0,up,30,fixed,0.05,0.3646157293612339,0.5437350765651581,2.7632877187266214
G9030250,aus_lstm_nse_s0,up,30,fixed,0.2,0.12495086136336511,0.17704490529642858,2.7632877187266214
G9030250,aus_lstm_nse_s0,up,30,fixed,1.0,0.14174345000004895,0.20181808803684004,2.7632877187266214
G9030250,aus_lstm_nse_s0,lo,30,fixed,0.01,0.4261120953360463,0.6104179710756991,2.7068560279003484
G9030250,aus_lstm_nse_s0,lo,30,fixed,0.05,0.21439511358402596,0.2990303556736915,2.7068560279003484
G9030250,aus_lstm_nse_s0,lo,30,fixed,0.2,0.09188345662590958,0.12304213970325706,2.7068560279003484
G9030250,aus_lstm_nse_s0,lo,30,fixed,1.0,0.1417434500000505,0.19769657152950626,2.7068560279003484
G9030250,aus_lstm_nse_s0,up,60,fixed,0.01,0.406335433241866,0.5926186483292843,2.887300503611032
G9030250,aus_lstm_nse_s0,up,60,fixed,0.05,0.3771197729954867,0.5947756430431569,2.887300503611032
G9030250,aus_lstm_nse_s0,up,60,fixed,0.2,0.13728280756755964,0.21151371776347153,2.887300503611032
G9030250,aus_lstm_nse_s0,up,60,fixed,1.0,0.16414433574216725,0.23490872711178223,2.887300503611032
G9030250,aus_lstm_nse_s0,lo,60,fixed,0.01,0.430987555135809,0.6564646780809504,2.757447238293839
G9030250,aus_lstm_nse_s0,lo,60,fixed,0.05,0.2151633635198983,0.314136487199593,2.757447238293839
G9030250,aus_lstm_nse_s0,lo,60,fixed,0.2,0.10096446652567614,0.13754915800702672,2.757447238293839
G9030250,aus_lstm_nse_s0,lo,60,fixed,1.0,0.1641443357421717,0.2243439572761452,2.757447238293839
G9030250,aus_lstm_nse_s0,up,90,fixed,0.01,0.3929438335733526,0.5413308807470968,2.772340147593845
G9030250,aus_lstm_nse_s0,up,90,fixed,0.05,0.3728214854560997,0.5999009562821724,2.772340147593845
G9030250,aus_lstm_nse_s0,up,90,fixed,0.2,0.1560287626873795,0.22258721465217712,2.772340147593845
G9030250,aus_lstm_nse_s0,up,90,fixed,1.0,0.1500500582718428,0.21693397790308433,2.772340147593845
G9030250,aus_lstm_nse_s0,lo,90,fixed,0.01,0.4331219462989767,0.6140717804269541,2.705359851498866
G9030250,aus_lstm_nse_s0,lo,90,fixed,0.05,0.21495974873424895,0.3133376476833152,2.705359851498866
G9030250,aus_lstm_nse_s0,lo,90,fixed,0.2,0.0945440351877217,0.12810085254444092,2.705359851498866
G9030250,aus_lstm_nse_s0,lo,90,fixed,1.0,0.15005005827184348,0.21169280932367313,2.705359851498866
G9030250,aus_lstm_nse_s0,up,117,adaptive,0.01,0.37253271521365516,0.523498033340438,2.8282809763661056
G9030250,aus_lstm_nse_s0,up,117,adaptive,0.05,0.36799156091446916,0.5961423255083991,2.8282809763661056
G9030250,aus_lstm_nse_s0,up,117,adaptive,0.2,0.14869712476455166,0.22181121377719393,2.8282809763661056
G9030250,aus_lstm_nse_s0,up,117,adaptive,1.0,0.1482158370545973,0.21004970797978184,2.8282809763661056
G9030250,aus_lstm_nse_s0,lo,117,adaptive,0.01,0.4372605601868891,0.6271845515837106,2.662612306173016
G9030250,aus_lstm_nse_s0,lo,117,adaptive,0.05,0.22242147177701432,0.32172338595311356,2.662612306173016
G9030250,aus_lstm_nse_s0,lo,117,adaptive,0.2,0.08933575967550855,0.122186868360314,2.662612306173016
G9030250,aus_lstm_nse_s0,lo,117,adaptive,1.0,0.1482158370545995,0.19774588948146277,2.662612306173016
406208,aus_lstm_nse_s0,up,15,fixed,0.01,0.1468264829313924,0.19536814394035681,2.6593211514373194
406208,aus_lstm_nse_s0,up,15,fixed,0.05,0.11769162924719187,0.16069053479668383,2.6593211514373194
406208,aus_lstm_nse_s0,up,15,fixed,0.2,0.10172635610268987,0.13663579545762455,2.6593211514373194
406208,aus_lstm_nse_s0,up,15,fixed,1.0,0.09911926027683271,0.1331769328749759,2.6593211514373194
406208,aus_lstm_nse_s0,lo,15,fixed,0.01,0.1351351351351351,0.20814595331139696,2.898506210323445
406208,aus_lstm_nse_s0,lo,15,fixed,0.05,0.06557377049180324,0.10267159812577997,2.898506210323445
406208,aus_lstm_nse_s0,lo,15,fixed,0.2,0.04244186046511622,0.06446944451109782,2.898506210323445
406208,aus_lstm_nse_s0,lo,15,fixed,1.0,0.09911926027682993,0.14515515239718413,2.898506210323445
406208,aus_lstm_nse_s0,up,30,fixed,0.01,0.15188944686717057,0.20855164388759895,2.6539551596098696
406208,aus_lstm_nse_s0,up,30,fixed,0.05,0.14297334119462488,0.18773378110041034,2.6539551596098696
406208,aus_lstm_nse_s0,up,30,fixed,0.2,0.12617554820338484,0.17512084709597847,2.6539551596098696
406208,aus_lstm_nse_s0,up,30,fixed,1.0,0.12921669837613892,0.17695737277287193,2.6539551596098696
406208,aus_lstm_nse_s0,lo,30,fixed,0.01,0.1351351351351351,0.21962162162163523,2.8665102777829343
406208,aus_lstm_nse_s0,lo,30,fixed,0.05,0.07650273224043713,0.11068164666681612,2.8665102777829343
406208,aus_lstm_nse_s0,lo,30,fixed,0.2,0.04787961696306431,0.07016659728059782,2.8665102777829343
406208,aus_lstm_nse_s0,lo,30,fixed,1.0,0.12921669837613736,0.19112987871937626,2.8665102777829343
406208,aus_lstm_nse_s0,up,60,fixed,0.01,0.16692365940703963,0.2209675440964518,2.6420972557442446
406208,aus_lstm_nse_s0,up,60,fixed,0.05,0.15485212392648245,0.21343601796261125,2.6420972557442446
406208,aus_lstm_nse_s0,up,60,fixed,0.2,0.15331229279725336,0.20920363249698282,2.6420972557442446
406208,aus_lstm_nse_s0,up,60,fixed,1.0,0.15623364915264804,0.2139473372459293,2.6420972557442446
406208,aus_lstm_nse_s0,lo,60,fixed,0.01,0.1351351351351351,0.21864864864865952,2.8383518914970294
406208,aus_lstm_nse_s0,lo,60,fixed,0.05,0.07117486338797796,0.10664162736574179,2.8383518914970294
406208,aus_lstm_nse_s0,lo,60,fixed,0.2,0.046511627906976716,0.06860278712766799,2.8383518914970294
406208,aus_lstm_nse_s0,lo,60,fixed,1.0,0.15623364915264804,0.2298393172440858,2.8383518914970294
406208,aus_lstm_nse_s0,up,90,fixed,0.01,0.16905825613870323,0.22591038341234077,2.656744729637643
406208,aus_lstm_nse_s0,up,90,fixed,0.05,0.16143134336247006,0.22160203002474807,2.656744729637643
406208,aus_lstm_nse_s0,up,90,fixed,0.2,0.18118915585955608,0.22975754183562824,2.656744729637643
406208,aus_lstm_nse_s0,up,90,fixed,1.0,0.1751732934391046,0.23330286054696114,2.656744729637643
406208,aus_lstm_nse_s0,lo,90,fixed,0.01,0.1351351351351351,0.22506161296513838,2.9512005229038247
406208,aus_lstm_nse_s0,lo,90,fixed,0.05,0.07103825136612019,0.11052971847443271,2.9512005229038247
406208,aus_lstm_nse_s0,lo,90,fixed,0.2,0.04787961696306431,0.07243376034878546,2.9512005229038247
406208,aus_lstm_nse_s0,lo,90,fixed,1.0,0.1751732934391026,0.25916058715022006,2.9512005229038247
406208,aus_lstm_nse_s0,up,30,adaptive,0.01,0.15188944686717057,0.20855164388759895,2.6539551596098696
406208,aus_lstm_nse_s0,up,30,adaptive,0.05,0.14297334119462488,0.18773378110041034,2.6539551596098696
406208,aus_lstm_nse_s0,up,30,adaptive,0.2,0.12617554820338484,0.17512084709597847,2.6539551596098696
406208,aus_lstm_nse_s0,up,30,adaptive,1.0,0.12921669837613892,0.17695737277287193,2.6539551596098696
406208,aus_lstm_nse_s0,lo,30,adaptive,0.01,0.1351351351351351,0.21962162162163523,2.8665102777829343
406208,aus_lstm_nse_s0,lo,30,adaptive,0.05,0.07650273224043713,0.11068164666681612,2.8665102777829343
406208,aus_lstm_nse_s0,lo,30,adaptive,0.2,0.04787961696306431,0.07016659728059782,2.8665102777829343
406208,aus_lstm_nse_s0,lo,30,adaptive,1.0,0.12921669837613736,0.19112987871937626,2.8665102777829343
401217,aus_lstm_nse_s0,up,15,fixed,0.01,0.09999731338731248,0.14302796174592503,2.722023587170489
401217,aus_lstm_nse_s0,up,15,fixed,0.05,0.07799737701495713,0.11263262042483607,2.722023587170489
401217,aus_lstm_nse_s0,up,15,fixed,0.2,0.03467459537357302,0.049502661874683704,2.722023587170489
401217,aus_lstm_nse_s0,up,15,fixed,1.0,0.033824681075874,0.0480048389445058,2.722023587170489
401217,aus_lstm_nse_s0,lo,15,fixed,0.01,0.15586755989378748,0.20338844862866368,2.510797664603878
401217,aus_lstm_nse_s0,lo,15,fixed,0.05,0.21509467993036313,0.29104134746151356,2.510797664603878
401217,aus_lstm_nse_s0,lo,15,fixed,0.2,0.1344684069188002,0.17704771095770477,2.510797664603878
401217,aus_lstm_nse_s0,lo,15,fixed,1.0,0.03382468107587429,0.04427971825065645,2.510797664603878
401217,aus_lstm_nse_s0,up,30,fixed,0.01,0.09959327040294207,0.1431031973418031,2.7470250680680133
401217,aus_lstm_nse_s0,up,30,fixed,0.05,0.07806650361662104,0.1098326094635373,2.7470250680680133
401217,aus_lstm_nse_s0,up,30,fixed,0.2,0.03599980559692352,0.05034788499521811,2.7470250680680133
401217,aus_lstm_nse_s0,up,30,fixed,1.0,0.04480907133493128,0.06499064766481288,2.7470250680680133
401217,aus_lstm_nse_s0,lo,30,fixed,0.01,0.25964312750961355,0.3380544137896546,2.697794693507784
401217,aus_lstm_nse_s0,lo,30,fixed,0.05,0.26467558894342547,0.39573272385608427,2.697794693507784
401217,aus_lstm_nse_s0,lo,30,fixed,0.2,0.18383180051611012,0.2573314326970676,2.697794693507784
401217,aus_lstm_nse_s0,lo,30,fixed,1.0,0.044809071334931436,0.06382592806882448,2.697794693507784
401217,aus_lstm_nse_s0,up,60,fixed,0.01,0.09528577010453017,0.13934981068604035,2.7694838464062816
401217,aus_lstm_nse_s0,up,60,fixed,0.05,0.07755735989280961,0.11256447915601026,2.7694838464062816
401217,aus_lstm_nse_s0,up,60,fixed,0.2,0.03830509121484184,0.05482663428463451,2.7694838464062816
401217,aus_lstm_nse_s0,up,60,fixed,1.0,0.05122628046358792,0.07771378888248222,2.7694838464062816
401217,aus_lstm_nse_s0,lo,60,fixed,0.01,0.30257578812396374,0.42115647885670016,2.699999145476005
401217,aus_lstm_nse_s0,lo,60,fixed,0.05,0.2894189461812764,0.45392877447347263,2.699999145476005
401217,aus_lstm_nse_s0,lo,60,fixed,0.2,0.21198564138643045,0.3091226660739225,2.699999145476005
401217,aus_lstm_nse_s0,lo,60,fixed,1.0,0.05122628046358871,0.07576399618531082,2.699999145476005
401217,aus_lstm_nse_s0,up,90,fixed,0.01,0.09953308539412936,0.14013951899774918,2.796858515425868
401217,aus_lstm_nse_s0,up,90,fixed,0.05,0.07859185643475629,0.11515707825584848,2.796858515425868
401217,aus_lstm_nse_s0,up,90,fixed,0.2,0.03952838703922312,0.057196227983889014,2.796858515425868
401217,aus_lstm_nse_s0,up,90,fixed,1.0,0.0557241363260013,0.08202764500379268,2.796858515425868
401217,aus_lstm_nse_s0,lo,90,fixed,0.01,0.3527098753123641,0.4934711530583834,2.509022628337733
401217,aus_lstm_nse_s0,lo,90,fixed,0.05,0.30948527362756645,0.45982064011372803,2.509022628337733
401217,aus_lstm_nse_s0,lo,90,fixed,0.2,0.22387472706452508,0.2996924780706851,2.509022628337733
401217,aus_lstm_nse_s0,lo,90,fixed,1.0,0.055724136326001636,0.07358585224409664,2.509022628337733
401217,aus_lstm_nse_s0,up,30,adaptive,0.01,0.09959327040294207,0.1431031973418031,2.7470250680680133
401217,aus_lstm_nse_s0,up,30,adaptive,0.05,0.07806650361662104,0.1098326094635373,2.7470250680680133
401217,aus_lstm_nse_s0,up,30,adaptive,0.2,0.03599980559692352,0.05034788499521811,2.7470250680680133
401217,aus_lstm_nse_s0,up,30,adaptive,1.0,0.04480907133493128,0.06499064766481288,2.7470250680680133
401217,aus_lstm_nse_s0,lo,30,adaptive,0.01,0.25964312750961355,0.3380544137896546,2.697794693507784
401217,aus_lstm_nse_s0,lo,30,adaptive,0.05,0.26467558894342547,0.39573272385608427,2.697794693507784
401217,aus_lstm_nse_s0,lo,30,adaptive,0.2,0.18383180051611012,0.2573314326970676,2.697794693507784
401217,aus_lstm_nse_s0,lo,30,adaptive,1.0,0.044809071334931436,0.06382592806882448,2.697794693507784
613002,aus_lstm_nse_s0,up,15,fixed,0.01,0.09106424678120481,0.13102059967668794,2.745698453689836
613002,aus_lstm_nse_s0,up,15,fixed,0.05,0.07550491757304573,0.10636928270185088,2.745698453689836
613002,aus_lstm_nse_s0,up,15,fixed,0.2,0.06399748054332834,0.09121522209927563,2.745698453689836
613002,aus_lstm_nse_s0,up,15,fixed,1.0,0.10682795814608004,0.15048654431804986,2.745698453689836
613002,aus_lstm_nse_s0,lo,15,fixed,0.01,0.0,5.171751915611367e-12,2.5858521623737327
613002,aus_lstm_nse_s0,lo,15,fixed,0.05,0.0,5.171751915611367e-12,2.5858521623737327
613002,aus_lstm_nse_s0,lo,15,fixed,0.2,0.12634708082651103,0.17873462409364937,2.5858521623737327
613002,aus_lstm_nse_s0,lo,15,fixed,1.0,0.10682795814608048,0.1417256711165913,2.5858521623737327
613002,aus_lstm_nse_s0,up,30,fixed,0.01,0.10398421943677172,0.147853883168061,2.579538449932676
613002,aus_lstm_nse_s0,up,30,fixed,0.05,0.09445702355377336,0.1286659477463366,2.579538449932676
613002,aus_lstm_nse_s0,up,30,fixed,0.2,0.08748605238061924,0.11778257202132852,2.579538449932676
613002,aus_lstm_nse_s0,up,30,fixed,1.0,0.14667227072082023,0.19499671004603042,2.579538449932676
613002,aus_lstm_nse_s0,lo,30,fixed,0.01,0.0,5.16220399759959e-12,2.5811558910138066
613002,aus_lstm_nse_s0,lo,30,fixed,0.05,0.0,0.0007608291034706394,2.5811558910138066
613002,aus_lstm_nse_s0,lo,30,fixed,0.2,0.18050269842124322,0.2579153815365799,2.5811558910138066
613002,aus_lstm_nse_s0,lo,30,fixed,1.0,0.14667227072082156,0.1951189783105418,2.5811558910138066
613002,aus_lstm_nse_s0,up,60,fixed,0.01,0.11406725493088368,0.1583127343406116,2.6177468327679283
613002,aus_lstm_nse_s0,up,60,fixed,0.05,0.1062203043412502,0.14814823715851982,2.6177468327679283
613002,aus_lstm_nse_s0,up,60,fixed,0.2,0.10633776927343382,0.14068241228837092,2.6177468327679283
613002,aus_lstm_nse_s0,up,60,fixed,1.0,0.1877871714589937,0.24546602205786577,2.6177468327679283
613002,aus_lstm_nse_s0,lo,60,fixed,0.01,0.0,5.3194115778865125e-12,2.6597242371822394
613002,aus_lstm_nse_s0,lo,60,fixed,0.05,0.0,0.0058737361243199615,2.6597242371822394
613002,aus_lstm_nse_s0,lo,60,fixed,0.2,0.22555091253323456,0.334749530446106,2.6597242371822394
613002,aus_lstm_nse_s0,lo,60,fixed,1.0,0.18778717145899293,0.24940224169106884,2.6597242371822394
613002,aus_lstm_nse_s0,up,90,fixed,0.01,0.11737584272406124,0.16167858926973927,2.5836559050275647
613002,aus_lstm_nse_s0,up,90,fixed,0.05,0.1136906659320311,0.155366076502131,2.5836559050275647
613002,aus_lstm_nse_s0,up,90,fixed,0.2,0.11119810022679692,0.148101723796706,2.5836559050275647
613002,aus_lstm_nse_s0,up,90,fixed,1.0,0.21259310127505598,0.2776525232001982,2.5836559050275647
613002,aus_lstm_nse_s0,lo,90,fixed,0.01,0.0,5.345057729755354e-12,2.6725372265322895
613002,aus_lstm_nse_s0,lo,90,fixed,0.05,0.00021291415769342237,0.013189603756541657,2.6725372265322895
613002,aus_lstm_nse_s0,lo,90,fixed,0.2,0.25196110953033823,0.3712752503683351,2.6725372265322895
613002,aus_lstm_nse_s0,lo,90,fixed,1.0,0.21259310127505526,0.2872041523986276,2.6725372265322895
613002,aus_lstm_nse_s0,up,30,adaptive,0.01,0.10398421943677172,0.147853883168061,2.579538449932676
613002,aus_lstm_nse_s0,up,30,adaptive,0.05,0.09445702355377336,0.1286659477463366,2.579538449932676
613002,aus_lstm_nse_s0,up,30,adaptive,0.2,0.08748605238061924,0.11778257202132852,2.579538449932676
613002,aus_lstm_nse_s0,up,30,adaptive,1.0,0.14667227072082023,0.19499671004603042,2.579538449932676
613002,aus_lstm_nse_s0,lo,30,adaptive,0.01,0.0,5.16220399759959e-12,2.5811558910138066
613002,aus_lstm_nse_s0,lo,30,adaptive,0.05,0.0,0.0007608291034706394,2.5811558910138066
613002,aus_lstm_nse_s0,lo,30,adaptive,0.2,0.18050269842124322,0.2579153815365799,2.5811558910138066
613002,aus_lstm_nse_s0,lo,30,adaptive,1.0,0.14667227072082156,0.1951189783105418,2.5811558910138066
305202,aus_lstm_nse_s0,up,15,fixed,0.01,0.08742133818418504,0.12809657565150612,2.8200074007116966
305202,aus_lstm_nse_s0,up,15,fixed,0.05,0.05176417696112856,0.07377105093364927,2.8200074007116966
305202,aus_lstm_nse_s0,up,15,fixed,0.2,0.04588225836575563,0.06576011193571452,2.8200074007116966
305202,aus_lstm_nse_s0,up,15,fixed,1.0,0.0825917026147428,0.12062237876812054,2.8200074007116966
305202,aus_lstm_nse_s0,lo,15,fixed,0.01,0.29729729729729726,0.4171343149790614,2.669370758196832
305202,aus_lstm_nse_s0,lo,15,fixed,0.05,0.13556245191557026,0.18999442097969976,2.669370758196832
305202,aus_lstm_nse_s0,lo,15,fixed,0.2,0.08656363465526762,0.11774446783991044,2.669370758196832
305202,aus_lstm_nse_s0,lo,15,fixed,1.0,0.0825917026147433,0.11417908002174193,2.669370758196832
305202,aus_lstm_nse_s0,up,30,fixed,0.01,0.0864436592092262,0.12307088810223343,2.81008647205839
305202,aus_lstm_nse_s0,up,30,fixed,0.05,0.054872566961525954,0.07912136491286592,2.81008647205839
305202,aus_lstm_nse_s0,up,30,fixed,0.2,0.05316862530949218,0.0760518677590496,2.81008647205839
305202,aus_lstm_nse_s0,up,30,fixed,1.0,0.10296490562026828,0.1524128660911398,2.81008647205839
305202,aus_lstm_nse_s0,lo,30,fixed,0.01,0.29797297297297287,0.4327190960460192,2.6576498335286067
305202,aus_lstm_nse_s0,lo,30,fixed,0.05,0.14508932479570735,0.19632699664363717,2.6576498335286067
305202,aus_lstm_nse_s0,lo,30,fixed,0.2,0.09461723963756208,0.12831328106234974,2.6576498335286067
305202,aus_lstm_nse_s0,lo,30,fixed,1.0,0.10296490562026811,0.14414504045422893,2.6576498335286067
305202,aus_lstm_nse_s0,up,60,fixed,0.01,0.08922441468974705,0.12339626302657325,2.7433867325462047
305202,aus_lstm_nse_s0,up,60,fixed,0.05,0.05906748257508185,0.0828051310953612,2.7433867325462047
305202,aus_lstm_nse_s0,up,60,fixed,0.2,0.05528852321238223,0.08060967468109448,2.7433867325462047
305202,aus_lstm_nse_s0,up,60,fixed,1.0,0.12363519066311979,0.17159809179882402,2.7433867325462047
305202,aus_lstm_nse_s0,lo,60,fixed,0.01,0.29729729729729726,0.4224276801335882,2.6634312072485713
305202,aus_lstm_nse_s0,lo,60,fixed,0.05,0.14330686095862555,0.19695292509726348,2.6634312072485713
305202,aus_lstm_nse_s0,lo,60,fixed,0.2,0.10604717367557026,0.1437584895659494,2.6634312072485713
305202,aus_lstm_nse_s0,lo,60,fixed,1.0,0.1236351906631219,0.16659689550116946,2.6634312072485713
305202,aus_lstm_nse_s0,up,90,fixed,0.01,0.08842038352634692,0.12200919394897532,2.7836896860245393
305202,aus_lstm_nse_s0,up,90,fixed,0.05,0.06088523210863045,0.08451110420479391,2.7836896860245393
305202,aus_lstm_nse_s0,up,90,fixed,0.2,0.0602338314165104,0.08627921090479751,2.7836896860245393
305202,aus_lstm_nse_s0,up,90,fixed,1.0,0.1295658193847854,0.18718834718842903,2.7836896860245393
305202,aus_lstm_nse_s0,lo,90,fixed,0.01,0.32432432432432434,0.4447395856351748,2.703952048676994
305202,aus_lstm_nse_s0,lo,90,fixed,0.05,0.1420906397161481,0.20055919952158763,2.703952048676994
305202,aus_lstm_nse_s0,lo,90,fixed,0.2,0.10793139861334144,0.15077495339449554,2.703952048676994
305202,aus_lstm_nse_s0,lo,90,fixed,1.0,0.12956581938478579,0.18182641456399462,2.703952048676994
305202,aus_lstm_nse_s0,up,30,adaptive,0.01,0.0864436592092262,0.12307088810223343,2.81008647205839
305202,aus_lstm_nse_s0,up,30,adaptive,0.05,0.054872566961525954,0.07912136491286592,2.81008647205839
305202,aus_lstm_nse_s0,up,30,adaptive,0.2,0.05316862530949218,0.0760518677590496,2.81008647205839
305202,aus_lstm_nse_s0,up,30,adaptive,1.0,0.10296490562026828,0.1524128660911398,2.81008647205839
305202,aus_lstm_nse_s0,lo,30,adaptive,0.01,0.29797297297297287,0.4327190960460192,2.6576498335286067
305202,aus_lstm_nse_s0,lo,30,adaptive,0.05,0.14508932479570735,0.19632699664363717,2.6576498335286067
305202,aus_lstm_nse_s0,lo,30,adaptive,0.2,0.09461723963756208,0.12831328106234974,2.6576498335286067
305202,aus_lstm_nse_s0,lo,30,adaptive,1.0,0.10296490562026811,0.14414504045422893,2.6576498335286067
102101A,aus_lstm_nse_s0,up,15,fixed,0.01,0.2080811130076461,0.31268760058598755,2.9379711636943884
102101A,aus_lstm_nse_s0,up,15,fixed,0.05,0.1353896203134755,0.2045154480455519,2.9379711636943884
102101A,aus_lstm_nse_s0,up,15,fixed,0.2,0.058144554710054586,0.0857048926129739,2.9379711636943884
102101A,aus_lstm_nse_s0,up,15,fixed,1.0,0.08075582166724049,0.12248009158153139,2.9379711636943884
102101A,aus_lstm_nse_s0,lo,15,fixed,0.01,2.5943341655731977e-05,0.0029889623593407633,2.6195118937812474
102101A,aus_lstm_nse_s0,lo,15,fixed,0.05,0.05665230191803805,0.08323032507827288,2.6195118937812474
102101A,aus_lstm_nse_s0,lo,15,fixed,0.2,0.24806990639379056,0.34282333584532365,2.6195118937812474
102101A,aus_lstm_nse_s0,lo,15,fixed,1.0,0.0807558216672401,0.10920395020003926,2.6195118937812474
102101A,aus_lstm_nse_s0,up,30,fixed,0.01,0.2169957551540157,0.3277565967499337,2.9551880456574353
102101A,aus_lstm_nse_s0,up,30,fixed,0.05,0.1449305374028914,0.22380873410634794,2.9551880456574353
102101A,aus_lstm_nse_s0,up,30,fixed,0.2,0.0650090521597381,0.09739660146647222,2.9551880456574353
102101A,aus_lstm_nse_s0,up,30,fixed,1.0,0.09577351851890792,0.14544047859125353,2.9551880456574353
102101A,aus_lstm_nse_s0,lo,30,fixed,0.01,0.0002283026648592923,0.0026637436573427875,2.715853189501617
102101A,aus_lstm_nse_s0,lo,30,fixed,0.05,0.0715399028485254,0.10681677746411056,2.715853189501617
102101A,aus_lstm_nse_s0,lo,30,fixed,0.2,0.3049547787192487,0.42528229039697596,2.715853189501617
102101A,aus_lstm_nse_s0,lo,30,fixed,1.0,0.09577351851890858,0.13366154084344184,2.715853189501617
102101A,aus_lstm_nse_s0,up,60,fixed,0.01,0.22223712559604697,0.3359034362565967,3.0088512787634647
102101A,aus_lstm_nse_s0,up,60,fixed,0.05,0.1470182732691314,0.22971617374268372,3.0088512787634647
102101A,aus_lstm_nse_s0,up,60,fixed,0.2,0.06833524405555177,0.10101839329322335,3.0088512787634647
102101A,aus_lstm_nse_s0,up,60,fixed,1.0,0.10509015153324491,0.1609095837115796,3.0088512787634647
102101A,aus_lstm_nse_s0,lo,60,fixed,0.01,0.000647585835708786,0.009171850371708423,2.652549923734734
102101A,aus_lstm_nse_s0,lo,60,fixed,0.05,0.09473879425187737,0.13658665845120022,2.652549923734734
102101A,aus_lstm_nse_s0,lo,60,fixed,0.2,0.3466300026012463,0.46750470340471084,2.652549923734734
102101A,aus_lstm_nse_s0,lo,60,fixed,1.0,0.10509015153324514,0.1418550351806498,2.652549923734734
102101A,aus_lstm_nse_s0,up,90,fixed,0.01,0.21796207812001478,0.3523956994737391,3.0698540948897644
102101A,aus_lstm_nse_s0,up,90,fixed,0.05,0.14740666759855348,0.24676989300722119,3.0698540948897644
102101A,aus_lstm_nse_s0,up,90,fixed,0.2,0.07174116250005894,0.11002507518143423,3.0698540948897644
102101A,aus_lstm_nse_s0,up,90,fixed,1.0,0.0939820370848648,0.15044687299556003,3.0698540948897644
102101A,aus_lstm_nse_s0,lo,90,fixed,0.01,0.0002852155612900198,0.005321461811389483,2.5639396271258894
102101A,aus_lstm_nse_s0,lo,90,fixed,0.05,0.07746389557239719,0.10656046861838298,2.5639396271258894
102101A,aus_lstm_nse_s0,lo,90,fixed,0.2,0.3028311657149604,0.41433405829082526,2.5639396271258894
102101A,aus_lstm_nse_s0,lo,90,fixed,1.0,0.09398203708486608,0.1256531051728501,2.5639396271258894
102101A,aus_lstm_nse_s0,up,30,adaptive,0.01,0.2169957551540157,0.3277565967499337,2.9551880456574353
102101A,aus_lstm_nse_s0,up,30,adaptive,0.05,0.1449305374028914,0.22380873410634794,2.9551880456574353
102101A,aus_lstm_nse_s0,up,30,adaptive,0.2,0.0650090521597381,0.09739660146647222,2.9551880456574353
102101A,aus_lstm_nse_s0,up,30,adaptive,1.0,0.09577351851890792,0.14544047859125353,2.9551880456574353
102101A,aus_lstm_nse_s0,lo,30,adaptive,0.01,0.0002283026648592923,0.0026637436573427875,2.715853189501617
102101A,aus_lstm_nse_s0,lo,30,adaptive,0.05,0.0715399028485254,0.10681677746411056,2.715853189501617
102101A,aus_lstm_nse_s0,lo,30,adaptive,0.2,0.3049547787192487,0.42528229039697596,2.715853189501617
102101A,aus_lstm_nse_s0,lo,30,adaptive,1.0,0.09577351851890858,0.13366154084344184,2.715853189501617
116006B,aus_lstm_nse_s0,up,15,fixed,0.01,0.13243864315836015,0.19970486420428052,2.9043367879948607
116006B,aus_lstm_nse_s0,up,15,fixed,0.05,0.06885690919005197,0.10231377839321551,2.9043367879948607
116006B,aus_lstm_nse_s0,up,15,fixed,0.2,0.06482048576789637,0.09583577498514145,2.9043367879948607
116006B,aus_lstm_nse_s0,up,15,fixed,1.0,0.07310188803514278,0.11063105237389914,2.9043367879948607
116006B,aus_lstm_nse_s0,lo,15,fixed,0.01,0.26898639122961154,0.37453373585570815,2.7039768669646964
116006B,aus_lstm_nse_s0,lo,15,fixed,0.05,0.2698109009295394,0.36329507715461595,2.7039768669646964
116006B,aus_lstm_nse_s0,lo,15,fixed,0.2,0.19047072243329016,0.2638921553540183,2.7039768669646964
116006B,aus_lstm_nse_s0,lo,15,fixed,1.0,0.07310188803514367,0.10299900742348511,2.7039768669646964
116006B,aus_lstm_nse_s0,up,30,fixed,0.01,0.12939917142141574,0.18032560624312216,2.8172081392767674
116006B,aus_lstm_nse_s0,up,30,fixed,0.05,0.0748499554181386,0.10509066431576711,2.8172081392767674
116006B,aus_lstm_nse_s0,up,30,fixed,0.2,0.07504004885336002,0.11143500508081788,2.8172081392767674
116006B,aus_lstm_nse_s0,up,30,fixed,1.0,0.0946956176844087,0.13523745858022973,2.8172081392767674
116006B,aus_lstm_nse_s0,lo,30,fixed,0.01,0.2734399378739275,0.3952684594211564,2.713078103008512
116006B,aus_lstm_nse_s0,lo,30,fixed,0.05,0.28877965796818256,0.39375217175891297,2.713078103008512
116006B,aus_lstm_nse_s0,lo,30,fixed,0.2,0.22440806896834348,0.306863900944369,2.713078103008512
116006B,aus_lstm_nse_s0,lo,30,fixed,1.0,0.09469561768440787,0.13023879296143737,2.713078103008512
116006B,aus_lstm_nse_s0,up,60,fixed,0.01,0.12030425475384562,0.16688286069810399,2.814034873675157
116006B,aus_lstm_nse_s0,up,60,fixed,0.05,0.07129311364183119,0.1040824540487682,2.814034873675157
116006B,aus_lstm_nse_s0,up,60,fixed,0.2,0.08644800222520799,0.12760585612959024,2.814034873675157
116006B,aus_lstm_nse_s0,up,60,fixed,1.0,0.10800528886715582,0.15733702227951693,2.814034873675157
116006B,aus_lstm_nse_s0,lo,60,fixed,0.01,0.29268529273601673,0.4090226436156037,2.644910560357973
116006B,aus_lstm_nse_s0,lo,60,fixed,0.05,0.30390457511272506,0.39938971434731063,2.644910560357973
116006B,aus_lstm_nse_s0,lo,60,fixed,0.2,0.25207001281604047,0.34175082704101634,2.644910560357973
116006B,aus_lstm_nse_s0,lo,60,fixed,1.0,0.10800528886715705,0.14788102153790572,2.644910560357973
116006B,aus_lstm_nse_s0,up,90,fixed,0.01,0.11545405156257085,0.15875366606628738,2.7900714950045447
116006B,aus_lstm_nse_s0,up,90,fixed,0.05,0.07294483079450317,0.10331586607487081,2.7900714950045447
116006B,aus_lstm_nse_s0,up,90,fixed,0.2,0.08852063030316526,0.1280858268389055,2.7900714950045447
116006B,aus_lstm_nse_s0,up,90,fixed,1.0,0.10814728154951808,0.15743586898795314,2.7900714950045447
116006B,aus_lstm_nse_s0,lo,90,fixed,0.01,0.2618873079387799,0.41134498115635565,2.656759918228262
116006B,aus_lstm_nse_s0,lo,90,fixed,0.05,0.305493907769038,0.3968306976101752,2.656759918228262
116006B,aus_lstm_nse_s0,lo,90,fixed,0.2,0.24250187405110152,0.34099609469248976,2.656759918228262
116006B,aus_lstm_nse_s0,lo,90,fixed,1.0,0.10814728154951697,0.14991347252839826,2.656759918228262
116006B,aus_lstm_nse_s0,up,30,adaptive,0.01,0.12939917142141574,0.18032560624312216,2.8172081392767674
116006B,aus_lstm_nse_s0,up,30,adaptive,0.05,0.0748499554181386,0.10509066431576711,2.8172081392767674
116006B,aus_lstm_nse_s0,up,30,adaptive,0.2,0.07504004885336002,0.11143500508081788,2.8172081392767674
116006B,aus_lstm_nse_s0,up,30,adaptive,1.0,0.0946956176844087,0.13523745858022973,2.8172081392767674
116006B,aus_lstm_nse_s0,lo,30,adaptive,0.01,0.2734399378739275,0.3952684594211564,2.713078103008512
116006B,aus_lstm_nse_s0,lo,30,adaptive,0.05,0.28877965796818256,0.39375217175891297,2.713078103008512
116006B,aus_lstm_nse_s0,lo,30,adaptive,0.2,0.22440806896834348,0.306863900944369,2.713078103008512
116006B,aus_lstm_nse_s0,lo,30,adaptive,1.0,0.09469561768440787,0.13023879296143737,2.713078103008512
G9070142,aus_lstm_nse_s0,up,15,fixed,0.01,0.17496144075557388,0.2516111969423245,2.769718527130999
G9070142,aus_lstm_nse_s0,up,15,fixed,0.05,0.1261547615433803,0.1762595435098835,2.769718527130999
G9070142,aus_lstm_nse_s0,up,15,fixed,0.2,0.14375616413198228,0.20651272495727824,2.769718527130999
G9070142,aus_lstm_nse_s0,up,15,fixed,1.0,0.07781329993780606,0.1117851466075801,2.769718527130999
G9070142,aus_lstm_nse_s0,lo,15,fixed,0.01,0.4054054054054054,0.5360017758596112,2.7892178888119257
G9070142,aus_lstm_nse_s0,lo,15,fixed,0.05,0.25136612021857924,0.3523347535752174,2.7892178888119257
G9070142,aus_lstm_nse_s0,lo,15,fixed,0.2,0.1719733915551187,0.2469856844569207,2.7892178888119257
G9070142,aus_lstm_nse_s0,lo,15,fixed,1.0,0.07781329993780739,0.11257213596513016,2.7892178888119257
G9070142,aus_lstm_nse_s0,up,30,fixed,0.01,0.16939976510723015,0.24127726400908978,2.7894419104654666
G9070142,aus_lstm_nse_s0,up,30,fixed,0.05,0.12467761747057066,0.18362588224864593,2.7894419104654666
G9070142,aus_lstm_nse_s0,up,30,fixed,0.2,0.17590125671242168,0.2571079920268198,2.7894419104654666
G9070142,aus_lstm_nse_s0,up,30,fixed,1.0,0.0966450437716384,0.13933570206044754,2.7894419104654666
G9070142,aus_lstm_nse_s0,lo,30,fixed,0.01,0.4054054054054054,0.5780013832079411,2.7806848680967167
G9070142,aus_lstm_nse_s0,lo,30,fixed,0.05,0.2952147987733256,0.41485285059326915,2.7806848680967167
G9070142,aus_lstm_nse_s0,lo,30,fixed,0.2,0.2022103772899465,0.2872951797296466,2.7806848680967167
G9070142,aus_lstm_nse_s0,lo,30,fixed,1.0,0.09664504377164085,0.13889827812921607,2.7806848680967167
G9070142,aus_lstm_nse_s0,up,60,fixed,0.01,0.15437334516220658,0.2176100957852991,2.6818124599381346
G9070142,aus_lstm_nse_s0,up,60,fixed,0.05,0.12757969180260587,0.1774890917042834,2.6818124599381346
G9070142,aus_lstm_nse_s0,up,60,fixed,0.2,0.18304896417530947,0.26189552413783673,2.6818124599381346
G9070142,aus_lstm_nse_s0,up,60,fixed,1.0,0.10750160002685216,0.14450938942771274,2.6818124599381346
G9070142,aus_lstm_nse_s0,lo,60,fixed,0.01,0.4054054054054054,0.5715488506856788,2.837525890320998
G9070142,aus_lstm_nse_s0,lo,60,fixed,0.05,0.3170175103338064,0.4563092415671687,2.837525890320998
G9070142,aus_lstm_nse_s0,lo,60,fixed,0.2,0.21237804885444822,0.31965227507054106,2.837525890320998
G9070142,aus_lstm_nse_s0,lo,60,fixed,1.0,0.10750160002685472,0.1529000032705785,2.837525890320998
G9070142,aus_lstm_nse_s0,up,90,fixed,0.01,0.15064518163246893,0.2219671893549715,2.8496344454952287
G9070142,aus_lstm_nse_s0,up,90,fixed,0.05,0.12199371170171971,0.17705425168176947,2.8496344454952287
G9070142,aus_lstm_nse_s0,up,90,fixed,0.2,0.18373069945826775,0.274511005426416,2.8496344454952287
G9070142,aus_lstm_nse_s0,up,90,fixed,1.0,0.10404444068472818,0.15245944635456987,2.8496344454952287
G9070142,aus_lstm_nse_s0,lo,90,fixed,0.01,0.4054054054054054,0.6205704747134381,3.039170827777285
G9070142,aus_lstm_nse_s0,lo,90,fixed,0.05,0.3400841172021611,0.487267259712413,3.039170827777285
G9070142,aus_lstm_nse_s0,lo,90,fixed,0.2,0.22309549056426214,0.32520552611426456,3.039170827777285
G9070142,aus_lstm_nse_s0,lo,90,fixed,1.0,0.10404444068473118,0.1625999090909238,3.039170827777285
G9070142,aus_lstm_nse_s0,up,30,adaptive,0.01,0.16939976510723015,0.24127726400908978,2.7894419104654666
G9070142,aus_lstm_nse_s0,up,30,adaptive,0.05,0.12467761747057066,0.18362588224864593,2.7894419104654666
G9070142,aus_lstm_nse_s0,up,30,adaptive,0.2,0.17590125671242168,0.2571079920268198,2.7894419104654666
G9070142,aus_lstm_nse_s0,up,30,adaptive,1.0,0.0966450437716384,0.13933570206044754,2.7894419104654666
G9070142,aus_lstm_nse_s0,lo,30,adaptive,0.01,0.4054054054054054,0.5780013832079411,2.7806848680967167
G9070142,aus_lstm_nse_s0,lo,30,adaptive,0.05,0.2952147987733256,0.41485285059326915,2.7806848680967167
G9070142,aus_lstm_nse_s0,lo,30,adaptive,0.2,0.2022103772899465,0.2872951797296466,2.7806848680967167
G9070142,aus_lstm_nse_s0,lo,30,adaptive,1.0,0.09664504377164085,0.13889827812921607,2.7806848680967167
226222,aus_lstm_nse_s0,up,15,fixed,0.01,0.1621389933952683,0.23002418840002106,2.647274707052186
226222,aus_lstm_nse_s0,up,15,fixed,0.05,0.12786598164410734,0.17769226401023483,2.647274707052186
226222,aus_lstm_nse_s0,up,15,fixed,0.2,0.054965169662524474,0.07369355263659141,2.647274707052186
226222,aus_lstm_nse_s0,up,15,fixed,1.0,0.03348215463775328,0.043376009866494925,2.647274707052186
226222,aus_lstm_nse_s0,lo,15,fixed,0.01,0.13545604558014046,0.18513463917992912,2.5644706857015147
226222,aus_lstm_nse_s0,lo,15,fixed,0.05,0.07938075876135176,0.1040867657348925,2.5644706857015147
226222,aus_lstm_nse_s0,lo,15,fixed,0.2,0.06982913188496587,0.0898371828789033,2.5644706857015147
226222,aus_lstm_nse_s0,lo,15,fixed,1.0,0.03348215463775342,0.042019253033694526,2.5644706857015147
226222,aus_lstm_nse_s0,up,30,fixed,0.01,0.17049614112477032,0.2315443715746543,2.510300304351587
226222,aus_lstm_nse_s0,up,30,fixed,0.05,0.14801071838443347,0.19300155584242432,2.510300304351587
226222,aus_lstm_nse_s0,up,30,fixed,0.2,0.0652069846586533,0.08370288579430694,2.510300304351587
226222,aus_lstm_nse_s0,up,30,fixed,1.0,0.042348310449762505,0.05573853136372953,2.510300304351587
226222,aus_lstm_nse_s0,lo,30,fixed,0.01,0.14290022351198933,0.195530619320333,2.5513602167503895
226222,aus_lstm_nse_s0,lo,30,fixed,0.05,0.09144773066109302,0.11842942508074084,2.5513602167503895
226222,aus_lstm_nse_s0,lo,30,fixed,0.2,0.08591542658332324,0.11558513885429145,2.5513602167503895
226222,aus_lstm_nse_s0,lo,30,fixed,1.0,0.04234831044976209,0.05665022277015813,2.5513602167503895
226222,aus_lstm_nse_s0,up,60,fixed,0.01,0.16938105857688524,0.24876355460615046,2.547248580515019
226222,aus_lstm_nse_s0,up,60,fixed,0.05,0.15028831953852945,0.20786432705978325,2.547248580515019
226222,aus_lstm_nse_s0,up,60,fixed,0.2,0.06951192056949455,0.09169473618060622,2.547248580515019
226222,aus_lstm_nse_s0,up,60,fixed,1.0,0.05551447372655127,0.07209642096128177,2.547248580515019
226222,aus_lstm_nse_s0,lo,60,fixed,0.01,0.16001832989348802,0.21705296725987988,2.556971924050072
226222,aus_lstm_nse_s0,lo,60,fixed,0.05,0.1055450965601783,0.1342003025934333,2.556971924050072
226222,aus_lstm_nse_s0,lo,60,fixed,0.2,0.102006561860157,0.13615472818243657,2.556971924050072
226222,aus_lstm_nse_s0,lo,60,fixed,1.0,0.055514473726550245,0.07237162703029942,2.556971924050072
226222,aus_lstm_nse_s0,up,90,fixed,0.01,0.17710014538085136,0.25005604581219526,2.5596777691949337
226222,aus_lstm_nse_s0,up,90,fixed,0.05,0.154572214016784,0.2112718976392678,2.5596777691949337
226222,aus_lstm_nse_s0,up,90,fixed,0.2,0.06938734065166256,0.09209375723400318,2.5596777691949337
226222,aus_lstm_nse_s0,up,90,fixed,1.0,0.05970934639000447,0.07852731267966462,2.5596777691949337
226222,aus_lstm_nse_s0,lo,90,fixed,0.01,0.16239084207335258,0.2218093275719723,2.6258557203803883
226222,aus_lstm_nse_s0,lo,90,fixed,0.05,0.09951608291572478,0.1346919655700931,2.6258557203803883
226222,aus_lstm_nse_s0,lo,90,fixed,0.2,0.10253166507281863,0.14483249740350734,2.6258557203803883
226222,aus_lstm_nse_s0,lo,90,fixed,1.0,0.059709346390005025,0.08055755911450158,2.6258557203803883
226222,aus_lstm_nse_s0,up,30,adaptive,0.01,0.17049614112477032,0.2315443715746543,2.510300304351587
226222,aus_lstm_nse_s0,up,30,adaptive,0.05,0.14801071838443347,0.19300155584242432,2.510300304351587
226222,aus_lstm_nse_s0,up,30,adaptive,0.2,0.0652069846586533,0.08370288579430694,2.510300304351587
226222,aus_lstm_nse_s0,up,30,adaptive,1.0,0.042348310449762505,0.05573853136372953,2.510300304351587
226222,aus_lstm_nse_s0,lo,30,adaptive,0.01,0.14290022351198933,0.195530619320333,2.5513602167503895
226222,aus_lstm_nse_s0,lo,30,adaptive,0.05,0.09144773066109302,0.11842942508074084,2.5513602167503895
226222,aus_lstm_nse_s0,lo,30,adaptive,0.2,0.08591542658332324,0.11558513885429145,2.5513602167503895
226222,aus_lstm_nse_s0,lo,30,adaptive,1.0,0.04234831044976209,0.05665022277015813,2.5513602167503895
G8190001,aus_lstm_nse_s0,up,15,fixed,0.01,0.20202344075394657,0.30831228277987277,2.8019832981570687
G8190001,aus_lstm_nse_s0,up,15,fixed,0.05,0.18651639479577922,0.26165485766892727,2.8019832981570687
G8190001,aus_lstm_nse_s0,up,15,fixed,0.2,0.19015657333034897,0.27356885600230546,2.8019832981570687
G8190001,aus_lstm_nse_s0,up,15,fixed,1.0,0.09750036279430829,0.1410773612920666,2.8019832981570687
G8190001,aus_lstm_nse_s0,lo,15,fixed,0.01,0.0,5.331401986552464e-12,2.6657210235797493
G8190001,aus_lstm_nse_s0,lo,15,fixed,0.05,0.0,5.331401986552464e-12,2.6657210235797493
G8190001,aus_lstm_nse_s0,lo,15,fixed,0.2,0.0,0.004313245577567404,2.6657210235797493
G8190001,aus_lstm_nse_s0,lo,15,fixed,1.0,0.09750036279430918,0.13421667723529174,2.6657210235797493
G8190001,aus_lstm_nse_s0,up,30,fixed,0.01,0.22221409948028825,0.3260550600265266,2.882618080154836
G8190001,aus_lstm_nse_s0,up,30,fixed,0.05,0.26157708931594625,0.3555475238281829,2.882618080154836
G8190001,aus_lstm_nse_s0,up,30,fixed,0.2,0.23222004517398814,0.35008646305509245,2.882618080154836
G8190001,aus_lstm_nse_s0,up,30,fixed,1.0,0.1301120208666049,0.19223756246710488,2.882618080154836
G8190001,aus_lstm_nse_s0,lo,30,fixed,0.01,0.0,5.37225819385867e-12,2.6861697141284457
G8190001,aus_lstm_nse_s0,lo,30,fixed,0.05,0.0,5.37225819385867e-12,2.6861697141284457
G8190001,aus_lstm_nse_s0,lo,30,fixed,0.2,0.0028603196083051285,0.015988522153994822,2.6861697141284457
G8190001,aus_lstm_nse_s0,lo,30,fixed,1.0,0.13011202086660356,0.17913670970567286,2.6861697141284457
G8190001,aus_lstm_nse_s0,up,60,fixed,0.01,0.2118053930056225,0.3090065447927158,2.830789226359264
G8190001,aus_lstm_nse_s0,up,60,fixed,0.05,0.29022057818325453,0.4134885548533349,2.830789226359264
G8190001,aus_lstm_nse_s0,up,60,fixed,0.2,0.2545051542798723,0.3843767836365082,2.830789226359264
G8190001,aus_lstm_nse_s0,up,60,fixed,1.0,0.14133790352113096,0.20779084025403982,2.830789226359264
G8190001,aus_lstm_nse_s0,lo,60,fixed,0.01,0.0,5.4473092703233306e-12,2.723690228978
G8190001,aus_lstm_nse_s0,lo,60,fixed,0.05,0.0,5.4473092703233306e-12,2.723690228978
G8190001,aus_lstm_nse_s0,lo,60,fixed,0.2,0.016667912780217287,0.06753355792658966,2.723690228978
G8190001,aus_lstm_nse_s0,lo,60,fixed,1.0,0.1413379035211354,0.19992936104216996,2.723690228978
G8190001,aus_lstm_nse_s0,up,90,fixed,0.01,0.19776873853684607,0.29205716777428115,2.8427959433340284
G8190001,aus_lstm_nse_s0,up,90,fixed,0.05,0.28101940689017546,0.3941380844163922,2.8427959433340284
G8190001,aus_lstm_nse_s0,up,90,fixed,0.2,0.2635405228253593,0.3867121458604475,2.8427959433340284
G8190001,aus_lstm_nse_s0,up,90,fixed,1.0,0.13776245158074996,0.20178299707437208,2.8427959433340284
G8190001,aus_lstm_nse_s0,lo,90,fixed,0.01,0.0,5.560885085742484e-12,2.7804874248659335
G8190001,aus_lstm_nse_s0,lo,90,fixed,0.05,0.0,5.560885085742484e-12,2.7804874248659335
G8190001,aus_lstm_nse_s0,lo,90,fixed,0.2,0.04270849534696153,0.08408241338588529,2.7804874248659335
G8190001,aus_lstm_nse_s0,lo,90,fixed,1.0,0.1377624515807515,0.19736030904105428,2.7804874248659335
G8190001,aus_lstm_nse_s0,up,30,adaptive,0.01,0.22221409948028825,0.3260550600265266,2.882618080154836
G8190001,aus_lstm_nse_s0,up,30,adaptive,0.05,0.26157708931594625,0.3555475238281829,2.882618080154836
G8190001,aus_lstm_nse_s0,up,30,adaptive,0.2,0.23222004517398814,0.35008646305509245,2.882618080154836
G8190001,aus_lstm_nse_s0,up,30,adaptive,1.0,0.1301120208666049,0.19223756246710488,2.882618080154836
G8190001,aus_lstm_nse_s0,lo,30,adaptive,0.01,0.0,5.37225819385867e-12,2.6861697141284457
G8190001,aus_lstm_nse_s0,lo,30,adaptive,0.05,0.0,5.37225819385867e-12,2.6861697141284457
G8190001,aus_lstm_nse_s0,lo,30,adaptive,0.2,0.0028603196083051285,0.015988522153994822,2.6861697141284457
G8190001,aus_lstm_nse_s0,lo,30,adaptive,1.0,0.13011202086660356,0.17913670970567286,2.6861697141284457
410761,aus_lstm_nse_s0,up,15,fixed,0.01,0.11453570678327443,0.1679861064941907,2.893880494015246
410761,aus_lstm_nse_s0,up,15,fixed,0.05,0.11073482383759123,0.16839335337305844,2.893880494015246
410761,aus_lstm_nse_s0,up,15,fixed,0.2,0.060493251643058576,0.08885598358758279,2.893880494015246
410761,aus_lstm_nse_s0,up,15,fixed,1.0,0.05479857744574346,0.0842879929669309,2.893880494015246
410761,aus_lstm_nse_s0,lo,15,fixed,0.01,0.169082012913644,0.21793289393632564,2.8188937173622217
410761,aus_lstm_nse_s0,lo,15,fixed,0.05,0.19704339393860126,0.2750536055965438,2.8188937173622217
410761,aus_lstm_nse_s0,lo,15,fixed,0.2,0.1412386219974764,0.20053968323170812,2.8188937173622217
410761,aus_lstm_nse_s0,lo,15,fixed,1.0,0.05479857744574462,0.08210390661083988,2.8188937173622217
410761,aus_lstm_nse_s0,up,30,fixed,0.01,0.11880749642897967,0.16678315446091732,2.8422657496079755
410761,aus_lstm_nse_s0,up,30,fixed,0.05,0.11867862439331164,0.1727312677781473,2.8422657496079755
410761,aus_lstm_nse_s0,up,30,fixed,0.2,0.06833978437100321,0.09849363243868253,2.8422657496079755
410761,aus_lstm_nse_s0,up,30,fixed,1.0,0.07616359770460612,0.11405620012117834,2.8422657496079755
410761,aus_lstm_nse_s0,lo,30,fixed,0.01,0.16838880180223426,0.23059964653341136,2.762123751421554
410761,aus_lstm_nse_s0,lo,30,fixed,0.05,0.2214628418111163,0.3074709553077424,2.762123751421554
410761,aus_lstm_nse_s0,lo,30,fixed,0.2,0.16820387170882267,0.2364850251371618,2.762123751421554
410761,aus_lstm_nse_s0,lo,30,fixed,1.0,0.07616359770460845,0.11084021238867436,2.762123751421554
410761,aus_lstm_nse_s0,up,60,fixed,0.01,0.12198170046383533,0.16774229812524585,2.8237165121424765
410761,aus_lstm_nse_s0,up,60,fixed,0.05,0.1143975113947436,0.17165544261660215,2.8237165121424765
410761,aus_lstm_nse_s0,up,60,fixed,0.2,0.07029813477960806,0.10095888194189878,2.8237165121424765
410761,aus_lstm_nse_s0,up,60,fixed,1.0,0.08913390071403071,0.12963514797196163,2.8237165121424765
410761,aus_lstm_nse_s0,lo,60,fixed,0.01,0.1630515641552981,0.2222434887564424,2.5968195782956287
410761,aus_lstm_nse_s0,lo,60,fixed,0.05,0.23293307892108817,0.30938778653260623,2.5968195782956287
410761,aus_lstm_nse_s0,lo,60,fixed,0.2,0.18674491109796204,0.24429525510897743,2.5968195782956287
410761,aus_lstm_nse_s0,lo,60,fixed,1.0,0.08913390071403371,0.11921844450079877,2.5968195782956287
410761,aus_lstm_nse_s0,up,90,fixed,0.01,0.11519166673774395,0.16476859644026967,2.8452129899442427
410761,aus_lstm_nse_s0,up,90,fixed,0.05,0.1184046240995501,0.17009357458709934,2.8452129899442427
410761,aus_lstm_nse_s0,up,90,fixed,0.2,0.07364471042490303,0.10481012829485462,2.8452129899442427
410761,aus_lstm_nse_s0,up,90,fixed,1.0,0.10143737301046979,0.1471139416598799,2.8452129899442427
410761,aus_lstm_nse_s0,lo,90,fixed,0.01,0.13469608967867674,0.20421853469164486,2.61629667444255
410761,aus_lstm_nse_s0,lo,90,fixed,0.05,0.23049608052379134,0.32218059929201637,2.61629667444255
410761,aus_lstm_nse_s0,lo,90,fixed,0.2,0.18318559028361314,0.2596546982538875,2.61629667444255
410761,aus_lstm_nse_s0,lo,90,fixed,1.0,0.1014373730104724,0.13527764623921124,2.61629667444255
410761,aus_lstm_nse_s0,up,30,adaptive,0.01,0.11880749642897967,0.16678315446091732,2.8422657496079755
410761,aus_lstm_nse_s0,up,30,adaptive,0.05,0.11867862439331164,0.1727312677781473,2.8422657496079755
410761,aus_lstm_nse_s0,up,30,adaptive,0.2,0.06833978437100321,0.09849363243868253,2.8422657496079755
410761,aus_lstm_nse_s0,up,30,adaptive,1.0,0.07616359770460612,0.11405620012117834,2.8422657496079755
410761,aus_lstm_nse_s0,lo,30,adaptive,0.01,0.16838880180223426,0.23059964653341136,2.762123751421554
410761,aus_lstm_nse_s0,lo,30,adaptive,0.05,0.2214628418111163,0.3074709553077424,2.762123751421554
410761,aus_lstm_nse_s0,lo,30,adaptive,0.2,0.16820387170882267,0.2364850251371618,2.762123751421554
410761,aus_lstm_nse_s0,lo,30,adaptive,1.0,0.07616359770460845,0.11084021238867436,2.762123751421554
405264,aus_lstm_nse_s0,up,15,fixed,0.01,0.1544368769308927,0.22031000376000573,2.765873302507348
405264,aus_lstm_nse_s0,up,15,fixed,0.05,0.08463459546607918,0.11940713075788523,2.765873302507348
405264,aus_lstm_nse_s0,up,15,fixed,0.2,0.06139287190660575,0.08626339838437519,2.765873302507348
405264,aus_lstm_nse_s0,up,15,fixed,1.0,0.034861368328919146,0.048582910816574565,2.765873302507348
405264,aus_lstm_nse_s0,lo,15,fixed,0.01,0.3677457057729868,0.5454682350659228,2.671160190758621
405264,aus_lstm_nse_s0,lo,15,fixed,0.05,0.29940227145831144,0.41600711455172024,2.671160190758621
405264,aus_lstm_nse_s0,lo,15,fixed,0.2,0.09307305961377042,0.12772692908924616,2.671160190758621
405264,aus_lstm_nse_s0,lo,15,fixed,1.0,0.03486136832891917,0.0469192631516302,2.671160190758621
405264,aus_lstm_nse_s0,up,30,fixed,0.01,0.15737014671720911,0.21596612380629254,2.7347521978496987
405264,aus_lstm_nse_s0,up,30,fixed,0.05,0.08850094692572058,0.11900149138849808,2.7347521978496987
405264,aus_lstm_nse_s0,up,30,fixed,0.2,0.07218296832892013,0.09977695666372272,2.7347521978496987
405264,aus_lstm_nse_s0,up,30,fixed,1.0,0.04136662598657309,0.05962417006369436,2.7347521978496987
405264,aus_lstm_nse_s0,lo,30,fixed,0.01,0.45087490126589735,0.6768236444429737,2.6037935710860145
405264,aus_lstm_nse_s0,lo,30,fixed,0.05,0.3566406655932084,0.502935629561531,2.6037935710860145
405264,aus_lstm_nse_s0,lo,30,fixed,0.2,0.12070232527403617,0.16351956252428812,2.6037935710860145
405264,aus_lstm_nse_s0,lo,30,fixed,1.0,0.04136662598657312,0.05676895728075726,2.6037935710860145
405264,aus_lstm_nse_s0,up,60,fixed,0.01,0.1490063115005769,0.21530963440062625,2.7568537880975854
405264,aus_lstm_nse_s0,up,60,fixed,0.05,0.09002755468806717,0.12441485797022739,2.7568537880975854
405264,aus_lstm_nse_s0,up,60,fixed,0.2,0.07590352352616936,0.10706801108154601,2.7568537880975854
405264,aus_lstm_nse_s0,up,60,fixed,1.0,0.04839640353650626,0.06782404011169257,2.7568537880975854
405264,aus_lstm_nse_s0,lo,60,fixed,0.01,0.4689880172416334,0.7492031063015476,2.505847923354614
405264,aus_lstm_nse_s0,lo,60,fixed,0.05,0.3797948283595064,0.5423257415472116,2.505847923354614
405264,aus_lstm_nse_s0,lo,60,fixed,0.2,0.1398760531513597,0.18305514526609995,2.505847923354614
405264,aus_lstm_nse_s0,lo,60,fixed,1.0,0.0483964035365054,0.06164880081822832,2.505847923354614
405264,aus_lstm_nse_s0,up,90,fixed,0.01,0.14895003377642468,0.21390789185745562,2.756607604687877
405264,aus_lstm_nse_s0,up,90,fixed,0.05,0.0855364186263759,0.12280485971964997,2.756607604687877
405264,aus_lstm_nse_s0,up,90,fixed,0.2,0.07683393261930035,0.10700912316657807,2.756607604687877
405264,aus_lstm_nse_s0,up,90,fixed,1.0,0.05282077112592712,0.07406659817716871,2.756607604687877
405264,aus_lstm_nse_s0,lo,90,fixed,0.01,0.4974450572589207,0.8086356325573023,2.4625377921397735
405264,aus_lstm_nse_s0,lo,90,fixed,0.05,0.39159526722395105,0.5572574504276955,2.4625377921397735
405264,aus_lstm_nse_s0,lo,90,fixed,0.2,0.14335916070452176,0.18310192576036521,2.4625377921397735
405264,aus_lstm_nse_s0,lo,90,fixed,1.0,0.05282077112592784,0.06616531015743266,2.4625377921397735
405264,aus_lstm_nse_s0,up,30,adaptive,0.01,0.15737014671720911,0.21596612380629254,2.7347521978496987
405264,aus_lstm_nse_s0,up,30,adaptive,0.05,0.08850094692572058,0.11900149138849808,2.7347521978496987
405264,aus_lstm_nse_s0,up,30,adaptive,0.2,0.07218296832892013,0.09977695666372272,2.7347521978496987
405264,aus_lstm_nse_s0,up,30,adaptive,1.0,0.04136662598657309,0.05962417006369436,2.7347521978496987
405264,aus_lstm_nse_s0,lo,30,adaptive,0.01,0.45087490126589735,0.6768236444429737,2.6037935710860145
405264,aus_lstm_nse_s0,lo,30,adaptive,0.05,0.3566406655932084,0.502935629561531,2.6037935710860145
405264,aus_lstm_nse_s0,lo,30,adaptive,0.2,0.12070232527403617,0.16351956252428812,2.6037935710860145
405264,aus_lstm_nse_s0,lo,30,adaptive,1.0,0.04136662598657312,0.05676895728075726,2.6037935710860145
210006,aus_lstm_nse_s0,up,15,fixed,0.01,0.2884844722876864,0.39527949513163585,2.676283197887309
210006,aus_lstm_nse_s0,up,15,fixed,0.05,0.1339636969878503,0.17908457166186095,2.676283197887309
210006,aus_lstm_nse_s0,up,15,fixed,0.2,0.11062990450761273,0.15248280146162782,2.676283197887309
210006,aus_lstm_nse_s0,up,15,fixed,1.0,0.09238857713044468,0.12773204754760314,2.676283197887309
210006,aus_lstm_nse_s0,lo,15,fixed,0.01,0.5670215887169183,0.800485087772683,2.9070371413376397
210006,aus_lstm_nse_s0,lo,15,fixed,0.05,0.4877778162404495,0.7329888529344011,2.9070371413376397
210006,aus_lstm_nse_s0,lo,15,fixed,0.2,0.1117299633094222,0.16405417903713304,2.9070371413376397
210006,aus_lstm_nse_s0,lo,15,fixed,1.0,0.09238857713044257,0.13874533407119038,2.9070371413376397
210006,aus_lstm_nse_s0,up,30,fixed,0.01,0.28091947960835145,0.41483022610929954,2.784833960564377
210006,aus_lstm_nse_s0,up,30,fixed,0.05,0.1437212535376831,0.19955513741434963,2.784833960564377
210006,aus_lstm_nse_s0,up,30,fixed,0.2,0.14105385099326226,0.20020728162889256,2.784833960564377
210006,aus_lstm_nse_s0,up,30,fixed,1.0,0.12712321046794184,0.17551719515523612,2.784833960564377
210006,aus_lstm_nse_s0,lo,30,fixed,0.01,0.7242274005237375,1.0643421744093593,3.0202738517469214
210006,aus_lstm_nse_s0,lo,30,fixed,0.05,0.5789380811589641,0.9276436137792065,3.0202738517469214
210006,aus_lstm_nse_s0,lo,30,fixed,0.2,0.12182706521120346,0.19208889626416004,3.0202738517469214
210006,aus_lstm_nse_s0,lo,30,fixed,1.0,0.12712321046794373,0.1903560508691473,3.0202738517469214
210006,aus_lstm_nse_s0,up,60,fixed,0.01,0.27654886324049155,0.3899765112080985,2.7296678051952066
210006,aus_lstm_nse_s0,up,60,fixed,0.05,0.14072865432055362,0.1898807853308918,2.7296678051952066
210006,aus_lstm_nse_s0,up,60,fixed,0.2,0.1700333189276098,0.23607109552383976,2.7296678051952066
210006,aus_lstm_nse_s0,up,60,fixed,1.0,0.1537939517433396,0.21132362824056683,2.7296678051952066
210006,aus_lstm_nse_s0,lo,60,fixed,0.01,0.7992013670331363,1.168813688423388,2.882161822449789
210006,aus_lstm_nse_s0,lo,60,fixed,0.05,0.6502476738760433,0.9917921210044496,2.882161822449789
210006,aus_lstm_nse_s0,lo,60,fixed,0.2,0.12948758317058195,0.19841484294443834,2.882161822449789
210006,aus_lstm_nse_s0,lo,60,fixed,1.0,0.15379395174334048,0.2231293098513058,2.882161822449789
210006,aus_lstm_nse_s0,up,90,fixed,0.01,0.28463719505131824,0.399483381010014,2.7937566414148614
210006,aus_lstm_nse_s0,up,90,fixed,0.05,0.13189435618889966,0.18718599309509787,2.7937566414148614
210006,aus_lstm_nse_s0,up,90,fixed,0.2,0.18281342985066015,0.25766716168019255,2.7937566414148614
210006,aus_lstm_nse_s0,up,90,fixed,1.0,0.1713682021418051,0.2353930117215421,2.7937566414148614
210006,aus_lstm_nse_s0,lo,90,fixed,0.01,0.8267901499309454,1.2941695615800084,2.71459552373553
210006,aus_lstm_nse_s0,lo,90,fixed,0.05,0.6580402492711914,0.9946781645316918,2.71459552373553
210006,aus_lstm_nse_s0,lo,90,fixed,0.2,0.14418904284331846,0.19145539785434917,2.71459552373553
210006,aus_lstm_nse_s0,lo,90,fixed,1.0,0.1713682021418062,0.2287231487758768,2.71459552373553
210006,aus_lstm_nse_s0,up,30,adaptive,0.01,0.28091947960835145,0.41483022610929954,2.784833960564377
210006,aus_lstm_nse_s0,up,30,adaptive,0.05,0.1437212535376831,0.19955513741434963,2.784833960564377
210006,aus_lstm_nse_s0,up,30,adaptive,0.2,0.14105385099326226,0.20020728162889256,2.784833960564377
210006,aus_lstm_nse_s0,up,30,adaptive,1.0,0.12712321046794184,0.17551719515523612,2.784833960564377
210006,aus_lstm_nse_s0,lo,30,adaptive,0.01,0.7242274005237375,1.0643421744093593,3.0202738517469214
210006,aus_lstm_nse_s0,lo,30,adaptive,0.05,0.5789380811589641,0.9276436137792065,3.0202738517469214
210006,aus_lstm_nse_s0,lo,30,adaptive,0.2,0.12182706521120346,0.19208889626416004,3.0202738517469214
210006,aus_lstm_nse_s0,lo,30,adaptive,1.0,0.12712321046794373,0.1903560508691473,3.0202738517469214
406224,aus_gr4j_kge,up,15,fixed,0.01,0.1870741811394257,0.2674398238053589,2.778159267066191
406224,aus_gr4j_kge,up,15,fixed,0.05,0.23067444678379456,0.33925180544835215,2.778159267066191
406224,aus_gr4j_kge,up,15,fixed,0.2,0.22180794408566507,0.3160173219847575,2.778159267066191
406224,aus_gr4j_kge,up,15,fixed,1.0,0.04439803042897639,0.06325538400522657,2.778159267066191
406224,aus_gr4j_kge,lo,15,fixed,0.01,0.0,4.7202242114963155e-12,2.3601658269737698
406224,aus_gr4j_kge,lo,15,fixed,0.05,0.0,4.7202242114963155e-12,2.3601658269737698
406224,aus_gr4j_kge,lo,15,fixed,0.2,0.0,4.7202242114963155e-12,2.3601658269737698
406224,aus_gr4j_kge,lo,15,fixed,1.0,0.04439803042897694,0.05373817025936689,2.3601658269737698
406224,aus_gr4j_kge,up,30,fixed,0.01,0.18807973012299495,0.2711339986878488,2.6756390551096008
406224,aus_gr4j_kge,up,30,fixed,0.05,0.30067951963669376,0.42248967903882306,2.6756390551096008
406224,aus_gr4j_kge,up,30,fixed,0.2,0.29927627032498905,0.4176047234394975,2.6756390551096008
406224,aus_gr4j_kge,up,30,fixed,1.0,0.05990442322222522,0.08359209134197054,2.6756390551096008
406224,aus_gr4j_kge,lo,30,fixed,0.01,0.0,4.644173934309492e-12,2.322077036135056
406224,aus_gr4j_kge,lo,30,fixed,0.05,0.0,4.644173934309492e-12,2.322077036135056
406224,aus_gr4j_kge,lo,30,fixed,0.2,0.0,4.644173934309492e-12,2.322077036135056
406224,aus_gr4j_kge,lo,30,fixed,1.0,0.059904423222227776,0.07254613634713336,2.322077036135056
406224,aus_gr4j_kge,up,60,fixed,0.01,0.19512932005497918,0.28201474697998624,2.719486446028991
406224,aus_gr4j_kge,up,60,fixed,0.05,0.4021168514105615,0.5701449322572287,2.719486446028991
406224,aus_gr4j_kge,up,60,fixed,0.2,0.3891600325144189,0.5396428915738956,2.719486446028991
406224,aus_gr4j_kge,up,60,fixed,1.0,0.07789594298139102,0.10896944254582541,2.719486446028991
406224,aus_gr4j_kge,lo,60,fixed,0.01,0.0,4.452438417956728e-12,2.2261660499635934
406224,aus_gr4j_kge,lo,60,fixed,0.05,0.0,4.452438417956728e-12,2.2261660499635934
406224,aus_gr4j_kge,lo,60,fixed,0.2,0.0,4.452438417956728e-12,2.2261660499635934
406224,aus_gr4j_kge,lo,60,fixed,1.0,0.0778959429813908,0.08920216308972662,2.2261660499635934
406224,aus_gr4j_kge,up,90,fixed,0.01,0.1936364706667163,0.26950053791047046,2.7355210542586303
406224,aus_gr4j_kge,up,90,fixed,0.05,0.4759138918550157,0.674198419277256,2.7355210542586303
406224,aus_gr4j_kge,up,90,fixed,0.2,0.4533712600593595,0.635562548433776,2.7355210542586303
406224,aus_gr4j_kge,up,90,fixed,1.0,0.09092442763016029,0.1297802620759111,2.7355210542586303
406224,aus_gr4j_kge,lo,90,fixed,0.01,0.0,4.327982416896248e-12,2.1639743639893947
406224,aus_gr4j_kge,lo,90,fixed,0.05,0.0,4.327982416896248e-12,2.1639743639893947
406224,aus_gr4j_kge,lo,90,fixed,0.2,0.0,4.327982416896248e-12,2.1639743639893947
406224,aus_gr4j_kge,lo,90,fixed,1.0,0.09092442763016106,0.10266459461055544,2.1639743639893947
406224,aus_gr4j_kge,up,30,adaptive,0.01,0.18807973012299495,0.2711339986878488,2.6756390551096008
406224,aus_gr4j_kge,up,30,adaptive,0.05,0.30067951963669376,0.42248967903882306,2.6756390551096008
406224,aus_gr4j_kge,up,30,adaptive,0.2,0.29927627032498905,0.4176047234394975,2.6756390551096008
406224,aus_gr4j_kge,up,30,adaptive,1.0,0.05990442322222522,0.08359209134197054,2.6756390551096008
406224,aus_gr4j_kge,lo,30,adaptive,0.01,0.0,4.644173934309492e-12,2.322077036135056
406224,aus_gr4j_kge,lo,30,adaptive,0.05,0.0,4.644173934309492e-12,2.322077036135056
406224,aus_gr4j_kge,lo,30,adaptive,0.2,0.0,4.644173934309492e-12,2.322077036135056
406224,aus_gr4j_kge,lo,30,adaptive,1.0,0.059904423222227776,0.07254613634713336,2.322077036135056
401217,aus_gr4j_kge,up,15,fixed,0.01,0.08880445970292485,0.12567040443499883,2.7703111755293506
401217,aus_gr4j_kge,up,15,fixed,0.05,0.045080480206074705,0.06399889200214194,2.7703111755293506
401217,aus_gr4j_kge,up,15,fixed,0.2,0.02816472606806837,0.04054302671059494,2.7703111755293506
401217,aus_gr4j_kge,up,15,fixed,1.0,0.03192880883403662,0.04673042464122035,2.7703111755293506
401217,aus_gr4j_kge,lo,15,fixed,0.01,0.31889842946139624,0.489013503053338,2.7773358912784323
401217,aus_gr4j_kge,lo,15,fixed,0.05,0.09279227070288562,0.12902757381490843,2.7773358912784323
401217,aus_gr4j_kge,lo,15,fixed,0.2,0.06935335120206448,0.09552966139783514,2.7773358912784323
401217,aus_gr4j_kge,lo,15,fixed,1.0,0.03192880883403812,0.04684891961494003,2.7773358912784323
401217,aus_gr4j_kge,up,30,fixed,0.01,0.088317367939793,0.12272855860149645,2.7938350721123597
401217,aus_gr4j_kge,up,30,fixed,0.05,0.045652440712604825,0.06427184183697472,2.7938350721123597
401217,aus_gr4j_kge,up,30,fixed,0.2,0.029388524971748833,0.04248853438302963,2.7938350721123597
401217,aus_gr4j_kge,up,30,fixed,1.0,0.042456163786314824,0.059543445689275595,2.7938350721123597
401217,aus_gr4j_kge,lo,30,fixed,0.01,0.3355813808794531,0.5304367190193915,2.771546788216517
401217,aus_gr4j_kge,lo,30,fixed,0.05,0.09853818067915582,0.13826749353958012,2.771546788216517
401217,aus_gr4j_kge,lo,30,fixed,0.2,0.0798739788201932,0.1149994345333668,2.771546788216517
401217,aus_gr4j_kge,lo,30,fixed,1.0,0.04245616378631474,0.05906842794935757,2.771546788216517
401217,aus_gr4j_kge,up,60,fixed,0.01,0.0757266407899744,0.11534500936651428,2.8823452623972505
401217,aus_gr4j_kge,up,60,fixed,0.05,0.04511630460476186,0.0658087440372338,2.8823452623972505
401217,aus_gr4j_kge,up,60,fixed,0.2,0.02954683830509512,0.044403268812696295,2.8823452623972505
401217,aus_gr4j_kge,up,60,fixed,1.0,0.050295632078012756,0.0733912261964424,2.8823452623972505
401217,aus_gr4j_kge,lo,60,fixed,0.01,0.31413752631727165,0.5319016670670158,2.8318340017579087
401217,aus_gr4j_kge,lo,60,fixed,0.05,0.10915895035347939,0.1493311108980977,2.8318340017579087
401217,aus_gr4j_kge,lo,60,fixed,0.2,0.0855889108800407,0.12618414220295632,2.8318340017579087
401217,aus_gr4j_kge,lo,60,fixed,1.0,0.050295632078012645,0.07210509181018036,2.8318340017579087
401217,aus_gr4j_kge,up,90,fixed,0.01,0.0763991270547554,0.11033019431730116,2.871145306789283
401217,aus_gr4j_kge,up,90,fixed,0.05,0.04417860918032812,0.0672961812793376,2.871145306789283
401217,aus_gr4j_kge,up,90,fixed,0.2,0.03295800833497081,0.0469782760977909,2.871145306789283
401217,aus_gr4j_kge,up,90,fixed,1.0,0.056906235307098096,0.08109576742307488,2.871145306789283
401217,aus_gr4j_kge,lo,90,fixed,0.01,0.3111806632199707,0.5254773936933422,2.780568300835199
401217,aus_gr4j_kge,lo,90,fixed,0.05,0.10348294357397048,0.13982298326571094,2.780568300835199
401217,aus_gr4j_kge,lo,90,fixed,0.2,0.09250949313719484,0.12633467349847083,2.780568300835199
401217,aus_gr4j_kge,lo,90,fixed,1.0,0.05690623530709672,0.07853741142786946,2.780568300835199
401217,aus_gr4j_kge,up,30,adaptive,0.01,0.088317367939793,0.12272855860149645,2.7938350721123597
401217,aus_gr4j_kge,up,30,adaptive,0.05,0.045652440712604825,0.06427184183697472,2.7938350721123597
401217,aus_gr4j_kge,up,30,adaptive,0.2,0.029388524971748833,0.04248853438302963,2.7938350721123597
401217,aus_gr4j_kge,up,30,adaptive,1.0,0.042456163786314824,0.059543445689275595,2.7938350721123597
401217,aus_gr4j_kge,lo,30,adaptive,0.01,0.3355813808794531,0.5304367190193915,2.771546788216517
401217,aus_gr4j_kge,lo,30,adaptive,0.05,0.09853818067915582,0.13826749353958012,2.771546788216517
401217,aus_gr4j_kge,lo,30,adaptive,0.2,0.0798739788201932,0.1149994345333668,2.771546788216517
401217,aus_gr4j_kge,lo,30,adaptive,1.0,0.04245616378631474,0.05906842794935757,2.771546788216517
230210,aus_gr4j_kge,up,15,fixed,0.01,0.17556669284741344,0.24098097129712254,2.739562270564231
230210,aus_gr4j_kge,up,15,fixed,0.05,0.1129188315002514,0.15791405767312255,2.739562270564231
230210,aus_gr4j_kge,up,15,fixed,0.2,0.15222150270448698,0.20593377403609325,2.739562270564231
230210,aus_gr4j_kge,up,15,fixed,1.0,0.08304924088966148,0.11598895742532722,2.739562270564231
230210,aus_gr4j_kge,lo,15,fixed,0.01,0.0,5.771827460421264e-12,2.885868430248078
230210,aus_gr4j_kge,lo,15,fixed,0.05,0.0,5.771827460421264e-12,2.885868430248078
230210,aus_gr4j_kge,lo,15,fixed,0.2,0.0,5.771827460421264e-12,2.885868430248078
230210,aus_gr4j_kge,lo,15,fixed,1.0,0.08304924088966037,0.1221833407795474,2.885868430248078
230210,aus_gr4j_kge,up,30,fixed,0.01,0.20021722842827822,0.2717374174608334,2.8192717777978045
230210,aus_gr4j_kge,up,30,fixed,0.05,0.12499842102283437,0.18579729921082488,2.8192717777978045
230210,aus_gr4j_kge,up,30,fixed,0.2,0.19355690021347471,0.2826952841571707,2.8192717777978045
230210,aus_gr4j_kge,up,30,fixed,1.0,0.10611762176005357,0.1582009501454631,2.8192717777978045
230210,aus_gr4j_kge,lo,30,fixed,0.01,0.0,5.617728504603292e-12,2.8088501549941567
230210,aus_gr4j_kge,lo,30,fixed,0.05,0.0,5.617728504603292e-12,2.8088501549941567
230210,aus_gr4j_kge,lo,30,fixed,0.2,0.0,5.617728504603292e-12,2.8088501549941567
230210,aus_gr4j_kge,lo,30,fixed,1.0,0.10611762176005446,0.1576161499702624,2.8088501549941567
230210,aus_gr4j_kge,up,60,fixed,0.01,0.20939467559558522,0.2848085860204701,2.8410279688511206
230210,aus_gr4j_kge,up,60,fixed,0.05,0.13774393309560257,0.20063359174900042,2.8410279688511206
230210,aus_gr4j_kge,up,60,fixed,0.2,0.2352290923156975,0.35340986795272544,2.8410279688511206
230210,aus_gr4j_kge,up,60,fixed,1.0,0.14158137520280734,0.20092898758096744,2.8410279688511206
230210,aus_gr4j_kge,lo,60,fixed,0.01,0.0,5.7274185394362576e-12,2.8636671564381437
230210,aus_gr4j_kge,lo,60,fixed,0.05,0.0,5.7274185394362576e-12,2.8636671564381437
230210,aus_gr4j_kge,lo,60,fixed,0.2,0.0,5.7274185394362576e-12,2.8636671564381437
230210,aus_gr4j_kge,lo,60,fixed,1.0,0.1415813752028089,0.20253012248403413,2.8636671564381437
230210,aus_gr4j_kge,up,90,fixed,0.01,0.21670457163698276,0.2958501469365029,2.868720549610831
230210,aus_gr4j_kge,up,90,fixed,0.05,0.1484021128657208,0.2201474523544169,2.868720549610831
230210,aus_gr4j_kge,up,90,fixed,0.2,0.2685937401201847,0.40952108143577026,2.868720549610831
230210,aus_gr4j_kge,up,90,fixed,1.0,0.1581619391850042,0.23194351370351907,2.868720549610831
230210,aus_gr4j_kge,lo,90,fixed,0.01,0.0,5.46007683510652e-12,2.7300769461518017
230210,aus_gr4j_kge,lo,90,fixed,0.05,0.0,5.46007683510652e-12,2.7300769461518017
230210,aus_gr4j_kge,lo,90,fixed,0.2,0.0,5.46007683510652e-12,2.7300769461518017
230210,aus_gr4j_kge,lo,90,fixed,1.0,0.15816193918500143,0.22073381795843616,2.7300769461518017
230210,aus_gr4j_kge,up,30,adaptive,0.01,0.20021722842827822,0.2717374174608334,2.8192717777978045
230210,aus_gr4j_kge,up,30,adaptive,0.05,0.12499842102283437,0.18579729921082488,2.8192717777978045
230210,aus_gr4j_kge,up,30,adaptive,0.2,0.19355690021347471,0.2826952841571707,2.8192717777978045
230210,aus_gr4j_kge,up,30,adaptive,1.0,0.10611762176005357,0.1582009501454631,2.8192717777978045
230210,aus_gr4j_kge,lo,30,adaptive,0.01,0.0,5.617728504603292e-12,2.8088501549941567
230210,aus_gr4j_kge,lo,30,adaptive,0.05,0.0,5.617728504603292e-12,2.8088501549941567
230210,aus_gr4j_kge,lo,30,adaptive,0.2,0.0,5.617728504603292e-12,2.8088501549941567
230210,aus_gr4j_kge,lo,30,adaptive,1.0,0.10611762176005446,0.1576161499702624,2.8088501549941567
226222,aus_gr4j_kge,up,15,fixed,0.01,0.16021500849181627,0.22473131955030035,2.7168565325431455
226222,aus_gr4j_kge,up,15,fixed,0.05,0.15430121823559878,0.2113588061967525,2.7168565325431455
226222,aus_gr4j_kge,up,15,fixed,0.2,0.0712947007744888,0.09730261010346364,2.7168565325431455
226222,aus_gr4j_kge,up,15,fixed,1.0,0.040096252709082736,0.05719465670798768,2.7168565325431455
226222,aus_gr4j_kge,lo,15,fixed,0.01,0.12500730249188854,0.18226600533602888,2.7615454156322152
226222,aus_gr4j_kge,lo,15,fixed,0.05,0.11661658576318715,0.16951886526452178,2.7615454156322152
226222,aus_gr4j_kge,lo,15,fixed,0.2,0.07899920189567788,0.11133289543887342,2.7615454156322152
226222,aus_gr4j_kge,lo,15,fixed,1.0,0.04009625270908279,0.05813543709014124,2.7615454156322152
226222,aus_gr4j_kge,up,30,fixed,0.01,0.16812543891894993,0.23656252818352388,2.6737711689377477
226222,aus_gr4j_kge,up,30,fixed,0.05,0.1676602747995936,0.23412367084903088,2.6737711689377477
226222,aus_gr4j_kge,up,30,fixed,0.2,0.080392549585102,0.10886655077175317,2.6737711689377477
226222,aus_gr4j_kge,up,30,fixed,1.0,0.05197976760161699,0.0699539266819405,2.6737711689377477
226222,aus_gr4j_kge,lo,30,fixed,0.01,0.16336956258489874,0.2209006252917287,2.85132860980385
226222,aus_gr4j_kge,lo,30,fixed,0.05,0.1434957459230089,0.20648532673243858,2.85132860980385
226222,aus_gr4j_kge,lo,30,fixed,0.2,0.09804026227082713,0.14367777152591282,2.85132860980385
226222,aus_gr4j_kge,lo,30,fixed,1.0,0.0519797676016176,0.07459936543319845,2.85132860980385
226222,aus_gr4j_kge,up,60,fixed,0.01,0.16662187071513526,0.2344228680090555,2.65413949695764
226222,aus_gr4j_kge,up,60,fixed,0.05,0.18050487088770376,0.25529844359995946,2.65413949695764
226222,aus_gr4j_kge,up,60,fixed,0.2,0.09211058497854074,0.12460720755025548,2.65413949695764
226222,aus_gr4j_kge,up,60,fixed,1.0,0.06051038125127614,0.08154927485087554,2.65413949695764
226222,aus_gr4j_kge,lo,60,fixed,0.01,0.1750032703649578,0.23903220655799962,2.8776598516686285
226222,aus_gr4j_kge,lo,60,fixed,0.05,0.13325671714371118,0.20107316694971555,2.8776598516686285
226222,aus_gr4j_kge,lo,60,fixed,0.2,0.10670433478958358,0.15612045371148867,2.8776598516686285
226222,aus_gr4j_kge,lo,60,fixed,1.0,0.0605103812512757,0.08841700839012079,2.8776598516686285
226222,aus_gr4j_kge,up,90,fixed,0.01,0.16709342485576587,0.22469508137455002,2.5845433527668207
226222,aus_gr4j_kge,up,90,fixed,0.05,0.19485246028642794,0.261084181978061,2.5845433527668207
226222,aus_gr4j_kge,up,90,fixed,0.2,0.09963584018517757,0.13104763067727138,2.5845433527668207
226222,aus_gr4j_kge,up,90,fixed,1.0,0.05803244817498662,0.0753075614341642,2.5845433527668207
226222,aus_gr4j_kge,lo,90,fixed,0.01,0.18221375495337463,0.23797418539387538,2.8488517284427086
226222,aus_gr4j_kge,lo,90,fixed,0.05,0.14941700391930962,0.2083488416195758,2.8488517284427086
226222,aus_gr4j_kge,lo,90,fixed,0.2,0.1051098758474325,0.15001356841258795,2.8488517284427086
226222,aus_gr4j_kge,lo,90,fixed,1.0,0.05803244817498715,0.08300889065252232,2.8488517284427086
226222,aus_gr4j_kge,up,61,adaptive,0.01,0.16003996600371928,0.21957555557811353,2.5774727443544316
226222,aus_gr4j_kge,up,61,adaptive,0.05,0.19028412837967243,0.25586757454805287,2.5774727443544316
226222,aus_gr4j_kge,up,61,adaptive,0.2,0.09273567270253369,0.12375734609901345,2.5774727443544316
226222,aus_gr4j_kge,up,61,adaptive,1.0,0.06210797769606399,0.07730888415478315,2.5774727443544316
226222,aus_gr4j_kge,lo,61,adaptive,0.01,0.18403355460105644,0.2376516391263339,2.836041124499873
226222,aus_gr4j_kge,lo,61,adaptive,0.05,0.13536680170865792,0.20350488041728265,2.836041124499873
226222,aus_gr4j_kge,lo,61,adaptive,0.2,0.10681112598342155,0.15072383189162125,2.836041124499873
226222,aus_gr4j_kge,lo,61,adaptive,1.0,0.06210797769606399,0.08506440086802033,2.836041124499873
616002,aus_gr4j_kge,up,15,fixed,0.01,0.13428856109129278,0.18949129214571647,2.707013169194495
616002,aus_gr4j_kge,up,15,fixed,0.05,0.09301310774772298,0.1276202253114005,2.707013169194495
616002,aus_gr4j_kge,up,15,fixed,0.2,0.29614432200954766,0.4333768516790877,2.707013169194495
616002,aus_gr4j_kge,up,15,fixed,1.0,0.07824722202933643,0.11050204520574392,2.707013169194495
616002,aus_gr4j_kge,lo,15,fixed,0.01,0.0,5.144662473810513e-12,2.5723091262896385
616002,aus_gr4j_kge,lo,15,fixed,0.05,0.0,5.144662473810513e-12,2.5723091262896385
616002,aus_gr4j_kge,lo,15,fixed,0.2,0.0,5.144662473810513e-12,2.5723091262896385
616002,aus_gr4j_kge,lo,15,fixed,1.0,0.07824722202933676,0.10500333821463603,2.5723091262896385
616002,aus_gr4j_kge,up,30,fixed,0.01,0.12989050732918284,0.18165373152289196,2.7112118777400913
616002,aus_gr4j_kge,up,30,fixed,0.05,0.09683359941476266,0.13868898432023935,2.7112118777400913
616002,aus_gr4j_kge,up,30,fixed,0.2,0.35557493773629684,0.5606989877045365,2.7112118777400913
616002,aus_gr4j_kge,up,30,fixed,1.0,0.1040568260700544,0.15018878781282208,2.7112118777400913
616002,aus_gr4j_kge,lo,30,fixed,0.01,0.0,5.198064201294983e-12,2.599006233683044
616002,aus_gr4j_kge,lo,30,fixed,0.05,0.0,5.198064201294983e-12,2.599006233683044
616002,aus_gr4j_kge,lo,30,fixed,0.2,0.0,5.198064201294983e-12,2.599006233683044
616002,aus_gr4j_kge,lo,30,fixed,1.0,0.10405682607005295,0.14397310625541615,2.599006233683044
616002,aus_gr4j_kge,up,60,fixed,0.01,0.13309225420902088,0.19057305317806272,2.915736867464633
616002,aus_gr4j_kge,up,60,fixed,0.05,0.10639559926013972,0.16609722298100357,2.915736867464633
616002,aus_gr4j_kge,up,60,fixed,0.2,0.4133547891923314,0.6760092514748013,2.915736867464633
616002,aus_gr4j_kge,up,60,fixed,1.0,0.12837463300976504,0.189442481373997,2.915736867464633
616002,aus_gr4j_kge,lo,60,fixed,0.01,0.0,5.367706279457707e-12,2.6838763422223915
616002,aus_gr4j_kge,lo,60,fixed,0.05,0.0,5.367706279457707e-12,2.6838763422223915
616002,aus_gr4j_kge,lo,60,fixed,0.2,0.0,5.367706279457707e-12,2.6838763422223915
616002,aus_gr4j_kge,lo,60,fixed,1.0,0.1283746330097646,0.17437794186609268,2.6838763422223915
616002,aus_gr4j_kge,up,90,fixed,0.01,0.13713316695139816,0.1923532862965871,2.922850384847998
616002,aus_gr4j_kge,up,90,fixed,0.05,0.1066771510160914,0.16468944600085156,2.922850384847998
616002,aus_gr4j_kge,up,90,fixed,0.2,0.4209837808010141,0.6984778374301395,2.922850384847998
616002,aus_gr4j_kge,up,90,fixed,1.0,0.1352815281914005,0.20165704789600825,2.922850384847998
616002,aus_gr4j_kge,lo,90,fixed,0.01,0.0,4.8369086513844195e-12,2.418412601692079
616002,aus_gr4j_kge,lo,90,fixed,0.05,0.0,4.8369086513844195e-12,2.418412601692079
616002,aus_gr4j_kge,lo,90,fixed,0.2,0.0,4.8369086513844195e-12,2.418412601692079
616002,aus_gr4j_kge,lo,90,fixed,1.0,0.13528152819139838,0.16685422845449027,2.418412601692079
616002,aus_gr4j_kge,up,30,adaptive,0.01,0.12989050732918284,0.18165373152289196,2.7112118777400913
616002,aus_gr4j_kge,up,30,adaptive,0.05,0.09683359941476266,0.13868898432023935,2.7112118777400913
616002,aus_gr4j_kge,up,30,adaptive,0.2,0.35557493773629684,0.5606989877045365,2.7112118777400913
616002,aus_gr4j_kge,up,30,adaptive,1.0,0.1040568260700544,0.15018878781282208,2.7112118777400913
616002,aus_gr4j_kge,lo,30,adaptive,0.01,0.0,5.198064201294983e-12,2.599006233683044
616002,aus_gr4j_kge,lo,30,adaptive,0.05,0.0,5.198064201294983e-12,2.599006233683044
616002,aus_gr4j_kge,lo,30,adaptive,0.2,0.0,5.198064201294983e-12,2.599006233683044
616002,aus_gr4j_kge,lo,30,adaptive,1.0,0.10405682607005295,0.14397310625541615,2.599006233683044
406208,aus_gr4j_kge,up,15,fixed,0.01,0.17115412670653601,0.25631780519809333,2.832726960083212
406208,aus_gr4j_kge,up,15,fixed,0.05,0.0979010450171528,0.14044285965526082,2.832726960083212
406208,aus_gr4j_kge,up,15,fixed,0.2,0.08652886197971627,0.12146259221238231,2.832726960083212
406208,aus_gr4j_kge,up,15,fixed,1.0,0.10087256641057885,0.1486067551948398,2.832726960083212
406208,aus_gr4j_kge,lo,15,fixed,0.01,0.0,5.208389275423997e-12,2.6042311927818567
406208,aus_gr4j_kge,lo,15,fixed,0.05,0.0,5.208389275423997e-12,2.6042311927818567
406208,aus_gr4j_kge,lo,15,fixed,0.2,0.0,5.208389275423997e-12,2.6042311927818567
406208,aus_gr4j_kge,lo,15,fixed,1.0,0.10087256641057962,0.13661971407407836,2.6042311927818567
406208,aus_gr4j_kge,up,30,fixed,0.01,0.17441631314859793,0.24874790431251312,2.7677374332439557
406208,aus_gr4j_kge,up,30,fixed,0.05,0.09810447829391755,0.1430924876645776,2.7677374332439557
406208,aus_gr4j_kge,up,30,fixed,0.2,0.09633574520718807,0.14095718814872082,2.7677374332439557
406208,aus_gr4j_kge,up,30,fixed,1.0,0.13306007905263095,0.19035689927064303,2.7677374332439557
406208,aus_gr4j_kge,lo,30,fixed,0.01,0.0,5.348610443434154e-12,2.674278359966718
406208,aus_gr4j_kge,lo,30,fixed,0.05,0.0,5.348610443434154e-12,2.674278359966718
406208,aus_gr4j_kge,lo,30,fixed,0.2,0.0,5.348610443434154e-12,2.674278359966718
406208,aus_gr4j_kge,lo,30,fixed,1.0,0.13306007905263117,0.18392905709743923,2.674278359966718
406208,aus_gr4j_kge,up,60,fixed,0.01,0.16754190538889474,0.25115543199715196,2.802947212786505
406208,aus_gr4j_kge,up,60,fixed,0.05,0.0995153687899194,0.1533503904260638,2.802947212786505
406208,aus_gr4j_kge,up,60,fixed,0.2,0.11635515773773203,0.1649874616795043,2.802947212786505
406208,aus_gr4j_kge,up,60,fixed,1.0,0.16577516042255125,0.2351575211801078,2.802947212786505
406208,aus_gr4j_kge,lo,60,fixed,0.01,0.0,4.9400483703720965e-12,2.469998347546163
406208,aus_gr4j_kge,lo,60,fixed,0.05,0.0,4.9400483703720965e-12,2.469998347546163
406208,aus_gr4j_kge,lo,60,fixed,0.2,0.0,4.9400483703720965e-12,2.469998347546163
406208,aus_gr4j_kge,lo,60,fixed,1.0,0.1657751604225488,0.20722426953966422,2.469998347546163
406208,aus_gr4j_kge,up,90,fixed,0.01,0.18197221475657688,0.2647702591361203,2.916580717140603
406208,aus_gr4j_kge,up,90,fixed,0.05,0.1067781762619211,0.15992607290005423,2.916580717140603
406208,aus_gr4j_kge,up,90,fixed,0.2,0.12949701527040908,0.18741603647184069,2.916580717140603
406208,aus_gr4j_kge,up,90,fixed,1.0,0.1813327012897722,0.2731236957436114,2.916580717140603
406208,aus_gr4j_kge,lo,90,fixed,0.01,0.0,4.694022948115162e-12,2.346973168306114
406208,aus_gr4j_kge,lo,90,fixed,0.05,0.0,4.694022948115162e-12,2.346973168306114
406208,aus_gr4j_kge,lo,90,fixed,0.2,0.0,4.694022948115162e-12,2.346973168306114
406208,aus_gr4j_kge,lo,90,fixed,1.0,0.1813327012897693,0.21978270025981161,2.346973168306114
406208,aus_gr4j_kge,up,30,adaptive,0.01,0.17441631314859793,0.24874790431251312,2.7677374332439557
406208,aus_gr4j_kge,up,30,adaptive,0.05,0.09810447829391755,0.1430924876645776,2.7677374332439557
406208,aus_gr4j_kge,up,30,adaptive,0.2,0.09633574520718807,0.14095718814872082,2.7677374332439557
406208,aus_gr4j_kge,up,30,adaptive,1.0,0.13306007905263095,0.19035689927064303,2.7677374332439557
406208,aus_gr4j_kge,lo,30,adaptive,0.01,0.0,5.348610443434154e-12,2.674278359966718
406208,aus_gr4j_kge,lo,30,adaptive,0.05,0.0,5.348610443434154e-12,2.674278359966718
406208,aus_gr4j_kge,lo,30,adaptive,0.2,0.0,5.348610443434154e-12,2.674278359966718
406208,aus_gr4j_kge,lo,30,adaptive,1.0,0.13306007905263117,0.18392905709743923,2.674278359966718
613002,aus_gr4j_kge,up,15,fixed,0.01,0.11580368297846551,0.15589388273811555,2.6686023258430023
613002,aus_gr4j_kge,up,15,fixed,0.05,0.08785302540322447,0.12052648813570777,2.6686023258430023
613002,aus_gr4j_kge,up,15,fixed,0.2,0.06748048524144437,0.09557596386339934,2.6686023258430023
613002,aus_gr4j_kge,up,15,fixed,1.0,0.1155455526561534,0.15202928846173808,2.6686023258430023
613002,aus_gr4j_kge,lo,15,fixed,0.01,0.0,5.111799872281608e-12,2.5558838659608494
613002,aus_gr4j_kge,lo,15,fixed,0.05,0.0,5.111799872281608e-12,2.5558838659608494
613002,aus_gr4j_kge,lo,15,fixed,0.2,0.10481603479929502,0.15039605794458344,2.5558838659608494
613002,aus_gr4j_kge,lo,15,fixed,1.0,0.11554555265615352,0.14560775945142557,2.5558838659608494
613002,aus_gr4j_kge,up,30,fixed,0.01,0.1278801341433562,0.17213601494424363,2.5555719043722114
613002,aus_gr4j_kge,up,30,fixed,0.05,0.10811988664716835,0.13997952901425126,2.5555719043722114
613002,aus_gr4j_kge,up,30,fixed,0.2,0.0903821346525124,0.11805690112646705,2.5555719043722114
613002,aus_gr4j_kge,up,30,fixed,1.0,0.14608537370981156,0.19424597117884967,2.5555719043722114
613002,aus_gr4j_kge,lo,30,fixed,0.01,0.0,5.24780219279819e-12,2.6239107712119463
613002,aus_gr4j_kge,lo,30,fixed,0.05,0.0,0.000984367711134193,2.6239107712119463
613002,aus_gr4j_kge,lo,30,fixed,0.2,0.15752537333919414,0.2239736318222716,2.6239107712119463
613002,aus_gr4j_kge,lo,30,fixed,1.0,0.14608537370980995,0.19944032690636115,2.6239107712119463
613002,aus_gr4j_kge,up,60,fixed,0.01,0.13656354541114749,0.17788262221617657,2.539563615454819
613002,aus_gr4j_kge,up,60,fixed,0.05,0.11839356445576876,0.1553417601468895,2.539563615454819
613002,aus_gr4j_kge,up,60,fixed,0.2,0.10846479928306607,0.14109940309085256,2.539563615454819
613002,aus_gr4j_kge,up,60,fixed,1.0,0.18635261408949144,0.2413066088127448,2.539563615454819
613002,aus_gr4j_kge,lo,60,fixed,0.01,0.0,5.3015369871900475e-12,2.6507989184464402
613002,aus_gr4j_kge,lo,60,fixed,0.05,0.0,0.006521405681263803,2.6507989184464402
613002,aus_gr4j_kge,lo,60,fixed,0.2,0.1974760498927698,0.29486181869191386,2.6507989184464402
613002,aus_gr4j_kge,lo,60,fixed,1.0,0.18635261408949144,0.25187606790477624,2.6507989184464402
613002,aus_gr4j_kge,up,90,fixed,0.01,0.13910981389967153,0.1795325207789108,2.4986500848117
613002,aus_gr4j_kge,up,90,fixed,0.05,0.12401094107390484,0.16424733766439592,2.4986500848117
613002,aus_gr4j_kge,up,90,fixed,0.2,0.11439368446145426,0.14971690929781922,2.4986500848117
613002,aus_gr4j_kge,up,90,fixed,1.0,0.2135908586507323,0.2689803984171758,2.4986500848117
613002,aus_gr4j_kge,lo,90,fixed,0.01,0.0,5.31663602032495e-12,2.6583206970992608
613002,aus_gr4j_kge,lo,90,fixed,0.05,0.0001420669630267657,0.016180301517738083,2.6583206970992608
613002,aus_gr4j_kge,lo,90,fixed,0.2,0.23020203875748702,0.3298762941457555,2.6583206970992608
613002,aus_gr4j_kge,lo,90,fixed,1.0,0.2135908586507264,0.286168985634603,2.6583206970992608
613002,aus_gr4j_kge,up,36,adaptive,0.01,0.12742023604384178,0.1812380244359787,2.6358455193630745
613002,aus_gr4j_kge,up,36,adaptive,0.05,0.10888771300483886,0.15224828219953052,2.6358455193630745
613002,aus_gr4j_kge,up,36,adaptive,0.2,0.09653043931408296,0.13217786570571816,2.6358455193630745
613002,aus_gr4j_kge,up,36,adaptive,1.0,0.16444903510808695,0.2188308263276933,2.6358455193630745
613002,aus_gr4j_kge,lo,36,adaptive,0.01,0.0,5.17896836527143e-12,2.589515146149855
613002,aus_gr4j_kge,lo,36,adaptive,0.05,0.0,0.007776816775178386,2.589515146149855
613002,aus_gr4j_kge,lo,36,adaptive,0.2,0.1584307522917312,0.2359315645544,2.589515146149855
613002,aus_gr4j_kge,lo,36,adaptive,1.0,0.16444903510808684,0.21498442721976196,2.589515146149855
G8190001,aus_gr4j_kge,up,15,fixed,0.01,0.2080475608162623,0.3039888383123136,2.845538106787681
G8190001,aus_gr4j_kge,up,15,fixed,0.05,0.19701302492521344,0.27677110595418075,2.845538106787681
G8190001,aus_gr4j_kge,up,15,fixed,0.2,0.17568021793292676,0.25792594483082243,2.845538106787681
G8190001,aus_gr4j_kge,up,15,fixed,1.0,0.09494948725657171,0.14056901006695122,2.845538106787681
G8190001,aus_gr4j_kge,lo,15,fixed,0.01,0.0,5.491940235913262e-12,2.7459217380736134
G8190001,aus_gr4j_kge,lo,15,fixed,0.05,0.0,5.491940235913262e-12,2.7459217380736134
G8190001,aus_gr4j_kge,lo,15,fixed,0.2,0.0,0.01688573007682559,2.7459217380736134
G8190001,aus_gr4j_kge,lo,15,fixed,1.0,0.0949494872565737,0.13564798149130342,2.7459217380736134
G8190001,aus_gr4j_kge,up,30,fixed,0.01,0.2117206056819247,0.3145052616078343,2.9725226479436655
G8190001,aus_gr4j_kge,up,30,fixed,0.05,0.2543417292194324,0.3653408002656052,2.9725226479436655
G8190001,aus_gr4j_kge,up,30,fixed,0.2,0.21033546325005759,0.3321457495075155,2.9725226479436655
G8190001,aus_gr4j_kge,up,30,fixed,1.0,0.12336113156717832,0.1954261495929539,2.9725226479436655
G8190001,aus_gr4j_kge,lo,30,fixed,0.01,0.0,5.431655125676116e-12,2.715846248332118
G8190001,aus_gr4j_kge,lo,30,fixed,0.05,0.0,5.431655125676116e-12,2.715846248332118
G8190001,aus_gr4j_kge,lo,30,fixed,0.2,0.009207748982651975,0.04709674174888845,2.715846248332118
G8190001,aus_gr4j_kge,lo,30,fixed,1.0,0.12336113156718098,0.17855116278598704,2.715846248332118
G8190001,aus_gr4j_kge,up,60,fixed,0.01,0.19842185380722416,0.2979635327744715,2.9135404863870726
G8190001,aus_gr4j_kge,up,60,fixed,0.05,0.2833404412219797,0.4204797702094043,2.9135404863870726
G8190001,aus_gr4j_kge,up,60,fixed,0.2,0.23617491245640077,0.36512692859814044,2.9135404863870726
G8190001,aus_gr4j_kge,up,60,fixed,1.0,0.14658173883192094,0.21840476066841652,2.9135404863870726
G8190001,aus_gr4j_kge,lo,60,fixed,0.01,0.0,5.857092588712476e-12,2.928515673489589
G8190001,aus_gr4j_kge,lo,60,fixed,0.05,0.0,5.857092588712476e-12,2.928515673489589
G8190001,aus_gr4j_kge,lo,60,fixed,0.2,0.06235744466994475,0.14432329818992018,2.928515673489589
G8190001,aus_gr4j_kge,lo,60,fixed,1.0,0.14658173883192094,0.21952733032906813,2.928515673489589
G8190001,aus_gr4j_kge,up,90,fixed,0.01,0.18320339808589597,0.26824639510214765,2.900921545782117
G8190001,aus_gr4j_kge,up,90,fixed,0.05,0.2713722872345147,0.39311155225112204,2.900921545782117
G8190001,aus_gr4j_kge,up,90,fixed,0.2,0.242447222154474,0.3629403025022915,2.900921545782117
G8190001,aus_gr4j_kge,up,90,fixed,1.0,0.14623461678710803,0.2155172472532112,2.900921545782117
G8190001,aus_gr4j_kge,lo,90,fixed,0.01,0.0,5.710099060252105e-12,2.855102873921354
G8190001,aus_gr4j_kge,lo,90,fixed,0.05,0.0,5.710099060252105e-12,2.855102873921354
G8190001,aus_gr4j_kge,lo,90,fixed,0.2,0.11316981515198254,0.1746171590851292,2.855102873921354
G8190001,aus_gr4j_kge,lo,90,fixed,1.0,0.1462346167871108,0.21211325515057022,2.855102873921354
G8190001,aus_gr4j_kge,up,30,adaptive,0.01,0.2117206056819247,0.3145052616078343,2.9725226479436655
G8190001,aus_gr4j_kge,up,30,adaptive,0.05,0.2543417292194324,0.3653408002656052,2.9725226479436655
G8190001,aus_gr4j_kge,up,30,adaptive,0.2,0.21033546325005759,0.3321457495075155,2.9725226479436655
G8190001,aus_gr4j_kge,up,30,adaptive,1.0,0.12336113156717832,0.1954261495929539,2.9725226479436655
G8190001,aus_gr4j_kge,lo,30,adaptive,0.01,0.0,5.431655125676116e-12,2.715846248332118
G8190001,aus_gr4j_kge,lo,30,adaptive,0.05,0.0,5.431655125676116e-12,2.715846248332118
G8190001,aus_gr4j_kge,lo,30,adaptive,0.2,0.009207748982651975,0.04709674174888845,2.715846248332118
G8190001,aus_gr4j_kge,lo,30,adaptive,1.0,0.12336113156718098,0.17855116278598704,2.715846248332118
405264,aus_gr4j_kge,up,15,fixed,0.01,0.1428510184904221,0.19576775710696054,2.690086350310537
405264,aus_gr4j_kge,up,15,fixed,0.05,0.05895909099682553,0.0799151323551936,2.690086350310537
405264,aus_gr4j_kge,up,15,fixed,0.2,0.037588205313803205,0.05400259396746976,2.690086350310537
405264,aus_gr4j_kge,up,15,fixed,1.0,0.02966668495563575,0.041497165575750936,2.690086350310537
405264,aus_gr4j_kge,lo,15,fixed,0.01,0.2602607559038626,0.3626125243165821,2.890161615987452
405264,aus_gr4j_kge,lo,15,fixed,0.05,0.23283142508713822,0.3457545972926054,2.890161615987452
405264,aus_gr4j_kge,lo,15,fixed,0.2,0.0722387489438459,0.10494306859137914,2.890161615987452
405264,aus_gr4j_kge,lo,15,fixed,1.0,0.029666684955636347,0.04458351870580862,2.890161615987452
405264,aus_gr4j_kge,up,30,fixed,0.01,0.13621057937432482,0.1903406248810222,2.719961864019688
405264,aus_gr4j_kge,up,30,fixed,0.05,0.05649869292010719,0.08104296098069944,2.719961864019688
405264,aus_gr4j_kge,up,30,fixed,0.2,0.045673945936322444,0.06303218341518738,2.719961864019688
405264,aus_gr4j_kge,up,30,fixed,1.0,0.035686506911265556,0.05058163354052443,2.719961864019688
405264,aus_gr4j_kge,lo,30,fixed,0.01,0.350861881860435,0.5104674006291917,2.835083882953599
405264,aus_gr4j_kge,lo,30,fixed,0.05,0.279132129466345,0.4213077843244909,2.835083882953599
405264,aus_gr4j_kge,lo,30,fixed,0.2,0.08484988442164267,0.12629331329114218,2.835083882953599
405264,aus_gr4j_kge,lo,30,fixed,1.0,0.035686506911265944,0.052722494355960325,2.835083882953599
405264,aus_gr4j_kge,up,60,fixed,0.01,0.13460289353569058,0.18171133853214932,2.658867455630597
405264,aus_gr4j_kge,up,60,fixed,0.05,0.05918381585691297,0.08062876979932296,2.658867455630597
405264,aus_gr4j_kge,up,60,fixed,0.2,0.04923097260153006,0.06748841810258271,2.658867455630597
405264,aus_gr4j_kge,up,60,fixed,1.0,0.04108792381770235,0.05711600746290739,2.658867455630597
405264,aus_gr4j_kge,lo,60,fixed,0.01,0.3783968313982896,0.5838971644291682,2.729897008146979
405264,aus_gr4j_kge,lo,60,fixed,0.05,0.30096074160529007,0.4542707433556312,2.729897008146979
405264,aus_gr4j_kge,lo,60,fixed,0.2,0.09636625865389291,0.1364724540984864,2.729897008146979
405264,aus_gr4j_kge,lo,60,fixed,1.0,0.04108792381770243,0.05864181667277241,2.729897008146979
405264,aus_gr4j_kge,up,90,fixed,0.01,0.13728827614031205,0.18694908914090913,2.693793408404636
405264,aus_gr4j_kge,up,90,fixed,0.05,0.06065093777835,0.08258809848057752,2.693793408404636
405264,aus_gr4j_kge,up,90,fixed,0.2,0.049299521603794486,0.06691055118373007,2.693793408404636
405264,aus_gr4j_kge,up,90,fixed,1.0,0.04300488208284296,0.06076867233856932,2.693793408404636
405264,aus_gr4j_kge,lo,90,fixed,0.01,0.38735676757424947,0.6095586482505437,2.5573053947592803
405264,aus_gr4j_kge,lo,90,fixed,0.05,0.3103493772154923,0.45378611524641416,2.5573053947592803
405264,aus_gr4j_kge,lo,90,fixed,0.2,0.10421128440592776,0.1373240330331177,2.5573053947592803
405264,aus_gr4j_kge,lo,90,fixed,1.0,0.04300488208284249,0.057689670306164106,2.5573053947592803
405264,aus_gr4j_kge,up,30,adaptive,0.01,0.13621057937432482,0.1903406248810222,2.719961864019688
405264,aus_gr4j_kge,up,30,adaptive,0.05,0.05649869292010719,0.08104296098069944,2.719961864019688
405264,aus_gr4j_kge,up,30,adaptive,0.2,0.045673945936322444,0.06303218341518738,2.719961864019688
405264,aus_gr4j_kge,up,30,adaptive,1.0,0.035686506911265556,0.05058163354052443,2.719961864019688
405264,aus_gr4j_kge,lo,30,adaptive,0.01,0.350861881860435,0.5104674006291917,2.835083882953599
405264,aus_gr4j_kge,lo,30,adaptive,0.05,0.279132129466345,0.4213077843244909,2.835083882953599
405264,aus_gr4j_kge,lo,30,adaptive,0.2,0.08484988442164267,0.12629331329114218,2.835083882953599
405264,aus_gr4j_kge,lo,30,adaptive,1.0,0.035686506911265944,0.052722494355960325,2.835083882953599
G9030250,aus_gr4j_kge,up,15,fixed,0.01,0.47699307663843443,0.6653951387192518,2.6743259185826442
G9030250,aus_gr4j_kge,up,15,fixed,0.05,0.3645907168551522,0.5146587673449388,2.6743259185826442
G9030250,aus_gr4j_kge,up,15,fixed,0.2,0.1582244407734465,0.2158380333614558,2.6743259185826442
G9030250,aus_gr4j_kge,up,15,fixed,1.0,0.04805866059413477,0.06610387715652011,2.6743259185826442
G9030250,aus_gr4j_kge,lo,15,fixed,0.01,0.2400159729509721,0.4029932493205899,2.85633174468899
G9030250,aus_gr4j_kge,lo,15,fixed,0.05,0.09064011408259104,0.12445826739599447,2.85633174468899
G9030250,aus_gr4j_kge,lo,15,fixed,0.2,0.0640609361066144,0.0911539156511097,2.85633174468899
G9030250,aus_gr4j_kge,lo,15,fixed,1.0,0.048058660594133995,0.07060268961879523,2.85633174468899
G9030250,aus_gr4j_kge,up,30,fixed,0.01,0.5049819596043693,0.710574246791436,2.689104575542294
G9030250,aus_gr4j_kge,up,30,fixed,0.05,0.3843783619869771,0.5336506263433718,2.689104575542294
G9030250,aus_gr4j_kge,up,30,fixed,0.2,0.1742058136859273,0.24281178639711137,2.689104575542294
G9030250,aus_gr4j_kge,up,30,fixed,1.0,0.05568879654156195,0.0778686999252618,2.689104575542294
G9030250,aus_gr4j_kge,lo,30,fixed,0.01,0.2353188539759251,0.414330920031603,2.9123335202736294
G9030250,aus_gr4j_kge,lo,30,fixed,0.05,0.11036669510637853,0.15475245096925688,2.9123335202736294
G9030250,aus_gr4j_kge,lo,30,fixed,0.2,0.07952063010584642,0.11447926683581588,2.9123335202736294
G9030250,aus_gr4j_kge,lo,30,fixed,1.0,0.05568879654156028,0.08433276527623901,2.9123335202736294
G9030250,aus_gr4j_kge,up,60,fixed,0.01,0.5088475121273814,0.6812340975226691,2.6833767338852463
G9030250,aus_gr4j_kge,up,60,fixed,0.05,0.4051533831087457,0.5711894057458954,2.6833767338852463
G9030250,aus_gr4j_kge,up,60,fixed,0.2,0.20944931874634753,0.28128988513208075,2.6833767338852463
G9030250,aus_gr4j_kge,up,60,fixed,1.0,0.07039852845505351,0.09444890748018564,2.6833767338852463
G9030250,aus_gr4j_kge,lo,60,fixed,0.01,0.2344750879116515,0.42584593747661925,2.966833128759717
G9030250,aus_gr4j_kge,lo,60,fixed,0.05,0.11052500758555156,0.16539871739694334,2.966833128759717
G9030250,aus_gr4j_kge,lo,60,fixed,0.2,0.08658021590229942,0.13344139554152012,2.966833128759717
G9030250,aus_gr4j_kge,lo,60,fixed,1.0,0.07039852845505307,0.10442594368091407,2.966833128759717
G9030250,aus_gr4j_kge,up,90,fixed,0.01,0.4899566985228735,0.6522545844002783,2.653323020625979
G9030250,aus_gr4j_kge,up,90,fixed,0.05,0.4120495967847821,0.5872477400291811,2.653323020625979
G9030250,aus_gr4j_kge,up,90,fixed,0.2,0.20542858029965622,0.2857311143956752,2.653323020625979
G9030250,aus_gr4j_kge,up,90,fixed,1.0,0.07741466038386036,0.10315221477809344,2.653323020625979
G9030250,aus_gr4j_kge,lo,90,fixed,0.01,0.22698311367684632,0.3912868703131327,2.816980025223225
G9030250,aus_gr4j_kge,lo,90,fixed,0.05,0.10699944837760755,0.15361675768970695,2.816980025223225
G9030250,aus_gr4j_kge,lo,90,fixed,0.2,0.0899781189919922,0.12858190002597625,2.816980025223225
G9030250,aus_gr4j_kge,lo,90,fixed,1.0,0.07741466038385947,0.10951464496730223,2.816980025223225
G9030250,aus_gr4j_kge,up,80,adaptive,0.01,0.4910143558529266,0.6444127282898815,2.630353981123141
G9030250,aus_gr4j_kge,up,80,adaptive,0.05,0.4111556610511755,0.5854442933668238,2.630353981123141
G9030250,aus_gr4j_kge,up,80,adaptive,0.2,0.20442369132193983,0.2781335717119296,2.630353981123141
G9030250,aus_gr4j_kge,up,80,adaptive,1.0,0.07209106437242507,0.0985645951063806,2.630353981123141
G9030250,aus_gr4j_kge,lo,80,adaptive,0.01,0.22665693364835637,0.4012425143047329,2.8427818817244335
G9030250,aus_gr4j_kge,lo,80,adaptive,0.05,0.10710965607486883,0.1511578741420861,2.8427818817244335
G9030250,aus_gr4j_kge,lo,80,adaptive,0.2,0.08684035830493059,0.12824473231605366,2.8427818817244335
G9030250,aus_gr4j_kge,lo,80,adaptive,1.0,0.07209106437242324,0.10652469103351647,2.8427818817244335
305202,aus_gr4j_kge,up,15,fixed,0.01,0.13851859822047904,0.20335251425734702,2.789937878696793
305202,aus_gr4j_kge,up,15,fixed,0.05,0.07971841005703251,0.11282069362571945,2.789937878696793
305202,aus_gr4j_kge,up,15,fixed,0.2,0.06762154049320629,0.09542571476941397,2.789937878696793
305202,aus_gr4j_kge,up,15,fixed,1.0,0.05435767688292825,0.08040605980145321,2.789937878696793
305202,aus_gr4j_kge,lo,15,fixed,0.01,0.0,0.06858873156927126,3.027714923517404
305202,aus_gr4j_kge,lo,15,fixed,0.05,0.43898596361156017,0.7227136975562389,3.027714923517404
305202,aus_gr4j_kge,lo,15,fixed,0.2,0.17263181316923526,0.2748552493880678,3.027714923517404
305202,aus_gr4j_kge,lo,15,fixed,1.0,0.054357676882930195,0.0872587985062282,3.027714923517404
305202,aus_gr4j_kge,up,30,fixed,0.01,0.13965433159811402,0.19704176549994173,2.7497338607083632
305202,aus_gr4j_kge,up,30,fixed,0.05,0.08465996086140054,0.11968591073520385,2.7497338607083632
305202,aus_gr4j_kge,up,30,fixed,0.2,0.0702124907224026,0.10018124282277463,2.7497338607083632
305202,aus_gr4j_kge,up,30,fixed,1.0,0.06966269243074419,0.09528644163450284,2.7497338607083632
305202,aus_gr4j_kge,lo,30,fixed,0.01,0.02821077190911314,0.2073081274565738,2.958098733313497
305202,aus_gr4j_kge,lo,30,fixed,0.05,0.43887292468983186,0.7764011721499251,2.958098733313497
305202,aus_gr4j_kge,lo,30,fixed,0.2,0.20577386819436883,0.3111119982766628,2.958098733313497
305202,aus_gr4j_kge,lo,30,fixed,1.0,0.06966269243074502,0.10250690306019827,2.958098733313497
305202,aus_gr4j_kge,up,60,fixed,0.01,0.14808793655349617,0.21324486238837087,2.7792946976859074
305202,aus_gr4j_kge,up,60,fixed,0.05,0.08687871871906216,0.12172568186484367,2.7792946976859074
305202,aus_gr4j_kge,up,60,fixed,0.2,0.06960522566226912,0.09916124304767904,2.7792946976859074
305202,aus_gr4j_kge,up,60,fixed,1.0,0.06707529529636547,0.09554388748249654,2.7792946976859074
305202,aus_gr4j_kge,lo,60,fixed,0.01,0.05902960040505467,0.2113940323805914,2.862701219565047
305202,aus_gr4j_kge,lo,60,fixed,0.05,0.44268841819046223,0.7474926571146665,2.862701219565047
305202,aus_gr4j_kge,lo,60,fixed,0.2,0.19757100606802003,0.28924439235380195,2.862701219565047
305202,aus_gr4j_kge,lo,60,fixed,1.0,0.06707529529636697,0.0984111556956746,2.862701219565047
305202,aus_gr4j_kge,up,90,fixed,0.01,0.1446009798657097,0.20882132161873923,2.789179997733922
305202,aus_gr4j_kge,up,90,fixed,0.05,0.0823251742930654,0.1220375725141469,2.789179997733922
305202,aus_gr4j_kge,up,90,fixed,0.2,0.06823399615205694,0.09623369490392575,2.789179997733922
305202,aus_gr4j_kge,up,90,fixed,1.0,0.0681176538961204,0.09834150566593414,2.789179997733922
305202,aus_gr4j_kge,lo,90,fixed,0.01,0.08515291667695435,0.2516503223181923,2.8872678580937574
305202,aus_gr4j_kge,lo,90,fixed,0.05,0.4593740041882034,0.7896893852313875,2.8872678580937574
305202,aus_gr4j_kge,lo,90,fixed,0.2,0.2042035370993312,0.2976883249496282,2.8872678580937574
305202,aus_gr4j_kge,lo,90,fixed,1.0,0.06811765389612023,0.10179990845212028,2.8872678580937574
305202,aus_gr4j_kge,up,30,adaptive,0.01,0.13965433159811402,0.19704176549994173,2.7497338607083632
305202,aus_gr4j_kge,up,30,adaptive,0.05,0.08465996086140054,0.11968591073520385,2.7497338607083632
305202,aus_gr4j_kge,up,30,adaptive,0.2,0.0702124907224026,0.10018124282277463,2.7497338607083632
305202,aus_gr4j_kge,up,30,adaptive,1.0,0.06966269243074419,0.09528644163450284,2.7497338607083632
305202,aus_gr4j_kge,lo,30,adaptive,0.01,0.02821077190911314,0.2073081274565738,2.958098733313497
305202,aus_gr4j_kge,lo,30,adaptive,0.05,0.43887292468983186,0.7764011721499251,2.958098733313497
305202,aus_gr4j_kge,lo,30,adaptive,0.2,0.20577386819436883,0.3111119982766628,2.958098733313497
305202,aus_gr4j_kge,lo,30,adaptive,1.0,0.06966269243074502,0.10250690306019827,2.958098733313497
102101A,aus_gr4j_kge,up,15,fixed,0.01,0.2142749312186148,0.3027055700429554,2.775959234386368
102101A,aus_gr4j_kge,up,15,fixed,0.05,0.11451227320032831,0.16195221644115998,2.775959234386368
102101A,aus_gr4j_kge,up,15,fixed,0.2,0.07264470373352444,0.10553680490656325,2.775959234386368
102101A,aus_gr4j_kge,up,15,fixed,1.0,0.06643792704637319,0.09587635767972724,2.775959234386368
102101A,aus_gr4j_kge,lo,15,fixed,0.01,0.0003062475160382494,0.035551121231104044,2.95204796302322
102101A,aus_gr4j_kge,lo,15,fixed,0.05,0.40965323612764204,0.6499066076656905,2.95204796302322
102101A,aus_gr4j_kge,lo,15,fixed,0.2,0.17239742163631594,0.25938584628269584,2.95204796302322
102101A,aus_gr4j_kge,lo,15,fixed,1.0,0.06643792704637075,0.1019581278012116,2.95204796302322
102101A,aus_gr4j_kge,up,30,fixed,0.01,0.22872858530306656,0.3212227258368465,2.7698771389740955
102101A,aus_gr4j_kge,up,30,fixed,0.05,0.12182648749656128,0.1742812849515295,2.7698771389740955
102101A,aus_gr4j_kge,up,30,fixed,0.2,0.08329017699674318,0.11893323189046667,2.7698771389740955
102101A,aus_gr4j_kge,up,30,fixed,1.0,0.0826200847859273,0.11662756647707839,2.7698771389740955
102101A,aus_gr4j_kge,lo,30,fixed,0.01,0.0025187805076120062,0.031940910662058175,3.0144669518785423
102101A,aus_gr4j_kge,lo,30,fixed,0.05,0.4574759198994167,0.7605493598034203,3.0144669518785423
102101A,aus_gr4j_kge,lo,30,fixed,0.2,0.18534209393164297,0.2816202616251285,3.0144669518785423
102101A,aus_gr4j_kge,lo,30,fixed,1.0,0.08262008478592353,0.12692618740244144,3.0144669518785423
102101A,aus_gr4j_kge,up,60,fixed,0.01,0.2444545479257317,0.34309929914137727,2.7373984420852118
102101A,aus_gr4j_kge,up,60,fixed,0.05,0.13582949384764115,0.19280281482167605,2.7373984420852118
102101A,aus_gr4j_kge,up,60,fixed,0.2,0.09669770502277042,0.13612426376720776,2.7373984420852118
102101A,aus_gr4j_kge,up,60,fixed,1.0,0.08639482254559794,0.12403420390443465,2.7373984420852118
102101A,aus_gr4j_kge,lo,60,fixed,0.01,0.008328023605442825,0.09416170683213643,2.9364897378808674
102101A,aus_gr4j_kge,lo,60,fixed,0.05,0.5382165318966476,0.8655040474608353,2.9364897378808674
102101A,aus_gr4j_kge,lo,60,fixed,0.2,0.18133421292219198,0.27089225821168994,2.9364897378808674
102101A,aus_gr4j_kge,lo,60,fixed,1.0,0.08639482254559616,0.1330552254695312,2.9364897378808674
102101A,aus_gr4j_kge,up,90,fixed,0.01,0.2542635289403102,0.3539567216010339,2.752507320532063
102101A,aus_gr4j_kge,up,90,fixed,0.05,0.14174006661662725,0.1962530025283733,2.752507320532063
102101A,aus_gr4j_kge,up,90,fixed,0.2,0.09735820681380886,0.13350773118066983,2.752507320532063
102101A,aus_gr4j_kge,up,90,fixed,1.0,0.08491341874371094,0.12012110580837909,2.752507320532063
102101A,aus_gr4j_kge,lo,90,fixed,0.01,0.0031211104433593873,0.0722710461837961,2.8973613502245517
102101A,aus_gr4j_kge,lo,90,fixed,0.05,0.4716077380284821,0.7850385032663401,2.8973613502245517
102101A,aus_gr4j_kge,lo,90,fixed,0.2,0.17942519393230433,0.27781089515513396,2.8973613502245517
102101A,aus_gr4j_kge,lo,90,fixed,1.0,0.08491341874370528,0.12644262440986043,2.8973613502245517
102101A,aus_gr4j_kge,up,30,adaptive,0.01,0.22872858530306656,0.3212227258368465,2.7698771389740955
102101A,aus_gr4j_kge,up,30,adaptive,0.05,0.12182648749656128,0.1742812849515295,2.7698771389740955
102101A,aus_gr4j_kge,up,30,adaptive,0.2,0.08329017699674318,0.11893323189046667,2.7698771389740955
102101A,aus_gr4j_kge,up,30,adaptive,1.0,0.0826200847859273,0.11662756647707839,2.7698771389740955
102101A,aus_gr4j_kge,lo,30,adaptive,0.01,0.0025187805076120062,0.031940910662058175,3.0144669518785423
102101A,aus_gr4j_kge,lo,30,adaptive,0.05,0.4574759198994167,0.7605493598034203,3.0144669518785423
102101A,aus_gr4j_kge,lo,30,adaptive,0.2,0.18534209393164297,0.2816202616251285,3.0144669518785423
102101A,aus_gr4j_kge,lo,30,adaptive,1.0,0.08262008478592353,0.12692618740244144,3.0144669518785423
G9070142,aus_gr4j_kge,up,15,fixed,0.01,0.24353914112245778,0.34478737639185036,2.8303750413781015
G9070142,aus_gr4j_kge,up,15,fixed,0.05,0.13813832853723362,0.206129440211549,2.8303750413781015
G9070142,aus_gr4j_kge,up,15,fixed,0.2,0.10780614013538264,0.15119805821018695,2.8303750413781015
G9070142,aus_gr4j_kge,up,15,fixed,1.0,0.08809264459518051,0.12812619747562137,2.8303750413781015
G9070142,aus_gr4j_kge,lo,15,fixed,0.01,0.0,5.5004889532028756e-12,2.750230717629466
G9070142,aus_gr4j_kge,lo,15,fixed,0.05,0.0,0.0015966500292188268,2.750230717629466
G9070142,aus_gr4j_kge,lo,15,fixed,0.2,0.12261448565032096,0.17963208185547275,2.750230717629466
G9070142,aus_gr4j_kge,lo,15,fixed,1.0,0.08809264459518251,0.12449820213894469,2.750230717629466
G9070142,aus_gr4j_kge,up,30,fixed,0.01,0.22708111712746204,0.3405130191407517,2.763668713585864
G9070142,aus_gr4j_kge,up,30,fixed,0.05,0.15531189206228696,0.21974194396011837,2.763668713585864
G9070142,aus_gr4j_kge,up,30,fixed,0.2,0.12012244991705456,0.17268173714863755,2.763668713585864
G9070142,aus_gr4j_kge,up,30,fixed,1.0,0.12184957630399273,0.1733048341809238,2.763668713585864
G9070142,aus_gr4j_kge,lo,30,fixed,0.01,0.0,5.271783010130093e-12,2.635878483775427
G9070142,aus_gr4j_kge,lo,30,fixed,0.05,0.0013964794364998978,0.006363791209120118,2.635878483775427
G9070142,aus_gr4j_kge,lo,30,fixed,0.2,0.17219690110888608,0.24004632991896213,2.635878483775427
G9070142,aus_gr4j_kge,lo,30,fixed,1.0,0.12184957630399362,0.16529133224476028,2.635878483775427
G9070142,aus_gr4j_kge,up,60,fixed,0.01,0.27190322621040147,0.38028608691001764,2.826691275989049
G9070142,aus_gr4j_kge,up,60,fixed,0.05,0.16682655841719835,0.24062051127350603,2.826691275989049
G9070142,aus_gr4j_kge,up,60,fixed,0.2,0.1358683426940137,0.2019606658685028,2.826691275989049
G9070142,aus_gr4j_kge,up,60,fixed,1.0,0.16185323138254237,0.23311997351222202,2.826691275989049
G9070142,aus_gr4j_kge,lo,60,fixed,0.01,0.0,0.003026696958410069,2.6477016556090307
G9070142,aus_gr4j_kge,lo,60,fixed,0.05,0.004823916927974459,0.024844577639119292,2.6477016556090307
G9070142,aus_gr4j_kge,lo,60,fixed,0.2,0.20651510519724114,0.29920498702026876,2.6477016556090307
G9070142,aus_gr4j_kge,lo,60,fixed,1.0,0.1618532313825431,0.2183585257671563,2.6477016556090307
G9070142,aus_gr4j_kge,up,90,fixed,0.01,0.2680057658416475,0.3769789689979267,2.7563629998613624
G9070142,aus_gr4j_kge,up,90,fixed,0.05,0.17503173406243316,0.24905615123823854,2.7563629998613624
G9070142,aus_gr4j_kge,up,90,fixed,0.2,0.1477824614347535,0.21201531597094786,2.7563629998613624
G9070142,aus_gr4j_kge,up,90,fixed,1.0,0.1750136865534367,0.24655660707762883,2.7563629998613624
G9070142,aus_gr4j_kge,lo,90,fixed,0.01,0.0,0.0014900572535937462,2.6980205735491545
G9070142,aus_gr4j_kge,lo,90,fixed,0.05,0.016140463546032158,0.04785616307386498,2.6980205735491545
G9070142,aus_gr4j_kge,lo,90,fixed,0.2,0.23491871618891635,0.3425651163538015,2.6980205735491545
G9070142,aus_gr4j_kge,lo,90,fixed,1.0,0.17501368655343613,0.24133787838299342,2.6980205735491545
G9070142,aus_gr4j_kge,up,30,adaptive,0.01,0.22708111712746204,0.3405130191407517,2.763668713585864
G9070142,aus_gr4j_kge,up,30,adaptive,0.05,0.15531189206228696,0.21974194396011837,2.763668713585864
G9070142,aus_gr4j_kge,up,30,adaptive,0.2,0.12012244991705456,0.17268173714863755,2.763668713585864
G9070142,aus_gr4j_kge,up,30,adaptive,1.0,0.12184957630399273,0.1733048341809238,2.763668713585864
G9070142,aus_gr4j_kge,lo,30,adaptive,0.01,0.0,5.271783010130093e-12,2.635878483775427
G9070142,aus_gr4j_kge,lo,30,adaptive,0.05,0.0013964794364998978,0.006363791209120118,2.635878483775427
G9070142,aus_gr4j_kge,lo,30,adaptive,0.2,0.17219690110888608,0.24004632991896213,2.635878483775427
G9070142,aus_gr4j_kge,lo,30,adaptive,1.0,0.12184957630399362,0.16529133224476028,2.635878483775427
116006B,aus_gr4j_kge,up,15,fixed,0.01,0.18970733418364208,0.28631774037165597,2.8605957610659334
116006B,aus_gr4j_kge,up,15,fixed,0.05,0.08418222426798583,0.12200143136380667,2.8605957610659334
116006B,aus_gr4j_kge,up,15,fixed,0.2,0.08789002510333957,0.1317536349990317,2.8605957610659334
116006B,aus_gr4j_kge,up,15,fixed,1.0,0.05156680443570477,0.07440882458264239,2.8605957610659334
116006B,aus_gr4j_kge,lo,15,fixed,0.01,0.19730754997228028,0.2735537832693775,2.737075913707868
116006B,aus_gr4j_kge,lo,15,fixed,0.05,0.19903827125531004,0.27886040376863075,2.737075913707868
116006B,aus_gr4j_kge,lo,15,fixed,0.2,0.1254670709730901,0.17312685224369811,2.737075913707868
116006B,aus_gr4j_kge,lo,15,fixed,1.0,0.051566804435705604,0.07119586916278367,2.737075913707868
116006B,aus_gr4j_kge,up,30,fixed,0.01,0.19478796127784861,0.2783668556863066,2.7723618676352877
116006B,aus_gr4j_kge,up,30,fixed,0.05,0.08891129782448162,0.1216352385880628,2.7723618676352877
116006B,aus_gr4j_kge,up,30,fixed,0.2,0.11052607827256394,0.15592055321340975,2.7723618676352877
116006B,aus_gr4j_kge,up,30,fixed,1.0,0.058838767937309744,0.08463168778542976,2.7723618676352877
116006B,aus_gr4j_kge,lo,30,fixed,0.01,0.22006879539290553,0.32118710749027435,2.8278876909657575
116006B,aus_gr4j_kge,lo,30,fixed,0.05,0.23843766412812673,0.3372494134094328,2.8278876909657575
116006B,aus_gr4j_kge,lo,30,fixed,0.2,0.14429573749803656,0.2091991265899641,2.8278876909657575
116006B,aus_gr4j_kge,lo,30,fixed,1.0,0.0588387679373088,0.08632672052952839,2.8278876909657575
116006B,aus_gr4j_kge,up,60,fixed,0.01,0.18089075669821855,0.2707137820531137,2.7975113521032315
116006B,aus_gr4j_kge,up,60,fixed,0.05,0.08543209001819585,0.12127047460379378,2.7975113521032315
116006B,aus_gr4j_kge,up,60,fixed,0.2,0.12204407266556791,0.17582585183027166,2.7975113521032315
116006B,aus_gr4j_kge,up,60,fixed,1.0,0.06615893012687418,0.09549959747851833,2.7975113521032315
116006B,aus_gr4j_kge,lo,60,fixed,0.01,0.2629096627190356,0.36500019826901825,2.8197714617547227
116006B,aus_gr4j_kge,lo,60,fixed,0.05,0.27775100565261357,0.40411711653153637,2.8197714617547227
116006B,aus_gr4j_kge,lo,60,fixed,0.2,0.1666217819473552,0.24093546183581716,2.8197714617547227
116006B,aus_gr4j_kge,lo,60,fixed,1.0,0.06615893012687413,0.09625949842045578,2.8197714617547227
116006B,aus_gr4j_kge,up,90,fixed,0.01,0.19066577218043768,0.28323303612350514,2.885554589367885
116006B,aus_gr4j_kge,up,90,fixed,0.05,0.09229050445610007,0.13313382491884979,2.885554589367885
116006B,aus_gr4j_kge,up,90,fixed,0.2,0.12400759592303487,0.17837899444876326,2.885554589367885
116006B,aus_gr4j_kge,up,90,fixed,1.0,0.07133383556553663,0.10327663285246347,2.885554589367885
116006B,aus_gr4j_kge,lo,90,fixed,0.01,0.2473339063036279,0.351694755849949,2.8697816433871215
116006B,aus_gr4j_kge,lo,90,fixed,0.05,0.27557763529964263,0.3992942796309381,2.8697816433871215
116006B,aus_gr4j_kge,lo,90,fixed,0.2,0.172849788781026,0.24642498492197806,2.8697816433871215
116006B,aus_gr4j_kge,lo,90,fixed,1.0,0.07133383556553533,0.10271210471736578,2.8697816433871215
116006B,aus_gr4j_kge,up,30,adaptive,0.01,0.19478796127784861,0.2783668556863066,2.7723618676352877
116006B,aus_gr4j_kge,up,30,adaptive,0.05,0.08891129782448162,0.1216352385880628,2.7723618676352877
116006B,aus_gr4j_kge,up,30,adaptive,0.2,0.11052607827256394,0.15592055321340975,2.7723618676352877
116006B,aus_gr4j_kge,up,30,adaptive,1.0,0.058838767937309744,0.08463168778542976,2.7723618676352877
116006B,aus_gr4j_kge,lo,30,adaptive,0.01,0.22006879539290553,0.32118710749027435,2.8278876909657575
116006B,aus_gr4j_kge,lo,30,adaptive,0.05,0.23843766412812673,0.3372494134094328,2.8278876909657575
116006B,aus_gr4j_kge,lo,30,adaptive,0.2,0.14429573749803656,0.2091991265899641,2.8278876909657575
116006B,aus_gr4j_kge,lo,30,adaptive,1.0,0.0588387679373088,0.08632672052952839,2.8278876909657575
410761,aus_gr4j_kge,up,15,fixed,0.01,0.25715845502200874,0.3767825530826806,2.7488570704558164
410761,aus_gr4j_kge,up,15,fixed,0.05,0.14261558613096936,0.20692750898621193,2.7488570704558164
410761,aus_gr4j_kge,up,15,fixed,0.2,0.09108736184735661,0.12643852861997396,2.7488570704558164
410761,aus_gr4j_kge,up,15,fixed,1.0,0.060165774841184294,0.08457128308445117,2.7488570704558164
410761,aus_gr4j_kge,lo,15,fixed,0.01,0.11457186073966608,0.1785333967715118,2.7838510071334186
410761,aus_gr4j_kge,lo,15,fixed,0.05,0.19539708648696585,0.2696711306061794,2.7838510071334186
410761,aus_gr4j_kge,lo,15,fixed,0.2,0.1890003666539682,0.2721262268261199,2.7838510071334186
410761,aus_gr4j_kge,lo,15,fixed,1.0,0.06016577484118313,0.08564790585862458,2.7838510071334186
410761,aus_gr4j_kge,up,30,fixed,0.01,0.26647410231396207,0.37527908046722336,2.642453812012471
410761,aus_gr4j_kge,up,30,fixed,0.05,0.1544847726893938,0.20390252247900797,2.642453812012471
410761,aus_gr4j_kge,up,30,fixed,0.2,0.09968111651603578,0.1395377750037976,2.642453812012471
410761,aus_gr4j_kge,up,30,fixed,1.0,0.07928058120603199,0.10653179849900862,2.642453812012471
410761,aus_gr4j_kge,lo,30,fixed,0.01,0.14716592932526895,0.2280525852012799,2.756730125791217
410761,aus_gr4j_kge,lo,30,fixed,0.05,0.23385263951950808,0.32361193114350106,2.756730125791217
410761,aus_gr4j_kge,lo,30,fixed,0.2,0.2348252517666773,0.33353481896693177,2.756730125791217
410761,aus_gr4j_kge,lo,30,fixed,1.0,0.07928058120603021,0.11113890314445007,2.756730125791217
410761,aus_gr4j_kge,up,60,fixed,0.01,0.26846380766059735,0.3837741379557259,2.685619423026336
410761,aus_gr4j_kge,up,60,fixed,0.05,0.14935158040043028,0.19889657668023608,2.685619423026336
410761,aus_gr4j_kge,up,60,fixed,0.2,0.10744489467879259,0.14651602824688115,2.685619423026336
410761,aus_gr4j_kge,up,60,fixed,1.0,0.07961353527912457,0.1137946720124946,2.685619423026336
410761,aus_gr4j_kge,lo,60,fixed,0.01,0.16787671073174493,0.24578862570449211,2.6808787771900664
410761,aus_gr4j_kge,lo,60,fixed,0.05,0.26049070329458335,0.3452027525760746,2.6808787771900664
410761,aus_gr4j_kge,lo,60,fixed,0.2,0.24946168975102068,0.35016902693668306,2.6808787771900664
410761,aus_gr4j_kge,lo,60,fixed,1.0,0.07961353527912579,0.11359380206292546,2.6808787771900664
410761,aus_gr4j_kge,up,90,fixed,0.01,0.2626063627817735,0.37081193255591594,2.7021110825572126
410761,aus_gr4j_kge,up,90,fixed,0.05,0.14195576834503115,0.19861596646199428,2.7021110825572126
410761,aus_gr4j_kge,up,90,fixed,0.2,0.10768329609805538,0.14916785015593048,2.7021110825572126
410761,aus_gr4j_kge,up,90,fixed,1.0,0.09304926907024047,0.12523080294773548,2.7021110825572126
410761,aus_gr4j_kge,lo,90,fixed,0.01,0.15649952287620827,0.24404466090953614,2.641587402039569
410761,aus_gr4j_kge,lo,90,fixed,0.05,0.2660541412221349,0.35414010999490797,2.641587402039569
410761,aus_gr4j_kge,lo,90,fixed,0.2,0.2633674493916556,0.35829250764798637,2.641587402039569
410761,aus_gr4j_kge,lo,90,fixed,1.0,0.09304926907023925,0.12242580016398474,2.641587402039569
410761,aus_gr4j_kge,up,30,adaptive,0.01,0.26647410231396207,0.37527908046722336,2.642453812012471
410761,aus_gr4j_kge,up,30,adaptive,0.05,0.1544847726893938,0.20390252247900797,2.642453812012471
410761,aus_gr4j_kge,up,30,adaptive,0.2,0.09968111651603578,0.1395377750037976,2.642453812012471
410761,aus_gr4j_kge,up,30,adaptive,1.0,0.07928058120603199,0.10653179849900862,2.642453812012471
410761,aus_gr4j_kge,lo,30,adaptive,0.01,0.14716592932526895,0.2280525852012799,2.756730125791217
410761,aus_gr4j_kge,lo,30,adaptive,0.05,0.23385263951950808,0.32361193114350106,2.756730125791217
410761,aus_gr4j_kge,lo,30,adaptive,0.2,0.2348252517666773,0.33353481896693177,2.756730125791217
410761,aus_gr4j_kge,lo,30,adaptive,1.0,0.07928058120603021,0.11113890314445007,2.756730125791217
210006,aus_gr4j_kge,up,15,fixed,0.01,0.2521112781325046,0.35387619901959133,2.7578089037420357
210006,aus_gr4j_kge,up,15,fixed,0.05,0.15321839305475432,0.2132766179225165,2.7578089037420357
210006,aus_gr4j_kge,up,15,fixed,0.2,0.11538956111397808,0.15769612937343247,2.7578089037420357
210006,aus_gr4j_kge,up,15,fixed,1.0,0.08880887210237126,0.12772397338389474,2.7578089037420357
210006,aus_gr4j_kge,lo,15,fixed,0.01,0.012300312840107464,0.02277426325745735,3.0947531448731276
210006,aus_gr4j_kge,lo,15,fixed,0.05,0.04561934465587236,0.07865738805400191,3.0947531448731276
210006,aus_gr4j_kge,lo,15,fixed,0.2,0.1867812519012172,0.31337900634779836,3.0947531448731276
210006,aus_gr4j_kge,lo,15,fixed,1.0,0.08880887210236771,0.1433290637974054,3.0947531448731276
210006,aus_gr4j_kge,up,30,fixed,0.01,0.23075607825075506,0.3369776439963557,2.7625860972320693
210006,aus_gr4j_kge,up,30,fixed,0.05,0.16473613915202612,0.22491948069122292,2.7625860972320693
210006,aus_gr4j_kge,up,30,fixed,0.2,0.1346464883218081,0.18964858075752702,2.7625860972320693
210006,aus_gr4j_kge,up,30,fixed,1.0,0.12814396771214742,0.17820170190597867,2.7625860972320693
210006,aus_gr4j_kge,lo,30,fixed,0.01,0.02209577027609977,0.03646979710764453,3.240319588486776
210006,aus_gr4j_kge,lo,30,fixed,0.05,0.07902081558513718,0.13283136398954953,3.240319588486776
210006,aus_gr4j_kge,lo,30,fixed,0.2,0.25931357455405035,0.4449943779499441,3.240319588486776
210006,aus_gr4j_kge,lo,30,fixed,1.0,0.1281439677121452,0.20901808850995274,3.240319588486776
210006,aus_gr4j_kge,up,60,fixed,0.01,0.24557753494114487,0.34049263282292114,2.6956035115306087
210006,aus_gr4j_kge,up,60,fixed,0.05,0.15640169312955576,0.21835276436616768,2.6956035115306087
210006,aus_gr4j_kge,up,60,fixed,0.2,0.15221196719413854,0.2083250913535354,2.6956035115306087
210006,aus_gr4j_kge,up,60,fixed,1.0,0.1529102936352602,0.21455006987089575,2.6956035115306087
210006,aus_gr4j_kge,lo,60,fixed,0.01,0.029501956526963302,0.054071961677565006,2.9878798868794973
210006,aus_gr4j_kge,lo,60,fixed,0.05,0.1090799502396348,0.17955032343119814,2.9878798868794973
210006,aus_gr4j_kge,lo,60,fixed,0.2,0.33318302964454605,0.5160205252119366,2.9878798868794973
210006,aus_gr4j_kge,lo,60,fixed,1.0,0.15291029363525777,0.23781310409847156,2.9878798868794973
210006,aus_gr4j_kge,up,90,fixed,0.01,0.24236388719511598,0.35099972051933537,2.821048690023141
210006,aus_gr4j_kge,up,90,fixed,0.05,0.15434132589345162,0.23060184972079656,2.821048690023141
210006,aus_gr4j_kge,up,90,fixed,0.2,0.15837647174585257,0.22447927669300394,2.821048690023141
210006,aus_gr4j_kge,up,90,fixed,1.0,0.1731156664650022,0.25404970903108726,2.821048690023141
210006,aus_gr4j_kge,lo,90,fixed,0.01,0.03340708059840103,0.08275712920077205,2.5637298981256826
210006,aus_gr4j_kge,lo,90,fixed,0.05,0.1427834547971919,0.2101366763208028,2.5637298981256826
210006,aus_gr4j_kge,lo,90,fixed,0.2,0.3761172892272696,0.5229979634442264,2.5637298981256826
210006,aus_gr4j_kge,lo,90,fixed,1.0,0.17311566646500082,0.23087684978871437,2.5637298981256826
210006,aus_gr4j_kge,up,30,adaptive,0.01,0.23075607825075506,0.3369776439963557,2.7625860972320693
210006,aus_gr4j_kge,up,30,adaptive,0.05,0.16473613915202612,0.22491948069122292,2.7625860972320693
210006,aus_gr4j_kge,up,30,adaptive,0.2,0.1346464883218081,0.18964858075752702,2.7625860972320693
210006,aus_gr4j_kge,up,30,adaptive,1.0,0.12814396771214742,0.17820170190597867,2.7625860972320693
210006,aus_gr4j_kge,lo,30,adaptive,0.01,0.02209577027609977,0.03646979710764453,3.240319588486776
210006,aus_gr4j_kge,lo,30,adaptive,0.05,0.07902081558513718,0.13283136398954953,3.240319588486776
210006,aus_gr4j_kge,lo,30,adaptive,0.2,0.25931357455405035,0.4449943779499441,3.240319588486776
210006,aus_gr4j_kge,lo,30,adaptive,1.0,0.1281439677121452,0.20901808850995274,3.240319588486776
